repeat,severity,classifier,mode,statistic,pvalue,reject,source_ess,target_ess,source_max_weight,target_max_weight
0,0.0,logistic,unweighted,0.08173806489102271,0.65,0.0,180.0,180.0,1.0,1.0
0,0.0,logistic,source,0.08695802515758955,0.465,0.0,178.93396326981144,180.0,1.1882684480001524,1.0
0,0.0,logistic,target,0.08628326263109141,0.47,0.0,180.0,178.84081438491867,1.0,1.214728652301892
0,0.0,logistic,both,0.09166616625725374,0.295,0.0,178.93396326981144,178.84081438491867,1.1882684480001524,1.214728652301892
0,0.0,logistic,crump,0.08173806489102271,0.65,0.0,180.0,180.0,1.0,1.0
0,0.0,logistic,overlap,0.08226979438751683,0.64,0.0,179.98792703857316,179.98240395841447,0.24999997344431918,0.24999997606892044
0,0.0,random_forest,unweighted,0.08173806489102271,0.65,0.0,180.0,180.0,1.0,1.0
0,0.0,random_forest,source,0.0870342807016884,0.455,0.0,175.17907625011787,180.0,1.2955049074999248,1.0
0,0.0,random_forest,target,0.08641397958158632,0.495,0.0,180.0,175.8261963330084,1.0,1.3899387352816224
0,0.0,random_forest,both,0.09195204164740009,0.305,0.0,175.17907625011787,175.8261963330084,1.2955049074999248,1.3899387352816224
0,0.0,random_forest,crump,0.08173806489102271,0.65,0.0,180.0,180.0,1.0,1.0
0,0.0,random_forest,overlap,0.08526676635404347,0.535,0.0,179.4229935212932,178.8988958599181,0.2499996630423095,0.2499996323906975
0,0.0,hist_gbm,unweighted,0.08173806489102271,0.65,0.0,180.0,180.0,1.0,1.0
0,0.0,hist_gbm,source,0.08284793458126066,0.63,0.0,161.82163146273155,180.0,1.6770317740766858,1.0
0,0.0,hist_gbm,target,0.0885650596251701,0.38,0.0,180.0,166.98152294283796,1.0,1.9068471893076255
0,0.0,hist_gbm,both,0.08962766030734683,0.38,0.0,161.82163146273155,166.98152294283796,1.6770317740766858,1.9068471893076255
0,0.0,hist_gbm,crump,0.08173806489102271,0.65,0.0,180.0,180.0,1.0,1.0
0,0.0,hist_gbm,overlap,0.08390284361237468,0.585,0.0,176.62194518886778,177.10171863582357,0.24999932373476633,0.24999932373476633
0,0.1,logistic,unweighted,0.09689860634811767,0.15,0.0,180.0,180.0,1.0,1.0
0,0.1,logistic,source,0.09149157995905674,0.28,0.0,178.31786860019912,180.0,1.2264993569261426,1.0
0,0.1,logistic,target,0.08882613672780884,0.395,0.0,180.0,178.17305323914354,1.0,1.2701943081129778
0,0.1,logistic,both,0.08350713472654583,0.615,0.0,178.31786860019912,178.17305323914354,1.2264993569261426,1.2701943081129778
0,0.1,logistic,crump,0.09689860634811767,0.15,0.0,180.0,180.0,1.0,1.0
0,0.1,logistic,overlap,0.09654192386861762,0.18,0.0,179.95692478243492,179.94816355453258,0.24999999999255695,0.24999991138999933
0,0.1,random_forest,unweighted,0.09689860634811767,0.15,0.0,180.0,180.0,1.0,1.0
0,0.1,random_forest,source,0.0974499538761792,0.16,0.0,172.40288868346775,180.0,1.2726968108099803,1.0
0,0.1,random_forest,target,0.08442331279476888,0.575,0.0,180.0,169.06027791131956,1.0,1.3040462435018547
0,0.1,random_forest,both,0.08486992838495856,0.565,0.0,172.40288868346775,169.06027791131956,1.2726968108099803,1.3040462435018547
0,0.1,random_forest,crump,0.08525433000219079,0.46,0.0,175.0,173.0,1.0,1.0
0,0.1,random_forest,overlap,0.08378471758589505,0.585,0.0,176.8716389843272,172.32813182689657,0.24999948359271304,0.24999969205097364
0,0.1,hist_gbm,unweighted,0.09689860634811767,0.15,0.0,180.0,180.0,1.0,1.0
0,0.1,hist_gbm,source,0.09088559340052722,0.335,0.0,159.64163536356995,180.0,1.966060717027239,1.0
0,0.1,hist_gbm,target,0.08761814754287736,0.4,0.0,180.0,158.32344389822111,1.0,2.0064295178097655
0,0.1,hist_gbm,both,0.08166429479830692,0.665,0.0,159.64163536356995,158.32344389822111,1.966060717027239,2.0064295178097655
0,0.1,hist_gbm,crump,0.09689860634811767,0.15,0.0,180.0,180.0,1.0,1.0
0,0.1,hist_gbm,overlap,0.09554239637033879,0.205,0.0,176.640370116587,174.82409318031497,0.24999924860401293,0.24999924860401293
0,0.2,logistic,unweighted,0.14746522347965252,0.005,1.0,180.0,180.0,1.0,1.0
0,0.2,logistic,source,0.12771259969281368,0.005,1.0,158.61403136294132,180.0,1.7047539687623208,1.0
0,0.2,logistic,target,0.10834443221528564,0.02,1.0,180.0,159.1716403458396,1.0,1.844110140961678
0,0.2,logistic,both,0.08751852845148292,0.36,0.0,158.61403136294132,159.1716403458396,1.7047539687623208,1.844110140961678
0,0.2,logistic,crump,0.14746522347965252,0.005,1.0,180.0,180.0,1.0,1.0
0,0.2,logistic,overlap,0.12896737060797842,0.005,1.0,174.52985291114138,174.94373341394746,0.24999990339410524,0.24999646355943797
0,0.2,random_forest,unweighted,0.14746522347965252,0.005,1.0,180.0,180.0,1.0,1.0
0,0.2,random_forest,source,0.1389955628101387,0.005,1.0,143.4123445495655,180.0,1.5798413719070024,1.0
0,0.2,random_forest,target,0.10726514824664446,0.02,1.0,180.0,142.311900137156,1.0,1.6772021907169885
0,0.2,random_forest,both,0.09599453859147683,0.145,0.0,143.4123445495655,142.311900137156,1.5798413719070024,1.6772021907169885
0,0.2,random_forest,crump,0.08703495406148815,0.395,0.0,146.0,145.0,1.0,1.0
0,0.2,random_forest,overlap,0.09027497059390475,0.28,0.0,148.97427177097447,145.17979926174883,0.2499996098565792,0.24999999984602667
0,0.2,hist_gbm,unweighted,0.14746522347965252,0.005,1.0,180.0,180.0,1.0,1.0
0,0.2,hist_gbm,source,0.1404535465707183,0.005,1.0,136.53155020528362,180.0,2.1352998491009445,1.0
0,0.2,hist_gbm,target,0.10558346189976736,0.03,1.0,180.0,128.7934914953409,1.0,2.886769931611381
0,0.2,hist_gbm,both,0.09656952156009879,0.16,0.0,136.53155020528362,128.7934914953409,2.1352998491009445,2.886769931611381
0,0.2,hist_gbm,crump,0.09148782017879949,0.225,0.0,150.0,145.0,1.0,1.0
0,0.2,hist_gbm,overlap,0.09913803090192053,0.11,0.0,154.99631838445544,142.69106281522656,0.24998667785054982,0.24998667785054982
0,0.3,logistic,unweighted,0.1764043314662399,0.005,1.0,180.0,180.0,1.0,1.0
0,0.3,logistic,source,0.14513746001235017,0.005,1.0,140.83655477686213,180.0,2.051393279627821,1.0
0,0.3,logistic,target,0.12351888439696988,0.005,1.0,180.0,143.01827791393285,1.0,2.16837418470156
0,0.3,logistic,both,0.08772898158061743,0.405,0.0,140.83655477686213,143.01827791393285,2.051393279627821,2.16837418470156
0,0.3,logistic,crump,0.1634993541284254,0.005,1.0,171.0,171.0,1.0,1.0
0,0.3,logistic,overlap,0.1394549122465043,0.005,1.0,166.04164349164537,165.52853308739205,0.24999940681768595,0.24999764349712741
0,0.3,random_forest,unweighted,0.1764043314662399,0.005,1.0,180.0,180.0,1.0,1.0
0,0.3,random_forest,source,0.16093825398651307,0.005,1.0,115.52204531946512,180.0,1.9798722615503404,1.0
0,0.3,random_forest,target,0.12217816178480684,0.005,1.0,180.0,126.42844694388296,1.0,1.9961161888105023
0,0.3,random_forest,both,0.1006196851469199,0.15,0.0,115.52204531946512,126.42844694388296,1.9798722615503404,1.9961161888105023
0,0.3,random_forest,crump,0.09963648686296178,0.11,0.0,116.0,129.0,1.0,1.0
0,0.3,random_forest,overlap,0.09587480480950432,0.21,0.0,121.29986754673759,130.66530395914228,0.2499999815338848,0.2499999815338848
0,0.3,hist_gbm,unweighted,0.1764043314662399,0.005,1.0,180.0,180.0,1.0,1.0
0,0.3,hist_gbm,source,0.15952655786123704,0.005,1.0,109.8412799489056,180.0,3.0619530674683184,1.0
0,0.3,hist_gbm,target,0.11760641237278951,0.005,1.0,180.0,113.96776631003804,1.0,2.6895646833669
0,0.3,hist_gbm,both,0.09421415045671888,0.275,0.0,109.8412799489056,113.96776631003804,3.0619530674683184,2.6895646833669
0,0.3,hist_gbm,crump,0.09164422108990984,0.33,0.0,123.0,133.0,1.0,1.0
0,0.3,hist_gbm,overlap,0.09766187553993266,0.165,0.0,126.11769901961841,129.52603013686058,0.24999727367533028,0.24999727367533028
0,0.4,logistic,unweighted,0.20121852709190674,0.005,1.0,180.0,180.0,1.0,1.0
0,0.4,logistic,source,0.16336827576759855,0.005,1.0,125.10841946317412,180.0,2.358528469551592,1.0
0,0.4,logistic,target,0.13348730640408235,0.005,1.0,180.0,129.11427535512095,1.0,2.3662936923398448
0,0.4,logistic,both,0.08572777483764177,0.445,0.0,125.10841946317412,129.11427535512095,2.358528469551592,2.3662936923398448
0,0.4,logistic,crump,0.15640198271283057,0.005,1.0,149.0,147.0,1.0,1.0
0,0.4,logistic,overlap,0.14519693041331555,0.005,1.0,154.99491260770554,155.88073675770914,0.24999023852534782,0.24999978384806135
0,0.4,random_forest,unweighted,0.20121852709190674,0.005,1.0,180.0,180.0,1.0,1.0
0,0.4,random_forest,source,0.1785996140987832,0.005,1.0,96.56896366040262,180.0,2.4756277381242193,1.0
0,0.4,random_forest,target,0.1378015851337861,0.005,1.0,180.0,108.37754232959568,1.0,2.157170260347016
0,0.4,random_forest,both,0.10288013576951963,0.125,0.0,96.56896366040262,108.37754232959568,2.4756277381242193,2.157170260347016
0,0.4,random_forest,crump,0.08596219306871977,0.445,0.0,96.0,111.0,1.0,1.0
0,0.4,random_forest,overlap,0.08862862460246142,0.39,0.0,100.50962555972127,112.47377202798523,0.24999736527290095,0.24999567845888468
0,0.4,hist_gbm,unweighted,0.20121852709190674,0.005,1.0,180.0,180.0,1.0,1.0
0,0.4,hist_gbm,source,0.1808612120317819,0.005,1.0,95.49140338665966,180.0,3.2206639718949623,1.0
0,0.4,hist_gbm,target,0.13919556029903954,0.005,1.0,180.0,98.88289742242003,1.0,3.0574991572360863
0,0.4,hist_gbm,both,0.1079009863289255,0.06,0.0,95.49140338665966,98.88289742242003,3.2206639718949623,3.0574991572360863
0,0.4,hist_gbm,crump,0.08371646386183251,0.6,0.0,98.0,109.0,1.0,1.0
0,0.4,hist_gbm,overlap,0.09653208475282635,0.22,0.0,106.72843175938563,112.47401917140955,0.24999765246310515,0.24999765246310515
1,0.0,logistic,unweighted,0.09928586343545191,0.105,0.0,180.0,180.0,1.0,1.0
1,0.0,logistic,source,0.09571759195127334,0.17,0.0,179.15139317997603,180.0,1.2087666240637156,1.0
1,0.0,logistic,target,0.09284997531914543,0.28,0.0,180.0,178.91452781299887,1.0,1.2140604455048987
1,0.0,logistic,both,0.08938270658272097,0.355,0.0,179.15139317997603,178.91452781299887,1.2087666240637156,1.2140604455048987
1,0.0,logistic,crump,0.09928586343545191,0.105,0.0,180.0,180.0,1.0,1.0
1,0.0,logistic,overlap,0.09957947338415439,0.11,0.0,179.98929826449555,179.9865699808595,0.2499999525862191,0.24999998922974612
1,0.0,random_forest,unweighted,0.09928586343545191,0.105,0.0,180.0,180.0,1.0,1.0
1,0.0,random_forest,source,0.0999986248666234,0.095,0.0,174.81620783525537,180.0,1.4990329314117106,1.0
1,0.0,random_forest,target,0.08272754318866501,0.605,0.0,180.0,164.36522873709788,1.0,1.486358722667814
1,0.0,random_forest,both,0.08343283148768998,0.6,0.0,174.81620783525537,164.36522873709788,1.4990329314117106,1.486358722667814
1,0.0,random_forest,crump,0.09928586343545191,0.105,0.0,180.0,180.0,1.0,1.0
1,0.0,random_forest,overlap,0.09115244360345828,0.325,0.0,179.60272749288453,175.04664437277245,0.24999744638580876,0.24999744638580876
1,0.0,hist_gbm,unweighted,0.09928586343545191,0.105,0.0,180.0,180.0,1.0,1.0
1,0.0,hist_gbm,source,0.0962620714273949,0.185,0.0,161.22117554192425,180.0,1.7947213117122855,1.0
1,0.0,hist_gbm,target,0.08842763922290045,0.41,0.0,180.0,160.9328653281026,1.0,1.8647856929583115
1,0.0,hist_gbm,both,0.0856926922309309,0.525,0.0,161.22117554192425,160.9328653281026,1.7947213117122855,1.8647856929583115
1,0.0,hist_gbm,crump,0.09928586343545191,0.105,0.0,180.0,180.0,1.0,1.0
1,0.0,hist_gbm,overlap,0.09534626336537008,0.195,0.0,176.98644328480628,176.6874252969235,0.24999886798064805,0.24999886798064805
1,0.1,logistic,unweighted,0.1377211905578418,0.005,1.0,180.0,180.0,1.0,1.0
1,0.1,logistic,source,0.11769749285703088,0.005,1.0,163.4227662407373,180.0,1.762743090298216,1.0
1,0.1,logistic,target,0.10485404744754497,0.04,1.0,180.0,162.56076263451612,1.0,1.7522461189994678
1,0.1,logistic,both,0.08456477540574067,0.6,0.0,163.4227662407373,162.56076263451612,1.762743090298216,1.7522461189994678
1,0.1,logistic,crump,0.1377211905578418,0.005,1.0,180.0,180.0,1.0,1.0
1,0.1,logistic,overlap,0.12408610371705266,0.005,1.0,176.7033135509699,175.8286675923134,0.2499998729246119,0.2499979259434415
1,0.1,random_forest,unweighted,0.1377211905578418,0.005,1.0,180.0,180.0,1.0,1.0
1,0.1,random_forest,source,0.12376402307104092,0.005,1.0,148.31990429027437,180.0,1.7154638231218364,1.0
1,0.1,random_forest,target,0.10204715597011318,0.08,0.0,180.0,148.19553649167153,1.0,1.5624058835210597
1,0.1,random_forest,both,0.0854222670171468,0.58,0.0,148.31990429027437,148.19553649167153,1.7154638231218364,1.5624058835210597
1,0.1,random_forest,crump,0.09133665438098754,0.275,0.0,152.0,155.0,1.0,1.0
1,0.1,random_forest,overlap,0.09028874841354853,0.405,0.0,151.89388201853353,155.37163550316725,0.2499983340603054,0.24999978839461579
1,0.1,hist_gbm,unweighted,0.1377211905578418,0.005,1.0,180.0,180.0,1.0,1.0
1,0.1,hist_gbm,source,0.12166759104368222,0.005,1.0,139.2606361275456,180.0,2.6116947654105886,1.0
1,0.1,hist_gbm,target,0.10592906046551445,0.03,1.0,180.0,143.98452916873146,1.0,2.667093768617549
1,0.1,hist_gbm,both,0.08887532373651771,0.435,0.0,139.2606361275456,143.98452916873146,2.6116947654105886,2.667093768617549
1,0.1,hist_gbm,crump,0.08854711216098791,0.38,0.0,149.0,151.0,1.0,1.0
1,0.1,hist_gbm,overlap,0.10258151268676126,0.07,0.0,157.264862988966,161.78417487202194,0.24999751273151086,0.24999751273151086
1,0.2,logistic,unweighted,0.16830928212162782,0.005,1.0,180.0,180.0,1.0,1.0
1,0.2,logistic,source,0.13742114008454964,0.005,1.0,145.49569797540073,180.0,2.1763738045220062,1.0
1,0.2,logistic,target,0.11492512197677941,0.01,1.0,180.0,143.53826969632152,1.0,2.1491156665576776
1,0.2,logistic,both,0.08210148489991263,0.725,0.0,145.49569797540073,143.53826969632152,2.1763738045220062,2.1491156665576776
1,0.2,logistic,crump,0.1551385581779796,0.005,1.0,177.0,168.0,1.0,1.0
1,0.2,logistic,overlap,0.13630786944064327,0.005,1.0,168.04469839406858,166.06005210424624,0.2499994133540696,0.24999712821907613
1,0.2,random_forest,unweighted,0.16830928212162782,0.005,1.0,180.0,180.0,1.0,1.0
1,0.2,random_forest,source,0.14986118154246203,0.005,1.0,133.73340281544444,180.0,1.9363605705543063,1.0
1,0.2,random_forest,target,0.11065737271818009,0.02,1.0,180.0,126.53492703498458,1.0,1.8537200372250207
1,0.2,random_forest,both,0.08625742236187352,0.57,0.0,133.73340281544444,126.53492703498458,1.9363605705543063,1.8537200372250207
1,0.2,random_forest,crump,0.09282328970174239,0.255,0.0,137.0,135.0,1.0,1.0
1,0.2,random_forest,overlap,0.08980140291439623,0.45,0.0,137.5177286551669,132.82973009127164,0.24999883721851676,0.24999956387098307
1,0.2,hist_gbm,unweighted,0.16830928212162782,0.005,1.0,180.0,180.0,1.0,1.0
1,0.2,hist_gbm,source,0.14670841077957691,0.005,1.0,128.4958756807005,180.0,2.4507644167626754,1.0
1,0.2,hist_gbm,target,0.11366385894956005,0.01,1.0,180.0,118.22104985812786,1.0,3.1427228336536115
1,0.2,hist_gbm,both,0.08631461217328988,0.56,0.0,128.4958756807005,118.22104985812786,2.4507644167626754,3.1427228336536115
1,0.2,hist_gbm,crump,0.09083790103211084,0.27,0.0,135.0,133.0,1.0,1.0
1,0.2,hist_gbm,overlap,0.0926979536273112,0.295,0.0,144.00071437182802,131.8152755000597,0.24999944606531213,0.24999944606531213
1,0.3,logistic,unweighted,0.20024366902911145,0.005,1.0,180.0,180.0,1.0,1.0
1,0.3,logistic,source,0.162738783321585,0.005,1.0,127.78161653224946,180.0,2.568628684675018,1.0
1,0.3,logistic,target,0.12754488489782315,0.005,1.0,180.0,124.22345622152295,1.0,2.545495254221588
1,0.3,logistic,both,0.08179162147072526,0.68,0.0,127.78161653224946,124.22345622152295,2.568628684675018,2.545495254221588
1,0.3,logistic,crump,0.14973938602297293,0.005,1.0,145.0,140.0,1.0,1.0
1,0.3,logistic,overlap,0.14582427345013493,0.005,1.0,155.92308232213628,152.0234955068016,0.24999376400672604,0.2499999832455878
1,0.3,random_forest,unweighted,0.20024366902911145,0.005,1.0,180.0,180.0,1.0,1.0
1,0.3,random_forest,source,0.17431788223123096,0.005,1.0,118.97757736422797,180.0,2.241128560703184,1.0
1,0.3,random_forest,target,0.12388338889374935,0.005,1.0,180.0,108.08708173735728,1.0,2.2851227366295306
1,0.3,random_forest,both,0.08395331804388115,0.56,0.0,118.97757736422797,108.08708173735728,2.241128560703184,2.2851227366295306
1,0.3,random_forest,crump,0.09595511629885929,0.175,0.0,123.0,117.0,1.0,1.0
1,0.3,random_forest,overlap,0.09220831139712532,0.38,0.0,123.23643968582132,114.79471407079377,0.2499624993328491,0.24999650310389948
1,0.3,hist_gbm,unweighted,0.20024366902911145,0.005,1.0,180.0,180.0,1.0,1.0
1,0.3,hist_gbm,source,0.16923834278459549,0.005,1.0,114.81980406431917,180.0,2.8126645199661198,1.0
1,0.3,hist_gbm,target,0.1254348704485409,0.005,1.0,180.0,105.27610063390786,1.0,2.6793794449330854
1,0.3,hist_gbm,both,0.08220796348429216,0.63,0.0,114.81980406431917,105.27610063390786,2.8126645199661198,2.6793794449330854
1,0.3,hist_gbm,crump,0.09449661220839294,0.145,0.0,121.0,117.0,1.0,1.0
1,0.3,hist_gbm,overlap,0.09461964614008928,0.275,0.0,125.70661775447151,117.3756945825333,0.24999830859597916,0.24999830859597916
1,0.4,logistic,unweighted,0.2267880105928974,0.005,1.0,180.0,180.0,1.0,1.0
1,0.4,logistic,source,0.1840279561884284,0.005,1.0,111.1226597530726,180.0,3.0249305001267985,1.0
1,0.4,logistic,target,0.13768415693624297,0.005,1.0,180.0,105.32885251860834,1.0,3.0174848170105095
1,0.4,logistic,both,0.07992855358271286,0.68,0.0,111.1226597530726,105.32885251860834,3.0249305001267985,3.0174848170105095
1,0.4,logistic,crump,0.13015493313294743,0.01,1.0,115.0,112.0,1.0,1.0
1,0.4,logistic,overlap,0.15181812887986124,0.005,1.0,142.5976768686984,136.6755995096116,0.2499969804214553,0.24999617905123442
1,0.4,random_forest,unweighted,0.2267880105928974,0.005,1.0,180.0,180.0,1.0,1.0
1,0.4,random_forest,source,0.19528553014506372,0.005,1.0,101.95855222063597,180.0,2.6569646009856664,1.0
1,0.4,random_forest,target,0.13110448314976964,0.005,1.0,180.0,90.76113463372863,1.0,2.8950608668950464
1,0.4,random_forest,both,0.07579649119740095,0.81,0.0,101.95855222063597,90.76113463372863,2.6569646009856664,2.8950608668950464
1,0.4,random_forest,crump,0.09060521842882799,0.275,0.0,109.0,96.0,1.0,1.0
1,0.4,random_forest,overlap,0.08446895972202638,0.56,0.0,106.91179226263367,95.54111400841464,0.24999924555292227,0.24999990047840567
1,0.4,hist_gbm,unweighted,0.2267880105928974,0.005,1.0,180.0,180.0,1.0,1.0
1,0.4,hist_gbm,source,0.19572783408004604,0.005,1.0,98.90376325805433,180.0,3.322251322723088,1.0
1,0.4,hist_gbm,target,0.13149913920529874,0.005,1.0,180.0,87.47384253850825,1.0,3.301531251350609
1,0.4,hist_gbm,both,0.07751842315039603,0.78,0.0,98.90376325805433,87.47384253850825,3.322251322723088,3.301531251350609
1,0.4,hist_gbm,crump,0.08744831734304516,0.435,0.0,108.0,95.0,1.0,1.0
1,0.4,hist_gbm,overlap,0.08795557621722183,0.425,0.0,110.17184399219965,97.34920654445958,0.24999427397471807,0.24993240063444075
2,0.0,logistic,unweighted,0.10040219097698522,0.07,0.0,180.0,180.0,1.0,1.0
2,0.0,logistic,source,0.10075033518125953,0.07,0.0,179.99893437636084,180.0,1.005578636686177,1.0
2,0.0,logistic,target,0.10019769981627245,0.08,0.0,180.0,179.99879900449235,1.0,1.0093328230840102
2,0.0,logistic,both,0.10054511973770211,0.075,0.0,179.99893437636084,179.99879900449235,1.005578636686177,1.0093328230840102
2,0.0,logistic,crump,0.10040219097698522,0.07,0.0,180.0,180.0,1.0,1.0
2,0.0,logistic,overlap,0.1009397570424079,0.07,0.0,179.99999998632512,179.9999999804276,0.2499999995260736,0.24999999998804365
2,0.0,random_forest,unweighted,0.10040219097698522,0.07,0.0,180.0,180.0,1.0,1.0
2,0.0,random_forest,source,0.1031093030974371,0.04,1.0,171.123308136574,180.0,1.4838579138189674,1.0
2,0.0,random_forest,target,0.09307103875615028,0.195,0.0,180.0,172.51974015710897,1.0,1.4909788806873348
2,0.0,random_forest,both,0.0955304836595861,0.16,0.0,171.123308136574,172.51974015710897,1.4838579138189674,1.4909788806873348
2,0.0,random_forest,crump,0.10040219097698522,0.07,0.0,180.0,180.0,1.0,1.0
2,0.0,random_forest,overlap,0.10152198587232808,0.06,0.0,178.33194677352304,178.9611348733852,0.2499995592983615,0.24999929757198522
2,0.0,hist_gbm,unweighted,0.10040219097698522,0.07,0.0,180.0,180.0,1.0,1.0
2,0.0,hist_gbm,source,0.09547812607965525,0.175,0.0,155.09552540428967,180.0,1.8516276692596276,1.0
2,0.0,hist_gbm,target,0.09779605074572342,0.11,0.0,180.0,162.6604726064448,1.0,1.9726105856739553
2,0.0,hist_gbm,both,0.0929540687214562,0.215,0.0,155.09552540428967,162.6604726064448,1.8516276692596276,1.9726105856739553
2,0.0,hist_gbm,crump,0.10040219097698522,0.07,0.0,180.0,180.0,1.0,1.0
2,0.0,hist_gbm,overlap,0.09928487076126725,0.095,0.0,173.62904240464337,176.68983472798743,0.24998180318134214,0.24998180318134214
2,0.1,logistic,unweighted,0.11209936080627954,0.015,1.0,180.0,180.0,1.0,1.0
2,0.1,logistic,source,0.10006053401739415,0.045,1.0,172.49004415498513,180.0,1.39529083344482,1.0
2,0.1,logistic,target,0.09463552130751934,0.135,0.0,180.0,173.6596122744874,1.0,1.573321959090109
2,0.1,logistic,both,0.08297726958166227,0.545,0.0,172.49004415498513,173.6596122744874,1.39529083344482,1.573321959090109
2,0.1,logistic,crump,0.11209936080627954,0.015,1.0,180.0,180.0,1.0,1.0
2,0.1,logistic,overlap,0.1086911170418983,0.02,1.0,179.27259920372973,179.42968649447724,0.24999971913880034,0.2499995547243821
2,0.1,random_forest,unweighted,0.11209936080627954,0.015,1.0,180.0,180.0,1.0,1.0
2,0.1,random_forest,source,0.10523507458864825,0.03,1.0,153.46268982993837,180.0,1.5526944130493348,1.0
2,0.1,random_forest,target,0.09781075732600443,0.09,0.0,180.0,163.03839014201984,1.0,1.4126989138905968
2,0.1,random_forest,both,0.08996412772570478,0.315,0.0,153.46268982993837,163.03839014201984,1.5526944130493348,1.4126989138905968
2,0.1,random_forest,crump,0.0887759806223426,0.29,0.0,158.0,169.0,1.0,1.0
2,0.1,random_forest,overlap,0.09189429765518667,0.24,0.0,157.55933661331076,168.2416571229293,0.2499988770064366,0.24999986615912098
2,0.1,hist_gbm,unweighted,0.11209936080627954,0.015,1.0,180.0,180.0,1.0,1.0
2,0.1,hist_gbm,source,0.09684775706010179,0.12,0.0,139.83797086767748,180.0,2.0767121592487165,1.0
2,0.1,hist_gbm,target,0.10392763939309539,0.025,1.0,180.0,156.03791820995949,1.0,2.5671017789897816
2,0.1,hist_gbm,both,0.08895622682394033,0.305,0.0,139.83797086767748,156.03791820995949,2.0767121592487165,2.5671017789897816
2,0.1,hist_gbm,crump,0.10230196380915052,0.06,0.0,157.0,179.0,1.0,1.0
2,0.1,hist_gbm,overlap,0.10424400033012282,0.035,1.0,161.55022210167937,175.1403608631669,0.24999931304545503,0.24999931304545503
2,0.2,logistic,unweighted,0.14567558775339126,0.005,1.0,180.0,180.0,1.0,1.0
2,0.2,logistic,source,0.12361279211352472,0.005,1.0,157.73627570207825,180.0,1.6989800853570085,1.0
2,0.2,logistic,target,0.10797215088992922,0.03,1.0,180.0,159.39315626025888,1.0,1.9406743418555719
2,0.2,logistic,both,0.08489668924214713,0.46,0.0,157.73627570207825,159.39315626025888,1.6989800853570085,1.9406743418555719
2,0.2,logistic,crump,0.14567558775339126,0.005,1.0,180.0,180.0,1.0,1.0
2,0.2,logistic,overlap,0.1287265895808057,0.005,1.0,174.81330271232173,175.2661480872605,0.249999557375022,0.24999721011926468
2,0.2,random_forest,unweighted,0.14567558775339126,0.005,1.0,180.0,180.0,1.0,1.0
2,0.2,random_forest,source,0.12814012453937396,0.005,1.0,137.91765728603824,180.0,1.8587197742942791,1.0
2,0.2,random_forest,target,0.11397464046800793,0.015,1.0,180.0,143.84820381758485,1.0,1.7424303847690419
2,0.2,random_forest,both,0.09256044244882133,0.26,0.0,137.91765728603824,143.84820381758485,1.8587197742942791,1.7424303847690419
2,0.2,random_forest,crump,0.09129264211866452,0.345,0.0,142.0,150.0,1.0,1.0
2,0.2,random_forest,overlap,0.09271221230051901,0.245,0.0,141.5800419751047,148.66999898765812,0.24999998807843485,0.24999969054711887
2,0.2,hist_gbm,unweighted,0.14567558775339126,0.005,1.0,180.0,180.0,1.0,1.0
2,0.2,hist_gbm,source,0.12884479871463891,0.005,1.0,124.51439879312154,180.0,2.430204455545131,1.0
2,0.2,hist_gbm,target,0.11263857565279736,0.02,1.0,180.0,130.0047617027823,1.0,3.0879428514773823
2,0.2,hist_gbm,both,0.09312487804789701,0.25,0.0,124.51439879312154,130.0047617027823,2.430204455545131,3.0879428514773823
2,0.2,hist_gbm,crump,0.09229069399987766,0.26,0.0,140.0,143.0,1.0,1.0
2,0.2,hist_gbm,overlap,0.09498223961927507,0.175,0.0,143.51922422189566,144.07247613363313,0.24999477468948583,0.2499951515437082
2,0.3,logistic,unweighted,0.19418411636945587,0.005,1.0,180.0,180.0,1.0,1.0
2,0.3,logistic,source,0.16336147068902937,0.005,1.0,139.1559338060913,180.0,2.061490308254176,1.0
2,0.3,logistic,target,0.13372778311772854,0.005,1.0,180.0,137.41821047652826,1.0,2.3767070379608355
2,0.3,logistic,both,0.09685334881104296,0.2,0.0,139.1559338060913,137.41821047652826,2.061490308254176,2.3767070379608355
2,0.3,logistic,crump,0.1825555518085697,0.005,1.0,170.0,169.0,1.0,1.0
2,0.3,logistic,overlap,0.15789724563689822,0.005,1.0,163.84359736284597,164.52834857759956,0.24999500573742614,0.2499988033120405
2,0.3,random_forest,unweighted,0.19418411636945587,0.005,1.0,180.0,180.0,1.0,1.0
2,0.3,random_forest,source,0.17144169279187985,0.005,1.0,126.18804048588218,180.0,2.074661713140589,1.0
2,0.3,random_forest,target,0.13718214607583396,0.005,1.0,180.0,120.43209412242518,1.0,1.9523950578858684
2,0.3,random_forest,both,0.10454015906432557,0.07,0.0,126.18804048588218,120.43209412242518,2.074661713140589,1.9523950578858684
2,0.3,random_forest,crump,0.10885516671319317,0.03,1.0,129.0,127.0,1.0,1.0
2,0.3,random_forest,overlap,0.10733862837409014,0.06,0.0,128.7838590953366,125.50342005812465,0.24999999448416751,0.2499969691442208
2,0.3,hist_gbm,unweighted,0.19418411636945587,0.005,1.0,180.0,180.0,1.0,1.0
2,0.3,hist_gbm,source,0.17233045935644545,0.005,1.0,116.73280966240705,180.0,2.819562430928677,1.0
2,0.3,hist_gbm,target,0.13201573450476217,0.005,1.0,180.0,110.57676634031023,1.0,3.4514827380449895
2,0.3,hist_gbm,both,0.10216585030181151,0.14,0.0,116.73280966240705,110.57676634031023,2.819562430928677,3.4514827380449895
2,0.3,hist_gbm,crump,0.10662144725864253,0.05,0.0,127.0,125.0,1.0,1.0
2,0.3,hist_gbm,overlap,0.1126043672143699,0.02,1.0,133.68269911634036,123.2278411807211,0.24997053656546092,0.24997053656546092
2,0.4,logistic,unweighted,0.2185590439719555,0.005,1.0,180.0,180.0,1.0,1.0
2,0.4,logistic,source,0.18089269927608626,0.005,1.0,119.92469792592672,180.0,2.4743372590927906,1.0
2,0.4,logistic,target,0.1389655413724652,0.005,1.0,180.0,117.20502514301685,1.0,2.8331452908949775
2,0.4,logistic,both,0.08748503745655714,0.45,0.0,119.92469792592672,117.20502514301685,2.4743372590927906,2.8331452908949775
2,0.4,logistic,crump,0.15635617446471284,0.005,1.0,124.0,138.0,1.0,1.0
2,0.4,logistic,overlap,0.15784533806407713,0.005,1.0,148.91715270048869,151.2388314838173,0.24998554631028577,0.24996051087123874
2,0.4,random_forest,unweighted,0.2185590439719555,0.005,1.0,180.0,180.0,1.0,1.0
2,0.4,random_forest,source,0.19198643331689458,0.005,1.0,107.14725628475463,180.0,2.4027237701434006,1.0
2,0.4,random_forest,target,0.13600082241660016,0.005,1.0,180.0,99.80780139349037,1.0,2.4137764923014693
2,0.4,random_forest,both,0.08871702592006839,0.425,0.0,107.14725628475463,99.80780139349037,2.4027237701434006,2.4137764923014693
2,0.4,random_forest,crump,0.09049351087335017,0.345,0.0,111.0,104.0,1.0,1.0
2,0.4,random_forest,overlap,0.08871170424694742,0.42,0.0,111.05290682749978,103.17228721794855,0.24999979585893659,0.24999610690241697
2,0.4,hist_gbm,unweighted,0.2185590439719555,0.005,1.0,180.0,180.0,1.0,1.0
2,0.4,hist_gbm,source,0.1881375470448311,0.005,1.0,102.00778519378721,180.0,3.1812604011552064,1.0
2,0.4,hist_gbm,target,0.1319390797628267,0.005,1.0,180.0,92.9833708698613,1.0,3.942729874627567
2,0.4,hist_gbm,both,0.08342261778459042,0.575,0.0,102.00778519378721,92.9833708698613,3.1812604011552064,3.942729874627567
2,0.4,hist_gbm,crump,0.08797348749657218,0.415,0.0,112.0,101.0,1.0,1.0
2,0.4,hist_gbm,overlap,0.09064149573137537,0.355,0.0,116.27633529695623,100.98281530023378,0.24999925421709357,0.24999925421709357
3,0.0,logistic,unweighted,0.07442858748666362,0.78,0.0,180.0,180.0,1.0,1.0
3,0.0,logistic,source,0.07912846606404814,0.685,0.0,179.20073044526575,180.0,1.1865344255713988,1.0
3,0.0,logistic,target,0.07850873351353446,0.685,0.0,180.0,179.28716390910319,1.0,1.1857733679336147
3,0.0,logistic,both,0.08333036795652439,0.555,0.0,179.20073044526575,179.28716390910319,1.1865344255713988,1.1857733679336147
3,0.0,logistic,crump,0.07442858748666362,0.78,0.0,180.0,180.0,1.0,1.0
3,0.0,logistic,overlap,0.0748531349957266,0.78,0.0,179.99376329709955,179.9945770081353,0.2499999205538297,0.24999999930135236
3,0.0,random_forest,unweighted,0.07442858748666362,0.78,0.0,180.0,180.0,1.0,1.0
3,0.0,random_forest,source,0.08486761723258282,0.475,0.0,173.0466067823225,180.0,1.2900080030872498,1.0
3,0.0,random_forest,target,0.07709487926457421,0.735,0.0,180.0,177.58037196639583,1.0,1.3355394978429562
3,0.0,random_forest,both,0.08775623186954486,0.365,0.0,173.0466067823225,177.58037196639583,1.2900080030872498,1.3355394978429562
3,0.0,random_forest,crump,0.07442858748666362,0.78,0.0,180.0,180.0,1.0,1.0
3,0.0,random_forest,overlap,0.07947530275193848,0.675,0.0,178.24053006352324,179.90902550137068,0.24999999922383695,0.2499997271546163
3,0.0,hist_gbm,unweighted,0.07442858748666362,0.78,0.0,180.0,180.0,1.0,1.0
3,0.0,hist_gbm,source,0.08138650514075159,0.615,0.0,164.95186102148102,180.0,1.8297803251319489,1.0
3,0.0,hist_gbm,target,0.08200004149795351,0.585,0.0,180.0,159.53767245259817,1.0,1.801289038745971
3,0.0,hist_gbm,both,0.08900308500422464,0.35,0.0,164.95186102148102,159.53767245259817,1.8297803251319489,1.801289038745971
3,0.0,hist_gbm,crump,0.07442858748666362,0.78,0.0,180.0,180.0,1.0,1.0
3,0.0,hist_gbm,overlap,0.07745279144176315,0.71,0.0,177.30283510050822,175.05951927254137,0.24999999514354823,0.24999999932119113
3,0.1,logistic,unweighted,0.12772116483767718,0.005,1.0,180.0,180.0,1.0,1.0
3,0.1,logistic,source,0.11459218557730504,0.005,1.0,171.67304166449378,180.0,1.4463946656931164,1.0
3,0.1,logistic,target,0.10315304853203383,0.08,0.0,180.0,169.4706105533416,1.0,1.563125209216648
3,0.1,logistic,both,0.09001128190274635,0.35,0.0,171.67304166449378,169.4706105533416,1.4463946656931164,1.563125209216648
3,0.1,logistic,crump,0.12772116483767718,0.005,1.0,180.0,180.0,1.0,1.0
3,0.1,logistic,overlap,0.12105700965074591,0.005,1.0,179.06361023820546,178.52617869351226,0.2499996131039898,0.24999999976882312
3,0.1,random_forest,unweighted,0.12772116483767718,0.005,1.0,180.0,180.0,1.0,1.0
3,0.1,random_forest,source,0.1313644872044309,0.005,1.0,161.2035495488389,180.0,1.4050616565612066,1.0
3,0.1,random_forest,target,0.09689350155573342,0.19,0.0,180.0,148.97844639831544,1.0,1.5220346698595424
3,0.1,random_forest,both,0.10023175060151954,0.125,0.0,161.2035495488389,148.97844639831544,1.4050616565612066,1.5220346698595424
3,0.1,random_forest,crump,0.0856665967530145,0.445,0.0,166.0,151.0,1.0,1.0
3,0.1,random_forest,overlap,0.09065081662192573,0.34,0.0,167.42348821144896,150.96378838697427,0.2499985106590792,0.24999999720564767
3,0.1,hist_gbm,unweighted,0.12772116483767718,0.005,1.0,180.0,180.0,1.0,1.0
3,0.1,hist_gbm,source,0.13092644596125533,0.005,1.0,156.8389712720044,180.0,1.8886854399474426,1.0
3,0.1,hist_gbm,target,0.09335811589879571,0.26,0.0,180.0,132.62059370832657,1.0,2.31765547916462
3,0.1,hist_gbm,both,0.09613351518825769,0.225,0.0,156.8389712720044,132.62059370832657,1.8886854399474426,2.31765547916462
3,0.1,hist_gbm,crump,0.09290934124583254,0.23,0.0,180.0,151.0,1.0,1.0
3,0.1,hist_gbm,overlap,0.09366185143570498,0.29,0.0,173.4215699352899,148.2440867964818,0.24999474138470168,0.24999474138470168
3,0.2,logistic,unweighted,0.16470034198292946,0.005,1.0,180.0,180.0,1.0,1.0
3,0.2,logistic,source,0.14003711697762636,0.005,1.0,152.7006200229657,180.0,1.8132316063662055,1.0
3,0.2,logistic,target,0.1187194815526739,0.005,1.0,180.0,151.70037643718868,1.0,1.9637992738925423
3,0.2,logistic,both,0.09251458825488021,0.36,0.0,152.7006200229657,151.70037643718868,1.8132316063662055,1.9637992738925423
3,0.2,logistic,crump,0.16374224946548038,0.005,1.0,180.0,179.0,1.0,1.0
3,0.2,logistic,overlap,0.1410718896041672,0.005,1.0,172.56485002200805,170.99483024456978,0.2499988211948128,0.24999982930380246
3,0.2,random_forest,unweighted,0.16470034198292946,0.005,1.0,180.0,180.0,1.0,1.0
3,0.2,random_forest,source,0.15357436246218156,0.005,1.0,135.23787381830186,180.0,1.6440976016493563,1.0
3,0.2,random_forest,target,0.12050229699994938,0.005,1.0,180.0,135.23830305290647,1.0,1.8250534719115237
3,0.2,random_forest,both,0.10510296230115083,0.065,0.0,135.23787381830186,135.23830305290647,1.6440976016493563,1.8250534719115237
3,0.2,random_forest,crump,0.09614909160511839,0.185,0.0,143.0,137.0,1.0,1.0
3,0.2,random_forest,overlap,0.0984013261371672,0.195,0.0,141.04922286669586,137.41102061468672,0.24999842846210318,0.24999018786808783
3,0.2,hist_gbm,unweighted,0.16470034198292946,0.005,1.0,180.0,180.0,1.0,1.0
3,0.2,hist_gbm,source,0.15425025797973824,0.005,1.0,136.3957093948282,180.0,2.0935237799597908,1.0
3,0.2,hist_gbm,target,0.12008380421702328,0.005,1.0,180.0,127.13261296837032,1.0,2.9058491981268886
3,0.2,hist_gbm,both,0.10628373652915746,0.07,0.0,136.3957093948282,127.13261296837032,2.0935237799597908,2.9058491981268886
3,0.2,hist_gbm,crump,0.09627404958298046,0.17,0.0,142.0,136.0,1.0,1.0
3,0.2,hist_gbm,overlap,0.10276602713854847,0.085,0.0,150.41600524566647,136.81735195217198,0.24999991653345358,0.24998674672316173
3,0.3,logistic,unweighted,0.1779226832799878,0.005,1.0,180.0,180.0,1.0,1.0
3,0.3,logistic,source,0.14382475579100168,0.005,1.0,137.26437824382987,180.0,2.12081347170775,1.0
3,0.3,logistic,target,0.11770083717621203,0.015,1.0,180.0,137.80478624317146,1.0,2.2678095404878644
3,0.3,logistic,both,0.07788055329744223,0.76,0.0,137.26437824382987,137.80478624317146,2.12081347170775,2.2678095404878644
3,0.3,logistic,crump,0.15910263678922337,0.005,1.0,170.0,165.0,1.0,1.0
3,0.3,logistic,overlap,0.1355192767552529,0.005,1.0,164.79142317353165,162.46812596017017,0.24999302833860979,0.2499987822208859
3,0.3,random_forest,unweighted,0.1779226832799878,0.005,1.0,180.0,180.0,1.0,1.0
3,0.3,random_forest,source,0.15658482780023572,0.005,1.0,121.49325625631276,180.0,1.7452167139523023,1.0
3,0.3,random_forest,target,0.11422180367525397,0.02,1.0,180.0,123.683155328416,1.0,1.986848881157051
3,0.3,random_forest,both,0.08317449648491353,0.55,0.0,121.49325625631276,123.683155328416,1.7452167139523023,1.986848881157051
3,0.3,random_forest,crump,0.07807868957519531,0.73,0.0,128.0,125.0,1.0,1.0
3,0.3,random_forest,overlap,0.08061921333432277,0.675,0.0,128.08195933283218,125.41954436031081,0.24999974849663778,0.2499995782243922
3,0.3,hist_gbm,unweighted,0.1779226832799878,0.005,1.0,180.0,180.0,1.0,1.0
3,0.3,hist_gbm,source,0.15603943757091815,0.005,1.0,118.21203854028897,180.0,2.511516106023554,1.0
3,0.3,hist_gbm,target,0.11297109679505267,0.015,1.0,180.0,112.7865261518036,1.0,2.966552538024084
3,0.3,hist_gbm,both,0.08122664163753149,0.64,0.0,118.21203854028897,112.7865261518036,2.511516106023554,2.966552538024084
3,0.3,hist_gbm,crump,0.07943135912608103,0.64,0.0,130.0,125.0,1.0,1.0
3,0.3,hist_gbm,overlap,0.08137324374230541,0.61,0.0,130.82067878233323,124.15715495163114,0.2497990056928018,0.2497990056928018
3,0.4,logistic,unweighted,0.19579587524767567,0.005,1.0,180.0,180.0,1.0,1.0
3,0.4,logistic,source,0.1470066146914479,0.005,1.0,120.86869202701975,180.0,2.461432405509894,1.0
3,0.4,logistic,target,0.12807295762578305,0.005,1.0,180.0,124.51433255562468,1.0,2.592697035338689
3,0.4,logistic,both,0.06972151662219504,0.915,0.0,120.86869202701975,124.51433255562468,2.461432405509894,2.592697035338689
3,0.4,logistic,crump,0.14691701912170632,0.005,1.0,151.0,143.0,1.0,1.0
3,0.4,logistic,overlap,0.13570223014386892,0.005,1.0,155.06573214378938,152.80995436006214,0.2499999767226833,0.249998248039272
3,0.4,random_forest,unweighted,0.19579587524767567,0.005,1.0,180.0,180.0,1.0,1.0
3,0.4,random_forest,source,0.15989563830370146,0.005,1.0,100.84048666140058,180.0,2.129751305218589,1.0
3,0.4,random_forest,target,0.13181032667158327,0.005,1.0,180.0,114.51313344485708,1.0,2.020368769622175
3,0.4,random_forest,both,0.0785975471960223,0.73,0.0,100.84048666140058,114.51313344485708,2.129751305218589,2.020368769622175
3,0.4,random_forest,crump,0.07427098803389626,0.79,0.0,104.0,117.0,1.0,1.0
3,0.4,random_forest,overlap,0.07502193436813728,0.83,0.0,104.37038868956344,116.43199717723935,0.24999830726037042,0.24999998887517513
3,0.4,hist_gbm,unweighted,0.19579587524767567,0.005,1.0,180.0,180.0,1.0,1.0
3,0.4,hist_gbm,source,0.1598560116692205,0.005,1.0,101.61350967730374,180.0,2.810716757212077,1.0
3,0.4,hist_gbm,target,0.13084436217215922,0.005,1.0,180.0,106.4442871929747,1.0,2.72186847040502
3,0.4,hist_gbm,both,0.07918903062484776,0.715,0.0,101.61350967730374,106.4442871929747,2.810716757212077,2.72186847040502
3,0.4,hist_gbm,crump,0.06975923406916004,0.9,0.0,101.0,116.0,1.0,1.0
3,0.4,hist_gbm,overlap,0.07805576197049502,0.76,0.0,112.3165650500536,115.4880035922733,0.2499992538758355,0.2499992538758355
4,0.0,logistic,unweighted,0.08548616064624295,0.475,0.0,180.0,180.0,1.0,1.0
4,0.0,logistic,source,0.08822919763373395,0.39,0.0,179.7936259317219,180.0,1.102414063922722,1.0
4,0.0,logistic,target,0.08774100180303804,0.42,0.0,180.0,179.8054853228339,1.0,1.089908390798937
4,0.0,logistic,both,0.0905266293525489,0.335,0.0,179.7936259317219,179.8054853228339,1.102414063922722,1.089908390798937
4,0.0,logistic,crump,0.08548616064624295,0.475,0.0,180.0,180.0,1.0,1.0
4,0.0,logistic,overlap,0.08594044066408495,0.475,0.0,179.9993656276247,179.99956349665854,0.24999999123104405,0.24999999043032975
4,0.0,random_forest,unweighted,0.08548616064624295,0.475,0.0,180.0,180.0,1.0,1.0
4,0.0,random_forest,source,0.08980084779870331,0.335,0.0,175.0650241409236,180.0,1.4767304088009994,1.0
4,0.0,random_forest,target,0.08751220814114995,0.43,0.0,180.0,173.91392423939638,1.0,1.4217870284423382
4,0.0,random_forest,both,0.09193004669469713,0.245,0.0,175.0650241409236,173.91392423939638,1.4767304088009994,1.4217870284423382
4,0.0,random_forest,crump,0.08548616064624295,0.475,0.0,180.0,180.0,1.0,1.0
4,0.0,random_forest,overlap,0.08744017980218564,0.425,0.0,179.73766928120963,179.59823265914213,0.24999935402222445,0.24999969917288595
4,0.0,hist_gbm,unweighted,0.08548616064624295,0.475,0.0,180.0,180.0,1.0,1.0
4,0.0,hist_gbm,source,0.08475483119146959,0.495,0.0,163.55120686719172,180.0,1.8931350511070455,1.0
4,0.0,hist_gbm,target,0.08907817930152881,0.345,0.0,180.0,160.18044289401243,1.0,1.7467403139401279
4,0.0,hist_gbm,both,0.08826999197296463,0.375,0.0,163.55120686719172,160.18044289401243,1.8931350511070455,1.7467403139401279
4,0.0,hist_gbm,crump,0.08548616064624295,0.475,0.0,180.0,180.0,1.0,1.0
4,0.0,hist_gbm,overlap,0.08563371743183247,0.47,0.0,177.4603628108595,174.89798488449242,0.24999895921175444,0.24999895921175444
4,0.1,logistic,unweighted,0.12349779378143576,0.005,1.0,180.0,180.0,1.0,1.0
4,0.1,logistic,source,0.10993647218915911,0.015,1.0,170.84542659736417,180.0,1.6286700465708355,1.0
4,0.1,logistic,target,0.10229379303664057,0.045,1.0,180.0,171.33113282079842,1.0,1.5223786282737162
4,0.1,logistic,both,0.0890099208403085,0.345,0.0,170.84542659736417,171.33113282079842,1.6286700465708355,1.5223786282737162
4,0.1,logistic,crump,0.12349779378143576,0.005,1.0,180.0,180.0,1.0,1.0
4,0.1,logistic,overlap,0.11863686345879026,0.005,1.0,178.8004349831238,179.01603089720288,0.2499996407607538,0.2499999707514327
4,0.1,random_forest,unweighted,0.12349779378143576,0.005,1.0,180.0,180.0,1.0,1.0
4,0.1,random_forest,source,0.11746247998391005,0.005,1.0,159.02896515348752,180.0,1.514265325332726,1.0
4,0.1,random_forest,target,0.10074329993560006,0.085,0.0,180.0,156.3214832807993,1.0,1.4923696437731984
4,0.1,random_forest,both,0.09378469811094146,0.185,0.0,159.02896515348752,156.3214832807993,1.514265325332726,1.4923696437731984
4,0.1,random_forest,crump,0.09183837466991815,0.255,0.0,162.0,159.0,1.0,1.0
4,0.1,random_forest,overlap,0.0935280587592054,0.19,0.0,163.8566512165082,160.9803925593868,0.24999920502385645,0.24999931648220905
4,0.1,hist_gbm,unweighted,0.12349779378143576,0.005,1.0,180.0,180.0,1.0,1.0
4,0.1,hist_gbm,source,0.11327106897156335,0.01,1.0,145.76038025978414,180.0,2.458975006756355,1.0
4,0.1,hist_gbm,target,0.10232339176221619,0.09,0.0,180.0,144.47705946464302,1.0,2.5453247043002984
4,0.1,hist_gbm,both,0.09223642190784895,0.24,0.0,145.76038025978414,144.47705946464302,2.458975006756355,2.5453247043002984
4,0.1,hist_gbm,crump,0.09092030932433066,0.28,0.0,159.0,155.0,1.0,1.0
4,0.1,hist_gbm,overlap,0.10452019766708459,0.035,1.0,168.23605789621368,168.3223545753557,0.2499888524982061,0.2499888524982061
4,0.2,logistic,unweighted,0.15711999695168422,0.005,1.0,180.0,180.0,1.0,1.0
4,0.2,logistic,source,0.13347740010170991,0.005,1.0,155.11883874941805,180.0,1.992820894008405,1.0
4,0.2,logistic,target,0.11321098146941569,0.01,1.0,180.0,153.6220454295106,1.0,1.8940473755960243
4,0.2,logistic,both,0.0885691015971841,0.39,0.0,155.11883874941805,153.6220454295106,1.992820894008405,1.8940473755960243
4,0.2,logistic,crump,0.15711999695168422,0.005,1.0,180.0,180.0,1.0,1.0
4,0.2,logistic,overlap,0.13587681735469004,0.005,1.0,172.2398723807489,172.63767540436064,0.24999982347790697,0.24999921415478238
4,0.2,random_forest,unweighted,0.15711999695168422,0.005,1.0,180.0,180.0,1.0,1.0
4,0.2,random_forest,source,0.14503562054494373,0.005,1.0,144.78931983360127,180.0,1.6889700759379616,1.0
4,0.2,random_forest,target,0.10919262347951192,0.02,1.0,180.0,134.84348648707825,1.0,1.802495109052307
4,0.2,random_forest,both,0.09400121135421041,0.23,0.0,144.78931983360127,134.84348648707825,1.6889700759379616,1.802495109052307
4,0.2,random_forest,crump,0.09251598489666979,0.235,0.0,148.0,138.0,1.0,1.0
4,0.2,random_forest,overlap,0.0941777916576669,0.23,0.0,150.12273340725696,139.42766544207723,0.24999993321406144,0.24999426704960612
4,0.2,hist_gbm,unweighted,0.15711999695168422,0.005,1.0,180.0,180.0,1.0,1.0
4,0.2,hist_gbm,source,0.1392940962988467,0.005,1.0,131.21267316805316,180.0,2.93641637774283,1.0
4,0.2,hist_gbm,target,0.10900293410659596,0.03,1.0,180.0,125.75476793908955,1.0,2.3148785725929524
4,0.2,hist_gbm,both,0.09004235535493046,0.34,0.0,131.21267316805316,125.75476793908955,2.93641637774283,2.3148785725929524
4,0.2,hist_gbm,crump,0.09292712745959622,0.235,0.0,152.0,135.0,1.0,1.0
4,0.2,hist_gbm,overlap,0.10437370020216327,0.045,1.0,148.92299289579327,148.94768850160256,0.24999994642722947,0.24999994642722947
4,0.3,logistic,unweighted,0.18715365893156533,0.005,1.0,180.0,180.0,1.0,1.0
4,0.3,logistic,source,0.1549610745866061,0.005,1.0,135.11111929042497,180.0,2.4090084311171083,1.0
4,0.3,logistic,target,0.12356379385977814,0.005,1.0,180.0,133.4993878738566,1.0,2.3017196322244278
4,0.3,logistic,both,0.08557282864104661,0.495,0.0,135.11111929042497,133.4993878738566,2.4090084311171083,2.3017196322244278
4,0.3,logistic,crump,0.16727532363519437,0.005,1.0,160.0,164.0,1.0,1.0
4,0.3,logistic,overlap,0.14257041619366792,0.005,1.0,159.94004126441337,160.797988582333,0.24999955921971723,0.2499921449800747
4,0.3,random_forest,unweighted,0.18715365893156533,0.005,1.0,180.0,180.0,1.0,1.0
4,0.3,random_forest,source,0.16707100541230951,0.005,1.0,121.70173134010086,180.0,2.0676064547217443,1.0
4,0.3,random_forest,target,0.11862281190656443,0.005,1.0,180.0,114.73144485493535,1.0,2.327072929608861
4,0.3,random_forest,both,0.08950132856257643,0.39,0.0,121.70173134010086,114.73144485493535,2.0676064547217443,2.327072929608861
4,0.3,random_forest,crump,0.08968158473676227,0.305,0.0,130.0,120.0,1.0,1.0
4,0.3,random_forest,overlap,0.08888345073466959,0.39,0.0,129.86636327141588,120.24472776811812,0.24999979456929905,0.24998675708745988
4,0.3,hist_gbm,unweighted,0.18715365893156533,0.005,1.0,180.0,180.0,1.0,1.0
4,0.3,hist_gbm,source,0.1631630574660125,0.005,1.0,109.61777676019423,180.0,3.5377379150308177,1.0
4,0.3,hist_gbm,target,0.11443563003039285,0.015,1.0,180.0,104.27371622632998,1.0,2.600823188673616
4,0.3,hist_gbm,both,0.08576841532594444,0.49,0.0,109.61777676019423,104.27371622632998,3.5377379150308177,2.600823188673616
4,0.3,hist_gbm,crump,0.08493137952211176,0.455,0.0,118.0,117.0,1.0,1.0
4,0.3,hist_gbm,overlap,0.095242575316863,0.24,0.0,125.224826449294,123.486225890324,0.24999860410502353,0.24999860410502353
4,0.4,logistic,unweighted,0.2263119865493065,0.005,1.0,180.0,180.0,1.0,1.0
4,0.4,logistic,source,0.18337780959180167,0.005,1.0,112.33032109219421,180.0,3.0035151686385584,1.0
4,0.4,logistic,target,0.1437702505478216,0.005,1.0,180.0,110.24700317077838,1.0,2.8059730372826284
4,0.4,logistic,both,0.0850663202974477,0.445,0.0,112.33032109219421,110.24700317077838,3.0035151686385584,2.8059730372826284
4,0.4,logistic,crump,0.12594761615000932,0.005,1.0,113.0,112.0,1.0,1.0
4,0.4,logistic,overlap,0.15596139452091884,0.005,1.0,140.34958840563525,142.18810457733593,0.2499990900315257,0.24999989749504276
4,0.4,random_forest,unweighted,0.2263119865493065,0.005,1.0,180.0,180.0,1.0,1.0
4,0.4,random_forest,source,0.20002002578365155,0.005,1.0,99.8381082170624,180.0,2.7382365081087543,1.0
4,0.4,random_forest,target,0.13507153858517568,0.005,1.0,180.0,90.76726446561963,1.0,2.959586820400114
4,0.4,random_forest,both,0.08926309282735205,0.37,0.0,99.8381082170624,90.76726446561963,2.7382365081087543,2.959586820400114
4,0.4,random_forest,crump,0.08967137487101452,0.42,0.0,109.0,97.0,1.0,1.0
4,0.4,random_forest,overlap,0.09199166551121873,0.31,0.0,107.56683887967701,96.98522583049473,0.249999113363228,0.24999998183534575
4,0.4,hist_gbm,unweighted,0.2263119865493065,0.005,1.0,180.0,180.0,1.0,1.0
4,0.4,hist_gbm,source,0.19288444053511267,0.005,1.0,92.52700702274875,180.0,4.250963554498927,1.0
4,0.4,hist_gbm,target,0.13864357283648138,0.005,1.0,180.0,88.03256424235225,1.0,3.286324677664206
4,0.4,hist_gbm,both,0.09147847405376933,0.315,0.0,92.52700702274875,88.03256424235225,4.250963554498927,3.286324677664206
4,0.4,hist_gbm,crump,0.08962448691976155,0.36,0.0,108.0,96.0,1.0,1.0
4,0.4,hist_gbm,overlap,0.10105698134774052,0.08,0.0,105.25077205268805,101.95001402109752,0.24986927037237022,0.24986927037237022
5,0.0,logistic,unweighted,0.06926766022709954,0.94,0.0,180.0,180.0,1.0,1.0
5,0.0,logistic,source,0.0720356352241906,0.895,0.0,179.70785034676794,180.0,1.148356692797959,1.0
5,0.0,logistic,target,0.07168242325564801,0.905,0.0,180.0,179.7063989003228,1.0,1.0995711645265975
5,0.0,logistic,both,0.0745041187105717,0.86,0.0,179.70785034676794,179.7063989003228,1.148356692797959,1.0995711645265975
5,0.0,logistic,crump,0.06926766022709954,0.94,0.0,180.0,180.0,1.0,1.0
5,0.0,logistic,overlap,0.06964706920556425,0.94,0.0,179.99861445991928,179.9990795789463,0.24999999570441334,0.2499999957578105
5,0.0,random_forest,unweighted,0.06926766022709954,0.94,0.0,180.0,180.0,1.0,1.0
5,0.0,random_forest,source,0.07231314743450598,0.905,0.0,176.28233942023604,180.0,1.409603844114335,1.0
5,0.0,random_forest,target,0.07116628446520756,0.91,0.0,180.0,174.2710837040733,1.0,1.3370299116207143
5,0.0,random_forest,both,0.07433786395565398,0.865,0.0,176.28233942023604,174.2710837040733,1.409603844114335,1.3370299116207143
5,0.0,random_forest,crump,0.06926766022709954,0.94,0.0,180.0,180.0,1.0,1.0
5,0.0,random_forest,overlap,0.07088815462460657,0.91,0.0,179.81269150769077,179.43962240720228,0.24999990445233417,0.24999994904464504
5,0.0,hist_gbm,unweighted,0.06926766022709954,0.94,0.0,180.0,180.0,1.0,1.0
5,0.0,hist_gbm,source,0.07078787820238332,0.94,0.0,158.62450763391618,180.0,1.935850516606059,1.0
5,0.0,hist_gbm,target,0.0716328061049662,0.9,0.0,180.0,160.16962316167692,1.0,1.856103512131359
5,0.0,hist_gbm,both,0.07314734823316664,0.875,0.0,158.62450763391618,160.16962316167692,1.935850516606059,1.856103512131359
5,0.0,hist_gbm,crump,0.06926766022709954,0.94,0.0,180.0,180.0,1.0,1.0
5,0.0,hist_gbm,overlap,0.07313141667287221,0.87,0.0,175.63578044084517,177.06709266421547,0.2499946639770751,0.2499946639770751
5,0.1,logistic,unweighted,0.10845833714372807,0.04,1.0,180.0,180.0,1.0,1.0
5,0.1,logistic,source,0.09844529804760169,0.115,0.0,174.178173190159,180.0,1.412440034183605,1.0
5,0.1,logistic,target,0.09098715719140531,0.295,0.0,180.0,173.91586464840313,1.0,1.40372711984903
5,0.1,logistic,both,0.0814297824573684,0.615,0.0,174.178173190159,173.91586464840313,1.412440034183605,1.40372711984903
5,0.1,logistic,crump,0.10845833714372807,0.04,1.0,180.0,180.0,1.0,1.0
5,0.1,logistic,overlap,0.10566120331615436,0.055,0.0,179.48932851751994,179.5195511729793,0.24999996413929598,0.24999891564434434
5,0.1,random_forest,unweighted,0.10845833714372807,0.04,1.0,180.0,180.0,1.0,1.0
5,0.1,random_forest,source,0.10206133769763259,0.08,0.0,163.2723189938409,180.0,1.4969559939230348,1.0
5,0.1,random_forest,target,0.09272155309780956,0.24,0.0,180.0,164.23121901594277,1.0,1.312220955884351
5,0.1,random_forest,both,0.08562783000018684,0.51,0.0,163.2723189938409,164.23121901594277,1.4969559939230348,1.312220955884351
5,0.1,random_forest,crump,0.08862675757526361,0.36,0.0,165.0,169.0,1.0,1.0
5,0.1,random_forest,overlap,0.08752916061409563,0.425,0.0,165.28268885399785,168.85994664048573,0.24999987890477193,0.24999871363454806
5,0.1,hist_gbm,unweighted,0.10845833714372807,0.04,1.0,180.0,180.0,1.0,1.0
5,0.1,hist_gbm,source,0.09523776570936096,0.19,0.0,152.0200921252102,180.0,2.3510166665476406,1.0
5,0.1,hist_gbm,target,0.09301066522026832,0.225,0.0,180.0,151.35289791662387,1.0,2.3334685244809497
5,0.1,hist_gbm,both,0.07966496882087702,0.675,0.0,152.0200921252102,151.35289791662387,2.3510166665476406,2.3334685244809497
5,0.1,hist_gbm,crump,0.10845833714372807,0.04,1.0,180.0,180.0,1.0,1.0
5,0.1,hist_gbm,overlap,0.09424599230821143,0.2,0.0,170.77014064952746,171.64233656635716,0.2499999999670967,0.2499985435726684
5,0.2,logistic,unweighted,0.13833582628410301,0.005,1.0,180.0,180.0,1.0,1.0
5,0.2,logistic,source,0.11785355353508713,0.005,1.0,157.45103695624042,180.0,1.8168696795794077,1.0
5,0.2,logistic,target,0.0973431206164952,0.15,0.0,180.0,157.5909135381604,1.0,1.7976960168651814
5,0.2,logistic,both,0.076089380444418,0.82,0.0,157.45103695624042,157.5909135381604,1.8168696795794077,1.7976960168651814
5,0.2,logistic,crump,0.13833582628410301,0.005,1.0,180.0,180.0,1.0,1.0
5,0.2,logistic,overlap,0.11853349135174829,0.01,1.0,174.14442571612082,174.4957837604492,0.24999990907426833,0.24999991062114438
5,0.2,random_forest,unweighted,0.13833582628410301,0.005,1.0,180.0,180.0,1.0,1.0
5,0.2,random_forest,source,0.12368583820006912,0.005,1.0,142.97862119009272,180.0,1.653991650671188,1.0
5,0.2,random_forest,target,0.09575644153715562,0.18,0.0,180.0,144.34600261719453,1.0,1.561530204102472
5,0.2,random_forest,both,0.07755181999155494,0.795,0.0,142.97862119009272,144.34600261719453,1.653991650671188,1.561530204102472
5,0.2,random_forest,crump,0.08290225357691239,0.59,0.0,146.0,148.0,1.0,1.0
5,0.2,random_forest,overlap,0.07983726614359486,0.715,0.0,146.2601093440663,147.96433373854146,0.249999833354307,0.24999994939108486
5,0.2,hist_gbm,unweighted,0.13833582628410301,0.005,1.0,180.0,180.0,1.0,1.0
5,0.2,hist_gbm,source,0.12448336635837468,0.005,1.0,131.8032773458198,180.0,2.2604190324999682,1.0
5,0.2,hist_gbm,target,0.09728793026655985,0.165,0.0,180.0,136.03681318975478,1.0,2.281589873334589
5,0.2,hist_gbm,both,0.08091845738188695,0.67,0.0,131.8032773458198,136.03681318975478,2.2604190324999682,2.281589873334589
5,0.2,hist_gbm,crump,0.07728044270947473,0.705,0.0,145.0,145.0,1.0,1.0
5,0.2,hist_gbm,overlap,0.0855221023372948,0.515,0.0,146.97652105266886,151.9120125238517,0.2499966011972161,0.2499966011972161
5,0.3,logistic,unweighted,0.17804873685413808,0.005,1.0,180.0,180.0,1.0,1.0
5,0.3,logistic,source,0.14392178078640244,0.005,1.0,137.32372365084473,180.0,2.2229508211993525,1.0
5,0.3,logistic,target,0.11347446284461052,0.015,1.0,180.0,134.2701790430414,1.0,2.245469196348132
5,0.3,logistic,both,0.07355577714940592,0.855,0.0,137.32372365084473,134.2701790430414,2.2229508211993525,2.245469196348132
5,0.3,logistic,crump,0.16036060601566843,0.005,1.0,164.0,170.0,1.0,1.0
5,0.3,logistic,overlap,0.13005373830669173,0.005,1.0,161.69816778175334,162.15529818162173,0.24999352105470096,0.2499823242761267
5,0.3,random_forest,unweighted,0.17804873685413808,0.005,1.0,180.0,180.0,1.0,1.0
5,0.3,random_forest,source,0.15364203446801847,0.005,1.0,123.80490794472162,180.0,1.8535050971850133,1.0
5,0.3,random_forest,target,0.10947042075177997,0.025,1.0,180.0,115.49604777217264,1.0,2.032727852999974
5,0.3,random_forest,both,0.07414344373162253,0.82,0.0,123.80490794472162,115.49604777217264,1.8535050971850133,2.032727852999974
5,0.3,random_forest,crump,0.07071380997039223,0.855,0.0,126.0,120.0,1.0,1.0
5,0.3,random_forest,overlap,0.07241995350237429,0.865,0.0,126.15262390152304,119.98537436877669,0.24999744271309796,0.2499994174937684
5,0.3,hist_gbm,unweighted,0.17804873685413808,0.005,1.0,180.0,180.0,1.0,1.0
5,0.3,hist_gbm,source,0.151061290656317,0.005,1.0,116.58391564636203,180.0,2.4752869345618387,1.0
5,0.3,hist_gbm,target,0.11302636216299455,0.01,1.0,180.0,108.99315207066195,1.0,2.791519908795863
5,0.3,hist_gbm,both,0.0758155601103193,0.79,0.0,116.58391564636203,108.99315207066195,2.4752869345618387,2.791519908795863
5,0.3,hist_gbm,crump,0.06843830613333333,0.915,0.0,125.0,120.0,1.0,1.0
5,0.3,hist_gbm,overlap,0.07968568654046407,0.69,0.0,127.8974249987432,121.27558011825447,0.24997103077295993,0.24997103077295993
5,0.4,logistic,unweighted,0.2300473593964335,0.005,1.0,180.0,180.0,1.0,1.0
5,0.4,logistic,source,0.18757397988456564,0.005,1.0,115.67958266877118,180.0,2.7463098725119983,1.0
5,0.4,logistic,target,0.15083201025928417,0.005,1.0,180.0,111.63763070095186,1.0,2.763195617304142
5,0.4,logistic,both,0.09469788423699949,0.25,0.0,115.67958266877118,111.63763070095186,2.7463098725119983,2.763195617304142
5,0.4,logistic,crump,0.15644822281770546,0.005,1.0,127.0,125.0,1.0,1.0
5,0.4,logistic,overlap,0.17239511666216253,0.005,1.0,145.7224050217609,146.55357206672167,0.2499999701788533,0.2498842573040774
5,0.4,random_forest,unweighted,0.2300473593964335,0.005,1.0,180.0,180.0,1.0,1.0
5,0.4,random_forest,source,0.19955054479742979,0.005,1.0,100.0739061338215,180.0,2.530678629858525,1.0
5,0.4,random_forest,target,0.15943200873526145,0.005,1.0,180.0,93.51938410838426,1.0,2.6717107585846462
5,0.4,random_forest,both,0.1092741549475651,0.075,0.0,100.0739061338215,93.51938410838426,2.530678629858525,2.6717107585846462
5,0.4,random_forest,crump,0.1015412275871318,0.12,0.0,104.0,98.0,1.0,1.0
5,0.4,random_forest,overlap,0.10493667011824485,0.1,0.0,104.37156468382825,98.5403131773181,0.24999955850096112,0.24999955850096112
5,0.4,hist_gbm,unweighted,0.2300473593964335,0.005,1.0,180.0,180.0,1.0,1.0
5,0.4,hist_gbm,source,0.19373583435683286,0.005,1.0,92.7136606101045,180.0,3.321776954617474,1.0
5,0.4,hist_gbm,target,0.1612291444216506,0.005,1.0,180.0,89.51321893775065,1.0,3.4000666294473834
5,0.4,hist_gbm,both,0.1083817238548416,0.075,0.0,92.7136606101045,89.51321893775065,3.321776954617474,3.4000666294473834
5,0.4,hist_gbm,crump,0.10055098438146408,0.125,0.0,103.0,98.0,1.0,1.0
5,0.4,hist_gbm,overlap,0.11194770898269679,0.03,1.0,103.97031954016997,100.77028765627446,0.24999758699467067,0.24999758699467067
6,0.0,logistic,unweighted,0.07534420915256822,0.86,0.0,180.0,180.0,1.0,1.0
6,0.0,logistic,source,0.07651770334040173,0.84,0.0,179.97251415119726,180.0,1.0347658579011585,1.0
6,0.0,logistic,target,0.0760169414341701,0.85,0.0,180.0,179.9810994906462,1.0,1.0245247012025982
6,0.0,logistic,both,0.07719712805983753,0.825,0.0,179.97251415119726,179.9810994906462,1.0347658579011585,1.0245247012025982
6,0.0,logistic,crump,0.07534420915256822,0.86,0.0,180.0,180.0,1.0,1.0
6,0.0,logistic,overlap,0.07574060464848165,0.86,0.0,179.99999096176236,179.99999694463352,0.24999999954036856,0.24999999997031605
6,0.0,random_forest,unweighted,0.07534420915256822,0.86,0.0,180.0,180.0,1.0,1.0
6,0.0,random_forest,source,0.07780207005203779,0.82,0.0,168.14595271761615,180.0,1.401857380908027,1.0
6,0.0,random_forest,target,0.07778199179949458,0.815,0.0,180.0,176.3053016565223,1.0,1.3815175985730972
6,0.0,random_forest,both,0.08036633489517706,0.75,0.0,168.14595271761615,176.3053016565223,1.401857380908027,1.3815175985730972
6,0.0,random_forest,crump,0.08169226471085006,0.605,0.0,174.0,180.0,1.0,1.0
6,0.0,random_forest,overlap,0.07944532988180458,0.765,0.0,174.7104346164227,179.58245719009878,0.24999606644303357,0.24999962641590398
6,0.0,hist_gbm,unweighted,0.07534420915256822,0.86,0.0,180.0,180.0,1.0,1.0
6,0.0,hist_gbm,source,0.07492304907260286,0.865,0.0,159.02164632259095,180.0,2.121009370618675,1.0
6,0.0,hist_gbm,target,0.08534004677209531,0.54,0.0,180.0,154.52569028324243,1.0,1.9300522059285903
6,0.0,hist_gbm,both,0.08501131198059245,0.565,0.0,159.02164632259095,154.52569028324243,2.121009370618675,1.9300522059285903
6,0.0,hist_gbm,crump,0.07534420915256822,0.86,0.0,180.0,180.0,1.0,1.0
6,0.0,hist_gbm,overlap,0.07910485502531617,0.775,0.0,176.39710557477855,174.59453511449033,0.2499997709812425,0.2499997709812425
6,0.1,logistic,unweighted,0.10243798487273281,0.04,1.0,180.0,180.0,1.0,1.0
6,0.1,logistic,source,0.09102800118897121,0.315,0.0,173.50415553724912,180.0,1.436037378407559,1.0
6,0.1,logistic,target,0.08568034113364131,0.465,0.0,180.0,174.00004541992237,1.0,1.3558891372938355
6,0.1,logistic,both,0.07473114323104256,0.845,0.0,173.50415553724912,174.00004541992237,1.436037378407559,1.3558891372938355
6,0.1,logistic,crump,0.10243798487273281,0.04,1.0,180.0,180.0,1.0,1.0
6,0.1,logistic,overlap,0.0993492250569897,0.075,0.0,179.43836314124158,179.47542526295052,0.24999996433326388,0.24999999515540341
6,0.1,random_forest,unweighted,0.10243798487273281,0.04,1.0,180.0,180.0,1.0,1.0
6,0.1,random_forest,source,0.09589787515493622,0.15,0.0,160.04515941005243,180.0,1.3775776143145697,1.0
6,0.1,random_forest,target,0.08830105513719337,0.405,0.0,180.0,164.45550966804086,1.0,1.5190583576351202
6,0.1,random_forest,both,0.08100686761967851,0.64,0.0,160.04515941005243,164.45550966804086,1.3775776143145697,1.5190583576351202
6,0.1,random_forest,crump,0.07923704734665156,0.595,0.0,164.0,168.0,1.0,1.0
6,0.1,random_forest,overlap,0.07974484710798282,0.69,0.0,163.2831000997876,167.21282765177963,0.2499999335950189,0.2499999335950189
6,0.1,hist_gbm,unweighted,0.10243798487273281,0.04,1.0,180.0,180.0,1.0,1.0
6,0.1,hist_gbm,source,0.08878094818718067,0.375,0.0,151.76810109884994,180.0,2.0475239612510796,1.0
6,0.1,hist_gbm,target,0.09508842649937893,0.19,0.0,180.0,156.20531626416673,1.0,2.1582193979522177
6,0.1,hist_gbm,both,0.08135551560043475,0.605,0.0,151.76810109884994,156.20531626416673,2.0475239612510796,2.1582193979522177
6,0.1,hist_gbm,crump,0.10243798487273281,0.04,1.0,180.0,180.0,1.0,1.0
6,0.1,hist_gbm,overlap,0.0972813036575933,0.135,0.0,174.506018737398,175.67929231012803,0.2499969966128074,0.24999982076168706
6,0.2,logistic,unweighted,0.12771588267794545,0.005,1.0,180.0,180.0,1.0,1.0
6,0.2,logistic,source,0.10482069503567779,0.025,1.0,161.0333419831997,180.0,1.7315399498108632,1.0
6,0.2,logistic,target,0.09228827640422088,0.205,0.0,180.0,161.320333247402,1.0,1.6177909912925914
6,0.2,logistic,both,0.06959809159566588,0.925,0.0,161.0333419831997,161.320333247402,1.7315399498108632,1.6177909912925914
6,0.2,logistic,crump,0.12771588267794545,0.005,1.0,180.0,180.0,1.0,1.0
6,0.2,logistic,overlap,0.11185959642439038,0.01,1.0,175.84026856900653,175.55417097444501,0.2499998934137001,0.2499998466700001
6,0.2,random_forest,unweighted,0.12771588267794545,0.005,1.0,180.0,180.0,1.0,1.0
6,0.2,random_forest,source,0.11290158239567824,0.015,1.0,145.59651927662867,180.0,1.662415178429548,1.0
6,0.2,random_forest,target,0.0985358346523704,0.085,0.0,180.0,149.20832597091942,1.0,1.7216013341529635
6,0.2,random_forest,both,0.08108413407196977,0.645,0.0,145.59651927662867,149.20832597091942,1.662415178429548,1.7216013341529635
6,0.2,random_forest,crump,0.07899720952763789,0.725,0.0,149.0,154.0,1.0,1.0
6,0.2,random_forest,overlap,0.07897110285169921,0.695,0.0,148.57886569786416,153.02249729062086,0.24999933403749697,0.249999965063936
6,0.2,hist_gbm,unweighted,0.12771588267794545,0.005,1.0,180.0,180.0,1.0,1.0
6,0.2,hist_gbm,source,0.10900701855324256,0.015,1.0,133.89166138904164,180.0,2.4340478103327587,1.0
6,0.2,hist_gbm,target,0.09880764163571762,0.085,0.0,180.0,135.82494540812831,1.0,2.270479394570424
6,0.2,hist_gbm,both,0.07745831342274688,0.74,0.0,133.89166138904164,135.82494540812831,2.4340478103327587,2.270479394570424
6,0.2,hist_gbm,crump,0.07824239223073115,0.725,0.0,149.0,153.0,1.0,1.0
6,0.2,hist_gbm,overlap,0.07932156353005627,0.675,0.0,147.72323339833474,149.25303155091834,0.2499997772104004,0.2499997772104004
6,0.3,logistic,unweighted,0.16637832647462278,0.005,1.0,180.0,180.0,1.0,1.0
6,0.3,logistic,source,0.13220400809942148,0.005,1.0,140.93089159297122,180.0,2.146427532968367,1.0
6,0.3,logistic,target,0.10886291772127041,0.015,1.0,180.0,141.0810434157393,1.0,1.9991813506292078
6,0.3,logistic,both,0.07254923528061002,0.85,0.0,140.93089159297122,141.0810434157393,2.146427532968367,1.9991813506292078
6,0.3,logistic,crump,0.15439464030312605,0.005,1.0,174.0,170.0,1.0,1.0
6,0.3,logistic,overlap,0.1300876132718928,0.005,1.0,165.72098907264026,165.31984509427946,0.24999459599020385,0.2499997314243779
6,0.3,random_forest,unweighted,0.16637832647462278,0.005,1.0,180.0,180.0,1.0,1.0
6,0.3,random_forest,source,0.1386473023574082,0.005,1.0,127.24469032460526,180.0,1.7774630395518816,1.0
6,0.3,random_forest,target,0.11459574153499939,0.01,1.0,180.0,132.8658987803574,1.0,1.8674135104080822
6,0.3,random_forest,both,0.07969969053378892,0.66,0.0,127.24469032460526,132.8658987803574,1.7774630395518816,1.8674135104080822
6,0.3,random_forest,crump,0.09269093674598824,0.3,0.0,132.0,138.0,1.0,1.0
6,0.3,random_forest,overlap,0.08812831068515307,0.375,0.0,131.34740757474776,137.50736505586414,0.24999561077361954,0.24999808760784162
6,0.3,hist_gbm,unweighted,0.16637832647462278,0.005,1.0,180.0,180.0,1.0,1.0
6,0.3,hist_gbm,source,0.1350829503160435,0.005,1.0,115.4517866292237,180.0,2.684742641523057,1.0
6,0.3,hist_gbm,target,0.11717580505583573,0.005,1.0,180.0,123.51230462593439,1.0,2.3921581162435115
6,0.3,hist_gbm,both,0.07954566838442936,0.675,0.0,115.4517866292237,123.51230462593439,2.684742641523057,2.3921581162435115
6,0.3,hist_gbm,crump,0.09439537025526087,0.25,0.0,132.0,139.0,1.0,1.0
6,0.3,hist_gbm,overlap,0.08962784359147016,0.34,0.0,129.6816970765442,136.0956406929572,0.24999993739407586,0.24999978334832829
6,0.4,logistic,unweighted,0.19660388565005338,0.005,1.0,180.0,180.0,1.0,1.0
6,0.4,logistic,source,0.1475176684767864,0.005,1.0,122.15686182810838,180.0,2.549002895237532,1.0
6,0.4,logistic,target,0.12670547170108287,0.005,1.0,180.0,124.68740940077821,1.0,2.337417541862183
6,0.4,logistic,both,0.06826072840901476,0.91,0.0,122.15686182810838,124.68740940077821,2.549002895237532,2.337417541862183
6,0.4,logistic,crump,0.13189962450403808,0.005,1.0,145.0,138.0,1.0,1.0
6,0.4,logistic,overlap,0.135731384557765,0.005,1.0,154.07072051559902,153.0194814622774,0.24999999801776163,0.24998750603398331
6,0.4,random_forest,unweighted,0.19660388565005338,0.005,1.0,180.0,180.0,1.0,1.0
6,0.4,random_forest,source,0.1526394772977733,0.005,1.0,105.1383655787016,180.0,2.2890400271596545,1.0
6,0.4,random_forest,target,0.13497112477130518,0.005,1.0,180.0,118.24524463228389,1.0,1.960301915880735
6,0.4,random_forest,both,0.07374739570865815,0.815,0.0,105.1383655787016,118.24524463228389,2.2890400271596545,1.960301915880735
6,0.4,random_forest,crump,0.08054012817696944,0.66,0.0,109.0,121.0,1.0,1.0
6,0.4,random_forest,overlap,0.08213475285258098,0.605,0.0,108.67380084798707,123.05499486946378,0.24999897360928636,0.2499844729907661
6,0.4,hist_gbm,unweighted,0.19660388565005338,0.005,1.0,180.0,180.0,1.0,1.0
6,0.4,hist_gbm,source,0.15056708118099188,0.005,1.0,97.22382307059384,180.0,2.887019299073535,1.0
6,0.4,hist_gbm,target,0.13650688584900514,0.005,1.0,180.0,111.57421682646769,1.0,2.745298229630579
6,0.4,hist_gbm,both,0.07434734395686887,0.77,0.0,97.22382307059384,111.57421682646769,2.887019299073535,2.745298229630579
6,0.4,hist_gbm,crump,0.08095837721085145,0.645,0.0,109.0,121.0,1.0,1.0
6,0.4,hist_gbm,overlap,0.0846784724213503,0.51,0.0,108.75459242728294,123.40354248526043,0.24999995931819424,0.24999995931819424
7,0.0,logistic,unweighted,0.09753254362901995,0.08,0.0,180.0,180.0,1.0,1.0
7,0.0,logistic,source,0.09533532892848429,0.105,0.0,179.6410962104075,180.0,1.1186030047892637,1.0
7,0.0,logistic,target,0.0938823202491833,0.145,0.0,180.0,179.54310290133532,1.0,1.1470484123983815
7,0.0,logistic,both,0.09171607403086436,0.19,0.0,179.6410962104075,179.54310290133532,1.1186030047892637,1.1470484123983815
7,0.0,logistic,crump,0.09753254362901995,0.08,0.0,180.0,180.0,1.0,1.0
7,0.0,logistic,overlap,0.098029327423032,0.08,0.0,179.9984757856498,179.99784185313607,0.249999961189526,0.24999997853421974
7,0.0,random_forest,unweighted,0.09753254362901995,0.08,0.0,180.0,180.0,1.0,1.0
7,0.0,random_forest,source,0.10084521790224597,0.06,0.0,173.1765756632065,180.0,1.5028978868153142,1.0
7,0.0,random_forest,target,0.08371572387614504,0.525,0.0,180.0,166.15431341790034,1.0,1.3745008195823234
7,0.0,random_forest,both,0.08677532452771979,0.37,0.0,173.1765756632065,166.15431341790034,1.5028978868153142,1.3745008195823234
7,0.0,random_forest,crump,0.09219526190704055,0.255,0.0,180.0,172.0,1.0,1.0
7,0.0,random_forest,overlap,0.09129086921539728,0.235,0.0,178.87107188127197,174.29785305996225,0.24999970614531825,0.24999952710363263
7,0.0,hist_gbm,unweighted,0.09753254362901995,0.08,0.0,180.0,180.0,1.0,1.0
7,0.0,hist_gbm,source,0.09684072281235682,0.1,0.0,153.20457732568852,180.0,2.06374250067127,1.0
7,0.0,hist_gbm,target,0.08810628276984381,0.305,0.0,180.0,160.97806490096008,1.0,2.0697480504648276
7,0.0,hist_gbm,both,0.087463861935249,0.345,0.0,153.20457732568852,160.97806490096008,2.06374250067127,2.0697480504648276
7,0.0,hist_gbm,crump,0.09865491535574192,0.105,0.0,169.0,180.0,1.0,1.0
7,0.0,hist_gbm,overlap,0.09325193559189844,0.155,0.0,170.9503405876669,176.18411043058788,0.24999221211032188,0.24999221211032188
7,0.1,logistic,unweighted,0.12221654663923184,0.005,1.0,180.0,180.0,1.0,1.0
7,0.1,logistic,source,0.10952724724181478,0.015,1.0,172.23578128555397,180.0,1.4826143986561457,1.0
7,0.1,logistic,target,0.10231949909724058,0.045,1.0,180.0,171.26073435217617,1.0,1.573591984783681
7,0.1,logistic,both,0.08992523992018892,0.26,0.0,172.23578128555397,171.26073435217617,1.4826143986561457,1.573591984783681
7,0.1,logistic,crump,0.12221654663923184,0.005,1.0,180.0,180.0,1.0,1.0
7,0.1,logistic,overlap,0.11808828480924526,0.005,1.0,179.18915683708912,179.16324088943,0.24999977842119925,0.24999992218581785
7,0.1,random_forest,unweighted,0.12221654663923184,0.005,1.0,180.0,180.0,1.0,1.0
7,0.1,random_forest,source,0.12084804269443866,0.005,1.0,163.38876424210233,180.0,1.6214946504654388,1.0
7,0.1,random_forest,target,0.09566581350012535,0.12,0.0,180.0,153.1516732662271,1.0,1.5153443884609632
7,0.1,random_forest,both,0.09392290671751471,0.19,0.0,163.38876424210233,153.1516732662271,1.6214946504654388,1.5153443884609632
7,0.1,random_forest,crump,0.09471957279594886,0.18,0.0,170.0,157.0,1.0,1.0
7,0.1,random_forest,overlap,0.0963122519708686,0.12,0.0,171.8277634101345,162.04360573788455,0.2499961902372623,0.2499961902372623
7,0.1,hist_gbm,unweighted,0.12221654663923184,0.005,1.0,180.0,180.0,1.0,1.0
7,0.1,hist_gbm,source,0.1215968714897682,0.005,1.0,149.4896893601656,180.0,2.3784667711652254,1.0
7,0.1,hist_gbm,target,0.09620669486216454,0.115,0.0,180.0,148.58826769487365,1.0,2.216243983120967
7,0.1,hist_gbm,both,0.09566874003195189,0.145,0.0,149.4896893601656,148.58826769487365,2.3784667711652254,2.216243983120967
7,0.1,hist_gbm,crump,0.12379724221323567,0.005,1.0,172.0,176.0,1.0,1.0
7,0.1,hist_gbm,overlap,0.1085930032444735,0.01,1.0,170.92839385083488,168.21456656488263,0.2499915929302509,0.2499915929302509
7,0.2,logistic,unweighted,0.14377195930498401,0.005,1.0,180.0,180.0,1.0,1.0
7,0.2,logistic,source,0.12098314709754006,0.005,1.0,157.50845488014738,180.0,1.802324907810969,1.0
7,0.2,logistic,target,0.0990666266975498,0.12,0.0,180.0,154.04580294983003,1.0,1.9351597529288656
7,0.2,logistic,both,0.07647389450540018,0.75,0.0,157.50845488014738,154.04580294983003,1.802324907810969,1.9351597529288656
7,0.2,logistic,crump,0.14377195930498401,0.005,1.0,180.0,180.0,1.0,1.0
7,0.2,logistic,overlap,0.12351069575958717,0.005,1.0,173.91524276411482,173.71711838729144,0.24999389083554677,0.2499999885085957
7,0.2,random_forest,unweighted,0.14377195930498401,0.005,1.0,180.0,180.0,1.0,1.0
7,0.2,random_forest,source,0.13165226234596616,0.005,1.0,143.1100736349363,180.0,1.833944713152413,1.0
7,0.2,random_forest,target,0.09090755919049368,0.33,0.0,180.0,130.88630714706358,1.0,1.9007205031439878
7,0.2,random_forest,both,0.07576188519978011,0.8,0.0,143.1100736349363,130.88630714706358,1.833944713152413,1.9007205031439878
7,0.2,random_forest,crump,0.07622285145301536,0.805,0.0,145.0,137.0,1.0,1.0
7,0.2,random_forest,overlap,0.07876297521551223,0.71,0.0,151.18556468311922,140.09381919550546,0.24999973944665124,0.2499997736489606
7,0.2,hist_gbm,unweighted,0.14377195930498401,0.005,1.0,180.0,180.0,1.0,1.0
7,0.2,hist_gbm,source,0.13030271710266042,0.005,1.0,134.48610644066434,180.0,2.4234989782396377,1.0
7,0.2,hist_gbm,target,0.08965088555544104,0.365,0.0,180.0,124.69370474149414,1.0,2.7545531080379044
7,0.2,hist_gbm,both,0.07465317021471063,0.795,0.0,134.48610644066434,124.69370474149414,2.4234989782396377,2.7545531080379044
7,0.2,hist_gbm,crump,0.07579005510726308,0.78,0.0,135.0,139.0,1.0,1.0
7,0.2,hist_gbm,overlap,0.0888454405661463,0.375,0.0,156.29713749649457,140.2300342369965,0.24999965758060452,0.24999965758060452
7,0.3,logistic,unweighted,0.18442999066453286,0.005,1.0,180.0,180.0,1.0,1.0
7,0.3,logistic,source,0.15926043338135545,0.005,1.0,138.31639636934236,180.0,2.195460587511279,1.0
7,0.3,logistic,target,0.11194638724207107,0.015,1.0,180.0,131.64460016161263,1.0,2.3662085032092355
7,0.3,logistic,both,0.08204321806434133,0.57,0.0,138.31639636934236,131.64460016161263,2.195460587511279,2.3662085032092355
7,0.3,logistic,crump,0.16199447516953483,0.005,1.0,164.0,163.0,1.0,1.0
7,0.3,logistic,overlap,0.13945745737384097,0.005,1.0,162.1686322607799,161.40577247938256,0.24999498648925753,0.24999988846426577
7,0.3,random_forest,unweighted,0.18442999066453286,0.005,1.0,180.0,180.0,1.0,1.0
7,0.3,random_forest,source,0.16806305043710315,0.005,1.0,122.22453023915848,180.0,2.5014465572380207,1.0
7,0.3,random_forest,target,0.10046838799929177,0.1,0.0,180.0,105.80076390906679,1.0,2.3940602399555826
7,0.3,random_forest,both,0.07407863734161682,0.84,0.0,122.22453023915848,105.80076390906679,2.5014465572380207,2.3940602399555826
7,0.3,random_forest,crump,0.07893636739002337,0.65,0.0,127.0,115.0,1.0,1.0
7,0.3,random_forest,overlap,0.07731467201455317,0.725,0.0,128.13398671573364,114.12939036126541,0.2498081206477778,0.24998959831426587
7,0.3,hist_gbm,unweighted,0.18442999066453286,0.005,1.0,180.0,180.0,1.0,1.0
7,0.3,hist_gbm,source,0.1680491784965,0.005,1.0,112.95090055695267,180.0,2.9316925783155248,1.0
7,0.3,hist_gbm,target,0.09773187213772351,0.135,0.0,180.0,103.01475476050314,1.0,3.5314372766224644
7,0.3,hist_gbm,both,0.07282001282679092,0.825,0.0,112.95090055695267,103.01475476050314,2.9316925783155248,3.5314372766224644
7,0.3,hist_gbm,crump,0.0736318582857143,0.865,0.0,125.0,112.0,1.0,1.0
7,0.3,hist_gbm,overlap,0.08424155796563715,0.49,0.0,132.82751760345576,115.43426536578394,0.24998111593506042,0.24998111593506042
7,0.4,logistic,unweighted,0.2178473613016309,0.005,1.0,180.0,180.0,1.0,1.0
7,0.4,logistic,source,0.1834776832304311,0.005,1.0,119.6742088560895,180.0,2.6627721945100267,1.0
7,0.4,logistic,target,0.12982538901047552,0.005,1.0,180.0,112.02645812145651,1.0,2.829773397685114
7,0.4,logistic,both,0.08291468463132308,0.555,0.0,119.6742088560895,112.02645812145651,2.6627721945100267,2.829773397685114
7,0.4,logistic,crump,0.13240813619601496,0.005,1.0,126.0,121.0,1.0,1.0
7,0.4,logistic,overlap,0.1520167199848102,0.005,1.0,148.27202900710805,146.8182989471365,0.2499992420226944,0.24999620289719593
7,0.4,random_forest,unweighted,0.2178473613016309,0.005,1.0,180.0,180.0,1.0,1.0
7,0.4,random_forest,source,0.19252023691784584,0.005,1.0,106.1719339154974,180.0,2.610453132528519,1.0
7,0.4,random_forest,target,0.1281544955562118,0.01,1.0,180.0,89.1625465317834,1.0,2.8023580311099123
7,0.4,random_forest,both,0.08354464912757932,0.565,0.0,106.1719339154974,89.1625465317834,2.610453132528519,2.8023580311099123
7,0.4,random_forest,crump,0.07749807769904468,0.74,0.0,109.0,93.0,1.0,1.0
7,0.4,random_forest,overlap,0.08167898808644092,0.625,0.0,111.09351004694467,95.94931876991484,0.24998647004738264,0.24999875686911752
7,0.4,hist_gbm,unweighted,0.2178473613016309,0.005,1.0,180.0,180.0,1.0,1.0
7,0.4,hist_gbm,source,0.1905435092877665,0.005,1.0,97.73647209942492,180.0,3.6765001171829654,1.0
7,0.4,hist_gbm,target,0.1285647513844283,0.005,1.0,180.0,88.32633632148568,1.0,3.4319217856724844
7,0.4,hist_gbm,both,0.08300639800610282,0.53,0.0,97.73647209942492,88.32633632148568,3.6765001171829654,3.4319217856724844
7,0.4,hist_gbm,crump,0.08153135018323251,0.505,0.0,108.0,99.0,1.0,1.0
7,0.4,hist_gbm,overlap,0.09082357105986441,0.32,0.0,113.31430254803256,100.71836923105332,0.24999123831417314,0.24988451686451615
8,0.0,logistic,unweighted,0.08747803402682518,0.345,0.0,180.0,180.0,1.0,1.0
8,0.0,logistic,source,0.08880785752457698,0.31,0.0,179.97680712323262,180.0,1.0313595116168632,1.0
8,0.0,logistic,target,0.08830216309312877,0.335,0.0,180.0,179.97522998785882,1.0,1.0374541440310683
8,0.0,logistic,both,0.08963967865636459,0.27,0.0,179.97680712323262,179.97522998785882,1.0313595116168632,1.0374541440310683
8,0.0,logistic,crump,0.08747803402682518,0.345,0.0,180.0,180.0,1.0,1.0
8,0.0,logistic,overlap,0.08797695382479374,0.34,0.0,179.99999240740138,179.9999926861594,0.2499999997490234,0.24999999968315934
8,0.0,random_forest,unweighted,0.08747803402682518,0.345,0.0,180.0,180.0,1.0,1.0
8,0.0,random_forest,source,0.09405627100392204,0.165,0.0,174.08855888723687,180.0,1.4338280826351273,1.0
8,0.0,random_forest,target,0.08023993873033189,0.655,0.0,180.0,169.3333939058153,1.0,1.4085837713388993
8,0.0,random_forest,both,0.08657500805477482,0.425,0.0,174.08855888723687,169.3333939058153,1.4338280826351273,1.4085837713388993
8,0.0,random_forest,crump,0.08006421517321219,0.595,0.0,180.0,173.0,1.0,1.0
8,0.0,random_forest,overlap,0.08646552292784779,0.405,0.0,178.40999652573043,176.15887295417448,0.24998433161896313,0.24999994786589302
8,0.0,hist_gbm,unweighted,0.08747803402682518,0.345,0.0,180.0,180.0,1.0,1.0
8,0.0,hist_gbm,source,0.0859219280525433,0.41,0.0,163.89615071218554,180.0,1.904255001141379,1.0
8,0.0,hist_gbm,target,0.08501772174079852,0.47,0.0,180.0,165.91471939901854,1.0,1.6263904170427148
8,0.0,hist_gbm,both,0.08364330395460445,0.525,0.0,163.89615071218554,165.91471939901854,1.904255001141379,1.6263904170427148
8,0.0,hist_gbm,crump,0.08747803402682518,0.345,0.0,180.0,180.0,1.0,1.0
8,0.0,hist_gbm,overlap,0.08694189364097593,0.38,0.0,177.46754562632017,177.52081814807042,0.2499999986789906,0.2499999986789906
8,0.1,logistic,unweighted,0.11028842306812987,0.01,1.0,180.0,180.0,1.0,1.0
8,0.1,logistic,source,0.09859660321137556,0.075,0.0,174.2115616980519,180.0,1.4604601719249257,1.0
8,0.1,logistic,target,0.09313012801544981,0.2,0.0,180.0,173.82108069230196,1.0,1.4555731917677652
8,0.1,logistic,both,0.08166420569978694,0.53,0.0,174.2115616980519,173.82108069230196,1.4604601719249257,1.4555731917677652
8,0.1,logistic,crump,0.11028842306812987,0.01,1.0,180.0,180.0,1.0,1.0
8,0.1,logistic,overlap,0.10678264354942427,0.01,1.0,179.48350809606774,179.44371615625087,0.2499999541432942,0.24999998731757167
8,0.1,random_forest,unweighted,0.11028842306812987,0.01,1.0,180.0,180.0,1.0,1.0
8,0.1,random_forest,source,0.10714759829666008,0.01,1.0,164.94559095499017,180.0,1.4656118944058463,1.0
8,0.1,random_forest,target,0.08838215117456208,0.345,0.0,180.0,160.00325972549444,1.0,1.5248620127255308
8,0.1,random_forest,both,0.08455616241062439,0.445,0.0,164.94559095499017,160.00325972549444,1.4656118944058463,1.5248620127255308
8,0.1,random_forest,crump,0.08695681398061023,0.425,0.0,167.0,167.0,1.0,1.0
8,0.1,random_forest,overlap,0.08606947233952106,0.4,0.0,169.1331969000638,168.1376365599063,0.24999993314832036,0.24999950575175087
8,0.1,hist_gbm,unweighted,0.11028842306812987,0.01,1.0,180.0,180.0,1.0,1.0
8,0.1,hist_gbm,source,0.10065780745065203,0.055,0.0,156.18486723057342,180.0,2.072214636479563,1.0
8,0.1,hist_gbm,target,0.09406411658984537,0.16,0.0,180.0,153.00150668830028,1.0,2.187846535301106
8,0.1,hist_gbm,both,0.0848045446890961,0.45,0.0,156.18486723057342,153.00150668830028,2.072214636479563,2.187846535301106
8,0.1,hist_gbm,crump,0.11028842306812987,0.01,1.0,180.0,180.0,1.0,1.0
8,0.1,hist_gbm,overlap,0.09972611524441899,0.09,0.0,175.22751332938702,174.44824204532895,0.2499996513939311,0.24993943017006068
8,0.2,logistic,unweighted,0.13390233862978204,0.005,1.0,180.0,180.0,1.0,1.0
8,0.2,logistic,source,0.11406548729624585,0.005,1.0,163.73109881890065,180.0,1.7415007608497195,1.0
8,0.2,logistic,target,0.09936496501254456,0.09,0.0,180.0,162.38579881785935,1.0,1.7425882515953077
8,0.2,logistic,both,0.08022847212566613,0.62,0.0,163.73109881890065,162.38579881785935,1.7415007608497195,1.7425882515953077
8,0.2,logistic,crump,0.13390233862978204,0.005,1.0,180.0,180.0,1.0,1.0
8,0.2,logistic,overlap,0.12213128354285391,0.005,1.0,176.73138176142425,176.742920894038,0.24999775473499386,0.2499994541381682
8,0.2,random_forest,unweighted,0.13390233862978204,0.005,1.0,180.0,180.0,1.0,1.0
8,0.2,random_forest,source,0.12828665256101288,0.005,1.0,150.71087623973565,180.0,1.699807474213584,1.0
8,0.2,random_forest,target,0.0935208878048684,0.185,0.0,180.0,138.61893306765944,1.0,1.7297692364988049
8,0.2,random_forest,both,0.08582722698324166,0.425,0.0,150.71087623973565,138.61893306765944,1.699807474213584,1.7297692364988049
8,0.2,random_forest,crump,0.07628479351777194,0.79,0.0,155.0,141.0,1.0,1.0
8,0.2,random_forest,overlap,0.08190629289410101,0.55,0.0,155.78143219209102,147.38740840974793,0.2499903134900481,0.2499972394221758
8,0.2,hist_gbm,unweighted,0.13390233862978204,0.005,1.0,180.0,180.0,1.0,1.0
8,0.2,hist_gbm,source,0.12154033949128487,0.005,1.0,141.78163097021138,180.0,2.8304439509093844,1.0
8,0.2,hist_gbm,target,0.09951765544395055,0.1,0.0,180.0,128.19697868571018,1.0,2.8359488414076286
8,0.2,hist_gbm,both,0.08719915654025674,0.39,0.0,141.78163097021138,128.19697868571018,2.8304439509093844,2.8359488414076286
8,0.2,hist_gbm,crump,0.07511614398439245,0.815,0.0,153.0,138.0,1.0,1.0
8,0.2,hist_gbm,overlap,0.09323881904655415,0.205,0.0,160.97345610087694,152.35323435153884,0.2499942710972978,0.2499942710972978
8,0.3,logistic,unweighted,0.16393444406340496,0.005,1.0,180.0,180.0,1.0,1.0
8,0.3,logistic,source,0.12983262364362258,0.005,1.0,145.6261630479185,180.0,2.0955799425947315,1.0
8,0.3,logistic,target,0.11261120973355244,0.015,1.0,180.0,145.49222191931236,1.0,2.103475032016783
8,0.3,logistic,both,0.0778299010586296,0.695,0.0,145.6261630479185,145.49222191931236,2.0955799425947315,2.103475032016783
8,0.3,logistic,crump,0.16240642387995435,0.005,1.0,177.0,180.0,1.0,1.0
8,0.3,logistic,overlap,0.13514236081517667,0.005,1.0,168.12196817660362,169.47351990521142,0.24999951187953406,0.24999970641033686
8,0.3,random_forest,unweighted,0.16393444406340496,0.005,1.0,180.0,180.0,1.0,1.0
8,0.3,random_forest,source,0.14441762554371174,0.005,1.0,130.8190710593407,180.0,1.9599153505340892,1.0
8,0.3,random_forest,target,0.10768090398541796,0.03,1.0,180.0,124.70423639402193,1.0,1.900967081905869
8,0.3,random_forest,both,0.08267924891165024,0.53,0.0,130.8190710593407,124.70423639402193,1.9599153505340892,1.900967081905869
8,0.3,random_forest,crump,0.07850884391583658,0.665,0.0,133.0,127.0,1.0,1.0
8,0.3,random_forest,overlap,0.08168619802183381,0.585,0.0,134.4226946408932,132.26126765243765,0.24999620457376498,0.24999720334992517
8,0.3,hist_gbm,unweighted,0.16393444406340496,0.005,1.0,180.0,180.0,1.0,1.0
8,0.3,hist_gbm,source,0.14097627678180172,0.005,1.0,122.72406537394951,180.0,2.558684891499705,1.0
8,0.3,hist_gbm,target,0.11053370181096958,0.015,1.0,180.0,117.46942772027124,1.0,2.3632189593716753
8,0.3,hist_gbm,both,0.08363024217864512,0.5,0.0,122.72406537394951,117.46942772027124,2.558684891499705,2.3632189593716753
8,0.3,hist_gbm,crump,0.08642700922602209,0.4,0.0,132.0,135.0,1.0,1.0
8,0.3,hist_gbm,overlap,0.08513607441865645,0.425,0.0,133.89099416401592,133.25168808902552,0.24999999828728836,0.24999999828728836
8,0.4,logistic,unweighted,0.20721221993598538,0.005,1.0,180.0,180.0,1.0,1.0
8,0.4,logistic,source,0.17151506911403402,0.005,1.0,124.04416959385374,180.0,2.4577326395266472,1.0
8,0.4,logistic,target,0.12970805557899853,0.005,1.0,180.0,123.04045999670912,1.0,2.601477779429622
8,0.4,logistic,both,0.0849896261650074,0.49,0.0,124.04416959385374,123.04045999670912,2.4577326395266472,2.601477779429622
8,0.4,logistic,crump,0.16516514318176428,0.005,1.0,139.0,150.0,1.0,1.0
8,0.4,logistic,overlap,0.15398736479201666,0.005,1.0,152.56205897738351,156.35759314043065,0.2499966797082668,0.24999906488738877
8,0.4,random_forest,unweighted,0.20721221993598538,0.005,1.0,180.0,180.0,1.0,1.0
8,0.4,random_forest,source,0.17971350449386192,0.005,1.0,113.7404460185493,180.0,2.3351437410873594,1.0
8,0.4,random_forest,target,0.1264579622183177,0.005,1.0,180.0,102.87426144175338,1.0,2.2212335126738076
8,0.4,random_forest,both,0.08504896924272762,0.495,0.0,113.7404460185493,102.87426144175338,2.3351437410873594,2.2212335126738076
8,0.4,random_forest,crump,0.09647514996237781,0.185,0.0,116.0,111.0,1.0,1.0
8,0.4,random_forest,overlap,0.08940958115433409,0.365,0.0,117.02905610756059,110.9224311065593,0.24999882132931375,0.24999882132931375
8,0.4,hist_gbm,unweighted,0.20721221993598538,0.005,1.0,180.0,180.0,1.0,1.0
8,0.4,hist_gbm,source,0.17366371462884572,0.005,1.0,106.38843352618063,180.0,3.2192077810482576,1.0
8,0.4,hist_gbm,target,0.13109430226386548,0.005,1.0,180.0,99.74402552033092,1.0,2.8614247379669817
8,0.4,hist_gbm,both,0.0847415654691637,0.52,0.0,106.38843352618063,99.74402552033092,3.2192077810482576,2.8614247379669817
8,0.4,hist_gbm,crump,0.09632383051002849,0.16,0.0,113.0,112.0,1.0,1.0
8,0.4,hist_gbm,overlap,0.09435029185870158,0.255,0.0,116.27305658199872,112.69856031052967,0.24998877767631283,0.24998877767631283
9,0.0,logistic,unweighted,0.09088114711934156,0.295,0.0,180.0,180.0,1.0,1.0
9,0.0,logistic,source,0.08905703481767265,0.37,0.0,179.805915320113,180.0,1.0906339592436305,1.0
9,0.0,logistic,target,0.08859160438123348,0.385,0.0,180.0,179.795662184616,1.0,1.0952295973623356
9,0.0,logistic,both,0.08678990144656852,0.49,0.0,179.805915320113,179.795662184616,1.0906339592436305,1.0952295973623356
9,0.0,logistic,crump,0.09088114711934156,0.295,0.0,180.0,180.0,1.0,1.0
9,0.0,logistic,overlap,0.09136308487796714,0.295,0.0,179.9995947314239,179.99958696129636,0.2499999734010765,0.24999998436417234
9,0.0,random_forest,unweighted,0.09088114711934156,0.295,0.0,180.0,180.0,1.0,1.0
9,0.0,random_forest,source,0.08663006585686386,0.49,0.0,171.205055212387,180.0,1.4158707364540601,1.0
9,0.0,random_forest,target,0.09042244264707962,0.32,0.0,180.0,174.57937993532383,1.0,1.4215695405745512
9,0.0,random_forest,both,0.08609926536383257,0.52,0.0,171.205055212387,174.57937993532383,1.4158707364540601,1.4215695405745512
9,0.0,random_forest,crump,0.09088114711934156,0.295,0.0,180.0,180.0,1.0,1.0
9,0.0,random_forest,overlap,0.0887722785850584,0.38,0.0,177.83296588535154,179.44951794288193,0.24999978664492378,0.24999958428563748
9,0.0,hist_gbm,unweighted,0.09088114711934156,0.295,0.0,180.0,180.0,1.0,1.0
9,0.0,hist_gbm,source,0.08560043212099729,0.55,0.0,161.3070792970042,180.0,1.7657471842944512,1.0
9,0.0,hist_gbm,target,0.09034335840569435,0.325,0.0,180.0,165.3205015961146,1.0,1.7898228526353073
9,0.0,hist_gbm,both,0.08510588091383789,0.56,0.0,161.3070792970042,165.3205015961146,1.7657471842944512,1.7898228526353073
9,0.0,hist_gbm,crump,0.09088114711934156,0.295,0.0,180.0,180.0,1.0,1.0
9,0.0,hist_gbm,overlap,0.08972682811197576,0.335,0.0,175.8940888964005,178.07287265495765,0.24999958932847594,0.24999958932847594
9,0.1,logistic,unweighted,0.11989139993903368,0.005,1.0,180.0,180.0,1.0,1.0
9,0.1,logistic,source,0.10602779628586538,0.025,1.0,171.50530471755192,180.0,1.4652734782673604,1.0
9,0.1,logistic,target,0.10197747293355883,0.05,0.0,180.0,172.4831355422336,1.0,1.512037798974637
9,0.1,logistic,both,0.08850924907075478,0.41,0.0,171.50530471755192,172.4831355422336,1.4652734782673604,1.512037798974637
9,0.1,logistic,crump,0.11989139993903368,0.005,1.0,180.0,180.0,1.0,1.0
9,0.1,logistic,overlap,0.11603568236344532,0.005,1.0,178.93875092826352,179.09204329087706,0.2499997996836476,0.24999899065464087
9,0.1,random_forest,unweighted,0.11989139993903368,0.005,1.0,180.0,180.0,1.0,1.0
9,0.1,random_forest,source,0.10786439054679502,0.025,1.0,159.33782149088938,180.0,1.4634200582583068,1.0
9,0.1,random_forest,target,0.10693875225623647,0.02,1.0,180.0,168.08882344317325,1.0,1.6305132046679138
9,0.1,random_forest,both,0.09442147746412435,0.205,0.0,159.33782149088938,168.08882344317325,1.4634200582583068,1.6305132046679138
9,0.1,random_forest,crump,0.10431653411295308,0.055,0.0,168.0,172.0,1.0,1.0
9,0.1,random_forest,overlap,0.10111402483282607,0.07,0.0,165.67663125661414,172.45846413484279,0.24999994207846338,0.24999789017880314
9,0.1,hist_gbm,unweighted,0.11989139993903368,0.005,1.0,180.0,180.0,1.0,1.0
9,0.1,hist_gbm,source,0.10719026179776374,0.025,1.0,154.5482343977401,180.0,1.9583024651456575,1.0
9,0.1,hist_gbm,target,0.10621876847661177,0.03,1.0,180.0,159.82852415346426,1.0,1.9886659525586359
9,0.1,hist_gbm,both,0.09395455880607612,0.24,0.0,154.5482343977401,159.82852415346426,1.9583024651456575,1.9886659525586359
9,0.1,hist_gbm,crump,0.11989139993903368,0.005,1.0,180.0,180.0,1.0,1.0
9,0.1,hist_gbm,overlap,0.11403102029178577,0.01,1.0,173.99363913135906,176.63616554011233,0.24999933935298935,0.24999933935298935
9,0.2,logistic,unweighted,0.16099315176802315,0.005,1.0,180.0,180.0,1.0,1.0
9,0.2,logistic,source,0.1379703964078477,0.005,1.0,151.71851293833623,180.0,1.8930921083420647,1.0
9,0.2,logistic,target,0.11347215192749083,0.015,1.0,180.0,152.11006843019365,1.0,1.9834310134483824
9,0.2,logistic,both,0.0885813774513105,0.37,0.0,151.71851293833623,152.11006843019365,1.8930921083420647,1.9834310134483824
9,0.2,logistic,crump,0.1581739415794855,0.005,1.0,178.0,178.0,1.0,1.0
9,0.2,logistic,overlap,0.13702414986353112,0.005,1.0,171.2708062909405,171.5616368361747,0.24999977957201597,0.24999563610503814
9,0.2,random_forest,unweighted,0.16099315176802315,0.005,1.0,180.0,180.0,1.0,1.0
9,0.2,random_forest,source,0.142866404890216,0.005,1.0,144.37513149277385,180.0,1.6134841177419463,1.0
9,0.2,random_forest,target,0.11329883791924339,0.015,1.0,180.0,143.26034365692342,1.0,1.835427360846067
9,0.2,random_forest,both,0.09076760900542888,0.325,0.0,144.37513149277385,143.26034365692342,1.6134841177419463,1.835427360846067
9,0.2,random_forest,crump,0.11065357174800214,0.005,1.0,151.0,149.0,1.0,1.0
9,0.2,random_forest,overlap,0.1032829018897114,0.105,0.0,152.11461756212213,147.41310077559075,0.24999993868794756,0.24999999062488198
9,0.2,hist_gbm,unweighted,0.16099315176802315,0.005,1.0,180.0,180.0,1.0,1.0
9,0.2,hist_gbm,source,0.14287723806788952,0.005,1.0,136.18057832418793,180.0,2.23610058671263,1.0
9,0.2,hist_gbm,target,0.11405052586368294,0.015,1.0,180.0,134.61530439368525,1.0,2.256678870709658
9,0.2,hist_gbm,both,0.09215188908518428,0.295,0.0,136.18057832418793,134.61530439368525,2.23610058671263,2.256678870709658
9,0.2,hist_gbm,crump,0.11411270050638275,0.015,1.0,158.0,149.0,1.0,1.0
9,0.2,hist_gbm,overlap,0.10805265081903301,0.035,1.0,152.62818324153648,147.294388188331,0.24998906895499273,0.24998906895499273
9,0.3,logistic,unweighted,0.1836586515012955,0.005,1.0,180.0,180.0,1.0,1.0
9,0.3,logistic,source,0.14755564820622008,0.005,1.0,133.78583835926142,180.0,2.2617415832548007,1.0
9,0.3,logistic,target,0.12346665848483553,0.01,1.0,180.0,134.63148406390016,1.0,2.3488716836036043
9,0.3,logistic,both,0.07998113117449797,0.68,0.0,133.78583835926142,134.63148406390016,2.2617415832548007,2.3488716836036043
9,0.3,logistic,crump,0.13637451696500386,0.005,1.0,149.0,151.0,1.0,1.0
9,0.3,logistic,overlap,0.13629720617930358,0.005,1.0,159.68363226466653,159.95428611153613,0.24998632647827543,0.24999716070125824
9,0.3,random_forest,unweighted,0.1836586515012955,0.005,1.0,180.0,180.0,1.0,1.0
9,0.3,random_forest,source,0.15297899183627317,0.005,1.0,125.07006114679568,180.0,2.116255331522866,1.0
9,0.3,random_forest,target,0.12222631181838256,0.015,1.0,180.0,127.70517138076228,1.0,2.0087428419368094
9,0.3,random_forest,both,0.08000578220584029,0.69,0.0,125.07006114679568,127.70517138076228,2.116255331522866,2.0087428419368094
9,0.3,random_forest,crump,0.0989707852848193,0.16,0.0,127.0,135.0,1.0,1.0
9,0.3,random_forest,overlap,0.09173780658324375,0.335,0.0,131.55179130472226,133.09566097815787,0.2499999998195807,0.24999922900526045
9,0.3,hist_gbm,unweighted,0.1836586515012955,0.005,1.0,180.0,180.0,1.0,1.0
9,0.3,hist_gbm,source,0.15027143269813006,0.005,1.0,117.73696215865583,180.0,2.641876540749507,1.0
9,0.3,hist_gbm,target,0.12495801772028724,0.005,1.0,180.0,121.0884559302672,1.0,2.5628069637168664
9,0.3,hist_gbm,both,0.08039913665610667,0.705,0.0,117.73696215865583,121.0884559302672,2.641876540749507,2.5628069637168664
9,0.3,hist_gbm,crump,0.10282920560122091,0.095,0.0,130.0,136.0,1.0,1.0
9,0.3,hist_gbm,overlap,0.0982609054155844,0.21,0.0,133.8072375656386,133.67917447507656,0.24996626217547957,0.24996626217547957
9,0.4,logistic,unweighted,0.21402525529644867,0.005,1.0,180.0,180.0,1.0,1.0
9,0.4,logistic,source,0.1783474563013452,0.005,1.0,117.8927176649661,180.0,2.6131951330900653,1.0
9,0.4,logistic,target,0.13864137062992432,0.005,1.0,180.0,120.44237502086803,1.0,2.7034484518559156
9,0.4,logistic,both,0.08986209402818628,0.38,0.0,117.8927176649661,120.44237502086803,2.6131951330900653,2.7034484518559156
9,0.4,logistic,crump,0.1352511133466448,0.005,1.0,128.0,126.0,1.0,1.0
9,0.4,logistic,overlap,0.15215807523058844,0.005,1.0,147.4015548148495,148.39289089501287,0.2499853152894413,0.24999845494872616
9,0.4,random_forest,unweighted,0.21402525529644867,0.005,1.0,180.0,180.0,1.0,1.0
9,0.4,random_forest,source,0.18076931799358156,0.005,1.0,103.94811735484004,180.0,2.3298407931839678,1.0
9,0.4,random_forest,target,0.14646106479933707,0.005,1.0,180.0,113.84637129984591,1.0,2.406801138124365
9,0.4,random_forest,both,0.09567491346957477,0.23,0.0,103.94811735484004,113.84637129984591,2.3298407931839678,2.406801138124365
9,0.4,random_forest,crump,0.10641629894588223,0.065,0.0,105.0,119.0,1.0,1.0
9,0.4,random_forest,overlap,0.10585769381666162,0.08,0.0,111.54434132915353,119.11384301257631,0.24999878469440925,0.24999551519988947
9,0.4,hist_gbm,unweighted,0.21402525529644867,0.005,1.0,180.0,180.0,1.0,1.0
9,0.4,hist_gbm,source,0.18022736841331294,0.005,1.0,101.40195872511016,180.0,2.962684522634347,1.0
9,0.4,hist_gbm,target,0.14373073137419792,0.005,1.0,180.0,106.33724994094636,1.0,3.282876062572604
9,0.4,hist_gbm,both,0.0938814452690825,0.285,0.0,101.40195872511016,106.33724994094636,2.962684522634347,3.282876062572604
9,0.4,hist_gbm,crump,0.11030200169835291,0.05,0.0,103.0,122.0,1.0,1.0
9,0.4,hist_gbm,overlap,0.11219939418659892,0.045,1.0,117.91253709766265,119.32894703954695,0.24997621880906581,0.24997621880906581
10,0.0,logistic,unweighted,0.08932390641670476,0.315,0.0,180.0,180.0,1.0,1.0
10,0.0,logistic,source,0.09429566996863623,0.16,0.0,179.30593520039187,180.0,1.1551142601783688,1.0
10,0.0,logistic,target,0.09375134087024553,0.18,0.0,180.0,179.302631190927,1.0,1.2065695224468307
10,0.0,logistic,both,0.09884477157876265,0.1,0.0,179.30593520039187,179.302631190927,1.1551142601783688,1.2065695224468307
10,0.0,logistic,crump,0.08932390641670476,0.315,0.0,180.0,180.0,1.0,1.0
10,0.0,logistic,overlap,0.08986330138900758,0.315,0.0,179.99500933223047,179.99435595151823,0.24999997467074234,0.24999936093289768
10,0.0,random_forest,unweighted,0.08932390641670476,0.315,0.0,180.0,180.0,1.0,1.0
10,0.0,random_forest,source,0.09491622085486598,0.15,0.0,175.01268096363552,180.0,1.3595129664744938,1.0
10,0.0,random_forest,target,0.09498867597087449,0.155,0.0,180.0,175.12713639463954,1.0,1.4454049405310958
10,0.0,random_forest,both,0.10082592220925359,0.065,0.0,175.01268096363552,175.12713639463954,1.3595129664744938,1.4454049405310958
10,0.0,random_forest,crump,0.08932390641670476,0.315,0.0,180.0,180.0,1.0,1.0
10,0.0,random_forest,overlap,0.09266836310959309,0.22,0.0,179.47141129901516,179.5014423119504,0.24999810289840205,0.24999976495656653
10,0.0,hist_gbm,unweighted,0.08932390641670476,0.315,0.0,180.0,180.0,1.0,1.0
10,0.0,hist_gbm,source,0.09297357413077004,0.205,0.0,162.4429213317606,180.0,1.7782045755536888,1.0
10,0.0,hist_gbm,target,0.09615265000309015,0.125,0.0,180.0,164.24834830462933,1.0,2.028297030972349
10,0.0,hist_gbm,both,0.09977471931485699,0.08,0.0,162.4429213317606,164.24834830462933,1.7782045755536888,2.028297030972349
10,0.0,hist_gbm,crump,0.08932390641670476,0.315,0.0,180.0,180.0,1.0,1.0
10,0.0,hist_gbm,overlap,0.09088844226601572,0.28,0.0,175.70520090802358,177.61119817513725,0.24997083383783034,0.2499894349537139
10,0.1,logistic,unweighted,0.10738306946349643,0.03,1.0,180.0,180.0,1.0,1.0
10,0.1,logistic,source,0.09431956909444915,0.23,0.0,173.5640997575273,180.0,1.4000436833231817,1.0
10,0.1,logistic,target,0.0922926290113408,0.255,0.0,180.0,174.9862990383305,1.0,1.3934953239629575
10,0.1,logistic,both,0.07943782428763647,0.745,0.0,173.5640997575273,174.9862990383305,1.4000436833231817,1.3934953239629575
10,0.1,logistic,crump,0.10738306946349643,0.03,1.0,180.0,180.0,1.0,1.0
10,0.1,logistic,overlap,0.10426336481793423,0.05,0.0,179.4781639605306,179.62302708162397,0.24999920097292513,0.24999999812015028
10,0.1,random_forest,unweighted,0.10738306946349643,0.03,1.0,180.0,180.0,1.0,1.0
10,0.1,random_forest,source,0.10006243027240531,0.115,0.0,155.28124127304673,180.0,1.528818314820193,1.0
10,0.1,random_forest,target,0.09999672593293,0.125,0.0,180.0,166.15891111335847,1.0,1.5074190508637413
10,0.1,random_forest,both,0.09217359850175677,0.285,0.0,155.28124127304673,166.15891111335847,1.528818314820193,1.5074190508637413
10,0.1,random_forest,crump,0.08275481347078403,0.55,0.0,160.0,169.0,1.0,1.0
10,0.1,random_forest,overlap,0.08534350867721663,0.505,0.0,160.2286568633938,169.97593059940493,0.2499999016786217,0.2499999836960001
10,0.1,hist_gbm,unweighted,0.10738306946349643,0.03,1.0,180.0,180.0,1.0,1.0
10,0.1,hist_gbm,source,0.09694702629899063,0.165,0.0,143.48129969071616,180.0,1.9989480828568302,1.0
10,0.1,hist_gbm,target,0.10305587091586815,0.085,0.0,180.0,159.16324394414735,1.0,2.5271994828709072
10,0.1,hist_gbm,both,0.09224457200434905,0.255,0.0,143.48129969071616,159.16324394414735,1.9989480828568302,2.5271994828709072
10,0.1,hist_gbm,crump,0.09615211929834269,0.175,0.0,157.0,179.0,1.0,1.0
10,0.1,hist_gbm,overlap,0.10165016814872832,0.095,0.0,162.061442562134,175.60297494231875,0.24997965568412353,0.24997965568412353
10,0.2,logistic,unweighted,0.14422169829294312,0.005,1.0,180.0,180.0,1.0,1.0
10,0.2,logistic,source,0.12040878693479319,0.005,1.0,157.56157815014132,180.0,1.7674876418979395,1.0
10,0.2,logistic,target,0.10606599163034014,0.025,1.0,180.0,160.1520394673192,1.0,1.7553855070325142
10,0.2,logistic,both,0.08108878196732869,0.63,0.0,157.56157815014132,160.1520394673192,1.7674876418979395,1.7553855070325142
10,0.2,logistic,crump,0.14422169829294312,0.005,1.0,180.0,180.0,1.0,1.0
10,0.2,logistic,overlap,0.12585587929777758,0.005,1.0,174.64291727408173,175.19088970685806,0.24999465579402047,0.24999928686218087
10,0.2,random_forest,unweighted,0.14422169829294312,0.005,1.0,180.0,180.0,1.0,1.0
10,0.2,random_forest,source,0.12934750188104563,0.005,1.0,137.13775232988525,180.0,1.8145912903669001,1.0
10,0.2,random_forest,target,0.11389966086752494,0.005,1.0,180.0,147.79626522353985,1.0,1.7702035393485793
10,0.2,random_forest,both,0.0957662335333967,0.19,0.0,137.13775232988525,147.79626522353985,1.8145912903669001,1.7702035393485793
10,0.2,random_forest,crump,0.08827364410252948,0.45,0.0,141.0,152.0,1.0,1.0
10,0.2,random_forest,overlap,0.08980570549592792,0.375,0.0,142.46720845570186,152.700866830458,0.2499998694593126,0.2499963585029821
10,0.2,hist_gbm,unweighted,0.14422169829294312,0.005,1.0,180.0,180.0,1.0,1.0
10,0.2,hist_gbm,source,0.12636830210243344,0.005,1.0,127.27761067719653,180.0,2.4562772977184912,1.0
10,0.2,hist_gbm,target,0.11245520324890321,0.01,1.0,180.0,132.8999669144453,1.0,2.604671997609738
10,0.2,hist_gbm,both,0.0912149290066709,0.335,0.0,127.27761067719653,132.8999669144453,2.4562772977184912,2.604671997609738
10,0.2,hist_gbm,crump,0.09166221110106376,0.245,0.0,141.0,154.0,1.0,1.0
10,0.2,hist_gbm,overlap,0.09474532350294854,0.195,0.0,142.609018332386,150.03225877956925,0.2499964100369388,0.24999938784465192
10,0.3,logistic,unweighted,0.17312813404968755,0.005,1.0,180.0,180.0,1.0,1.0
10,0.3,logistic,source,0.13571535862724382,0.005,1.0,139.17390248084615,180.0,2.1461931746075216,1.0
10,0.3,logistic,target,0.11689511327849782,0.005,1.0,180.0,141.72921675349673,1.0,2.1227647189064425
10,0.3,logistic,both,0.07503775027103214,0.85,0.0,139.17390248084615,141.72921675349673,2.1461931746075216,2.1227647189064425
10,0.3,logistic,crump,0.16135490952986592,0.005,1.0,170.0,173.0,1.0,1.0
10,0.3,logistic,overlap,0.13374621894626113,0.005,1.0,165.26735288996073,164.7707491760311,0.24998053468580234,0.24999904707365628
10,0.3,random_forest,unweighted,0.17312813404968755,0.005,1.0,180.0,180.0,1.0,1.0
10,0.3,random_forest,source,0.14305146519878553,0.005,1.0,119.12415813503038,180.0,1.9599733598695437,1.0
10,0.3,random_forest,target,0.1257538306857898,0.005,1.0,180.0,130.05120225441541,1.0,1.8057277749206542
10,0.3,random_forest,both,0.08633520312283109,0.54,0.0,119.12415813503038,130.05120225441541,1.9599733598695437,1.8057277749206542
10,0.3,random_forest,crump,0.08386789706266694,0.555,0.0,121.0,136.0,1.0,1.0
10,0.3,random_forest,overlap,0.08390413946718188,0.625,0.0,123.09814643352459,133.91683008270493,0.24999999618879065,0.24999999618879065
10,0.3,hist_gbm,unweighted,0.17312813404968755,0.005,1.0,180.0,180.0,1.0,1.0
10,0.3,hist_gbm,source,0.14095378410661583,0.005,1.0,114.48169750984793,180.0,2.617191774574833,1.0
10,0.3,hist_gbm,target,0.125253907016428,0.005,1.0,180.0,121.40748159369844,1.0,2.6847951850628076
10,0.3,hist_gbm,both,0.08471825271951822,0.57,0.0,114.48169750984793,121.40748159369844,2.617191774574833,2.6847951850628076
10,0.3,hist_gbm,crump,0.08527496465199222,0.505,0.0,123.0,136.0,1.0,1.0
10,0.3,hist_gbm,overlap,0.08853358717156232,0.48,0.0,126.98780961568447,133.56121407842446,0.24999995346170087,0.24999995346170087
10,0.4,logistic,unweighted,0.19847249180765125,0.005,1.0,180.0,180.0,1.0,1.0
10,0.4,logistic,source,0.1574113590160265,0.005,1.0,127.39459218156479,180.0,2.40402028850359,1.0
10,0.4,logistic,target,0.13015100037505478,0.005,1.0,180.0,128.89097836468582,1.0,2.391059589364472
10,0.4,logistic,both,0.07908038295460322,0.78,0.0,127.39459218156479,128.89097836468582,2.40402028850359,2.391059589364472
10,0.4,logistic,crump,0.1488248353975587,0.005,1.0,155.0,143.0,1.0,1.0
10,0.4,logistic,overlap,0.14355532090840822,0.005,1.0,157.481621903604,155.9279645109231,0.249992538049112,0.2499987900104105
10,0.4,random_forest,unweighted,0.19847249180765125,0.005,1.0,180.0,180.0,1.0,1.0
10,0.4,random_forest,source,0.16571584316151583,0.005,1.0,107.51177727016714,180.0,2.2222734658223495,1.0
10,0.4,random_forest,target,0.1376002317552913,0.005,1.0,180.0,114.53021193941878,1.0,2.2191474344334825
10,0.4,random_forest,both,0.0903205543186544,0.405,0.0,107.51177727016714,114.53021193941878,2.2222734658223495,2.2191474344334825
10,0.4,random_forest,crump,0.08374967635687808,0.585,0.0,114.0,118.0,1.0,1.0
10,0.4,random_forest,overlap,0.08664098877431492,0.49,0.0,112.87786647097907,119.11474032977058,0.24999899905710332,0.2499992589321609
10,0.4,hist_gbm,unweighted,0.19847249180765125,0.005,1.0,180.0,180.0,1.0,1.0
10,0.4,hist_gbm,source,0.1635180792196635,0.005,1.0,100.96754370559697,180.0,2.8489524264762025,1.0
10,0.4,hist_gbm,target,0.13846486611025616,0.005,1.0,180.0,109.02914738362088,1.0,3.035925726210971
10,0.4,hist_gbm,both,0.09111018984329443,0.395,0.0,100.96754370559697,109.02914738362088,2.8489524264762025,3.035925726210971
10,0.4,hist_gbm,crump,0.08269506839482992,0.575,0.0,113.0,118.0,1.0,1.0
10,0.4,hist_gbm,overlap,0.09324124263342103,0.33,0.0,114.6324945180234,120.84464804899295,0.24993884137052938,0.24993884137052938
11,0.0,logistic,unweighted,0.07199343278463649,0.885,0.0,180.0,180.0,1.0,1.0
11,0.0,logistic,source,0.07410833370261008,0.82,0.0,179.87411913605303,180.0,1.0639411959009744,1.0
11,0.0,logistic,target,0.07354247952110728,0.845,0.0,180.0,179.86721401386396,1.0,1.0673353047714427
11,0.0,logistic,both,0.0756887650911462,0.8,0.0,179.87411913605303,179.86721401386396,1.0639411959009744,1.0673353047714427
11,0.0,logistic,crump,0.07199343278463649,0.885,0.0,180.0,180.0,1.0,1.0
11,0.0,logistic,overlap,0.07239776229668174,0.885,0.0,179.99986870654013,179.9998146113161,0.2499999999446733,0.24999998848115645
11,0.0,random_forest,unweighted,0.07199343278463649,0.885,0.0,180.0,180.0,1.0,1.0
11,0.0,random_forest,source,0.07499234974698862,0.825,0.0,171.40748085568768,180.0,1.3466705106324597,1.0
11,0.0,random_forest,target,0.0715818098491263,0.89,0.0,180.0,172.75646551029223,1.0,1.5356297306215496
11,0.0,random_forest,both,0.07454353611488812,0.835,0.0,171.40748085568768,172.75646551029223,1.3466705106324597,1.5356297306215496
11,0.0,random_forest,crump,0.07362921654819804,0.885,0.0,180.0,176.0,1.0,1.0
11,0.0,random_forest,overlap,0.07505703329845037,0.82,0.0,178.4825474502737,177.0065235956932,0.2499999975142041,0.2499999728987409
11,0.0,hist_gbm,unweighted,0.07199343278463649,0.885,0.0,180.0,180.0,1.0,1.0
11,0.0,hist_gbm,source,0.07233275783498433,0.89,0.0,156.35039505693285,180.0,1.8092436633497297,1.0
11,0.0,hist_gbm,target,0.0720723450466018,0.86,0.0,180.0,162.8098323790197,1.0,1.9992909413709556
11,0.0,hist_gbm,both,0.07235181397365334,0.86,0.0,156.35039505693285,162.8098323790197,1.8092436633497297,1.9992909413709556
11,0.0,hist_gbm,crump,0.07199343278463649,0.885,0.0,180.0,180.0,1.0,1.0
11,0.0,hist_gbm,overlap,0.07230390762920408,0.89,0.0,172.5980405360273,177.1354248040164,0.2499995366281622,0.2499995366281622
11,0.1,logistic,unweighted,0.10396195035055632,0.045,1.0,180.0,180.0,1.0,1.0
11,0.1,logistic,source,0.09618145408128065,0.165,0.0,175.02799731905512,180.0,1.3532969333360545,1.0
11,0.1,logistic,target,0.0861332504553429,0.485,0.0,180.0,174.11547432032884,1.0,1.3820680304652262
11,0.1,logistic,both,0.07851261121984751,0.795,0.0,175.02799731905512,174.11547432032884,1.3532969333360545,1.3820680304652262
11,0.1,logistic,crump,0.10396195035055632,0.045,1.0,180.0,180.0,1.0,1.0
11,0.1,logistic,overlap,0.1005413631584678,0.09,0.0,179.62750130135797,179.5249512976959,0.24999999972219128,0.24999998248133162
11,0.1,random_forest,unweighted,0.10396195035055632,0.045,1.0,180.0,180.0,1.0,1.0
11,0.1,random_forest,source,0.10195861317297517,0.08,0.0,166.1003462327443,180.0,1.4174117064116918,1.0
11,0.1,random_forest,target,0.08228016711470541,0.655,0.0,180.0,159.12137999599335,1.0,1.4852143269260394
11,0.1,random_forest,both,0.07986920373503928,0.725,0.0,166.1003462327443,159.12137999599335,1.4174117064116918,1.4852143269260394
11,0.1,random_forest,crump,0.08040460281188404,0.66,0.0,169.0,162.0,1.0,1.0
11,0.1,random_forest,overlap,0.07987456194567119,0.735,0.0,169.595116448637,162.71882636487135,0.24999996907778713,0.24999996907778713
11,0.1,hist_gbm,unweighted,0.10396195035055632,0.045,1.0,180.0,180.0,1.0,1.0
11,0.1,hist_gbm,source,0.10223173033040604,0.07,0.0,154.7298730728536,180.0,2.422299883328828,1.0
11,0.1,hist_gbm,target,0.07947397979200402,0.735,0.0,180.0,149.32645758276396,1.0,2.1348506286872393
11,0.1,hist_gbm,both,0.07771466133657962,0.775,0.0,154.7298730728536,149.32645758276396,2.422299883328828,2.1348506286872393
11,0.1,hist_gbm,crump,0.07991677151037026,0.65,0.0,179.0,161.0,1.0,1.0
11,0.1,hist_gbm,overlap,0.08791450861650618,0.455,0.0,172.79521370932596,167.9731985363944,0.24998520221090959,0.24999983813605375
11,0.2,logistic,unweighted,0.12796834895595185,0.005,1.0,180.0,180.0,1.0,1.0
11,0.2,logistic,source,0.11146590923649707,0.01,1.0,165.36193059191496,180.0,1.5901182364243494,1.0
11,0.2,logistic,target,0.09635778320500668,0.15,0.0,180.0,164.41656421231778,1.0,1.6178708739139656
11,0.2,logistic,both,0.07965987442438323,0.715,0.0,165.36193059191496,164.41656421231778,1.5901182364243494,1.6178708739139656
11,0.2,logistic,crump,0.12796834895595185,0.005,1.0,180.0,180.0,1.0,1.0
11,0.2,logistic,overlap,0.11539244220129995,0.01,1.0,177.43401047948785,177.1143834379781,0.24999988050096184,0.2499999696051756
11,0.2,random_forest,unweighted,0.12796834895595185,0.005,1.0,180.0,180.0,1.0,1.0
11,0.2,random_forest,source,0.12034666928497725,0.01,1.0,151.8343249999721,180.0,1.6612487977856616,1.0
11,0.2,random_forest,target,0.09538325179592724,0.175,0.0,180.0,147.8703314118553,1.0,1.7701413772846262
11,0.2,random_forest,both,0.08628185058253363,0.49,0.0,151.8343249999721,147.8703314118553,1.6612487977856616,1.7701413772846262
11,0.2,random_forest,crump,0.08155455147221875,0.62,0.0,158.0,151.0,1.0,1.0
11,0.2,random_forest,overlap,0.08289877602240985,0.585,0.0,157.1505767085412,151.12184687219982,0.2499999363688468,0.2499999363688468
11,0.2,hist_gbm,unweighted,0.12796834895595185,0.005,1.0,180.0,180.0,1.0,1.0
11,0.2,hist_gbm,source,0.12205691788282315,0.005,1.0,137.83842913786054,180.0,2.2785764628855167,1.0
11,0.2,hist_gbm,target,0.09751460827294828,0.145,0.0,180.0,135.6818731544841,1.0,2.3847281196045844
11,0.2,hist_gbm,both,0.09061353534122364,0.315,0.0,137.83842913786054,135.6818731544841,2.2785764628855167,2.3847281196045844
11,0.2,hist_gbm,crump,0.07937902159051943,0.715,0.0,157.0,150.0,1.0,1.0
11,0.2,hist_gbm,overlap,0.08603979304043646,0.48,0.0,152.70140192821046,148.74075646535843,0.24999980423430598,0.24999980423430598
11,0.3,logistic,unweighted,0.16719131611034904,0.005,1.0,180.0,180.0,1.0,1.0
11,0.3,logistic,source,0.13989412024204115,0.005,1.0,146.85936457827674,180.0,1.9609267268465622,1.0
11,0.3,logistic,target,0.11239325863755577,0.01,1.0,180.0,145.9681443711115,1.0,1.9680346416672396
11,0.3,logistic,both,0.0816237057196058,0.66,0.0,146.85936457827674,145.9681443711115,1.9609267268465622,1.9680346416672396
11,0.3,logistic,crump,0.16719131611034904,0.005,1.0,180.0,180.0,1.0,1.0
11,0.3,logistic,overlap,0.13507170916865346,0.005,1.0,170.34133924377377,168.50205934067247,0.24999533062895835,0.24999926931574024
11,0.3,random_forest,unweighted,0.16719131611034904,0.005,1.0,180.0,180.0,1.0,1.0
11,0.3,random_forest,source,0.14876663714399813,0.005,1.0,133.00919453494419,180.0,1.7929972106706393,1.0
11,0.3,random_forest,target,0.11416251041045064,0.01,1.0,180.0,131.93429891662578,1.0,1.9369473077569448
11,0.3,random_forest,both,0.0897885468340546,0.345,0.0,133.00919453494419,131.93429891662578,1.7929972106706393,1.9369473077569448
11,0.3,random_forest,crump,0.09020929918713541,0.385,0.0,138.0,135.0,1.0,1.0
11,0.3,random_forest,overlap,0.09009692339338822,0.335,0.0,138.88504155483727,134.51012176765164,0.24999920700661937,0.24999980791231768
11,0.3,hist_gbm,unweighted,0.16719131611034904,0.005,1.0,180.0,180.0,1.0,1.0
11,0.3,hist_gbm,source,0.147376484669527,0.005,1.0,120.7330672347056,180.0,2.4085835684177193,1.0
11,0.3,hist_gbm,target,0.11391228671604416,0.015,1.0,180.0,122.65266166504323,1.0,2.5696811083934694
11,0.3,hist_gbm,both,0.08839388468932075,0.39,0.0,120.7330672347056,122.65266166504323,2.4085835684177193,2.5696811083934694
11,0.3,hist_gbm,crump,0.09046732898916494,0.27,0.0,140.0,134.0,1.0,1.0
11,0.3,hist_gbm,overlap,0.09370298063680377,0.255,0.0,136.2425464882805,132.88262075003237,0.2499971496624511,0.24998966771385747
11,0.4,logistic,unweighted,0.19833697321292484,0.005,1.0,180.0,180.0,1.0,1.0
11,0.4,logistic,source,0.1547684776083172,0.005,1.0,128.1302841009778,180.0,2.384326138714197,1.0
11,0.4,logistic,target,0.1263731948407307,0.005,1.0,180.0,125.74792938029826,1.0,2.3907757386063877
11,0.4,logistic,both,0.07661062030298994,0.795,0.0,128.1302841009778,125.74792938029826,2.384326138714197,2.3907757386063877
11,0.4,logistic,crump,0.1557831888129595,0.005,1.0,156.0,148.0,1.0,1.0
11,0.4,logistic,overlap,0.1454650478595018,0.005,1.0,158.8529802231505,155.04164212514297,0.2499903717502951,0.2499978212277227
11,0.4,random_forest,unweighted,0.19833697321292484,0.005,1.0,180.0,180.0,1.0,1.0
11,0.4,random_forest,source,0.17110001702437488,0.005,1.0,115.85516504943153,180.0,2.1764655746488604,1.0
11,0.4,random_forest,target,0.13049361109290183,0.005,1.0,180.0,113.55640865388139,1.0,2.2227726533915
11,0.4,random_forest,both,0.09196791659096938,0.36,0.0,115.85516504943153,113.55640865388139,2.1764655746488604,2.2227726533915
11,0.4,random_forest,crump,0.09569573424554526,0.18,0.0,123.0,118.0,1.0,1.0
11,0.4,random_forest,overlap,0.0946219548993534,0.29,0.0,123.59924045847053,117.18249883027529,0.2499980946208595,0.24999996539599642
11,0.4,hist_gbm,unweighted,0.19833697321292484,0.005,1.0,180.0,180.0,1.0,1.0
11,0.4,hist_gbm,source,0.16978634512897517,0.005,1.0,105.12106167317901,180.0,2.881267721550393,1.0
11,0.4,hist_gbm,target,0.13110868753978172,0.005,1.0,180.0,103.51092144254054,1.0,2.7634507641879815
11,0.4,hist_gbm,both,0.09397718147826468,0.305,0.0,105.12106167317901,103.51092144254054,2.881267721550393,2.7634507641879815
11,0.4,hist_gbm,crump,0.09429005056624437,0.305,0.0,121.0,118.0,1.0,1.0
11,0.4,hist_gbm,overlap,0.09961656972285812,0.17,0.0,120.04949502802359,115.9222979341594,0.2499843863206622,0.2499843863206622
12,0.0,logistic,unweighted,0.09235788180155466,0.235,0.0,180.0,180.0,1.0,1.0
12,0.0,logistic,source,0.09265777604595582,0.235,0.0,179.99893548300585,180.0,1.0066293408915035,1.0
12,0.0,logistic,target,0.0921869146553532,0.24,0.0,180.0,179.99888705234136,1.0,1.00651182579131
12,0.0,logistic,both,0.09248627914481372,0.235,0.0,179.99893548300585,179.99888705234136,1.0066293408915035,1.00651182579131
12,0.0,logistic,crump,0.09235788180155466,0.235,0.0,180.0,180.0,1.0,1.0
12,0.0,logistic,overlap,0.09283776050004786,0.235,0.0,179.99999998563177,179.99999998661696,0.24999999999949984,0.24999999936282719
12,0.0,random_forest,unweighted,0.09235788180155466,0.235,0.0,180.0,180.0,1.0,1.0
12,0.0,random_forest,source,0.09374499485217788,0.21,0.0,174.88333828633287,180.0,1.3564129729344507,1.0
12,0.0,random_forest,target,0.09354576762037838,0.2,0.0,180.0,174.50572018634372,1.0,1.3001140674612846
12,0.0,random_forest,both,0.09493645632072192,0.18,0.0,174.88333828633287,174.50572018634372,1.3564129729344507,1.3001140674612846
12,0.0,random_forest,crump,0.09235788180155466,0.235,0.0,180.0,180.0,1.0,1.0
12,0.0,random_forest,overlap,0.094864262419,0.185,0.0,179.1334692981135,179.28680452346754,0.24999999466897474,0.24999998076073413
12,0.0,hist_gbm,unweighted,0.09235788180155466,0.235,0.0,180.0,180.0,1.0,1.0
12,0.0,hist_gbm,source,0.08604619994579737,0.465,0.0,161.6979062564761,180.0,1.7583763115788227,1.0
12,0.0,hist_gbm,target,0.09599713261479802,0.145,0.0,180.0,165.19690531025972,1.0,1.9021269790709097
12,0.0,hist_gbm,both,0.08947864539266653,0.345,0.0,161.6979062564761,165.19690531025972,1.7583763115788227,1.9021269790709097
12,0.0,hist_gbm,crump,0.09235788180155466,0.235,0.0,180.0,180.0,1.0,1.0
12,0.0,hist_gbm,overlap,0.09091929628192039,0.27,0.0,176.0806032664717,177.41829662537586,0.24999991543798905,0.24999991543798905
12,0.1,logistic,unweighted,0.11766586457857034,0.01,1.0,180.0,180.0,1.0,1.0
12,0.1,logistic,source,0.10455693592634617,0.05,0.0,170.85486641071748,180.0,1.5181654477083353,1.0
12,0.1,logistic,target,0.0959208188196289,0.135,0.0,180.0,171.04234897614037,1.0,1.5045026234408077
12,0.1,logistic,both,0.08298426286504144,0.585,0.0,170.85486641071748,171.04234897614037,1.5181654477083353,1.5045026234408077
12,0.1,logistic,crump,0.11766586457857034,0.01,1.0,180.0,180.0,1.0,1.0
12,0.1,logistic,overlap,0.11173589578974906,0.025,1.0,178.7892589775566,178.94348235001502,0.24999999785727534,0.2499970866791954
12,0.1,random_forest,unweighted,0.11766586457857034,0.01,1.0,180.0,180.0,1.0,1.0
12,0.1,random_forest,source,0.11059564404096886,0.02,1.0,160.165142870041,180.0,1.4980424623540998,1.0
12,0.1,random_forest,target,0.09817348213258006,0.095,0.0,180.0,161.3894485898248,1.0,1.3906766030493642
12,0.1,random_forest,both,0.0900060901362651,0.295,0.0,160.165142870041,161.3894485898248,1.4980424623540998,1.3906766030493642
12,0.1,random_forest,crump,0.08972104460639405,0.355,0.0,162.0,165.0,1.0,1.0
12,0.1,random_forest,overlap,0.08958431990830158,0.305,0.0,162.31897858283764,164.43490409608447,0.24999999524632413,0.24999999277076715
12,0.1,hist_gbm,unweighted,0.11766586457857034,0.01,1.0,180.0,180.0,1.0,1.0
12,0.1,hist_gbm,source,0.1050824411234201,0.06,0.0,144.18457865275033,180.0,2.5504824624078184,1.0
12,0.1,hist_gbm,target,0.09942833051011771,0.1,0.0,180.0,147.3133094262855,1.0,2.580936115916326
12,0.1,hist_gbm,both,0.08571024418549526,0.475,0.0,144.18457865275033,147.3133094262855,2.5504824624078184,2.580936115916326
12,0.1,hist_gbm,crump,0.08431623499865122,0.49,0.0,158.0,160.0,1.0,1.0
12,0.1,hist_gbm,overlap,0.09640158063007145,0.16,0.0,162.68661073239684,165.32943237377464,0.24998617270275086,0.24999993218937058
12,0.2,logistic,unweighted,0.16059833581008992,0.005,1.0,180.0,180.0,1.0,1.0
12,0.2,logistic,source,0.13070503316620896,0.005,1.0,146.63911526851012,180.0,2.025283016300401,1.0
12,0.2,logistic,target,0.11213217646980612,0.015,1.0,180.0,149.50795958682735,1.0,1.9719350054226807
12,0.2,logistic,both,0.07980292859619395,0.65,0.0,146.63911526851012,149.50795958682735,2.025283016300401,1.9719350054226807
12,0.2,logistic,crump,0.15860721392630514,0.005,1.0,178.0,179.0,1.0,1.0
12,0.2,logistic,overlap,0.13204304297887712,0.005,1.0,169.3474831330083,170.33972685666834,0.24999789544657672,0.24998219768678326
12,0.2,random_forest,unweighted,0.16059833581008992,0.005,1.0,180.0,180.0,1.0,1.0
12,0.2,random_forest,source,0.1381506563010893,0.005,1.0,133.33865354867328,180.0,1.6715740975660875,1.0
12,0.2,random_forest,target,0.11908184281688874,0.01,1.0,180.0,140.92940590359353,1.0,1.584125339299149
12,0.2,random_forest,both,0.09063747476741627,0.295,0.0,133.33865354867328,140.92940590359353,1.6715740975660875,1.584125339299149
12,0.2,random_forest,crump,0.09105587958123011,0.255,0.0,134.0,143.0,1.0,1.0
12,0.2,random_forest,overlap,0.09182983842403822,0.25,0.0,136.03707111824139,143.73509493298263,0.2499999894082976,0.2499999894082976
12,0.2,hist_gbm,unweighted,0.16059833581008992,0.005,1.0,180.0,180.0,1.0,1.0
12,0.2,hist_gbm,source,0.13341324822958542,0.005,1.0,124.77299957456803,180.0,2.202658558613685,1.0
12,0.2,hist_gbm,target,0.12162405764857659,0.01,1.0,180.0,134.74057454046502,1.0,2.2853384605141502
12,0.2,hist_gbm,both,0.08840991124689451,0.395,0.0,124.77299957456803,134.74057454046502,2.202658558613685,2.2853384605141502
12,0.2,hist_gbm,crump,0.09104829688520169,0.28,0.0,134.0,143.0,1.0,1.0
12,0.2,hist_gbm,overlap,0.09694414654768649,0.135,0.0,136.35575392150255,146.45915537534765,0.24999952757235575,0.2499983096477687
12,0.3,logistic,unweighted,0.19985327503429354,0.005,1.0,180.0,180.0,1.0,1.0
12,0.3,logistic,source,0.16478824889434057,0.005,1.0,130.63010040322413,180.0,2.3817514447899564,1.0
12,0.3,logistic,target,0.132924993090065,0.005,1.0,180.0,129.65456467613663,1.0,2.3704867661514943
12,0.3,logistic,both,0.09089911366118414,0.32,0.0,130.63010040322413,129.65456467613663,2.3817514447899564,2.3704867661514943
12,0.3,logistic,crump,0.1678946562188437,0.005,1.0,157.0,155.0,1.0,1.0
12,0.3,logistic,overlap,0.1541514222109754,0.005,1.0,158.00813497922297,158.52395621935094,0.24999388204950992,0.24999994351344393
12,0.3,random_forest,unweighted,0.19985327503429354,0.005,1.0,180.0,180.0,1.0,1.0
12,0.3,random_forest,source,0.17390814800704368,0.005,1.0,123.02668651881447,180.0,1.8695656678071981,1.0
12,0.3,random_forest,target,0.13962439774665228,0.005,1.0,180.0,118.28701487012476,1.0,1.9049051758231892
12,0.3,random_forest,both,0.1032702102500546,0.1,0.0,123.02668651881447,118.28701487012476,1.8695656678071981,1.9049051758231892
12,0.3,random_forest,crump,0.10958403589041596,0.055,0.0,124.0,123.0,1.0,1.0
12,0.3,random_forest,overlap,0.10719125706616278,0.075,0.0,126.0711167965934,122.01473283745946,0.24999783202035084,0.24999999221110214
12,0.3,hist_gbm,unweighted,0.19985327503429354,0.005,1.0,180.0,180.0,1.0,1.0
12,0.3,hist_gbm,source,0.16816098249010883,0.005,1.0,115.12063153029172,180.0,2.5928674775702842,1.0
12,0.3,hist_gbm,target,0.13985827305171386,0.005,1.0,180.0,113.35430769395445,1.0,2.4892073436916156
12,0.3,hist_gbm,both,0.09711978686067925,0.175,0.0,115.12063153029172,113.35430769395445,2.5928674775702842,2.4892073436916156
12,0.3,hist_gbm,crump,0.10486043066698597,0.05,0.0,122.0,121.0,1.0,1.0
12,0.3,hist_gbm,overlap,0.11146313572619193,0.03,1.0,125.35398986907265,124.4289155045638,0.24999766830146888,0.24999766830146888
12,0.4,logistic,unweighted,0.22415324931412897,0.005,1.0,180.0,180.0,1.0,1.0
12,0.4,logistic,source,0.18599293444791465,0.005,1.0,112.15216774131287,180.0,2.8441767897416597,1.0
12,0.4,logistic,target,0.13999013877236946,0.005,1.0,180.0,112.20358599431735,1.0,2.8256665954171942
12,0.4,logistic,both,0.08483755039470296,0.515,0.0,112.15216774131287,112.20358599431735,2.8441767897416597,2.8256665954171942
12,0.4,logistic,crump,0.14489866975507829,0.005,1.0,122.0,124.0,1.0,1.0
12,0.4,logistic,overlap,0.15676104696349352,0.005,1.0,144.93391783495153,145.11031295020965,0.24999978700194567,0.24999074398164142
12,0.4,random_forest,unweighted,0.22415324931412897,0.005,1.0,180.0,180.0,1.0,1.0
12,0.4,random_forest,source,0.19429361768373768,0.005,1.0,105.3577678949432,180.0,2.2436305278866486,1.0
12,0.4,random_forest,target,0.14118285881819073,0.005,1.0,180.0,99.79095506243343,1.0,2.478825347044836
12,0.4,random_forest,both,0.08806929386467843,0.415,0.0,105.3577678949432,99.79095506243343,2.2436305278866486,2.478825347044836
12,0.4,random_forest,crump,0.09793675098573676,0.17,0.0,109.0,104.0,1.0,1.0
12,0.4,random_forest,overlap,0.0939911874708501,0.205,0.0,109.14644018434326,103.88116421747085,0.2499871631400168,0.2499997701678505
12,0.4,hist_gbm,unweighted,0.22415324931412897,0.005,1.0,180.0,180.0,1.0,1.0
12,0.4,hist_gbm,source,0.19254401064201537,0.005,1.0,99.59592372807948,180.0,3.142694662529708,1.0
12,0.4,hist_gbm,target,0.14124847359140094,0.005,1.0,180.0,95.82381397856001,1.0,2.9725091830244943
12,0.4,hist_gbm,both,0.08729170814288523,0.415,0.0,99.59592372807948,95.82381397856001,3.142694662529708,2.9725091830244943
12,0.4,hist_gbm,crump,0.09553339979673463,0.235,0.0,106.0,104.0,1.0,1.0
12,0.4,hist_gbm,overlap,0.09810798595469433,0.135,0.0,110.59082941716126,106.23668957233055,0.24999992311690264,0.24999992311690264
13,0.0,logistic,unweighted,0.09071783836305441,0.24,0.0,180.0,180.0,1.0,1.0
13,0.0,logistic,source,0.08786803134841674,0.34,0.0,179.5576744145304,180.0,1.1145053902130793,1.0
13,0.0,logistic,target,0.0869902633660872,0.365,0.0,180.0,179.5143466629172,1.0,1.1231631698318032
13,0.0,logistic,both,0.0841919104623759,0.49,0.0,179.5576744145304,179.5143466629172,1.1145053902130793,1.1231631698318032
13,0.0,logistic,crump,0.09071783836305441,0.24,0.0,180.0,180.0,1.0,1.0
13,0.0,logistic,overlap,0.09110588288802311,0.245,0.0,179.99769557376254,179.99755527283182,0.24999998246374686,0.24999996074691588
13,0.0,random_forest,unweighted,0.09071783836305441,0.24,0.0,180.0,180.0,1.0,1.0
13,0.0,random_forest,source,0.09091600872461014,0.25,0.0,175.21578295766736,180.0,1.3847402034980003,1.0
13,0.0,random_forest,target,0.08479839212964352,0.435,0.0,180.0,172.24637788754353,1.0,1.3519950852772125
13,0.0,random_forest,both,0.0849756229279696,0.455,0.0,175.21578295766736,172.24637788754353,1.3847402034980003,1.3519950852772125
13,0.0,random_forest,crump,0.08881806692251969,0.33,0.0,180.0,178.0,1.0,1.0
13,0.0,random_forest,overlap,0.08544346242418324,0.425,0.0,179.26240144680338,177.4946792867018,0.24999979201306163,0.24999890286774648
13,0.0,hist_gbm,unweighted,0.09071783836305441,0.24,0.0,180.0,180.0,1.0,1.0
13,0.0,hist_gbm,source,0.08359933372911722,0.495,0.0,164.54787653245114,180.0,1.848995686384912,1.0
13,0.0,hist_gbm,target,0.09021973258378846,0.26,0.0,180.0,161.67559631110657,1.0,1.758994423871967
13,0.0,hist_gbm,both,0.08301543068000797,0.52,0.0,164.54787653245114,161.67559631110657,1.848995686384912,1.758994423871967
13,0.0,hist_gbm,crump,0.09071783836305441,0.24,0.0,180.0,180.0,1.0,1.0
13,0.0,hist_gbm,overlap,0.0912993473284717,0.23,0.0,176.89298781186108,176.78920565835642,0.24999282945610715,0.24999282945610715
13,0.1,logistic,unweighted,0.11006070816186557,0.01,1.0,180.0,180.0,1.0,1.0
13,0.1,logistic,source,0.09794651111755505,0.085,0.0,169.24903436124902,180.0,1.4879157569182615,1.0
13,0.1,logistic,target,0.08705524084465724,0.355,0.0,180.0,170.10394937599023,1.0,1.5007287211831826
13,0.1,logistic,both,0.07499040326348852,0.835,0.0,169.24903436124902,170.10394937599023,1.4879157569182615,1.5007287211831826
13,0.1,logistic,crump,0.11006070816186557,0.01,1.0,180.0,180.0,1.0,1.0
13,0.1,logistic,overlap,0.10214710880046106,0.045,1.0,178.4121401884759,178.7149967004704,0.24999916861684218,0.24999979614023085
13,0.1,random_forest,unweighted,0.11006070816186557,0.01,1.0,180.0,180.0,1.0,1.0
13,0.1,random_forest,source,0.10286108151805966,0.04,1.0,155.2716806446248,180.0,1.502561742365918,1.0
13,0.1,random_forest,target,0.08672908130925977,0.38,0.0,180.0,158.56175198913584,1.0,1.3785333194233982
13,0.1,random_forest,both,0.07847626120596483,0.705,0.0,155.2716806446248,158.56175198913584,1.502561742365918,1.3785333194233982
13,0.1,random_forest,crump,0.07552672852316367,0.825,0.0,157.0,162.0,1.0,1.0
13,0.1,random_forest,overlap,0.07494553222033563,0.815,0.0,157.0169080035096,161.97483669791436,0.24999797936675505,0.24999998589895886
13,0.1,hist_gbm,unweighted,0.11006070816186557,0.01,1.0,180.0,180.0,1.0,1.0
13,0.1,hist_gbm,source,0.0993051587979959,0.075,0.0,143.96806143561923,180.0,2.624032558400924,1.0
13,0.1,hist_gbm,target,0.09049123401640283,0.28,0.0,180.0,147.43073332895227,1.0,2.002155054879824
13,0.1,hist_gbm,both,0.07889747279061958,0.69,0.0,143.96806143561923,147.43073332895227,2.624032558400924,2.002155054879824
13,0.1,hist_gbm,crump,0.07197573258167969,0.905,0.0,156.0,158.0,1.0,1.0
13,0.1,hist_gbm,overlap,0.08085372986586854,0.6,0.0,154.91768158155702,164.2412570567867,0.2499591884701891,0.2499929760087795
13,0.2,logistic,unweighted,0.1483432908474318,0.005,1.0,180.0,180.0,1.0,1.0
13,0.2,logistic,source,0.12689045500476565,0.005,1.0,155.06546527477656,180.0,1.7480221455092144,1.0
13,0.2,logistic,target,0.1008531991045391,0.06,0.0,180.0,153.17666374792742,1.0,1.822757901141962
13,0.2,logistic,both,0.0780642387752645,0.7,0.0,155.06546527477656,153.17666374792742,1.7480221455092144,1.822757901141962
13,0.2,logistic,crump,0.1483432908474318,0.005,1.0,180.0,180.0,1.0,1.0
13,0.2,logistic,overlap,0.1235382174965109,0.005,1.0,173.1363093563041,172.50005206415037,0.2499970236017057,0.24999118108526655
13,0.2,random_forest,unweighted,0.1483432908474318,0.005,1.0,180.0,180.0,1.0,1.0
13,0.2,random_forest,source,0.13683068200055667,0.005,1.0,141.5927858905887,180.0,1.7034731978784792,1.0
13,0.2,random_forest,target,0.09809275437090714,0.075,0.0,180.0,135.05726444253506,1.0,1.656095874249307
13,0.2,random_forest,both,0.08322691517729733,0.53,0.0,141.5927858905887,135.05726444253506,1.7034731978784792,1.656095874249307
13,0.2,random_forest,crump,0.07506238978189801,0.84,0.0,144.0,137.0,1.0,1.0
13,0.2,random_forest,overlap,0.07695742263048745,0.74,0.0,143.9326514341313,137.6201780466891,0.24999869703093514,0.24999950191625678
13,0.2,hist_gbm,unweighted,0.1483432908474318,0.005,1.0,180.0,180.0,1.0,1.0
13,0.2,hist_gbm,source,0.13600365270631856,0.005,1.0,131.4328495608327,180.0,2.291539671704227,1.0
13,0.2,hist_gbm,target,0.1010134039498418,0.06,0.0,180.0,126.11114583238994,1.0,2.080500926490998
13,0.2,hist_gbm,both,0.08508850587292884,0.47,0.0,131.4328495608327,126.11114583238994,2.291539671704227,2.080500926490998
13,0.2,hist_gbm,crump,0.07506238978189801,0.84,0.0,144.0,137.0,1.0,1.0
13,0.2,hist_gbm,overlap,0.07849766519702443,0.69,0.0,142.06712839559214,135.75958900732653,0.2499999982590651,0.2499999982590651
13,0.3,logistic,unweighted,0.17945231862520958,0.005,1.0,180.0,180.0,1.0,1.0
13,0.3,logistic,source,0.14523856334169047,0.005,1.0,131.94843197305607,180.0,2.210677542259522,1.0
13,0.3,logistic,target,0.11222665020021523,0.015,1.0,180.0,131.45519058251548,1.0,2.268802835674939
13,0.3,logistic,both,0.07120778645179572,0.88,0.0,131.94843197305607,131.45519058251548,2.210677542259522,2.268802835674939
13,0.3,logistic,crump,0.13442175457928632,0.005,1.0,160.0,148.0,1.0,1.0
13,0.3,logistic,overlap,0.12460482546974691,0.005,1.0,160.13448879341055,158.48562814309483,0.2499891709175759,0.24999766974012674
13,0.3,random_forest,unweighted,0.17945231862520958,0.005,1.0,180.0,180.0,1.0,1.0
13,0.3,random_forest,source,0.1534520291290178,0.005,1.0,118.16694716877446,180.0,2.0159509513119507,1.0
13,0.3,random_forest,target,0.10509605575446254,0.035,1.0,180.0,117.51956854257568,1.0,2.03983226715922
13,0.3,random_forest,both,0.06733980900099856,0.925,0.0,118.16694716877446,117.51956854257568,2.0159509513119507,2.03983226715922
13,0.3,random_forest,crump,0.06717129774445145,0.96,0.0,122.0,120.0,1.0,1.0
13,0.3,random_forest,overlap,0.06695284814187741,0.935,0.0,121.07945883286084,120.68268697295048,0.2499967554913216,0.24999743320351844
13,0.3,hist_gbm,unweighted,0.17945231862520958,0.005,1.0,180.0,180.0,1.0,1.0
13,0.3,hist_gbm,source,0.15264163770674366,0.005,1.0,110.51666564523913,180.0,3.0163572348300574,1.0
13,0.3,hist_gbm,target,0.10549767078080323,0.03,1.0,180.0,107.57994277365172,1.0,2.51405543506916
13,0.3,hist_gbm,both,0.06719681551022737,0.9,0.0,110.51666564523913,107.57994277365172,3.0163572348300574,2.51405543506916
13,0.3,hist_gbm,crump,0.06581485339506174,0.965,0.0,120.0,120.0,1.0,1.0
13,0.3,hist_gbm,overlap,0.0659754118263413,0.94,0.0,119.30557209798737,118.88302601334175,0.24999814487396876,0.24999814487396876
13,0.4,logistic,unweighted,0.2242238244932175,0.005,1.0,180.0,180.0,1.0,1.0
13,0.4,logistic,source,0.1801362954992377,0.005,1.0,112.39208070008493,180.0,2.6162416788116807,1.0
13,0.4,logistic,target,0.14567967095599257,0.005,1.0,180.0,112.0962371782792,1.0,2.7103976535256007
13,0.4,logistic,both,0.08343706534340761,0.54,0.0,112.39208070008493,112.0962371782792,2.6162416788116807,2.7103976535256007
13,0.4,logistic,crump,0.13352560706717004,0.005,1.0,131.0,116.0,1.0,1.0
13,0.4,logistic,overlap,0.15140511427803616,0.005,1.0,147.58038365736383,143.4832166777914,0.24999593780540566,0.24998409591236143
13,0.4,random_forest,unweighted,0.2242238244932175,0.005,1.0,180.0,180.0,1.0,1.0
13,0.4,random_forest,source,0.1891802278232384,0.005,1.0,97.0656737368486,180.0,2.305611186300215,1.0
13,0.4,random_forest,target,0.1508389078630882,0.005,1.0,180.0,101.78444667889589,1.0,2.215852418629532
13,0.4,random_forest,both,0.09204003011231443,0.32,0.0,97.0656737368486,101.78444667889589,2.305611186300215,2.215852418629532
13,0.4,random_forest,crump,0.08629349343307105,0.475,0.0,99.0,104.0,1.0,1.0
13,0.4,random_forest,overlap,0.08713565795592063,0.48,0.0,99.64041372566975,103.8151216812633,0.24999985101681885,0.2499879044970201
13,0.4,hist_gbm,unweighted,0.2242238244932175,0.005,1.0,180.0,180.0,1.0,1.0
13,0.4,hist_gbm,source,0.1877465233919286,0.005,1.0,92.02411743376882,180.0,3.1606420744759145,1.0
13,0.4,hist_gbm,target,0.15288799813335652,0.005,1.0,180.0,92.98524641287196,1.0,2.9929072938754153
13,0.4,hist_gbm,both,0.09312161760783115,0.29,0.0,92.02411743376882,92.98524641287196,3.1606420744759145,2.9929072938754153
13,0.4,hist_gbm,crump,0.0847398285206791,0.535,0.0,99.0,103.0,1.0,1.0
13,0.4,hist_gbm,overlap,0.08682517760080527,0.485,0.0,98.7193852176542,101.90007437703869,0.24999990072146996,0.24999990072146996
14,0.0,logistic,unweighted,0.09052569253924705,0.28,0.0,180.0,180.0,1.0,1.0
14,0.0,logistic,source,0.0919834146415871,0.265,0.0,179.96350659010875,180.0,1.0377247885733616,1.0
14,0.0,logistic,target,0.09151576248265658,0.265,0.0,180.0,179.96259668251676,1.0,1.0309222973143712
14,0.0,logistic,both,0.09298406174469157,0.25,0.0,179.96350659010875,179.96259668251676,1.0377247885733616,1.0309222973143712
14,0.0,logistic,crump,0.09052569253924705,0.28,0.0,180.0,180.0,1.0,1.0
14,0.0,logistic,overlap,0.0909999685925754,0.28,0.0,179.9999870410325,179.99998296971725,0.2499999980589835,0.24999996216797565
14,0.0,random_forest,unweighted,0.09052569253924705,0.28,0.0,180.0,180.0,1.0,1.0
14,0.0,random_forest,source,0.09293758800959605,0.245,0.0,174.64511639254005,180.0,1.2860805323585842,1.0
14,0.0,random_forest,target,0.09109212662043353,0.285,0.0,180.0,174.16932964943408,1.0,1.379954757841788
14,0.0,random_forest,both,0.09350663999300458,0.215,0.0,174.64511639254005,174.16932964943408,1.2860805323585842,1.379954757841788
14,0.0,random_forest,crump,0.09052569253924705,0.28,0.0,180.0,180.0,1.0,1.0
14,0.0,random_forest,overlap,0.0940763593885055,0.22,0.0,179.14609798257354,178.68179801391403,0.24999780733941762,0.24999997541090294
14,0.0,hist_gbm,unweighted,0.09052569253924705,0.28,0.0,180.0,180.0,1.0,1.0
14,0.0,hist_gbm,source,0.0889223713884599,0.34,0.0,165.25272733205702,180.0,1.6081941145961072,1.0
14,0.0,hist_gbm,target,0.09161529621252475,0.265,0.0,180.0,164.27156450891593,1.0,1.7937592119139965
14,0.0,hist_gbm,both,0.08995751584400097,0.355,0.0,165.25272733205702,164.27156450891593,1.6081941145961072,1.7937592119139965
14,0.0,hist_gbm,crump,0.09052569253924705,0.28,0.0,180.0,180.0,1.0,1.0
14,0.0,hist_gbm,overlap,0.09375868410149098,0.225,0.0,177.68516833995713,176.89511659096306,0.24999727465396693,0.24999137945876118
14,0.1,logistic,unweighted,0.11583791819082459,0.005,1.0,180.0,180.0,1.0,1.0
14,0.1,logistic,source,0.10294191175783118,0.05,0.0,172.04836769692608,180.0,1.4744338286302152,1.0
14,0.1,logistic,target,0.0941992282047199,0.185,0.0,180.0,170.99186388086818,1.0,1.5787039908470837
14,0.1,logistic,both,0.0815504775093333,0.595,0.0,172.04836769692608,170.99186388086818,1.4744338286302152,1.5787039908470837
14,0.1,logistic,crump,0.11583791819082459,0.005,1.0,180.0,180.0,1.0,1.0
14,0.1,logistic,overlap,0.11061202988622283,0.02,1.0,179.11052727069622,178.97374249695676,0.24999998882192223,0.249999515660508
14,0.1,random_forest,unweighted,0.11583791819082459,0.005,1.0,180.0,180.0,1.0,1.0
14,0.1,random_forest,source,0.11253266445291174,0.015,1.0,164.6648240346493,180.0,1.3138193355092904,1.0
14,0.1,random_forest,target,0.08963818745114303,0.34,0.0,180.0,157.47087912768066,1.0,1.5362340110639938
14,0.1,random_forest,both,0.08548781751990384,0.44,0.0,164.6648240346493,157.47087912768066,1.3138193355092904,1.5362340110639938
14,0.1,random_forest,crump,0.0871746870004895,0.51,0.0,164.0,163.0,1.0,1.0
14,0.1,random_forest,overlap,0.08670218284514114,0.41,0.0,169.47902063276857,161.3514818630039,0.24999882144448524,0.24999941944943943
14,0.1,hist_gbm,unweighted,0.11583791819082459,0.005,1.0,180.0,180.0,1.0,1.0
14,0.1,hist_gbm,source,0.10585331736776873,0.03,1.0,153.4961899201102,180.0,2.35259826766225,1.0
14,0.1,hist_gbm,target,0.09199652182100018,0.27,0.0,180.0,149.17493443162454,1.0,2.196954909380279
14,0.1,hist_gbm,both,0.08217530826772063,0.555,0.0,153.4961899201102,149.17493443162454,2.35259826766225,2.196954909380279
14,0.1,hist_gbm,crump,0.0932894272970186,0.19,0.0,178.0,158.0,1.0,1.0
14,0.1,hist_gbm,overlap,0.09975210433504877,0.07,0.0,173.16318537004474,167.70533905999062,0.2499999759677741,0.2499999759677741
14,0.2,logistic,unweighted,0.1450002057613169,0.005,1.0,180.0,180.0,1.0,1.0
14,0.2,logistic,source,0.11794642556309454,0.005,1.0,153.0856132469026,180.0,1.8639988796991687,1.0
14,0.2,logistic,target,0.10403938761746674,0.065,0.0,180.0,155.14137680025124,1.0,1.9705673387900011
14,0.2,logistic,both,0.07697764185163218,0.78,0.0,153.0856132469026,155.14137680025124,1.8639988796991687,1.9705673387900011
14,0.2,logistic,crump,0.1450002057613169,0.005,1.0,180.0,180.0,1.0,1.0
14,0.2,logistic,overlap,0.12434783942029753,0.005,1.0,172.43774559894092,173.4245637292996,0.24999986197472454,0.24999509933141334
14,0.2,random_forest,unweighted,0.1450002057613169,0.005,1.0,180.0,180.0,1.0,1.0
14,0.2,random_forest,source,0.13159177760738028,0.005,1.0,140.04552459291136,180.0,1.5968142387992652,1.0
14,0.2,random_forest,target,0.10140082641582197,0.095,0.0,180.0,140.55224157477164,1.0,1.750349958563486
14,0.2,random_forest,both,0.084301719644799,0.545,0.0,140.04552459291136,140.55224157477164,1.5968142387992652,1.750349958563486
14,0.2,random_forest,crump,0.08278010722704805,0.625,0.0,143.0,142.0,1.0,1.0
14,0.2,random_forest,overlap,0.08467215308992654,0.525,0.0,146.3330074400652,143.49650140243406,0.24999926690743035,0.24999971629428225
14,0.2,hist_gbm,unweighted,0.1450002057613169,0.005,1.0,180.0,180.0,1.0,1.0
14,0.2,hist_gbm,source,0.12944355624266424,0.005,1.0,132.24977058599345,180.0,2.238219550626112,1.0
14,0.2,hist_gbm,target,0.097698684746146,0.16,0.0,180.0,127.23855760166028,1.0,2.9478469231427895
14,0.2,hist_gbm,both,0.07926391788765828,0.66,0.0,132.24977058599345,127.23855760166028,2.238219550626112,2.9478469231427895
14,0.2,hist_gbm,crump,0.0770314969155364,0.78,0.0,140.0,138.0,1.0,1.0
14,0.2,hist_gbm,overlap,0.09016211687308678,0.33,0.0,153.4686925816352,145.66793110558697,0.24999973905191777,0.24999973905191777
14,0.3,logistic,unweighted,0.18843909846060053,0.005,1.0,180.0,180.0,1.0,1.0
14,0.3,logistic,source,0.149797551803678,0.005,1.0,131.42233242438266,180.0,2.2828554003057375,1.0
14,0.3,logistic,target,0.12821957233353642,0.005,1.0,180.0,136.0754548840887,1.0,2.3880841121099112
14,0.3,logistic,both,0.08541458790245102,0.47,0.0,131.42233242438266,136.0754548840887,2.2828554003057375,2.3880841121099112
14,0.3,logistic,crump,0.16120667558151475,0.005,1.0,156.0,161.0,1.0,1.0
14,0.3,logistic,overlap,0.14926993870754893,0.005,1.0,159.79122606686835,161.86281150107746,0.2499966226776458,0.24999801709431652
14,0.3,random_forest,unweighted,0.18843909846060053,0.005,1.0,180.0,180.0,1.0,1.0
14,0.3,random_forest,source,0.1611652308621,0.005,1.0,118.10184633073946,180.0,1.9925454438919963,1.0
14,0.3,random_forest,target,0.13339811432670445,0.005,1.0,180.0,124.20629634767656,1.0,1.9704543350118409
14,0.3,random_forest,both,0.09665209374994317,0.19,0.0,118.10184633073946,124.20629634767656,1.9925454438919963,1.9704543350118409
14,0.3,random_forest,crump,0.10136689959168597,0.13,0.0,122.0,127.0,1.0,1.0
14,0.3,random_forest,overlap,0.09935571230995303,0.12,0.0,125.01823963591369,127.4685160975345,0.24999660215152184,0.24999257935189048
14,0.3,hist_gbm,unweighted,0.18843909846060053,0.005,1.0,180.0,180.0,1.0,1.0
14,0.3,hist_gbm,source,0.15606579460969414,0.005,1.0,111.18255317652174,180.0,2.6122250912410228,1.0
14,0.3,hist_gbm,target,0.13403960601186093,0.005,1.0,180.0,118.89096031552884,1.0,2.79306021879378
14,0.3,hist_gbm,both,0.09372717586269214,0.25,0.0,111.18255317652174,118.89096031552884,2.6122250912410228,2.79306021879378
14,0.3,hist_gbm,crump,0.1025492401193072,0.08,0.0,121.0,128.0,1.0,1.0
14,0.3,hist_gbm,overlap,0.10723126929628243,0.035,1.0,128.39070102700867,132.94660814843,0.24994406181935427,0.24994406181935427
14,0.4,logistic,unweighted,0.2246180069730224,0.005,1.0,180.0,180.0,1.0,1.0
14,0.4,logistic,source,0.18010853931860218,0.005,1.0,107.26538228417698,180.0,2.874886052564222,1.0
14,0.4,logistic,target,0.14694116879791208,0.005,1.0,180.0,113.29095418955033,1.0,2.994551368348706
14,0.4,logistic,both,0.08757372297864797,0.43,0.0,107.26538228417698,113.29095418955033,2.874886052564222,2.994551368348706
14,0.4,logistic,crump,0.13723680461566998,0.005,1.0,111.0,120.0,1.0,1.0
14,0.4,logistic,overlap,0.1561113267220027,0.005,1.0,140.638261698181,143.48613798814966,0.24999965007224648,0.24994823044908612
14,0.4,random_forest,unweighted,0.2246180069730224,0.005,1.0,180.0,180.0,1.0,1.0
14,0.4,random_forest,source,0.18707044155515323,0.005,1.0,93.13612368551556,180.0,2.7722542572766256,1.0
14,0.4,random_forest,target,0.1546202850991441,0.005,1.0,180.0,103.619054619738,1.0,2.4779374263161
14,0.4,random_forest,both,0.09457809408593629,0.255,0.0,93.13612368551556,103.619054619738,2.7722542572766256,2.4779374263161
14,0.4,random_forest,crump,0.10245823407536606,0.135,0.0,95.0,109.0,1.0,1.0
14,0.4,random_forest,overlap,0.09885812993192049,0.17,0.0,99.43798637508355,108.41964477751021,0.24999988381284335,0.24996099126541182
14,0.4,hist_gbm,unweighted,0.2246180069730224,0.005,1.0,180.0,180.0,1.0,1.0
14,0.4,hist_gbm,source,0.18244721098424554,0.005,1.0,86.9219617744296,180.0,3.7501919387221565,1.0
14,0.4,hist_gbm,target,0.15369454043172012,0.005,1.0,180.0,100.1051215135282,1.0,3.411180188422884
14,0.4,hist_gbm,both,0.08941360963554885,0.37,0.0,86.9219617744296,100.1051215135282,3.7501919387221565,3.411180188422884
14,0.4,hist_gbm,crump,0.09868601508663075,0.195,0.0,93.0,108.0,1.0,1.0
14,0.4,hist_gbm,overlap,0.10540834055621007,0.085,0.0,102.2175141098158,112.319554976501,0.24999437823531295,0.24999437823531295
15,0.0,logistic,unweighted,0.08308120332266422,0.54,0.0,180.0,180.0,1.0,1.0
15,0.0,logistic,source,0.08126634906822996,0.655,0.0,179.81542818293474,180.0,1.0906397394714356,1.0
15,0.0,logistic,target,0.08112654012762394,0.665,0.0,180.0,179.82029553188477,1.0,1.0971800214743788
15,0.0,logistic,both,0.07933130317927198,0.72,0.0,179.81542818293474,179.82029553188477,1.0906397394714356,1.0971800214743788
15,0.0,logistic,crump,0.08308120332266422,0.54,0.0,180.0,180.0,1.0,1.0
15,0.0,logistic,overlap,0.08353435076484023,0.54,0.0,179.99965024791678,179.99951392772033,0.24999998188782566,0.24999994736608427
15,0.0,random_forest,unweighted,0.08308120332266422,0.54,0.0,180.0,180.0,1.0,1.0
15,0.0,random_forest,source,0.07776296139325548,0.76,0.0,169.16692133679683,180.0,1.3459607089353034,1.0
15,0.0,random_forest,target,0.08681443431742458,0.42,0.0,180.0,172.2772256563725,1.0,1.5114002799802113
15,0.0,random_forest,both,0.08124310638436182,0.63,0.0,169.16692133679683,172.2772256563725,1.3459607089353034,1.5114002799802113
15,0.0,random_forest,crump,0.08401536466762227,0.505,0.0,180.0,178.0,1.0,1.0
15,0.0,random_forest,overlap,0.08257283505801974,0.555,0.0,176.22243776836223,177.53991459314457,0.24999997777071836,0.24999997777071836
15,0.0,hist_gbm,unweighted,0.08308120332266422,0.54,0.0,180.0,180.0,1.0,1.0
15,0.0,hist_gbm,source,0.08022586455557022,0.65,0.0,167.3097725609796,180.0,1.960738282829238,1.0
15,0.0,hist_gbm,target,0.08832544052957023,0.385,0.0,180.0,160.18722281482022,1.0,1.778856733790239
15,0.0,hist_gbm,both,0.0853319088405273,0.475,0.0,167.3097725609796,160.18722281482022,1.960738282829238,1.778856733790239
15,0.0,hist_gbm,crump,0.08308120332266422,0.54,0.0,180.0,180.0,1.0,1.0
15,0.0,hist_gbm,overlap,0.08589999980654858,0.445,0.0,178.14897337466104,176.4686080144928,0.24999985154509333,0.24999872340452747
15,0.1,logistic,unweighted,0.1110181136640756,0.01,1.0,180.0,180.0,1.0,1.0
15,0.1,logistic,source,0.09340911270202917,0.215,0.0,169.01147748497957,180.0,1.5973877783866792,1.0
15,0.1,logistic,target,0.08843772306683893,0.41,0.0,180.0,169.21625524407344,1.0,1.6152476585297626
15,0.1,logistic,both,0.0712630340458812,0.895,0.0,169.01147748497957,169.21625524407344,1.5973877783866792,1.6152476585297626
15,0.1,logistic,crump,0.1110181136640756,0.01,1.0,180.0,180.0,1.0,1.0
15,0.1,logistic,overlap,0.10392827320226554,0.02,1.0,178.50850957617212,178.31148218859332,0.24999975149149464,0.24999735349794205
15,0.1,random_forest,unweighted,0.1110181136640756,0.01,1.0,180.0,180.0,1.0,1.0
15,0.1,random_forest,source,0.09785529882441807,0.11,0.0,158.02747307923732,180.0,1.4803705931989977,1.0
15,0.1,random_forest,target,0.09005421622023814,0.33,0.0,180.0,157.61454323079917,1.0,1.7663743012072053
15,0.1,random_forest,both,0.0753226868824485,0.81,0.0,158.02747307923732,157.61454323079917,1.4803705931989977,1.7663743012072053
15,0.1,random_forest,crump,0.08217251863737796,0.58,0.0,166.0,163.0,1.0,1.0
15,0.1,random_forest,overlap,0.081083563988182,0.645,0.0,166.85518356245584,163.8537875113812,0.2499982808084349,0.24999947194542763
15,0.1,hist_gbm,unweighted,0.1110181136640756,0.01,1.0,180.0,180.0,1.0,1.0
15,0.1,hist_gbm,source,0.0945812556834926,0.18,0.0,154.03734413600117,180.0,2.47949920757167,1.0
15,0.1,hist_gbm,target,0.08969394493951596,0.35,0.0,180.0,141.95939366096118,1.0,2.2185315144834785
15,0.1,hist_gbm,both,0.07279090913472187,0.86,0.0,154.03734413600117,141.95939366096118,2.47949920757167,2.2185315144834785
15,0.1,hist_gbm,crump,0.08952314739969346,0.3,0.0,179.0,152.0,1.0,1.0
15,0.1,hist_gbm,overlap,0.09062249270802133,0.3,0.0,173.87784629783678,163.332000870427,0.2499948584664066,0.24998404362335952
15,0.2,logistic,unweighted,0.154339991998171,0.005,1.0,180.0,180.0,1.0,1.0
15,0.2,logistic,source,0.12543414061244068,0.005,1.0,149.69879551233427,180.0,1.9963647070169066,1.0
15,0.2,logistic,target,0.1079974900065548,0.03,1.0,180.0,150.45665434737714,1.0,2.0152446684513534
15,0.2,logistic,both,0.07792200012093249,0.715,0.0,149.69879551233427,150.45665434737714,1.9963647070169066,2.0152446684513534
15,0.2,logistic,crump,0.15091999751170015,0.005,1.0,177.0,178.0,1.0,1.0
15,0.2,logistic,overlap,0.12862195509978344,0.005,1.0,170.63288798239455,170.56388817704217,0.24999979775276998,0.2499870823379806
15,0.2,random_forest,unweighted,0.154339991998171,0.005,1.0,180.0,180.0,1.0,1.0
15,0.2,random_forest,source,0.13327869877893278,0.005,1.0,137.81779911959438,180.0,1.6744019356235094,1.0
15,0.2,random_forest,target,0.10844586734364642,0.03,1.0,180.0,137.16557011699678,1.0,2.1721949749013154
15,0.2,random_forest,both,0.08320057619636853,0.565,0.0,137.81779911959438,137.16557011699678,1.6744019356235094,2.1721949749013154
15,0.2,random_forest,crump,0.09202111600934787,0.315,0.0,147.0,141.0,1.0,1.0
15,0.2,random_forest,overlap,0.08945682970052643,0.365,0.0,145.02514323940386,142.09971696838167,0.2499997922745251,0.2499998468256075
15,0.2,hist_gbm,unweighted,0.154339991998171,0.005,1.0,180.0,180.0,1.0,1.0
15,0.2,hist_gbm,source,0.13035873297499131,0.005,1.0,130.65744109573635,180.0,2.4688859915426264,1.0
15,0.2,hist_gbm,target,0.11061178085897748,0.015,1.0,180.0,124.02467343549348,1.0,2.383166132458363
15,0.2,hist_gbm,both,0.08403653540246242,0.525,0.0,130.65744109573635,124.02467343549348,2.4688859915426264,2.383166132458363
15,0.2,hist_gbm,crump,0.09041584786072318,0.265,0.0,145.0,141.0,1.0,1.0
15,0.2,hist_gbm,overlap,0.09308311329530641,0.25,0.0,147.21585167900002,141.06591616606846,0.2499999463908158,0.2499999463908158
15,0.3,logistic,unweighted,0.19218957952293858,0.005,1.0,180.0,180.0,1.0,1.0
15,0.3,logistic,source,0.1489131922688076,0.005,1.0,127.27979925803452,180.0,2.3310292341050025,1.0
15,0.3,logistic,target,0.12594972926614587,0.01,1.0,180.0,127.7297301962971,1.0,2.5070228492398576
15,0.3,logistic,both,0.07687426429489905,0.715,0.0,127.27979925803452,127.7297301962971,2.3310292341050025,2.5070228492398576
15,0.3,logistic,crump,0.14797647704092654,0.005,1.0,148.0,148.0,1.0,1.0
15,0.3,logistic,overlap,0.14317170292089534,0.005,1.0,155.57874022903013,156.00035190004238,0.24998690002362833,0.24999764547003928
15,0.3,random_forest,unweighted,0.19218957952293858,0.005,1.0,180.0,180.0,1.0,1.0
15,0.3,random_forest,source,0.16024385977797526,0.005,1.0,114.7638773219389,180.0,1.944025467035168,1.0
15,0.3,random_forest,target,0.12997919070331415,0.01,1.0,180.0,113.72260750213528,1.0,2.653601474015716
15,0.3,random_forest,both,0.08458692127880935,0.485,0.0,114.7638773219389,113.72260750213528,1.944025467035168,2.653601474015716
15,0.3,random_forest,crump,0.09024978051282052,0.335,0.0,125.0,117.0,1.0,1.0
15,0.3,random_forest,overlap,0.08713846131837838,0.385,0.0,122.79438897534189,117.1331277633061,0.24999995052413768,0.24999995052413768
15,0.3,hist_gbm,unweighted,0.19218957952293858,0.005,1.0,180.0,180.0,1.0,1.0
15,0.3,hist_gbm,source,0.1602935266103891,0.005,1.0,111.37200023380669,180.0,3.0359363126501857,1.0
15,0.3,hist_gbm,target,0.1273829616958688,0.005,1.0,180.0,101.66113620353053,1.0,3.0126057011719447
15,0.3,hist_gbm,both,0.08496772870945712,0.485,0.0,111.37200023380669,101.66113620353053,3.0359363126501857,3.0126057011719447
15,0.3,hist_gbm,crump,0.09274742358373012,0.245,0.0,127.0,118.0,1.0,1.0
15,0.3,hist_gbm,overlap,0.08962571793199313,0.335,0.0,126.48151835803617,113.83739516541549,0.2499914308658155,0.2499990177010522
15,0.4,logistic,unweighted,0.23867693472793777,0.005,1.0,180.0,180.0,1.0,1.0
15,0.4,logistic,source,0.18057852430101468,0.005,1.0,106.15041979659416,180.0,2.8360762639275743,1.0
15,0.4,logistic,target,0.16042542274870084,0.005,1.0,180.0,107.55806773971686,1.0,3.0389095508202075
15,0.4,logistic,both,0.08131303521587363,0.6,0.0,106.15041979659416,107.55806773971686,2.8360762639275743,3.0389095508202075
15,0.4,logistic,crump,0.11639177174486515,0.03,1.0,107.0,107.0,1.0,1.0
15,0.4,logistic,overlap,0.15902098387143027,0.005,1.0,138.424134806774,137.66158824561091,0.2499984751674149,0.24998014287087017
15,0.4,random_forest,unweighted,0.23867693472793777,0.005,1.0,180.0,180.0,1.0,1.0
15,0.4,random_forest,source,0.19229822062956767,0.005,1.0,95.16036188511376,180.0,2.3619702366639688,1.0
15,0.4,random_forest,target,0.1677934504111445,0.005,1.0,180.0,97.50780972105908,1.0,2.7652054739262915
15,0.4,random_forest,both,0.09377149890015754,0.26,0.0,95.16036188511376,97.50780972105908,2.3619702366639688,2.7652054739262915
15,0.4,random_forest,crump,0.09787298019801982,0.16,0.0,100.0,101.0,1.0,1.0
15,0.4,random_forest,overlap,0.09927695430714871,0.125,0.0,101.52355019197266,100.50123762067822,0.24999999329295872,0.24999990302008407
15,0.4,hist_gbm,unweighted,0.23867693472793777,0.005,1.0,180.0,180.0,1.0,1.0
15,0.4,hist_gbm,source,0.18881870342644305,0.005,1.0,93.0368067630669,180.0,3.2787879883174247,1.0
15,0.4,hist_gbm,target,0.1679922929350222,0.005,1.0,180.0,88.45930993600987,1.0,3.3473003261758807
15,0.4,hist_gbm,both,0.09298723627189,0.26,0.0,93.0368067630669,88.45930993600987,3.2787879883174247,3.3473003261758807
15,0.4,hist_gbm,crump,0.10057734837559232,0.14,0.0,103.0,101.0,1.0,1.0
15,0.4,hist_gbm,overlap,0.09913602195481683,0.14,0.0,103.59299010785857,98.52792982104145,0.24999999616065435,0.24999505638805763
16,0.0,logistic,unweighted,0.09179866064624295,0.23,0.0,180.0,180.0,1.0,1.0
16,0.0,logistic,source,0.08515334716266992,0.52,0.0,178.06630698477858,180.0,1.2140164580358304,1.0
16,0.0,logistic,target,0.08464409216888179,0.525,0.0,180.0,178.2559843337999,1.0,1.3146789296945482
16,0.0,logistic,both,0.07822493768659146,0.73,0.0,178.06630698477858,178.2559843337999,1.2140164580358304,1.3146789296945482
16,0.0,logistic,crump,0.09179866064624295,0.23,0.0,180.0,180.0,1.0,1.0
16,0.0,logistic,overlap,0.09193214821272062,0.24,0.0,179.9514884224023,179.9699486051908,0.24999963228276378,0.24999983984506585
16,0.0,random_forest,unweighted,0.09179866064624295,0.23,0.0,180.0,180.0,1.0,1.0
16,0.0,random_forest,source,0.08727713599883072,0.415,0.0,170.33008281548777,180.0,1.4510668310350037,1.0
16,0.0,random_forest,target,0.0850389671346258,0.51,0.0,180.0,174.86838240740607,1.0,1.4776516206640615
16,0.0,random_forest,both,0.08033546855871304,0.675,0.0,170.33008281548777,174.86838240740607,1.4510668310350037,1.4776516206640615
16,0.0,random_forest,crump,0.09179866064624295,0.23,0.0,180.0,180.0,1.0,1.0
16,0.0,random_forest,overlap,0.08905521343440942,0.35,0.0,178.6695732816666,179.3475921615734,0.24999995333851213,0.24999998924469322
16,0.0,hist_gbm,unweighted,0.09179866064624295,0.23,0.0,180.0,180.0,1.0,1.0
16,0.0,hist_gbm,source,0.08063853050287512,0.685,0.0,158.9749122477288,180.0,1.6980042780140103,1.0
16,0.0,hist_gbm,target,0.09082348316250768,0.265,0.0,180.0,167.22072985440963,1.0,1.904269867446571
16,0.0,hist_gbm,both,0.07984503573579292,0.685,0.0,158.9749122477288,167.22072985440963,1.6980042780140103,1.904269867446571
16,0.0,hist_gbm,crump,0.09179866064624295,0.23,0.0,180.0,180.0,1.0,1.0
16,0.0,hist_gbm,overlap,0.08862079786830297,0.36,0.0,174.7755319717127,178.5404421985359,0.24999524940399637,0.24999524940399637
16,0.1,logistic,unweighted,0.131087640984606,0.005,1.0,180.0,180.0,1.0,1.0
16,0.1,logistic,source,0.1104134221000398,0.02,1.0,162.99505956959678,180.0,1.6100769641005295,1.0
16,0.1,logistic,target,0.10081318433245715,0.07,0.0,180.0,161.92307576565804,1.0,1.8395213067377727
16,0.1,logistic,both,0.08126084252151247,0.62,0.0,162.99505956959678,161.92307576565804,1.6100769641005295,1.8395213067377727
16,0.1,logistic,crump,0.131087640984606,0.005,1.0,180.0,180.0,1.0,1.0
16,0.1,logistic,overlap,0.12058761932145882,0.005,1.0,176.3503609164853,176.64740840159422,0.24999508071843904,0.24999999974263692
16,0.1,random_forest,unweighted,0.131087640984606,0.005,1.0,180.0,180.0,1.0,1.0
16,0.1,random_forest,source,0.12229660040015224,0.005,1.0,156.5722042253589,180.0,1.4631810736415989,1.0
16,0.1,random_forest,target,0.0976318095931892,0.115,0.0,180.0,148.59137530650338,1.0,1.737316798523087
16,0.1,random_forest,both,0.08748921006195895,0.43,0.0,156.5722042253589,148.59137530650338,1.4631810736415989,1.737316798523087
16,0.1,random_forest,crump,0.09821039635632178,0.105,0.0,162.0,152.0,1.0,1.0
16,0.1,random_forest,overlap,0.09555003673711934,0.17,0.0,164.6057602552523,151.48191777161392,0.24999929203095417,0.24999995657164725
16,0.1,hist_gbm,unweighted,0.131087640984606,0.005,1.0,180.0,180.0,1.0,1.0
16,0.1,hist_gbm,source,0.11845717789581528,0.01,1.0,148.69044678782004,180.0,1.9964983628401582,1.0
16,0.1,hist_gbm,target,0.09328832065260316,0.21,0.0,180.0,138.8633847866619,1.0,2.5286309832290335
16,0.1,hist_gbm,both,0.07984101677052194,0.64,0.0,148.69044678782004,138.8633847866619,1.9964983628401582,2.5286309832290335
16,0.1,hist_gbm,crump,0.09121974484477596,0.325,0.0,158.0,149.0,1.0,1.0
16,0.1,hist_gbm,overlap,0.09413853284784375,0.2,0.0,168.34718180165413,151.0112782088168,0.24999657763294236,0.24999657763294236
16,0.2,logistic,unweighted,0.15387436652187167,0.005,1.0,180.0,180.0,1.0,1.0
16,0.2,logistic,source,0.1297542207767129,0.005,1.0,149.43794870158092,180.0,1.8367370455994785,1.0
16,0.2,logistic,target,0.10367489829998505,0.05,0.0,180.0,148.7491765765758,1.0,2.088748950617416
16,0.2,logistic,both,0.07836918061927728,0.745,0.0,149.43794870158092,148.7491765765758,1.8367370455994785,2.088748950617416
16,0.2,logistic,crump,0.15255449139828747,0.005,1.0,177.0,180.0,1.0,1.0
16,0.2,logistic,overlap,0.12635472787951113,0.005,1.0,169.38518916141118,170.8817894698339,0.24998572578554548,0.2499994835915016
16,0.2,random_forest,unweighted,0.15387436652187167,0.005,1.0,180.0,180.0,1.0,1.0
16,0.2,random_forest,source,0.14072223132512363,0.005,1.0,142.53636365170007,180.0,1.6206262993651857,1.0
16,0.2,random_forest,target,0.0979121675273448,0.145,0.0,180.0,133.44690251367058,1.0,1.868139271874657
16,0.2,random_forest,both,0.07975031803753935,0.69,0.0,142.53636365170007,133.44690251367058,1.6206262993651857,1.868139271874657
16,0.2,random_forest,crump,0.08742325868972595,0.37,0.0,149.0,138.0,1.0,1.0
16,0.2,random_forest,overlap,0.08453358146304428,0.525,0.0,148.01411696645548,136.98228492290744,0.2499997922010005,0.2499998444642858
16,0.2,hist_gbm,unweighted,0.15387436652187167,0.005,1.0,180.0,180.0,1.0,1.0
16,0.2,hist_gbm,source,0.142077189000361,0.005,1.0,135.4005005464225,180.0,2.199842403520613,1.0
16,0.2,hist_gbm,target,0.09519653537086176,0.18,0.0,180.0,123.93633563002095,1.0,2.5918497493959562
16,0.2,hist_gbm,both,0.07886956839460237,0.72,0.0,135.4005005464225,123.93633563002095,2.199842403520613,2.5918497493959562
16,0.2,hist_gbm,crump,0.08433796483731293,0.53,0.0,148.0,136.0,1.0,1.0
16,0.2,hist_gbm,overlap,0.0836402576433127,0.58,0.0,150.89936411894797,135.7096757931377,0.2499998485249869,0.2499998485249869
16,0.3,logistic,unweighted,0.18353245884773664,0.005,1.0,180.0,180.0,1.0,1.0
16,0.3,logistic,source,0.1497293773469756,0.005,1.0,131.96132551231196,180.0,2.181936279863396,1.0
16,0.3,logistic,target,0.11512628737566143,0.005,1.0,180.0,131.76871606829104,1.0,2.439626999374251
16,0.3,logistic,both,0.07551082908108776,0.835,0.0,131.96132551231196,131.76871606829104,2.181936279863396,2.439626999374251
16,0.3,logistic,crump,0.14733003792165575,0.005,1.0,149.0,155.0,1.0,1.0
16,0.3,logistic,overlap,0.13467436707786712,0.005,1.0,158.6475564463697,160.02936566229505,0.24999988778934215,0.24999844172698288
16,0.3,random_forest,unweighted,0.18353245884773664,0.005,1.0,180.0,180.0,1.0,1.0
16,0.3,random_forest,source,0.15896892416043837,0.005,1.0,122.5171167256449,180.0,1.9674890426751104,1.0
16,0.3,random_forest,target,0.11602268163116582,0.005,1.0,180.0,118.31792562731465,1.0,2.1622970638487495
16,0.3,random_forest,both,0.08021886059240109,0.69,0.0,122.5171167256449,118.31792562731465,1.9674890426751104,2.1622970638487495
16,0.3,random_forest,crump,0.08350251640294928,0.455,0.0,126.0,121.0,1.0,1.0
16,0.3,random_forest,overlap,0.083637268759855,0.575,0.0,126.66605860149116,121.23736950803938,0.24999939474453706,0.24999992599094661
16,0.3,hist_gbm,unweighted,0.18353245884773664,0.005,1.0,180.0,180.0,1.0,1.0
16,0.3,hist_gbm,source,0.15821953181426185,0.005,1.0,117.29294158127354,180.0,2.5508350356664717,1.0
16,0.3,hist_gbm,target,0.1169983771291361,0.005,1.0,180.0,111.69925471309391,1.0,2.558425720242344
16,0.3,hist_gbm,both,0.08126197177734193,0.64,0.0,117.29294158127354,111.69925471309391,2.5508350356664717,2.558425720242344
16,0.3,hist_gbm,crump,0.08442683593442624,0.425,0.0,125.0,122.0,1.0,1.0
16,0.3,hist_gbm,overlap,0.08191852871232508,0.63,0.0,126.38424581445445,121.51786934175111,0.24999941619714672,0.24999941619714672
16,0.4,logistic,unweighted,0.22488545096021947,0.005,1.0,180.0,180.0,1.0,1.0
16,0.4,logistic,source,0.18272837661993777,0.005,1.0,107.5550706491121,180.0,2.8027567575575723,1.0
16,0.4,logistic,target,0.13882848670609363,0.005,1.0,180.0,107.362677277674,1.0,3.0668505088059703
16,0.4,logistic,both,0.08092384554213705,0.66,0.0,107.5550706491121,107.362677277674,2.8027567575575723,3.0668505088059703
16,0.4,logistic,crump,0.12330261343722122,0.015,1.0,109.0,113.0,1.0,1.0
16,0.4,logistic,overlap,0.14949375273408916,0.005,1.0,138.79589636205327,140.80503949166254,0.2499991342951729,0.24999541218744004
16,0.4,random_forest,unweighted,0.22488545096021947,0.005,1.0,180.0,180.0,1.0,1.0
16,0.4,random_forest,source,0.18856622466359035,0.005,1.0,97.24407275660073,180.0,2.466663708935438,1.0
16,0.4,random_forest,target,0.14432747356839787,0.005,1.0,180.0,94.7017694994757,1.0,2.6044230323056667
16,0.4,random_forest,both,0.08489153602832832,0.545,0.0,97.24407275660073,94.7017694994757,2.466663708935438,2.6044230323056667
16,0.4,random_forest,crump,0.09091832653061224,0.37,0.0,100.0,98.0,1.0,1.0
16,0.4,random_forest,overlap,0.08868986874513411,0.4,0.0,101.1094278274106,97.99428854284412,0.2499991824433256,0.2499991824433256
16,0.4,hist_gbm,unweighted,0.22488545096021947,0.005,1.0,180.0,180.0,1.0,1.0
16,0.4,hist_gbm,source,0.1871602702070667,0.005,1.0,90.8194835651473,180.0,3.032231037427476,1.0
16,0.4,hist_gbm,target,0.14153564419652537,0.005,1.0,180.0,90.38003798926297,1.0,3.107810858691317
16,0.4,hist_gbm,both,0.08186446211050255,0.65,0.0,90.8194835651473,90.38003798926297,3.032231037427476,3.107810858691317
16,0.4,hist_gbm,crump,0.08992926754969112,0.4,0.0,101.0,98.0,1.0,1.0
16,0.4,hist_gbm,overlap,0.08873099620139646,0.4,0.0,100.85126273226895,98.40126201782282,0.24995489636482027,0.24995489636482027
17,0.0,logistic,unweighted,0.07539209724127419,0.89,0.0,180.0,180.0,1.0,1.0
17,0.0,logistic,source,0.07635530421161088,0.86,0.0,179.98832182946774,180.0,1.0207647296337081,1.0
17,0.0,logistic,target,0.07589322638669779,0.88,0.0,180.0,179.98979812909397,1.0,1.0201736414285714
17,0.0,logistic,both,0.07686103806812988,0.83,0.0,179.98832182946774,179.98979812909397,1.0207647296337081,1.0201736414285714
17,0.0,logistic,crump,0.07539209724127419,0.89,0.0,180.0,180.0,1.0,1.0
17,0.0,logistic,overlap,0.0757874485544794,0.89,0.0,179.99999856511317,179.9999990533954,0.24999999973481818,0.24999999742891477
17,0.0,random_forest,unweighted,0.07539209724127419,0.89,0.0,180.0,180.0,1.0,1.0
17,0.0,random_forest,source,0.08309619958722288,0.595,0.0,171.1179514021218,180.0,1.3617665696794115,1.0
17,0.0,random_forest,target,0.06862279906089093,0.945,0.0,180.0,174.76495406358427,1.0,1.2936229737821192
17,0.0,random_forest,both,0.075899890091842,0.865,0.0,171.1179514021218,174.76495406358427,1.3617665696794115,1.2936229737821192
17,0.0,random_forest,crump,0.08285347734930397,0.55,0.0,172.0,180.0,1.0,1.0
17,0.0,random_forest,overlap,0.07905440300067154,0.765,0.0,175.64832784290897,178.53883723902698,0.24999999066183162,0.2499994887627195
17,0.0,hist_gbm,unweighted,0.07539209724127419,0.89,0.0,180.0,180.0,1.0,1.0
17,0.0,hist_gbm,source,0.07669341564648069,0.835,0.0,162.79319869869786,180.0,1.7356127659144156,1.0
17,0.0,hist_gbm,target,0.0734625488332556,0.91,0.0,180.0,164.02634827802325,1.0,1.8585991895009575
17,0.0,hist_gbm,both,0.07463249749960402,0.895,0.0,162.79319869869786,164.02634827802325,1.7356127659144156,1.8585991895009575
17,0.0,hist_gbm,crump,0.07539209724127419,0.89,0.0,180.0,180.0,1.0,1.0
17,0.0,hist_gbm,overlap,0.07443341757783944,0.91,0.0,176.72284884049975,177.91904682203273,0.24999998619293726,0.24999998619293726
17,0.1,logistic,unweighted,0.1044114826245999,0.035,1.0,180.0,180.0,1.0,1.0
17,0.1,logistic,source,0.09120735542405448,0.27,0.0,172.67275425440226,180.0,1.5001955147870873,1.0
17,0.1,logistic,target,0.08481317683291603,0.485,0.0,180.0,172.59324637716492,1.0,1.4143940518984843
17,0.1,logistic,both,0.07183921012719521,0.915,0.0,172.67275425440226,172.59324637716492,1.5001955147870873,1.4143940518984843
17,0.1,logistic,crump,0.1044114826245999,0.035,1.0,180.0,180.0,1.0,1.0
17,0.1,logistic,overlap,0.09939227000748391,0.075,0.0,179.38507057079593,179.199560478932,0.2499989615832354,0.2499986390800924
17,0.1,random_forest,unweighted,0.1044114826245999,0.035,1.0,180.0,180.0,1.0,1.0
17,0.1,random_forest,source,0.10097704123170186,0.055,0.0,157.96795671613063,180.0,1.432979946329243,1.0
17,0.1,random_forest,target,0.07935961317697407,0.69,0.0,180.0,160.66039131473346,1.0,1.5568959413700283
17,0.1,random_forest,both,0.07492334360189977,0.84,0.0,157.96795671613063,160.66039131473346,1.432979946329243,1.5568959413700283
17,0.1,random_forest,crump,0.07283788830371958,0.835,0.0,163.0,163.0,1.0,1.0
17,0.1,random_forest,overlap,0.07465938936750972,0.85,0.0,161.39989427399345,163.11398553393715,0.2499999646904804,0.24999557474429182
17,0.1,hist_gbm,unweighted,0.1044114826245999,0.035,1.0,180.0,180.0,1.0,1.0
17,0.1,hist_gbm,source,0.09609654068136253,0.16,0.0,148.30508397174444,180.0,2.5285963270536214,1.0
17,0.1,hist_gbm,target,0.08739302725868715,0.425,0.0,180.0,150.79170275761012,1.0,2.5638520228148813
17,0.1,hist_gbm,both,0.07846864747511556,0.72,0.0,148.30508397174444,150.79170275761012,2.5285963270536214,2.5638520228148813
17,0.1,hist_gbm,crump,0.06918216345461516,0.945,0.0,158.0,160.0,1.0,1.0
17,0.1,hist_gbm,overlap,0.08179851782170189,0.625,0.0,165.17887784475954,167.9122930279167,0.24997377775290958,0.24997377775290958
17,0.2,logistic,unweighted,0.13297074474165527,0.005,1.0,180.0,180.0,1.0,1.0
17,0.2,logistic,source,0.1040956101737171,0.055,0.0,158.3298121858111,180.0,1.8249284432236246,1.0
17,0.2,logistic,target,0.10042280742071502,0.07,0.0,180.0,161.66040818242615,1.0,1.680519208578731
17,0.2,logistic,both,0.07119577731088428,0.905,0.0,158.3298121858111,161.66040818242615,1.8249284432236246,1.680519208578731
17,0.2,logistic,crump,0.13297074474165527,0.005,1.0,180.0,180.0,1.0,1.0
17,0.2,logistic,overlap,0.11787743870888027,0.01,1.0,175.92377138223452,176.1202185037695,0.24999988676649504,0.24999991537704966
17,0.2,random_forest,unweighted,0.13297074474165527,0.005,1.0,180.0,180.0,1.0,1.0
17,0.2,random_forest,source,0.11421110028555809,0.02,1.0,136.0107736922445,180.0,1.646046576183491,1.0
17,0.2,random_forest,target,0.10220980750738153,0.05,0.0,180.0,153.3602487058069,1.0,1.7121788144221881
17,0.2,random_forest,both,0.08019427900674492,0.71,0.0,136.0107736922445,153.3602487058069,1.646046576183491,1.7121788144221881
17,0.2,random_forest,crump,0.07823335996486505,0.775,0.0,140.0,156.0,1.0,1.0
17,0.2,random_forest,overlap,0.08076802729207054,0.71,0.0,140.39032575220918,156.4124452373023,0.24999918401677684,0.24999918401677684
17,0.2,hist_gbm,unweighted,0.13297074474165527,0.005,1.0,180.0,180.0,1.0,1.0
17,0.2,hist_gbm,source,0.10698122394441145,0.04,1.0,127.27693167334021,180.0,2.9037933353898824,1.0
17,0.2,hist_gbm,target,0.10427996568712827,0.05,0.0,180.0,142.81702456125518,1.0,2.2254305003975263
17,0.2,hist_gbm,both,0.07512082399551229,0.85,0.0,127.27693167334021,142.81702456125518,2.9037933353898824,2.2254305003975263
17,0.2,hist_gbm,crump,0.07861213238929347,0.75,0.0,142.0,154.0,1.0,1.0
17,0.2,hist_gbm,overlap,0.08432105844403724,0.575,0.0,139.9899167692875,159.83331334292416,0.24999844452488762,0.24999844452488762
17,0.3,logistic,unweighted,0.17050901253619877,0.005,1.0,180.0,180.0,1.0,1.0
17,0.3,logistic,source,0.13789480251300185,0.005,1.0,141.59909013688522,180.0,2.1673703979235146,1.0
17,0.3,logistic,target,0.11440768870539537,0.005,1.0,180.0,143.19908680831008,1.0,2.030451854318936
17,0.3,logistic,both,0.07807751898490523,0.77,0.0,141.59909013688522,143.19908680831008,2.1673703979235146,2.030451854318936
17,0.3,logistic,crump,0.16729990618503446,0.005,1.0,177.0,178.0,1.0,1.0
17,0.3,logistic,overlap,0.13618400820444432,0.005,1.0,168.02458860594575,167.94030675901598,0.2499996329118454,0.24999860364729282
17,0.3,random_forest,unweighted,0.17050901253619877,0.005,1.0,180.0,180.0,1.0,1.0
17,0.3,random_forest,source,0.14516003219032872,0.005,1.0,122.89421086674085,180.0,1.9314195720263334,1.0
17,0.3,random_forest,target,0.11955919962076733,0.005,1.0,180.0,132.36416534327694,1.0,1.6526519420491395
17,0.3,random_forest,both,0.08494669547027468,0.515,0.0,122.89421086674085,132.36416534327694,1.9314195720263334,1.6526519420491395
17,0.3,random_forest,crump,0.09075233682846671,0.325,0.0,123.0,139.0,1.0,1.0
17,0.3,random_forest,overlap,0.08729538532792083,0.445,0.0,125.46836516751594,137.1382864752515,0.24999972840653786,0.2499998152622037
17,0.3,hist_gbm,unweighted,0.17050901253619877,0.005,1.0,180.0,180.0,1.0,1.0
17,0.3,hist_gbm,source,0.14048871449996622,0.005,1.0,114.31041222046152,180.0,3.2192123552967615,1.0
17,0.3,hist_gbm,target,0.12162911171827179,0.005,1.0,180.0,125.74439571057657,1.0,2.3648209517189596
17,0.3,hist_gbm,both,0.08483391714870095,0.51,0.0,114.31041222046152,125.74439571057657,3.2192123552967615,2.3648209517189596
17,0.3,hist_gbm,crump,0.08569536412494633,0.465,0.0,122.0,135.0,1.0,1.0
17,0.3,hist_gbm,overlap,0.09491472571042221,0.185,0.0,126.38237789279701,139.30536441654522,0.24999999806270087,0.24999999806270087
17,0.4,logistic,unweighted,0.20573379629629635,0.005,1.0,180.0,180.0,1.0,1.0
17,0.4,logistic,source,0.17172997847486254,0.005,1.0,125.60552830746789,180.0,2.496220583118193,1.0
17,0.4,logistic,target,0.1326400014574476,0.005,1.0,180.0,127.12485550606424,1.0,2.401021140894994
17,0.4,logistic,both,0.08743801140422569,0.4,0.0,125.60552830746789,127.12485550606424,2.496220583118193,2.401021140894994
17,0.4,logistic,crump,0.17710208516639542,0.005,1.0,158.0,158.0,1.0,1.0
17,0.4,logistic,overlap,0.1546230281438152,0.005,1.0,156.96074399074922,158.84003551589538,0.24999770808386107,0.24999989851393023
17,0.4,random_forest,unweighted,0.20573379629629635,0.005,1.0,180.0,180.0,1.0,1.0
17,0.4,random_forest,source,0.17737728072154454,0.005,1.0,110.19418644738924,180.0,2.3326145963710623,1.0
17,0.4,random_forest,target,0.13749069550978024,0.005,1.0,180.0,114.01487413455072,1.0,1.9433881866639104
17,0.4,random_forest,both,0.09203205740933737,0.24,0.0,110.19418644738924,114.01487413455072,2.3326145963710623,1.9433881866639104
17,0.4,random_forest,crump,0.0993280107475384,0.175,0.0,111.0,120.0,1.0,1.0
17,0.4,random_forest,overlap,0.09864581600348468,0.14,0.0,112.8432196289754,120.28873128944002,0.24999998815831226,0.24999991074785993
17,0.4,hist_gbm,unweighted,0.20573379629629635,0.005,1.0,180.0,180.0,1.0,1.0
17,0.4,hist_gbm,source,0.1749151278792046,0.005,1.0,104.81218201129067,180.0,3.0641063334360457,1.0
17,0.4,hist_gbm,target,0.13798852471059841,0.005,1.0,180.0,112.40053175149072,1.0,2.662961496327433
17,0.4,hist_gbm,both,0.09121767857035672,0.3,0.0,104.81218201129067,112.40053175149072,3.0641063334360457,2.662961496327433
17,0.4,hist_gbm,crump,0.11129488927551565,0.005,1.0,118.0,124.0,1.0,1.0
17,0.4,hist_gbm,overlap,0.10568962159122176,0.06,0.0,114.21384733209348,123.69052850992358,0.2499995471826676,0.2499995471826676
18,0.0,logistic,unweighted,0.08561008706752021,0.465,0.0,180.0,180.0,1.0,1.0
18,0.0,logistic,source,0.08041922574784963,0.63,0.0,178.87883685689437,180.0,1.2344303717901752,1.0
18,0.0,logistic,target,0.08056997519213269,0.615,0.0,180.0,178.9794027173554,1.0,1.2147410687180664
18,0.0,logistic,both,0.07553851121972169,0.835,0.0,178.87883685689437,178.9794027173554,1.2344303717901752,1.2147410687180664
18,0.0,logistic,crump,0.08561008706752021,0.465,0.0,180.0,180.0,1.0,1.0
18,0.0,logistic,overlap,0.08597170514879758,0.47,0.0,179.98476755818123,179.98516472610518,0.2499999843375432,0.24999996079181264
18,0.0,random_forest,unweighted,0.08561008706752021,0.465,0.0,180.0,180.0,1.0,1.0
18,0.0,random_forest,source,0.07904122563684537,0.7,0.0,172.23898624160543,180.0,1.3296363968382312,1.0
18,0.0,random_forest,target,0.0811982772022638,0.62,0.0,180.0,175.37175379550484,1.0,1.534446556149515
18,0.0,random_forest,both,0.0747462735234058,0.855,0.0,172.23898624160543,175.37175379550484,1.3296363968382312,1.534446556149515
18,0.0,random_forest,crump,0.08561008706752021,0.465,0.0,180.0,180.0,1.0,1.0
18,0.0,random_forest,overlap,0.082279103302476,0.585,0.0,178.74253178889285,179.57894010337193,0.2499999789864811,0.24999905435388906
18,0.0,hist_gbm,unweighted,0.08561008706752021,0.465,0.0,180.0,180.0,1.0,1.0
18,0.0,hist_gbm,source,0.07872730855136098,0.71,0.0,159.51085150002703,180.0,1.9649918308170846,1.0
18,0.0,hist_gbm,target,0.08220912634512974,0.59,0.0,180.0,160.54806640204654,1.0,1.8631619694800354
18,0.0,hist_gbm,both,0.07579924148478898,0.785,0.0,159.51085150002703,160.54806640204654,1.9649918308170846,1.8631619694800354
18,0.0,hist_gbm,crump,0.08561008706752021,0.465,0.0,180.0,180.0,1.0,1.0
18,0.0,hist_gbm,overlap,0.08519539136561724,0.495,0.0,175.57116269881743,177.29298048452088,0.24997754998622218,0.24997754998622218
18,0.1,logistic,unweighted,0.13114232967535436,0.005,1.0,180.0,180.0,1.0,1.0
18,0.1,logistic,source,0.11000620468501524,0.01,1.0,162.59448427011267,180.0,1.7103054947698042,1.0
18,0.1,logistic,target,0.1017497116088569,0.055,0.0,180.0,164.1095186829695,1.0,1.7186637385587318
18,0.1,logistic,both,0.08093639219660652,0.635,0.0,162.59448427011267,164.1095186829695,1.7103054947698042,1.7186637385587318
18,0.1,logistic,crump,0.13114232967535436,0.005,1.0,180.0,180.0,1.0,1.0
18,0.1,logistic,overlap,0.11931466039780694,0.005,1.0,176.01392404991626,176.32115174820242,0.24999903664478848,0.24999937537178096
18,0.1,random_forest,unweighted,0.13114232967535436,0.005,1.0,180.0,180.0,1.0,1.0
18,0.1,random_forest,source,0.11558768339904985,0.005,1.0,154.0889370488552,180.0,1.5057208852755772,1.0
18,0.1,random_forest,target,0.10296710240274252,0.055,0.0,180.0,156.89773826106781,1.0,1.5704549000368864
18,0.1,random_forest,both,0.08592648000043711,0.49,0.0,154.0889370488552,156.89773826106781,1.5057208852755772,1.5704549000368864
18,0.1,random_forest,crump,0.09429382169699367,0.195,0.0,160.0,158.0,1.0,1.0
18,0.1,random_forest,overlap,0.09393810331638755,0.22,0.0,158.62877865280925,160.65427394554047,0.24999904867378,0.24999904867378
18,0.1,hist_gbm,unweighted,0.13114232967535436,0.005,1.0,180.0,180.0,1.0,1.0
18,0.1,hist_gbm,source,0.11274277545748322,0.01,1.0,144.34769516313,180.0,2.6789492622518867,1.0
18,0.1,hist_gbm,target,0.10340304234093803,0.06,0.0,180.0,143.63898594012255,1.0,2.0785222981725915
18,0.1,hist_gbm,both,0.0843364889944099,0.53,0.0,144.34769516313,143.63898594012255,2.6789492622518867,2.0785222981725915
18,0.1,hist_gbm,crump,0.09493100459143518,0.17,0.0,159.0,157.0,1.0,1.0
18,0.1,hist_gbm,overlap,0.09742216987356714,0.14,0.0,157.14630651926606,163.9440201965445,0.24999576791863815,0.24999576791863815
18,0.2,logistic,unweighted,0.16956575121932632,0.005,1.0,180.0,180.0,1.0,1.0
18,0.2,logistic,source,0.1302050323404754,0.005,1.0,141.84493501315507,180.0,2.1300934713551936,1.0
18,0.2,logistic,target,0.1219366635100769,0.005,1.0,180.0,144.1894457363053,1.0,2.1426356012397845
18,0.2,logistic,both,0.07989547266520287,0.725,0.0,141.84493501315507,144.1894457363053,2.1300934713551936,2.1426356012397845
18,0.2,logistic,crump,0.1501812979133389,0.005,1.0,167.0,167.0,1.0,1.0
18,0.2,logistic,overlap,0.1363187293997221,0.005,1.0,164.71852738044367,165.698434671585,0.2499999977577004,0.2499940670461028
18,0.2,random_forest,unweighted,0.16956575121932632,0.005,1.0,180.0,180.0,1.0,1.0
18,0.2,random_forest,source,0.13808556026287264,0.005,1.0,132.54844815232784,180.0,1.9110708455462737,1.0
18,0.2,random_forest,target,0.12376531371486377,0.005,1.0,180.0,136.76314469791544,1.0,2.069378465139364
18,0.2,random_forest,both,0.08631491665317033,0.45,0.0,132.54844815232784,136.76314469791544,1.9110708455462737,2.069378465139364
18,0.2,random_forest,crump,0.10313987055028119,0.045,1.0,141.0,141.0,1.0,1.0
18,0.2,random_forest,overlap,0.0994811214143242,0.1,0.0,141.1189676576147,143.0654205024242,0.24998902798994052,0.24999952365647007
18,0.2,hist_gbm,unweighted,0.16956575121932632,0.005,1.0,180.0,180.0,1.0,1.0
18,0.2,hist_gbm,source,0.13764772458499497,0.005,1.0,127.46583150894597,180.0,2.136741304215373,1.0
18,0.2,hist_gbm,target,0.1256122651612307,0.005,1.0,180.0,123.32261864566388,1.0,2.66201144519989
18,0.2,hist_gbm,both,0.08868290692617985,0.395,0.0,127.46583150894597,123.32261864566388,2.136741304215373,2.66201144519989
18,0.2,hist_gbm,crump,0.10892289433379163,0.035,1.0,139.0,147.0,1.0,1.0
18,0.2,hist_gbm,overlap,0.10275240425736425,0.065,0.0,140.55180151923554,142.32195730523316,0.249994044362144,0.24999976655265924
18,0.3,logistic,unweighted,0.20326871951684194,0.005,1.0,180.0,180.0,1.0,1.0
18,0.3,logistic,source,0.15970798512904388,0.005,1.0,126.07084040670577,180.0,2.4713858805495144,1.0
18,0.3,logistic,target,0.13925442295474402,0.005,1.0,180.0,128.5324410850392,1.0,2.4770959067626817
18,0.3,logistic,both,0.08702765180133562,0.43,0.0,126.07084040670577,128.5324410850392,2.4713858805495144,2.4770959067626817
18,0.3,logistic,crump,0.14125676839058604,0.005,1.0,140.0,138.0,1.0,1.0
18,0.3,logistic,overlap,0.15662580509371604,0.005,1.0,153.48535141044403,154.48299328941883,0.24998878226841695,0.24999975210613848
18,0.3,random_forest,unweighted,0.20326871951684194,0.005,1.0,180.0,180.0,1.0,1.0
18,0.3,random_forest,source,0.1708340758851558,0.005,1.0,118.61366500010082,180.0,2.3301647767092453,1.0
18,0.3,random_forest,target,0.1427527566122322,0.005,1.0,180.0,121.64923537121084,1.0,2.183211686932026
18,0.3,random_forest,both,0.09840333779704306,0.17,0.0,118.61366500010082,121.64923537121084,2.3301647767092453,2.183211686932026
18,0.3,random_forest,crump,0.11963396617869948,0.005,1.0,126.0,129.0,1.0,1.0
18,0.3,random_forest,overlap,0.11378564830455085,0.025,1.0,125.94216567806949,129.9144847721467,0.24999853824936788,0.24999853824936788
18,0.3,hist_gbm,unweighted,0.20326871951684194,0.005,1.0,180.0,180.0,1.0,1.0
18,0.3,hist_gbm,source,0.16828446461416896,0.005,1.0,111.20238181044225,180.0,2.7427598730256317,1.0
18,0.3,hist_gbm,target,0.14528809659127565,0.005,1.0,180.0,113.56605355556005,1.0,2.7859277977367456
18,0.3,hist_gbm,both,0.09946306443734383,0.155,0.0,111.20238181044225,113.56605355556005,2.7427598730256317,2.7859277977367456
18,0.3,hist_gbm,crump,0.11599004509408486,0.015,1.0,123.0,127.0,1.0,1.0
18,0.3,hist_gbm,overlap,0.11563870382833764,0.02,1.0,127.40061887548565,129.2143726237,0.24999944855566983,0.24999944855566983
18,0.4,logistic,unweighted,0.2369144956942539,0.005,1.0,180.0,180.0,1.0,1.0
18,0.4,logistic,source,0.18757031458750456,0.005,1.0,106.47844088781802,180.0,3.021925976248772,1.0
18,0.4,logistic,target,0.15159468752297164,0.005,1.0,180.0,105.55715626299713,1.0,3.0699122731455306
18,0.4,logistic,both,0.08306531721512657,0.565,0.0,106.47844088781802,105.55715626299713,3.021925976248772,3.0699122731455306
18,0.4,logistic,crump,0.1287168793661773,0.005,1.0,111.0,108.0,1.0,1.0
18,0.4,logistic,overlap,0.1594777398047582,0.005,1.0,136.5895676882135,136.1247388939212,0.24998590858345535,0.2499975525722731
18,0.4,random_forest,unweighted,0.2369144956942539,0.005,1.0,180.0,180.0,1.0,1.0
18,0.4,random_forest,source,0.19794848571167417,0.005,1.0,99.8651006041239,180.0,2.8918774652319503,1.0
18,0.4,random_forest,target,0.15036317399803087,0.005,1.0,180.0,95.45370980891458,1.0,2.9308140453456843
18,0.4,random_forest,both,0.08660382210369738,0.465,0.0,99.8651006041239,95.45370980891458,2.8918774652319503,2.9308140453456843
18,0.4,random_forest,crump,0.11205693215554406,0.035,1.0,110.0,103.0,1.0,1.0
18,0.4,random_forest,overlap,0.10432078507313058,0.085,0.0,108.29195880760629,103.34936436413453,0.24999674302089317,0.24999949193011906
18,0.4,hist_gbm,unweighted,0.2369144956942539,0.005,1.0,180.0,180.0,1.0,1.0
18,0.4,hist_gbm,source,0.19563260457166665,0.005,1.0,95.8403064573158,180.0,3.2827852520586065,1.0
18,0.4,hist_gbm,target,0.15098558698152006,0.005,1.0,180.0,90.4410727295125,1.0,3.5016208466234167
18,0.4,hist_gbm,both,0.08818706744446418,0.415,0.0,95.8403064573158,90.4410727295125,3.2827852520586065,3.5016208466234167
18,0.4,hist_gbm,crump,0.11079239404251562,0.05,0.0,110.0,102.0,1.0,1.0
18,0.4,hist_gbm,overlap,0.11038886242917614,0.035,1.0,112.31466557119137,103.96429674974992,0.24991271650677654,0.24991271650677654
19,0.0,logistic,unweighted,0.09995634430727023,0.075,0.0,180.0,180.0,1.0,1.0
19,0.0,logistic,source,0.0989836593432486,0.085,0.0,179.89832713886383,180.0,1.0623202261906106,1.0
19,0.0,logistic,target,0.09781259375840114,0.1,0.0,180.0,179.8700564519426,1.0,1.073070972974733
19,0.0,logistic,both,0.09684196716776643,0.11,0.0,179.89832713886383,179.8700564519426,1.0623202261906106,1.073070972974733
19,0.0,logistic,crump,0.09995634430727023,0.075,0.0,180.0,180.0,1.0,1.0
19,0.0,logistic,overlap,0.10047746378110617,0.075,0.0,179.9999081497364,179.9998353902939,0.2499999958546244,0.24999999471450288
19,0.0,random_forest,unweighted,0.09995634430727023,0.075,0.0,180.0,180.0,1.0,1.0
19,0.0,random_forest,source,0.10096836500367778,0.07,0.0,177.22462859820044,180.0,1.2769929733591536,1.0
19,0.0,random_forest,target,0.09234342985475785,0.22,0.0,180.0,171.00366296744113,1.0,1.4326850928379151
19,0.0,random_forest,both,0.09322240568996862,0.215,0.0,177.22462859820044,171.00366296744113,1.2769929733591536,1.4326850928379151
19,0.0,random_forest,crump,0.093652996546994,0.175,0.0,180.0,174.0,1.0,1.0
19,0.0,random_forest,overlap,0.09508347783487411,0.135,0.0,179.7948323339525,176.30651930408297,0.2499985249150081,0.24999989638602155
19,0.0,hist_gbm,unweighted,0.09995634430727023,0.075,0.0,180.0,180.0,1.0,1.0
19,0.0,hist_gbm,source,0.09515769472643254,0.165,0.0,160.19706286846701,180.0,1.7473621438849432,1.0
19,0.0,hist_gbm,target,0.09692955128542532,0.105,0.0,180.0,162.97898884289384,1.0,2.0056599434229283
19,0.0,hist_gbm,both,0.09209574578617107,0.22,0.0,160.19706286846701,162.97898884289384,1.7473621438849432,2.0056599434229283
19,0.0,hist_gbm,crump,0.09995634430727023,0.075,0.0,180.0,180.0,1.0,1.0
19,0.0,hist_gbm,overlap,0.10060516632953351,0.075,0.0,177.7461053801878,177.38942011410256,0.24999586544983596,0.24999586544983596
19,0.1,logistic,unweighted,0.12468120237006552,0.005,1.0,180.0,180.0,1.0,1.0
19,0.1,logistic,source,0.11188739814136861,0.01,1.0,170.97897247605798,180.0,1.4849777618996578,1.0
19,0.1,logistic,target,0.10277273581181676,0.04,1.0,180.0,171.14133933269972,1.0,1.5311519012513621
19,0.1,logistic,both,0.0899477910054148,0.395,0.0,170.97897247605798,171.14133933269972,1.4849777618996578,1.5311519012513621
19,0.1,logistic,crump,0.12468120237006552,0.005,1.0,180.0,180.0,1.0,1.0
19,0.1,logistic,overlap,0.11927277606910902,0.005,1.0,178.84462577701856,179.09613403773366,0.2499998206819979,0.2499997805315735
19,0.1,random_forest,unweighted,0.12468120237006552,0.005,1.0,180.0,180.0,1.0,1.0
19,0.1,random_forest,source,0.11956335956691495,0.005,1.0,162.34881811341242,180.0,1.3704499040144336,1.0
19,0.1,random_forest,target,0.0979655140676676,0.135,0.0,180.0,158.12614999703317,1.0,1.4319879019149029
19,0.1,random_forest,both,0.09191044266242215,0.315,0.0,162.34881811341242,158.12614999703317,1.3704499040144336,1.4319879019149029
19,0.1,random_forest,crump,0.0919807414080768,0.28,0.0,166.0,160.0,1.0,1.0
19,0.1,random_forest,overlap,0.09197726648626664,0.3,0.0,165.10642661774807,161.89914998735503,0.24999997058246592,0.24999889687460955
19,0.1,hist_gbm,unweighted,0.12468120237006552,0.005,1.0,180.0,180.0,1.0,1.0
19,0.1,hist_gbm,source,0.11514677135317422,0.005,1.0,150.0991715277631,180.0,2.611752656929972,1.0
19,0.1,hist_gbm,target,0.10343055937464267,0.045,1.0,180.0,149.064533349382,1.0,2.5491983079527816
19,0.1,hist_gbm,both,0.09273749097580163,0.32,0.0,150.0991715277631,149.064533349382,2.611752656929972,2.5491983079527816
19,0.1,hist_gbm,crump,0.0888895986763535,0.33,0.0,160.0,157.0,1.0,1.0
19,0.1,hist_gbm,overlap,0.09926331388943223,0.135,0.0,167.42270572907302,163.50393031305606,0.2499936382263859,0.2499936382263859
19,0.2,logistic,unweighted,0.16171609415485444,0.005,1.0,180.0,180.0,1.0,1.0
19,0.2,logistic,source,0.1373238423570181,0.005,1.0,153.02796592465455,180.0,1.854191307374632,1.0
19,0.2,logistic,target,0.11682165320259641,0.005,1.0,180.0,153.96406433415862,1.0,1.8987430336212028
19,0.2,logistic,both,0.09045932283443629,0.33,0.0,153.02796592465455,153.96406433415862,1.854191307374632,1.8987430336212028
19,0.2,logistic,crump,0.16171609415485444,0.005,1.0,180.0,180.0,1.0,1.0
19,0.2,logistic,overlap,0.13971496695990082,0.005,1.0,172.36152636944664,173.0469327372578,0.24999997916430214,0.2499825019136401
19,0.2,random_forest,unweighted,0.16171609415485444,0.005,1.0,180.0,180.0,1.0,1.0
19,0.2,random_forest,source,0.1459457460338149,0.005,1.0,137.03050608290377,180.0,1.634144445332542,1.0
19,0.2,random_forest,target,0.12216701733755264,0.005,1.0,180.0,141.16626247786,1.0,1.6034311003549533
19,0.2,random_forest,both,0.10228108518584678,0.08,0.0,137.03050608290377,141.16626247786,1.634144445332542,1.6034311003549533
19,0.2,random_forest,crump,0.0991326771960585,0.125,0.0,139.0,143.0,1.0,1.0
19,0.2,random_forest,overlap,0.09991476013102434,0.1,0.0,139.29645780760336,146.02478547487888,0.24998177771916494,0.2499814227390839
19,0.2,hist_gbm,unweighted,0.16171609415485444,0.005,1.0,180.0,180.0,1.0,1.0
19,0.2,hist_gbm,source,0.14066235042924008,0.005,1.0,128.85547144250782,180.0,2.610195054173472,1.0
19,0.2,hist_gbm,target,0.12670659880429302,0.005,1.0,180.0,129.93132152352564,1.0,2.239176812235936
19,0.2,hist_gbm,both,0.10268619132492027,0.07,0.0,128.85547144250782,129.93132152352564,2.610195054173472,2.239176812235936
19,0.2,hist_gbm,crump,0.09773374163993792,0.15,0.0,138.0,142.0,1.0,1.0
19,0.2,hist_gbm,overlap,0.10681506157452583,0.04,1.0,143.49635245594314,144.11171970241531,0.24999045675088635,0.2499902070112458
19,0.3,logistic,unweighted,0.18944063595488492,0.005,1.0,180.0,180.0,1.0,1.0
19,0.3,logistic,source,0.15211820068613385,0.005,1.0,131.80668961892425,180.0,2.2904054173831474,1.0
19,0.3,logistic,target,0.12425656471068935,0.005,1.0,180.0,131.80443074885414,1.0,2.2323241169582406
19,0.3,logistic,both,0.08014226515310302,0.68,0.0,131.80668961892425,131.80443074885414,2.2904054173831474,2.2323241169582406
19,0.3,logistic,crump,0.16273494286619547,0.005,1.0,155.0,164.0,1.0,1.0
19,0.3,logistic,overlap,0.14185824129617197,0.005,1.0,159.39559878438286,160.84896048462195,0.2499947844405488,0.2499997469687343
19,0.3,random_forest,unweighted,0.18944063595488492,0.005,1.0,180.0,180.0,1.0,1.0
19,0.3,random_forest,source,0.16203792757996624,0.005,1.0,117.98944403612066,180.0,2.054909998616454,1.0
19,0.3,random_forest,target,0.1240193124451527,0.005,1.0,180.0,115.31436419414504,1.0,1.9796564193467443
19,0.3,random_forest,both,0.08368691735513979,0.575,0.0,117.98944403612066,115.31436419414504,2.054909998616454,1.9796564193467443
19,0.3,random_forest,crump,0.08078539410703076,0.62,0.0,120.0,118.0,1.0,1.0
19,0.3,random_forest,overlap,0.0829289824724654,0.6,0.0,119.85039156139351,119.63923987713123,0.24999804726946517,0.2499960138599409
19,0.3,hist_gbm,unweighted,0.18944063595488492,0.005,1.0,180.0,180.0,1.0,1.0
19,0.3,hist_gbm,source,0.16109778442236633,0.005,1.0,108.82633713567034,180.0,2.679191642272185,1.0
19,0.3,hist_gbm,target,0.12560821066790603,0.005,1.0,180.0,111.74265891726145,1.0,2.74524821526542
19,0.3,hist_gbm,both,0.08467310190185831,0.58,0.0,108.82633713567034,111.74265891726145,2.679191642272185,2.74524821526542
19,0.3,hist_gbm,crump,0.07873215910889522,0.715,0.0,120.0,117.0,1.0,1.0
19,0.3,hist_gbm,overlap,0.08696669254034176,0.47,0.0,119.21524131926614,121.3339450096857,0.2499922687725739,0.2499922687725739
19,0.4,logistic,unweighted,0.22273613873647313,0.005,1.0,180.0,180.0,1.0,1.0
19,0.4,logistic,source,0.18743603698363984,0.005,1.0,115.09426688278545,180.0,2.6624466929610016,1.0
19,0.4,logistic,target,0.142428160543791,0.005,1.0,180.0,117.11935889656425,1.0,2.580141758970815
19,0.4,logistic,both,0.09258025926181258,0.28,0.0,115.09426688278545,117.11935889656425,2.6624466929610016,2.580141758970815
19,0.4,logistic,crump,0.15154502650516546,0.005,1.0,124.0,130.0,1.0,1.0
19,0.4,logistic,overlap,0.16080233324653406,0.005,1.0,148.047741063029,149.25853344252025,0.24999219370457276,0.2499896813790609
19,0.4,random_forest,unweighted,0.22273613873647313,0.005,1.0,180.0,180.0,1.0,1.0
19,0.4,random_forest,source,0.1936755520534894,0.005,1.0,98.32861961619852,180.0,2.385062306281689,1.0
19,0.4,random_forest,target,0.15763052930778487,0.005,1.0,180.0,101.94315781715548,1.0,2.2418442882529575
19,0.4,random_forest,both,0.1086365700888272,0.05,0.0,98.32861961619852,101.94315781715548,2.385062306281689,2.2418442882529575
19,0.4,random_forest,crump,0.09641797733044856,0.24,0.0,101.0,104.0,1.0,1.0
19,0.4,random_forest,overlap,0.103124066944856,0.105,0.0,100.52034191076478,106.35305016347509,0.24999350172940935,0.24998344484523496
19,0.4,hist_gbm,unweighted,0.22273613873647313,0.005,1.0,180.0,180.0,1.0,1.0
19,0.4,hist_gbm,source,0.19426868315972934,0.005,1.0,92.87762725180237,180.0,3.131532279383801,1.0
19,0.4,hist_gbm,target,0.15840694063967442,0.005,1.0,180.0,99.4585025609301,1.0,3.1591397024624444
19,0.4,hist_gbm,both,0.11183298041512157,0.04,1.0,92.87762725180237,99.4585025609301,3.131532279383801,3.1591397024624444
19,0.4,hist_gbm,crump,0.09625325535228875,0.2,0.0,101.0,103.0,1.0,1.0
19,0.4,hist_gbm,overlap,0.10493362184572677,0.075,0.0,99.92941057821582,107.64263612506682,0.2499872850382554,0.2499872850382554
20,0.0,logistic,unweighted,0.059658267604023776,0.995,0.0,180.0,180.0,1.0,1.0
20,0.0,logistic,source,0.06469039422346584,0.97,0.0,179.09081819294124,180.0,1.1668740172380045,1.0
20,0.0,logistic,target,0.06323338414737407,0.985,0.0,180.0,179.18281574473644,1.0,1.1677301393302943
20,0.0,logistic,both,0.06843641498759834,0.95,0.0,179.09081819294124,179.18281574473644,1.1668740172380045,1.1677301393302943
20,0.0,logistic,crump,0.059658267604023776,0.995,0.0,180.0,180.0,1.0,1.0
20,0.0,logistic,overlap,0.060013718163494476,0.995,0.0,179.99311826220736,179.99313915490035,0.24999997534943488,0.24999993619825142
20,0.0,random_forest,unweighted,0.059658267604023776,0.995,0.0,180.0,180.0,1.0,1.0
20,0.0,random_forest,source,0.06963333940117426,0.925,0.0,166.38636618247952,180.0,1.5046039929753283,1.0
20,0.0,random_forest,target,0.06209726655588791,0.99,0.0,180.0,172.3836121544138,1.0,1.4587323460328956
20,0.0,random_forest,both,0.07218298243866567,0.9,0.0,166.38636618247952,172.3836121544138,1.5046039929753283,1.4587323460328956
20,0.0,random_forest,crump,0.059658267604023776,0.995,0.0,180.0,180.0,1.0,1.0
20,0.0,random_forest,overlap,0.06499365229239319,0.965,0.0,175.89221107103782,178.62876290700174,0.2499898948477682,0.24999891008402836
20,0.0,hist_gbm,unweighted,0.059658267604023776,0.995,0.0,180.0,180.0,1.0,1.0
20,0.0,hist_gbm,source,0.06750944372423871,0.945,0.0,157.6038072644218,180.0,1.9133823903590181,1.0
20,0.0,hist_gbm,target,0.06417664400739637,0.96,0.0,180.0,160.82573773358217,1.0,1.803456719278681
20,0.0,hist_gbm,both,0.07185170833512486,0.885,0.0,157.6038072644218,160.82573773358217,1.9133823903590181,1.803456719278681
20,0.0,hist_gbm,crump,0.059658267604023776,0.995,0.0,180.0,180.0,1.0,1.0
20,0.0,hist_gbm,overlap,0.06455571214498806,0.965,0.0,172.97027658516646,176.15981807897043,0.24999257976768757,0.24998508995789503
20,0.1,logistic,unweighted,0.10354911979881115,0.04,1.0,180.0,180.0,1.0,1.0
20,0.1,logistic,source,0.08900092075396215,0.32,0.0,172.35707692663786,180.0,1.4391064175350483,1.0
20,0.1,logistic,target,0.08576969236411132,0.45,0.0,180.0,172.80526771799703,1.0,1.4192900446390997
20,0.1,logistic,both,0.07188525919437451,0.9,0.0,172.35707692663786,172.80526771799703,1.4391064175350483,1.4192900446390997
20,0.1,logistic,crump,0.10354911979881115,0.04,1.0,180.0,180.0,1.0,1.0
20,0.1,logistic,overlap,0.09930584621586906,0.085,0.0,179.27869020559075,179.23697789915664,0.24999957529303896,0.24999925049890306
20,0.1,random_forest,unweighted,0.10354911979881115,0.04,1.0,180.0,180.0,1.0,1.0
20,0.1,random_forest,source,0.09996947647582637,0.095,0.0,156.07619486469198,180.0,1.5915865911174125,1.0
20,0.1,random_forest,target,0.08673107058283808,0.4,0.0,180.0,159.9975710950951,1.0,1.598678813869031
20,0.1,random_forest,both,0.08261783631001833,0.59,0.0,156.07619486469198,159.9975710950951,1.5915865911174125,1.598678813869031
20,0.1,random_forest,crump,0.07848758522525029,0.705,0.0,163.0,167.0,1.0,1.0
20,0.1,random_forest,overlap,0.07763562903676968,0.75,0.0,162.6324335836888,165.9648743308349,0.24999697403420962,0.24999978905400835
20,0.1,hist_gbm,unweighted,0.10354911979881115,0.04,1.0,180.0,180.0,1.0,1.0
20,0.1,hist_gbm,source,0.0960151841493327,0.14,0.0,145.5427547489553,180.0,2.4580160357029146,1.0
20,0.1,hist_gbm,target,0.08726874475557382,0.375,0.0,180.0,148.59752123657344,1.0,2.444811180498138
20,0.1,hist_gbm,both,0.0799104567375627,0.695,0.0,145.5427547489553,148.59752123657344,2.4580160357029146,2.444811180498138
20,0.1,hist_gbm,crump,0.10354911979881115,0.04,1.0,180.0,180.0,1.0,1.0
20,0.1,hist_gbm,overlap,0.09118747557239182,0.25,0.0,168.963038360476,168.3431902962769,0.249993597343847,0.2499975819397102
20,0.2,logistic,unweighted,0.12286871380124981,0.005,1.0,180.0,180.0,1.0,1.0
20,0.2,logistic,source,0.1001164178283027,0.065,0.0,157.89995035868597,180.0,1.7416506831121996,1.0
20,0.2,logistic,target,0.09019841268158364,0.26,0.0,180.0,162.1168144907322,1.0,1.6766976735968067
20,0.2,logistic,both,0.06715283989246386,0.935,0.0,157.89995035868597,162.1168144907322,1.7416506831121996,1.6766976735968067
20,0.2,logistic,crump,0.12286871380124981,0.005,1.0,180.0,180.0,1.0,1.0
20,0.2,logistic,overlap,0.10605424681392653,0.03,1.0,175.5549611442481,175.91725171152908,0.24999937445622106,0.24999997156678047
20,0.2,random_forest,unweighted,0.12286871380124981,0.005,1.0,180.0,180.0,1.0,1.0
20,0.2,random_forest,source,0.1058494581142039,0.035,1.0,132.91948291577174,180.0,1.812575340302977,1.0
20,0.2,random_forest,target,0.094457300983205,0.13,0.0,180.0,152.73679492715615,1.0,1.9378811100419477
20,0.2,random_forest,both,0.07508013628559301,0.785,0.0,132.91948291577174,152.73679492715615,1.812575340302977,1.9378811100419477
20,0.2,random_forest,crump,0.07615587361679974,0.795,0.0,144.0,159.0,1.0,1.0
20,0.2,random_forest,overlap,0.07416877783501863,0.81,0.0,141.60884769338927,158.25916929910522,0.24999927362713745,0.24999989755493104
20,0.2,hist_gbm,unweighted,0.12286871380124981,0.005,1.0,180.0,180.0,1.0,1.0
20,0.2,hist_gbm,source,0.10233474417943814,0.045,1.0,127.07741182293235,180.0,2.330848600757477,1.0
20,0.2,hist_gbm,target,0.09372613688199968,0.175,0.0,180.0,136.0197346646276,1.0,2.355965312556285
20,0.2,hist_gbm,both,0.07093909822642895,0.885,0.0,127.07741182293235,136.0197346646276,2.330848600757477,2.355965312556285
20,0.2,hist_gbm,crump,0.0750309072679542,0.845,0.0,144.0,158.0,1.0,1.0
20,0.2,hist_gbm,overlap,0.07534484835227559,0.79,0.0,141.28464843992512,152.60449813616918,0.24999723668659407,0.2499929091558414
20,0.3,logistic,unweighted,0.17275470964791953,0.005,1.0,180.0,180.0,1.0,1.0
20,0.3,logistic,source,0.1406184106332057,0.005,1.0,139.20234473611401,180.0,2.0998521542516055,1.0
20,0.3,logistic,target,0.11176396661099613,0.005,1.0,180.0,139.91777440344922,1.0,2.094821002162305
20,0.3,logistic,both,0.07503111837469992,0.85,0.0,139.20234473611401,139.91777440344922,2.0998521542516055,2.094821002162305
20,0.3,logistic,crump,0.15984273136195531,0.005,1.0,170.0,171.0,1.0,1.0
20,0.3,logistic,overlap,0.1323872532017694,0.005,1.0,165.82179142974667,164.77073677585452,0.2499999571081338,0.24999596799321414
20,0.3,random_forest,unweighted,0.17275470964791953,0.005,1.0,180.0,180.0,1.0,1.0
20,0.3,random_forest,source,0.15230691344999975,0.005,1.0,121.00063084854486,180.0,2.1348637044629815,1.0
20,0.3,random_forest,target,0.11330669132109344,0.005,1.0,180.0,124.09997810310655,1.0,2.2454734546074118
20,0.3,random_forest,both,0.08615070322288061,0.46,0.0,121.00063084854486,124.09997810310655,2.1348637044629815,2.2454734546074118
20,0.3,random_forest,crump,0.0876698571338496,0.37,0.0,131.0,131.0,1.0,1.0
20,0.3,random_forest,overlap,0.08334946457913418,0.57,0.0,128.83383173712062,129.8382432335704,0.24999992423955103,0.24999461517564325
20,0.3,hist_gbm,unweighted,0.17275470964791953,0.005,1.0,180.0,180.0,1.0,1.0
20,0.3,hist_gbm,source,0.14898922164543357,0.005,1.0,114.39921487421225,180.0,2.637225385476572,1.0
20,0.3,hist_gbm,target,0.11196871057658807,0.005,1.0,180.0,117.11997318723593,1.0,2.5467356032839508
20,0.3,hist_gbm,both,0.08224109898211089,0.565,0.0,114.39921487421225,117.11997318723593,2.637225385476572,2.5467356032839508
20,0.3,hist_gbm,crump,0.08635353588865986,0.41,0.0,132.0,130.0,1.0,1.0
20,0.3,hist_gbm,overlap,0.0854351472334663,0.495,0.0,128.83083733245832,129.20368055814038,0.24995817962371322,0.24989525214870606
20,0.4,logistic,unweighted,0.21235959647919525,0.005,1.0,180.0,180.0,1.0,1.0
20,0.4,logistic,source,0.17454453954903257,0.005,1.0,121.43555223257643,180.0,2.4719140904457326,1.0
20,0.4,logistic,target,0.13706928537923102,0.005,1.0,180.0,121.8954256083011,1.0,2.511101822893423
20,0.4,logistic,both,0.08615530408898191,0.43,0.0,121.43555223257643,121.8954256083011,2.4719140904457326,2.511101822893423
20,0.4,logistic,crump,0.1614519820639587,0.005,1.0,144.0,142.0,1.0,1.0
20,0.4,logistic,overlap,0.15289080411316833,0.005,1.0,152.98311524209606,152.73782556352558,0.2499871128354556,0.2499988052764486
20,0.4,random_forest,unweighted,0.21235959647919525,0.005,1.0,180.0,180.0,1.0,1.0
20,0.4,random_forest,source,0.188353357386297,0.005,1.0,102.7821063602773,180.0,2.3988569168792164,1.0
20,0.4,random_forest,target,0.13366756811525754,0.005,1.0,180.0,104.31990709247118,1.0,3.0909870169141764
20,0.4,random_forest,both,0.09587124237842672,0.245,0.0,102.7821063602773,104.31990709247118,2.3988569168792164,3.0909870169141764
20,0.4,random_forest,crump,0.1003620047624661,0.15,0.0,116.0,112.0,1.0,1.0
20,0.4,random_forest,overlap,0.09512072903768823,0.245,0.0,112.88927424854917,110.15357549138685,0.24999900548026904,0.2499979036950637
20,0.4,hist_gbm,unweighted,0.21235959647919525,0.005,1.0,180.0,180.0,1.0,1.0
20,0.4,hist_gbm,source,0.184762890325208,0.005,1.0,98.91881088012777,180.0,2.9835750390238993,1.0
20,0.4,hist_gbm,target,0.13397043465146924,0.005,1.0,180.0,96.62816625516908,1.0,3.393674175120538
20,0.4,hist_gbm,both,0.09273953770821629,0.31,0.0,98.91881088012777,96.62816625516908,2.9835750390238993,3.393674175120538
20,0.4,hist_gbm,crump,0.10238074291929893,0.09,0.0,119.0,112.0,1.0,1.0
20,0.4,hist_gbm,overlap,0.09910718608896657,0.16,0.0,114.70180782766828,110.07549510929157,0.24997568898073555,0.24997568898073555
21,0.0,logistic,unweighted,0.0797006725346746,0.68,0.0,180.0,180.0,1.0,1.0
21,0.0,logistic,source,0.08503760137974867,0.475,0.0,179.06309643086385,180.0,1.1476276564665113,1.0
21,0.0,logistic,target,0.08426978449142375,0.5,0.0,180.0,179.1216879565801,1.0,1.1808670750672956
21,0.0,logistic,both,0.08975519396011643,0.295,0.0,179.06309643086385,179.1216879565801,1.1476276564665113,1.1808670750672956
21,0.0,logistic,crump,0.0797006725346746,0.68,0.0,180.0,180.0,1.0,1.0
21,0.0,logistic,overlap,0.0801988792320618,0.68,0.0,179.99239580067874,179.9923936782683,0.24999998636466705,0.24999986592466752
21,0.0,random_forest,unweighted,0.0797006725346746,0.68,0.0,180.0,180.0,1.0,1.0
21,0.0,random_forest,source,0.0882804783345501,0.34,0.0,172.8806098629634,180.0,1.3484712290604208,1.0
21,0.0,random_forest,target,0.08137210068966402,0.63,0.0,180.0,175.8907065666783,1.0,1.4444226569128387
21,0.0,random_forest,both,0.09020373092654231,0.27,0.0,172.8806098629634,175.8907065666783,1.3484712290604208,1.4444226569128387
21,0.0,random_forest,crump,0.0797006725346746,0.68,0.0,180.0,180.0,1.0,1.0
21,0.0,random_forest,overlap,0.08300388553667803,0.56,0.0,179.1839470745748,179.52702675343772,0.24999725976870318,0.2499968823450689
21,0.0,hist_gbm,unweighted,0.0797006725346746,0.68,0.0,180.0,180.0,1.0,1.0
21,0.0,hist_gbm,source,0.08575033592386155,0.435,0.0,167.03790242614804,180.0,1.7196643109419718,1.0
21,0.0,hist_gbm,target,0.08486128042784333,0.48,0.0,180.0,166.27673665426556,1.0,1.7343745968602282
21,0.0,hist_gbm,both,0.0910702219536518,0.29,0.0,167.03790242614804,166.27673665426556,1.7196643109419718,1.7343745968602282
21,0.0,hist_gbm,crump,0.0797006725346746,0.68,0.0,180.0,180.0,1.0,1.0
21,0.0,hist_gbm,overlap,0.08157993838836224,0.615,0.0,178.28567575725575,178.09957731784777,0.24997653856219773,0.24999854880381714
21,0.1,logistic,unweighted,0.12165796277244323,0.005,1.0,180.0,180.0,1.0,1.0
21,0.1,logistic,source,0.10768757911634362,0.03,1.0,171.3956836655017,180.0,1.5382779419616572,1.0
21,0.1,logistic,target,0.09957653855215173,0.105,0.0,180.0,170.94390607616924,1.0,1.492878028430234
21,0.1,logistic,both,0.0857046001611326,0.485,0.0,171.3956836655017,170.94390607616924,1.5382779419616572,1.492878028430234
21,0.1,logistic,crump,0.12165796277244323,0.005,1.0,180.0,180.0,1.0,1.0
21,0.1,logistic,overlap,0.11592022830773684,0.005,1.0,178.99745579406977,178.93817633579172,0.24999950570559454,0.24999844197570734
21,0.1,random_forest,unweighted,0.12165796277244323,0.005,1.0,180.0,180.0,1.0,1.0
21,0.1,random_forest,source,0.11946264432635414,0.005,1.0,158.82973181379714,180.0,1.343170648540138,1.0
21,0.1,random_forest,target,0.09220708694080729,0.27,0.0,180.0,155.34890402952703,1.0,1.51343799540391
21,0.1,random_forest,both,0.0894890572215366,0.335,0.0,158.82973181379714,155.34890402952703,1.343170648540138,1.51343799540391
21,0.1,random_forest,crump,0.08354071006391728,0.555,0.0,163.0,156.0,1.0,1.0
21,0.1,random_forest,overlap,0.08794612602556881,0.41,0.0,162.31757295519364,158.2811899620906,0.24999999997850422,0.24999512181230468
21,0.1,hist_gbm,unweighted,0.12165796277244323,0.005,1.0,180.0,180.0,1.0,1.0
21,0.1,hist_gbm,source,0.11396112469150689,0.01,1.0,150.91995433542195,180.0,2.3655319066792164,1.0
21,0.1,hist_gbm,target,0.09932231089743164,0.115,0.0,180.0,151.29270240129208,1.0,2.432355044545486
21,0.1,hist_gbm,both,0.09161105188425678,0.28,0.0,150.91995433542195,151.29270240129208,2.3655319066792164,2.432355044545486
21,0.1,hist_gbm,crump,0.0870492093972906,0.43,0.0,159.0,157.0,1.0,1.0
21,0.1,hist_gbm,overlap,0.10204199024236271,0.075,0.0,166.52574621087663,168.1398946838362,0.24999523618315259,0.24999523618315259
21,0.2,logistic,unweighted,0.1599886059670782,0.005,1.0,180.0,180.0,1.0,1.0
21,0.2,logistic,source,0.12792683893042378,0.005,1.0,152.10335400305905,180.0,1.9644280322656091,1.0
21,0.2,logistic,target,0.11983984216226617,0.005,1.0,180.0,153.4678891928624,1.0,1.878981323577007
21,0.2,logistic,both,0.08641456460023672,0.5,0.0,152.10335400305905,153.4678891928624,1.9644280322656091,1.878981323577007
21,0.2,logistic,crump,0.1599886059670782,0.005,1.0,180.0,180.0,1.0,1.0
21,0.2,logistic,overlap,0.13876716140263476,0.005,1.0,172.0937294860333,172.32305493821283,0.24999999860175942,0.2499995367767192
21,0.2,random_forest,unweighted,0.1599886059670782,0.005,1.0,180.0,180.0,1.0,1.0
21,0.2,random_forest,source,0.14677560514504973,0.005,1.0,138.5651996304614,180.0,1.5410759407911825,1.0
21,0.2,random_forest,target,0.11768331899891558,0.005,1.0,180.0,140.41946370762807,1.0,1.6587312368594311
21,0.2,random_forest,both,0.10028502719893641,0.115,0.0,138.5651996304614,140.41946370762807,1.5410759407911825,1.6587312368594311
21,0.2,random_forest,crump,0.09653015083653929,0.165,0.0,144.0,142.0,1.0,1.0
21,0.2,random_forest,overlap,0.09870224895514504,0.135,0.0,143.01778235841695,142.70819947008485,0.24999972024237085,0.24999951843628015
21,0.2,hist_gbm,unweighted,0.1599886059670782,0.005,1.0,180.0,180.0,1.0,1.0
21,0.2,hist_gbm,source,0.1389941580630052,0.005,1.0,130.33381653370603,180.0,2.825063982800637,1.0
21,0.2,hist_gbm,target,0.12096070300274972,0.005,1.0,180.0,136.70741438479547,1.0,2.2000097801263214
21,0.2,hist_gbm,both,0.09694846880501048,0.195,0.0,130.33381653370603,136.70741438479547,2.825063982800637,2.2000097801263214
21,0.2,hist_gbm,crump,0.09866260716885214,0.08,0.0,145.0,141.0,1.0,1.0
21,0.2,hist_gbm,overlap,0.1052771631511023,0.08,0.0,142.41412623830942,149.80380816537914,0.24999555592137881,0.2499671094707536
21,0.3,logistic,unweighted,0.18266176173601584,0.005,1.0,180.0,180.0,1.0,1.0
21,0.3,logistic,source,0.15000856265921214,0.005,1.0,135.8573153466015,180.0,2.3142712170910325,1.0
21,0.3,logistic,target,0.11843028857338692,0.01,1.0,180.0,136.16719868079147,1.0,2.2206631714968608
21,0.3,logistic,both,0.07881188398534451,0.71,0.0,135.8573153466015,136.16719868079147,2.3142712170910325,2.2206631714968608
21,0.3,logistic,crump,0.15605953352512328,0.005,1.0,158.0,163.0,1.0,1.0
21,0.3,logistic,overlap,0.13770774198487878,0.005,1.0,162.1354288997,162.7714095171923,0.2499992982255604,0.24999702691091108
21,0.3,random_forest,unweighted,0.18266176173601584,0.005,1.0,180.0,180.0,1.0,1.0
21,0.3,random_forest,source,0.15859558264698728,0.005,1.0,123.30636686022248,180.0,1.7714446831557178,1.0
21,0.3,random_forest,target,0.11605430366602168,0.01,1.0,180.0,122.39412085412555,1.0,1.9176755471409597
21,0.3,random_forest,both,0.08101809714365382,0.605,0.0,123.30636686022248,122.39412085412555,1.7714446831557178,1.9176755471409597
21,0.3,random_forest,crump,0.08309051391359806,0.57,0.0,124.0,125.0,1.0,1.0
21,0.3,random_forest,overlap,0.08191614846808919,0.565,0.0,126.48990439266777,124.61133700430845,0.24999997176767041,0.24999997176767041
21,0.3,hist_gbm,unweighted,0.18266176173601584,0.005,1.0,180.0,180.0,1.0,1.0
21,0.3,hist_gbm,source,0.15607365765485565,0.005,1.0,116.80252009877427,180.0,2.282626221344841,1.0
21,0.3,hist_gbm,target,0.11925956708441253,0.005,1.0,180.0,116.4296645334785,1.0,2.4750455141129466
21,0.3,hist_gbm,both,0.08257509816635833,0.555,0.0,116.80252009877427,116.4296645334785,2.282626221344841,2.4750455141129466
21,0.3,hist_gbm,crump,0.08237572541935484,0.57,0.0,125.0,124.0,1.0,1.0
21,0.3,hist_gbm,overlap,0.08648461310615202,0.43,0.0,127.97489083282562,124.97764565030222,0.24999716220755014,0.24999716220755014
21,0.4,logistic,unweighted,0.2245956342402073,0.005,1.0,180.0,180.0,1.0,1.0
21,0.4,logistic,source,0.18442877357661,0.005,1.0,120.43306484411083,180.0,2.668221661522775,1.0
21,0.4,logistic,target,0.15140183814421282,0.005,1.0,180.0,120.79664411699207,1.0,2.5717623766947613
21,0.4,logistic,both,0.09809340545359366,0.175,0.0,120.43306484411083,120.79664411699207,2.668221661522775,2.5717623766947613
21,0.4,logistic,crump,0.17504260851772174,0.005,1.0,139.0,143.0,1.0,1.0
21,0.4,logistic,overlap,0.16812969016460777,0.005,1.0,151.77563344790212,152.40345042470756,0.249999959944768,0.24999854656056414
21,0.4,random_forest,unweighted,0.2245956342402073,0.005,1.0,180.0,180.0,1.0,1.0
21,0.4,random_forest,source,0.19382931377046692,0.005,1.0,109.17060098894781,180.0,2.0941443847741663,1.0
21,0.4,random_forest,target,0.15391870624801432,0.005,1.0,180.0,108.56650841321594,1.0,1.9835397328004643
21,0.4,random_forest,both,0.10622305054631456,0.065,0.0,109.17060098894781,108.56650841321594,2.0941443847741663,1.9835397328004643
21,0.4,random_forest,crump,0.10966098104114633,0.035,1.0,110.0,111.0,1.0,1.0
21,0.4,random_forest,overlap,0.10852509471244143,0.055,0.0,112.07893788943049,111.09996455419659,0.24999998465372653,0.24999998465372653
21,0.4,hist_gbm,unweighted,0.2245956342402073,0.005,1.0,180.0,180.0,1.0,1.0
21,0.4,hist_gbm,source,0.1943184753920912,0.005,1.0,104.31246264718762,180.0,2.7473648832024167,1.0
21,0.4,hist_gbm,target,0.15379864594423773,0.005,1.0,180.0,104.60527404659928,1.0,2.5747670086500962
21,0.4,hist_gbm,both,0.10698466289954969,0.065,0.0,104.31246264718762,104.60527404659928,2.7473648832024167,2.5747670086500962
21,0.4,hist_gbm,crump,0.1078287548664709,0.045,1.0,110.0,110.0,1.0,1.0
21,0.4,hist_gbm,overlap,0.11298817025122948,0.02,1.0,114.52629804233801,113.22577220255484,0.24999597327508452,0.24999597327508452
22,0.0,logistic,unweighted,0.0651181851089773,0.97,0.0,180.0,180.0,1.0,1.0
22,0.0,logistic,source,0.06842149001731518,0.955,0.0,179.5942793020098,180.0,1.1197110751721622,1.0
22,0.0,logistic,target,0.06809949535784207,0.965,0.0,180.0,179.59204178933737,1.0,1.1653784032336147
22,0.0,logistic,both,0.07147914168230485,0.89,0.0,179.5942793020098,179.59204178933737,1.1197110751721622,1.1653784032336147
22,0.0,logistic,crump,0.0651181851089773,0.97,0.0,180.0,180.0,1.0,1.0
22,0.0,logistic,overlap,0.06540982174331536,0.97,0.0,179.9986638466918,179.99786001669278,0.24999999995472932,0.24999978509688361
22,0.0,random_forest,unweighted,0.0651181851089773,0.97,0.0,180.0,180.0,1.0,1.0
22,0.0,random_forest,source,0.07204979879908963,0.86,0.0,174.4149176669527,180.0,1.2963947523780237,1.0
22,0.0,random_forest,target,0.06408795685988142,0.98,0.0,180.0,174.3316002207909,1.0,1.3767843053782114
22,0.0,random_forest,both,0.07130878570184525,0.875,0.0,174.4149176669527,174.3316002207909,1.2963947523780237,1.3767843053782114
22,0.0,random_forest,crump,0.0651181851089773,0.97,0.0,180.0,180.0,1.0,1.0
22,0.0,random_forest,overlap,0.06421465690193981,0.98,0.0,179.36294457338622,178.69363030051863,0.2499999159442594,0.24999912891306483
22,0.0,hist_gbm,unweighted,0.0651181851089773,0.97,0.0,180.0,180.0,1.0,1.0
22,0.0,hist_gbm,source,0.06989176285201207,0.925,0.0,165.36166764481212,180.0,1.796921530282458,1.0
22,0.0,hist_gbm,target,0.07032536955548618,0.905,0.0,180.0,161.88225581216741,1.0,1.8388774752334056
22,0.0,hist_gbm,both,0.07517836040300833,0.8,0.0,165.36166764481212,161.88225581216741,1.796921530282458,1.8388774752334056
22,0.0,hist_gbm,crump,0.0651181851089773,0.97,0.0,180.0,180.0,1.0,1.0
22,0.0,hist_gbm,overlap,0.06814784799683474,0.95,0.0,177.95682222630623,176.50324521879065,0.24999867109674492,0.24999867109674492
22,0.1,logistic,unweighted,0.10405387517146777,0.015,1.0,180.0,180.0,1.0,1.0
22,0.1,logistic,source,0.09488043643867726,0.155,0.0,175.24540785199952,180.0,1.3119675697692432,1.0
22,0.1,logistic,target,0.08641430534413669,0.43,0.0,180.0,174.3363762393483,1.0,1.384383133504594
22,0.1,logistic,both,0.07744334613647508,0.735,0.0,175.24540785199952,174.3363762393483,1.3119675697692432,1.384383133504594
22,0.1,logistic,crump,0.10405387517146777,0.015,1.0,180.0,180.0,1.0,1.0
22,0.1,logistic,overlap,0.10058438534202574,0.055,0.0,179.72329967868754,179.558237595277,0.24999523634540374,0.24999990525873597
22,0.1,random_forest,unweighted,0.10405387517146777,0.015,1.0,180.0,180.0,1.0,1.0
22,0.1,random_forest,source,0.10640949103713798,0.015,1.0,166.31385912760237,180.0,1.3239241227019036,1.0
22,0.1,random_forest,target,0.07782438866395888,0.725,0.0,180.0,155.95543723557228,1.0,1.562510907122194
22,0.1,random_forest,both,0.07980028547033724,0.66,0.0,166.31385912760237,155.95543723557228,1.3239241227019036,1.562510907122194
22,0.1,random_forest,crump,0.0711025944316184,0.93,0.0,172.0,158.0,1.0,1.0
22,0.1,random_forest,overlap,0.07254723211310417,0.87,0.0,172.0204368573574,158.23773782827254,0.249999808675512,0.24999986946563207
22,0.1,hist_gbm,unweighted,0.10405387517146777,0.015,1.0,180.0,180.0,1.0,1.0
22,0.1,hist_gbm,source,0.10643448501814759,0.02,1.0,158.36694607788314,180.0,1.9625801279315167,1.0
22,0.1,hist_gbm,target,0.07807666149836065,0.715,0.0,180.0,141.71845239742063,1.0,2.205700754442449
22,0.1,hist_gbm,both,0.07998788306569825,0.67,0.0,158.36694607788314,141.71845239742063,1.9625801279315167,2.205700754442449
22,0.1,hist_gbm,crump,0.07490067241409248,0.825,0.0,180.0,158.0,1.0,1.0
22,0.1,hist_gbm,overlap,0.07788650701602863,0.715,0.0,175.00568070614193,157.0549817014028,0.2499982862274134,0.2499982862274134
22,0.2,logistic,unweighted,0.1445051173601585,0.005,1.0,180.0,180.0,1.0,1.0
22,0.2,logistic,source,0.1265980868217618,0.005,1.0,162.39071306728607,180.0,1.6119057932266945,1.0
22,0.2,logistic,target,0.1055565476891187,0.05,0.0,180.0,159.81670476964496,1.0,1.7361268136166645
22,0.2,logistic,both,0.08682410411964585,0.39,0.0,162.39071306728607,159.81670476964496,1.6119057932266945,1.7361268136166645
22,0.2,logistic,crump,0.1445051173601585,0.005,1.0,180.0,180.0,1.0,1.0
22,0.2,logistic,overlap,0.12857691951769049,0.005,1.0,176.5591041864283,175.60773213167357,0.24999170156531486,0.24999971895866366
22,0.2,random_forest,unweighted,0.1445051173601585,0.005,1.0,180.0,180.0,1.0,1.0
22,0.2,random_forest,source,0.14078573990910492,0.005,1.0,153.96540633390248,180.0,1.4393442059604302,1.0
22,0.2,random_forest,target,0.09628529783782874,0.145,0.0,180.0,139.6280326605014,1.0,1.8557152662119507
22,0.2,random_forest,both,0.09086908899671516,0.28,0.0,153.96540633390248,139.6280326605014,1.4393442059604302,1.8557152662119507
22,0.2,random_forest,crump,0.08588667315484713,0.475,0.0,162.0,141.0,1.0,1.0
22,0.2,random_forest,overlap,0.08586744049565555,0.445,0.0,159.219612727566,141.43031086767118,0.24999926523582067,0.24999926523582067
22,0.2,hist_gbm,unweighted,0.1445051173601585,0.005,1.0,180.0,180.0,1.0,1.0
22,0.2,hist_gbm,source,0.13871001198059765,0.005,1.0,146.95987261353685,180.0,2.131503509616378,1.0
22,0.2,hist_gbm,target,0.09673396061289766,0.145,0.0,180.0,127.6696162770493,1.0,2.740151556771112
22,0.2,hist_gbm,both,0.08920098071926715,0.34,0.0,146.95987261353685,127.6696162770493,2.131503509616378,2.740151556771112
22,0.2,hist_gbm,crump,0.08597955832421951,0.445,0.0,161.0,140.0,1.0,1.0
22,0.2,hist_gbm,overlap,0.08836179082873064,0.355,0.0,163.7858537021352,139.45031659784706,0.24999999966441844,0.24999999966441844
22,0.3,logistic,unweighted,0.1770862444749276,0.005,1.0,180.0,180.0,1.0,1.0
22,0.3,logistic,source,0.14922805578675777,0.005,1.0,141.63177323533836,180.0,2.008473070024414,1.0
22,0.3,logistic,target,0.1160667177706739,0.01,1.0,180.0,140.2722463421603,1.0,2.154277711082865
22,0.3,logistic,both,0.08375058213398609,0.55,0.0,141.63177323533836,140.2722463421603,2.008473070024414,2.154277711082865
22,0.3,logistic,crump,0.16908776901687547,0.005,1.0,174.0,174.0,1.0,1.0
22,0.3,logistic,overlap,0.1395294102572997,0.005,1.0,166.47843182871037,165.46250833818954,0.24995864369817822,0.24999778625075852
22,0.3,random_forest,unweighted,0.1770862444749276,0.005,1.0,180.0,180.0,1.0,1.0
22,0.3,random_forest,source,0.16127852608646118,0.005,1.0,128.35031517409504,180.0,1.8688379888838091,1.0
22,0.3,random_forest,target,0.11187044790653862,0.02,1.0,180.0,122.7806268503879,1.0,1.9301758829221551
22,0.3,random_forest,both,0.08952934794525459,0.365,0.0,128.35031517409504,122.7806268503879,1.8688379888838091,1.9301758829221551
22,0.3,random_forest,crump,0.08573566087755993,0.51,0.0,133.0,125.0,1.0,1.0
22,0.3,random_forest,overlap,0.08638660746452997,0.46,0.0,133.34233216645947,125.2102058133646,0.2499998443655792,0.2499998443655792
22,0.3,hist_gbm,unweighted,0.1770862444749276,0.005,1.0,180.0,180.0,1.0,1.0
22,0.3,hist_gbm,source,0.16095776629962258,0.005,1.0,120.11245739898578,180.0,2.3767896881696466,1.0
22,0.3,hist_gbm,target,0.1103735613736608,0.035,1.0,180.0,112.9151761893588,1.0,2.5432328975210665
22,0.3,hist_gbm,both,0.08884703105131812,0.39,0.0,120.11245739898578,112.9151761893588,2.3767896881696466,2.5432328975210665
22,0.3,hist_gbm,crump,0.08517777986476335,0.47,0.0,132.0,125.0,1.0,1.0
22,0.3,hist_gbm,overlap,0.0891693446532021,0.375,0.0,136.1131378406281,122.9108306621688,0.24999252666360883,0.24999252666360883
22,0.4,logistic,unweighted,0.1992179393385155,0.005,1.0,180.0,180.0,1.0,1.0
22,0.4,logistic,source,0.16608219735194366,0.005,1.0,128.492190971334,180.0,2.293595346449502,1.0
22,0.4,logistic,target,0.12655138784682438,0.005,1.0,180.0,126.52410101843907,1.0,2.4259163651387463
22,0.4,logistic,both,0.08206460902030155,0.595,0.0,128.492190971334,126.52410101843907,2.293595346449502,2.4259163651387463
22,0.4,logistic,crump,0.1536440762421616,0.005,1.0,153.0,145.0,1.0,1.0
22,0.4,logistic,overlap,0.14304017487528806,0.005,1.0,157.93444567769566,155.2742812896897,0.2499999304110409,0.24999999672958506
22,0.4,random_forest,unweighted,0.1992179393385155,0.005,1.0,180.0,180.0,1.0,1.0
22,0.4,random_forest,source,0.1781281827710285,0.005,1.0,113.44837445335047,180.0,2.034630588966167,1.0
22,0.4,random_forest,target,0.11949511481966404,0.01,1.0,180.0,110.24700103523807,1.0,2.380410053171557
22,0.4,random_forest,both,0.084396850902026,0.55,0.0,113.44837445335047,110.24700103523807,2.034630588966167,2.380410053171557
22,0.4,random_forest,crump,0.08201297272146324,0.62,0.0,118.0,114.0,1.0,1.0
22,0.4,random_forest,overlap,0.08130647860007938,0.62,0.0,118.41710067953268,113.18864764783635,0.24999949346237632,0.24999991412586617
22,0.4,hist_gbm,unweighted,0.1992179393385155,0.005,1.0,180.0,180.0,1.0,1.0
22,0.4,hist_gbm,source,0.17543065894506008,0.005,1.0,107.52970097139487,180.0,3.1621517470392893,1.0
22,0.4,hist_gbm,target,0.12156477442606996,0.01,1.0,180.0,102.10624814363482,1.0,3.0980862448654922
22,0.4,hist_gbm,both,0.08407548202530667,0.585,0.0,107.52970097139487,102.10624814363482,3.1621517470392893,3.0980862448654922
22,0.4,hist_gbm,crump,0.0835444235171722,0.575,0.0,117.0,115.0,1.0,1.0
22,0.4,hist_gbm,overlap,0.08445479228347018,0.555,0.0,121.64175180638428,111.83355685063884,0.249995341187374,0.249995341187374
23,0.0,logistic,unweighted,0.10662911617893614,0.03,1.0,180.0,180.0,1.0,1.0
23,0.0,logistic,source,0.10422395670734429,0.035,1.0,179.60022403750432,180.0,1.1909119085963933,1.0
23,0.0,logistic,target,0.10213693864495527,0.055,0.0,180.0,179.47283208862626,1.0,1.1458272417809003
23,0.0,logistic,both,0.09976499605833627,0.08,0.0,179.60022403750432,179.47283208862626,1.1909119085963933,1.1458272417809003
23,0.0,logistic,crump,0.10662911617893614,0.03,1.0,180.0,180.0,1.0,1.0
23,0.0,logistic,overlap,0.10714602855906298,0.03,1.0,179.9977970473317,179.99704324698368,0.24999999977352322,0.24999999288965077
23,0.0,random_forest,unweighted,0.10662911617893614,0.03,1.0,180.0,180.0,1.0,1.0
23,0.0,random_forest,source,0.10964221047382733,0.02,1.0,176.06630547681044,180.0,1.4578697330914476,1.0
23,0.0,random_forest,target,0.0907310761103857,0.305,0.0,180.0,164.88192634072632,1.0,1.4539599594745904
23,0.0,random_forest,both,0.09386320878759308,0.24,0.0,176.06630547681044,164.88192634072632,1.4578697330914476,1.4539599594745904
23,0.0,random_forest,crump,0.09660716634980226,0.12,0.0,180.0,171.0,1.0,1.0
23,0.0,random_forest,overlap,0.09686279251449097,0.18,0.0,179.68628649220463,170.58480660993834,0.24999719712312668,0.24999997926332163
23,0.0,hist_gbm,unweighted,0.10662911617893614,0.03,1.0,180.0,180.0,1.0,1.0
23,0.0,hist_gbm,source,0.10738774284735671,0.035,1.0,159.3790391710523,180.0,2.010923039257228,1.0
23,0.0,hist_gbm,target,0.09592102933307331,0.185,0.0,180.0,159.9593554649346,1.0,1.9210569346095847
23,0.0,hist_gbm,both,0.09713626735283484,0.19,0.0,159.3790391710523,159.9593554649346,2.010923039257228,1.9210569346095847
23,0.0,hist_gbm,crump,0.10662911617893614,0.03,1.0,180.0,180.0,1.0,1.0
23,0.0,hist_gbm,overlap,0.10533320403052202,0.035,1.0,176.8656545581428,176.05692295938002,0.24994054394741447,0.2499999938892063
23,0.1,logistic,unweighted,0.12111616750495352,0.005,1.0,180.0,180.0,1.0,1.0
23,0.1,logistic,source,0.10854346915691554,0.02,1.0,171.3087183241913,180.0,1.6942379252522652,1.0
23,0.1,logistic,target,0.09670515529328583,0.125,0.0,180.0,169.0974371461145,1.0,1.5866537944986747
23,0.1,logistic,both,0.08431426857365128,0.5,0.0,171.3087183241913,169.0974371461145,1.6942379252522652,1.5866537944986747
23,0.1,logistic,crump,0.12111616750495352,0.005,1.0,180.0,180.0,1.0,1.0
23,0.1,logistic,overlap,0.11443199804302931,0.015,1.0,178.66049651408608,178.41721534340454,0.24999945204423632,0.2499998472671082
23,0.1,random_forest,unweighted,0.12111616750495352,0.005,1.0,180.0,180.0,1.0,1.0
23,0.1,random_forest,source,0.12435008380086673,0.005,1.0,167.58826509069607,180.0,1.4528394600143872,1.0
23,0.1,random_forest,target,0.08656557236076196,0.43,0.0,180.0,151.82247612634976,1.0,1.5814462663579532
23,0.1,random_forest,both,0.08948672676069497,0.335,0.0,167.58826509069607,151.82247612634976,1.4528394600143872,1.5814462663579532
23,0.1,random_forest,crump,0.08707436804231379,0.455,0.0,171.0,155.0,1.0,1.0
23,0.1,random_forest,overlap,0.08805610573866497,0.37,0.0,171.7145136691325,154.95146236378605,0.24999923394977056,0.24999984647479975
23,0.1,hist_gbm,unweighted,0.12111616750495352,0.005,1.0,180.0,180.0,1.0,1.0
23,0.1,hist_gbm,source,0.12304964587453185,0.01,1.0,158.4883086093704,180.0,2.4974453485344723,1.0
23,0.1,hist_gbm,target,0.08892972671698857,0.38,0.0,180.0,142.9276278041134,1.0,2.0681253574453016
23,0.1,hist_gbm,both,0.09143980865916754,0.32,0.0,158.4883086093704,142.9276278041134,2.4974453485344723,2.0681253574453016
23,0.1,hist_gbm,crump,0.09145326780273902,0.24,0.0,179.0,154.0,1.0,1.0
23,0.1,hist_gbm,overlap,0.09906845123416225,0.095,0.0,175.6749689841725,160.73023801716892,0.24999598450534033,0.24999598450534033
23,0.2,logistic,unweighted,0.16618893175582988,0.005,1.0,180.0,180.0,1.0,1.0
23,0.2,logistic,source,0.1478049741862608,0.005,1.0,152.12369740466184,180.0,1.763807316944154,1.0
23,0.2,logistic,target,0.11192372124487177,0.025,1.0,180.0,146.3999889689167,1.0,2.0547983271476733
23,0.2,logistic,both,0.09225595377964858,0.26,0.0,152.12369740466184,146.3999889689167,1.763807316944154,2.0547983271476733
23,0.2,logistic,crump,0.16096356986083254,0.005,1.0,174.0,177.0,1.0,1.0
23,0.2,logistic,overlap,0.13880176522176885,0.005,1.0,169.70976849396394,168.8445717323761,0.24999994142344253,0.24999995321770818
23,0.2,random_forest,unweighted,0.16618893175582988,0.005,1.0,180.0,180.0,1.0,1.0
23,0.2,random_forest,source,0.15929005753285239,0.005,1.0,151.25796997735554,180.0,1.5530887080937477,1.0
23,0.2,random_forest,target,0.10267779976771814,0.065,0.0,180.0,127.76232609599296,1.0,1.6644262837307269
23,0.2,random_forest,both,0.09254095037450968,0.255,0.0,151.25796997735554,127.76232609599296,1.5530887080937477,1.6644262837307269
23,0.2,random_forest,crump,0.09976167298848644,0.1,0.0,155.0,132.0,1.0,1.0
23,0.2,random_forest,overlap,0.09674991486984132,0.185,0.0,154.38319868440934,130.8970374493276,0.24999700905335492,0.24999957596463704
23,0.2,hist_gbm,unweighted,0.16618893175582988,0.005,1.0,180.0,180.0,1.0,1.0
23,0.2,hist_gbm,source,0.15531532101873144,0.005,1.0,139.12953178818324,180.0,2.243643372245361,1.0
23,0.2,hist_gbm,target,0.10324302475799349,0.085,0.0,180.0,120.71269135489521,1.0,2.219630420129861
23,0.2,hist_gbm,both,0.0892456766738322,0.36,0.0,139.12953178818324,120.71269135489521,2.243643372245361,2.219630420129861
23,0.2,hist_gbm,crump,0.09931113753667381,0.15,0.0,154.0,132.0,1.0,1.0
23,0.2,hist_gbm,overlap,0.09720163445680025,0.165,0.0,152.1967571675406,130.6302691091837,0.24998657090065038,0.24998657090065038
23,0.3,logistic,unweighted,0.19088555955647007,0.005,1.0,180.0,180.0,1.0,1.0
23,0.3,logistic,source,0.15852472849103913,0.005,1.0,130.03167482523116,180.0,2.1824071518051356,1.0
23,0.3,logistic,target,0.11603116096829172,0.015,1.0,180.0,125.38289943972546,1.0,2.488176997959568
23,0.3,logistic,both,0.0767904556086102,0.815,0.0,130.03167482523116,125.38289943972546,2.1824071518051356,2.488176997959568
23,0.3,logistic,crump,0.1295078591828167,0.01,1.0,136.0,140.0,1.0,1.0
23,0.3,logistic,overlap,0.13460555685642703,0.005,1.0,154.45067386462702,153.51374965363928,0.2499973185354564,0.2499999573251425
23,0.3,random_forest,unweighted,0.19088555955647007,0.005,1.0,180.0,180.0,1.0,1.0
23,0.3,random_forest,source,0.16854313361968842,0.005,1.0,127.27974879681366,180.0,1.8796958548930132,1.0
23,0.3,random_forest,target,0.11251996051565856,0.02,1.0,180.0,111.29146216171684,1.0,2.0884483741098947
23,0.3,random_forest,both,0.08059984420938604,0.68,0.0,127.27974879681366,111.29146216171684,1.8796958548930132,2.0884483741098947
23,0.3,random_forest,crump,0.09042003144537969,0.325,0.0,136.0,113.0,1.0,1.0
23,0.3,random_forest,overlap,0.08672052185526859,0.45,0.0,132.4379665518073,114.58547917515541,0.2499960043602147,0.24999936425719227
23,0.3,hist_gbm,unweighted,0.19088555955647007,0.005,1.0,180.0,180.0,1.0,1.0
23,0.3,hist_gbm,source,0.1679806428478684,0.005,1.0,118.30360716603724,180.0,2.8592198167496803,1.0
23,0.3,hist_gbm,target,0.11229873824629111,0.03,1.0,180.0,103.30058017130986,1.0,2.760401564858343
23,0.3,hist_gbm,both,0.08046003389168882,0.7,0.0,118.30360716603724,103.30058017130986,2.8592198167496803,2.760401564858343
23,0.3,hist_gbm,crump,0.09456000943902347,0.2,0.0,136.0,116.0,1.0,1.0
23,0.3,hist_gbm,overlap,0.0851698576747204,0.515,0.0,131.09352071170503,114.1694764625025,0.24998206523758712,0.24998206523758712
23,0.4,logistic,unweighted,0.22478743522328912,0.005,1.0,180.0,180.0,1.0,1.0
23,0.4,logistic,source,0.1899969886700238,0.005,1.0,109.86547916289994,180.0,2.677156007674315,1.0
23,0.4,logistic,target,0.13161592979082457,0.005,1.0,180.0,103.89289459962413,1.0,3.032746833460193
23,0.4,logistic,both,0.07960446269458614,0.7,0.0,109.86547916289994,103.89289459962413,2.677156007674315,3.032746833460193
23,0.4,logistic,crump,0.10939648138333309,0.065,0.0,111.0,104.0,1.0,1.0
23,0.4,logistic,overlap,0.1427366300966794,0.005,1.0,137.25207248238345,134.90142553461246,0.2499998542613895,0.24999846652658236
23,0.4,random_forest,unweighted,0.22478743522328912,0.005,1.0,180.0,180.0,1.0,1.0
23,0.4,random_forest,source,0.19861191466166492,0.005,1.0,109.42477097521683,180.0,2.194711783186767,1.0
23,0.4,random_forest,target,0.12316347286950807,0.005,1.0,180.0,91.67832938419184,1.0,2.5838774354203964
23,0.4,random_forest,both,0.07461304181969879,0.77,0.0,109.42477097521683,91.67832938419184,2.194711783186767,2.5838774354203964
23,0.4,random_forest,crump,0.08614402961556722,0.5,0.0,114.0,94.0,1.0,1.0
23,0.4,random_forest,overlap,0.08398421896270591,0.6,0.0,114.68849935061779,95.35958767020409,0.24999945651621355,0.24999947830318023
23,0.4,hist_gbm,unweighted,0.22478743522328912,0.005,1.0,180.0,180.0,1.0,1.0
23,0.4,hist_gbm,source,0.1985209975580031,0.005,1.0,102.0973662091125,180.0,3.062515735888315,1.0
23,0.4,hist_gbm,target,0.12122352130649793,0.005,1.0,180.0,85.6274565171212,1.0,3.6425719003300525
23,0.4,hist_gbm,both,0.07459509210594076,0.78,0.0,102.0973662091125,85.6274565171212,3.062515735888315,3.6425719003300525
23,0.4,hist_gbm,crump,0.09150637738644163,0.29,0.0,118.0,96.0,1.0,1.0
23,0.4,hist_gbm,overlap,0.08456659173020137,0.565,0.0,113.8195004567458,94.58181351161592,0.24997950493503449,0.24997950493503449
24,0.0,logistic,unweighted,0.10043135288065844,0.08,0.0,180.0,180.0,1.0,1.0
24,0.0,logistic,source,0.09365981081408759,0.215,0.0,178.04311409943176,180.0,1.20820856919426,1.0
24,0.0,logistic,target,0.09254880111418717,0.245,0.0,180.0,177.8058966748054,1.0,1.2982816425164936
24,0.0,logistic,both,0.08590887080627735,0.45,0.0,178.04311409943176,177.8058966748054,1.20820856919426,1.2982816425164936
24,0.0,logistic,crump,0.10043135288065844,0.08,0.0,180.0,180.0,1.0,1.0
24,0.0,logistic,overlap,0.10037453540794664,0.1,0.0,179.9546168654029,179.94160628441844,0.2499990994353329,0.24999883854751448
24,0.0,random_forest,unweighted,0.10043135288065844,0.08,0.0,180.0,180.0,1.0,1.0
24,0.0,random_forest,source,0.10201809662966346,0.08,0.0,172.06272632338772,180.0,1.5663079490119618,1.0
24,0.0,random_forest,target,0.08382291193425628,0.565,0.0,180.0,163.09622930219726,1.0,1.5165711946154758
24,0.0,random_forest,both,0.08527531233555746,0.505,0.0,172.06272632338772,163.09622930219726,1.5663079490119618,1.5165711946154758
24,0.0,random_forest,crump,0.08809691862341645,0.35,0.0,180.0,170.0,1.0,1.0
24,0.0,random_forest,overlap,0.08763390999577797,0.4,0.0,179.04244033660476,169.62520219901486,0.24999977089456826,0.24999602309302846
24,0.0,hist_gbm,unweighted,0.10043135288065844,0.08,0.0,180.0,180.0,1.0,1.0
24,0.0,hist_gbm,source,0.09497440284422123,0.21,0.0,159.62426421476832,180.0,1.979720976876117,1.0
24,0.0,hist_gbm,target,0.09420672408466488,0.235,0.0,180.0,158.66054581854902,1.0,1.8456098635730673
24,0.0,hist_gbm,both,0.08883208271627666,0.39,0.0,159.62426421476832,158.66054581854902,1.979720976876117,1.8456098635730673
24,0.0,hist_gbm,crump,0.10043135288065844,0.08,0.0,180.0,180.0,1.0,1.0
24,0.0,hist_gbm,overlap,0.09901740193032982,0.14,0.0,176.35426525776575,176.84917773970233,0.24999984790780677,0.24999984790780677
24,0.1,logistic,unweighted,0.12402077998780672,0.005,1.0,180.0,180.0,1.0,1.0
24,0.1,logistic,source,0.10923538641424121,0.02,1.0,167.57169842506795,180.0,1.490116731832597,1.0
24,0.1,logistic,target,0.09833295774737427,0.155,0.0,180.0,166.8386479338896,1.0,1.6419467265036498
24,0.1,logistic,both,0.0833006388819102,0.59,0.0,167.57169842506795,166.8386479338896,1.490116731832597,1.6419467265036498
24,0.1,logistic,crump,0.12402077998780672,0.005,1.0,180.0,180.0,1.0,1.0
24,0.1,logistic,overlap,0.11439297243057987,0.015,1.0,178.10486753912323,177.642439747724,0.24999475492193293,0.2499957525674365
24,0.1,random_forest,unweighted,0.12402077998780672,0.005,1.0,180.0,180.0,1.0,1.0
24,0.1,random_forest,source,0.11652231850293987,0.01,1.0,154.30182464270774,180.0,1.622929461901391,1.0
24,0.1,random_forest,target,0.09242268214758162,0.295,0.0,180.0,152.1748010987818,1.0,1.59876532096645
24,0.1,random_forest,both,0.08385496013201815,0.57,0.0,154.30182464270774,152.1748010987818,1.622929461901391,1.59876532096645
24,0.1,random_forest,crump,0.08364584074678091,0.55,0.0,159.0,156.0,1.0,1.0
24,0.1,random_forest,overlap,0.08506636323529317,0.52,0.0,160.75641047692787,156.55853453436117,0.24999994890002988,0.24996229466175454
24,0.1,hist_gbm,unweighted,0.12402077998780672,0.005,1.0,180.0,180.0,1.0,1.0
24,0.1,hist_gbm,source,0.11719800270994768,0.01,1.0,140.09127853184125,180.0,2.474802568784769,1.0
24,0.1,hist_gbm,target,0.09202844562035829,0.355,0.0,180.0,133.50866318959905,1.0,2.7953614488118146
24,0.1,hist_gbm,both,0.08454120505393656,0.545,0.0,140.09127853184125,133.50866318959905,2.474802568784769,2.7953614488118146
24,0.1,hist_gbm,crump,0.08314312732977706,0.575,0.0,157.0,155.0,1.0,1.0
24,0.1,hist_gbm,overlap,0.08697797681555344,0.435,0.0,162.6034104952738,151.94801796145353,0.24999597431493206,0.24999597431493206
24,0.2,logistic,unweighted,0.16783684270690444,0.005,1.0,180.0,180.0,1.0,1.0
24,0.2,logistic,source,0.14762240157555823,0.005,1.0,153.1547076990768,180.0,1.7414292980896864,1.0
24,0.2,logistic,target,0.12014562846537231,0.005,1.0,180.0,151.502540899398,1.0,1.9202338947506667
24,0.2,logistic,both,0.09762105101623218,0.155,0.0,153.1547076990768,151.502540899398,1.7414292980896864,1.9202338947506667
24,0.2,logistic,crump,0.16689566426037045,0.005,1.0,180.0,179.0,1.0,1.0
24,0.2,logistic,overlap,0.14380754868477938,0.005,1.0,172.09701787005585,170.76032794215743,0.24999572990277014,0.24999417869810975
24,0.2,random_forest,unweighted,0.16783684270690444,0.005,1.0,180.0,180.0,1.0,1.0
24,0.2,random_forest,source,0.1549643987322425,0.005,1.0,135.02594525956562,180.0,1.7397405297662412,1.0
24,0.2,random_forest,target,0.12289233772174264,0.005,1.0,180.0,135.21623309860817,1.0,1.8658806977991615
24,0.2,random_forest,both,0.10591181012033835,0.075,0.0,135.02594525956562,135.21623309860817,1.7397405297662412,1.8658806977991615
24,0.2,random_forest,crump,0.10054667665718456,0.085,0.0,139.0,138.0,1.0,1.0
24,0.2,random_forest,overlap,0.1027513556430129,0.105,0.0,139.44903870890593,138.784808998089,0.2499999581696785,0.249943180697426
24,0.2,hist_gbm,unweighted,0.16783684270690444,0.005,1.0,180.0,180.0,1.0,1.0
24,0.2,hist_gbm,source,0.1536402607403192,0.005,1.0,124.28534355669963,180.0,2.399037234042506,1.0
24,0.2,hist_gbm,target,0.1220876532554197,0.005,1.0,180.0,124.71064201134193,1.0,2.573974303673105
24,0.2,hist_gbm,both,0.10425268510263641,0.115,0.0,124.28534355669963,124.71064201134193,2.399037234042506,2.573974303673105
24,0.2,hist_gbm,crump,0.10099868380685169,0.065,0.0,138.0,139.0,1.0,1.0
24,0.2,hist_gbm,overlap,0.10366250110143248,0.09,0.0,141.41871270627482,136.95486621041303,0.24999911247336318,0.24999911247336318
24,0.3,logistic,unweighted,0.1839774243636641,0.005,1.0,180.0,180.0,1.0,1.0
24,0.3,logistic,source,0.14516900331772592,0.005,1.0,132.75928162487534,180.0,2.117448869326052,1.0
24,0.3,logistic,target,0.12325523039728072,0.005,1.0,180.0,133.47084312993152,1.0,2.1639122016385475
24,0.3,logistic,both,0.07766605655507113,0.755,0.0,132.75928162487534,133.47084312993152,2.117448869326052,2.1639122016385475
24,0.3,logistic,crump,0.13454004582836734,0.005,1.0,158.0,145.0,1.0,1.0
24,0.3,logistic,overlap,0.13266868084283157,0.005,1.0,159.55372780543536,158.46812236281974,0.24999971863444428,0.24999999999934128
24,0.3,random_forest,unweighted,0.1839774243636641,0.005,1.0,180.0,180.0,1.0,1.0
24,0.3,random_forest,source,0.15515989709327194,0.005,1.0,118.15031836525581,180.0,2.0466594685092256,1.0
24,0.3,random_forest,target,0.12724872663943837,0.005,1.0,180.0,121.34176776690006,1.0,2.0040165492547763
24,0.3,random_forest,both,0.08763318478924648,0.405,0.0,118.15031836525581,121.34176776690006,2.0466594685092256,2.0040165492547763
24,0.3,random_forest,crump,0.08198097063695839,0.605,0.0,121.0,124.0,1.0,1.0
24,0.3,random_forest,overlap,0.08445691564980937,0.515,0.0,121.63677208157397,124.72725791652138,0.249996706075118,0.24999875587036827
24,0.3,hist_gbm,unweighted,0.1839774243636641,0.005,1.0,180.0,180.0,1.0,1.0
24,0.3,hist_gbm,source,0.15577362344151435,0.005,1.0,105.90119396582138,180.0,2.9570542422822848,1.0
24,0.3,hist_gbm,target,0.12950975571380285,0.005,1.0,180.0,109.19525692392868,1.0,2.812464037267389
24,0.3,hist_gbm,both,0.09016241831623706,0.36,0.0,105.90119396582138,109.19525692392868,2.9570542422822848,2.812464037267389
24,0.3,hist_gbm,crump,0.08228065277777777,0.69,0.0,120.0,125.0,1.0,1.0
24,0.3,hist_gbm,overlap,0.08726457899328682,0.435,0.0,119.34740239105174,122.55948424888666,0.24999905119848712,0.24999905119848712
24,0.4,logistic,unweighted,0.2273041209419296,0.005,1.0,180.0,180.0,1.0,1.0
24,0.4,logistic,source,0.18537214855961895,0.005,1.0,112.95219125922834,180.0,2.5918435696916737,1.0
24,0.4,logistic,target,0.14849433788735628,0.005,1.0,180.0,110.63827808928501,1.0,2.6629545650626523
24,0.4,logistic,both,0.08764596732396063,0.455,0.0,112.95219125922834,110.63827808928501,2.5918435696916737,2.6629545650626523
24,0.4,logistic,crump,0.12580244624221543,0.01,1.0,117.0,114.0,1.0,1.0
24,0.4,logistic,overlap,0.154227628310372,0.005,1.0,143.43795435688406,140.91619517069788,0.24998319843297337,0.2499777964042331
24,0.4,random_forest,unweighted,0.2273041209419296,0.005,1.0,180.0,180.0,1.0,1.0
24,0.4,random_forest,source,0.19191292536699373,0.005,1.0,97.94243678994819,180.0,2.759747529940989,1.0
24,0.4,random_forest,target,0.15652942385224966,0.005,1.0,180.0,95.92933732998362,1.0,2.537742841633325
24,0.4,random_forest,both,0.09523064282783128,0.265,0.0,97.94243678994819,95.92933732998362,2.759747529940989,2.537742841633325
24,0.4,random_forest,crump,0.09323402771033705,0.32,0.0,102.0,102.0,1.0,1.0
24,0.4,random_forest,overlap,0.09528668206386134,0.255,0.0,101.78977066398228,101.86846171390856,0.2499892253078513,0.24995932566689888
24,0.4,hist_gbm,unweighted,0.2273041209419296,0.005,1.0,180.0,180.0,1.0,1.0
24,0.4,hist_gbm,source,0.19008839931967947,0.005,1.0,88.75147186870578,180.0,3.4798870075513326,1.0
24,0.4,hist_gbm,target,0.15693109330048102,0.005,1.0,180.0,89.47681396400996,1.0,3.260620080498018
24,0.4,hist_gbm,both,0.09513100674028006,0.26,0.0,88.75147186870578,89.47681396400996,3.4798870075513326,3.260620080498018
24,0.4,hist_gbm,crump,0.09247899971207728,0.3,0.0,101.0,102.0,1.0,1.0
24,0.4,hist_gbm,overlap,0.09347738597074662,0.285,0.0,100.41624963630909,100.4964272228823,0.24998802847359236,0.24998802847359236
25,0.0,logistic,unweighted,0.08114675259106843,0.635,0.0,180.0,180.0,1.0,1.0
25,0.0,logistic,source,0.08262924835498486,0.605,0.0,179.9500422222964,180.0,1.039855796012697,1.0
25,0.0,logistic,target,0.08232350224153062,0.615,0.0,180.0,179.9451081741827,1.0,1.0524773651726114
25,0.0,logistic,both,0.08381942899704779,0.555,0.0,179.9500422222964,179.9451081741827,1.039855796012697,1.0524773651726114
25,0.0,logistic,crump,0.08114675259106843,0.635,0.0,180.0,180.0,1.0,1.0
25,0.0,logistic,overlap,0.08158006272074542,0.635,0.0,179.99998160301112,179.99996995485915,0.24999999652428379,0.24999999998280034
25,0.0,random_forest,unweighted,0.08114675259106843,0.635,0.0,180.0,180.0,1.0,1.0
25,0.0,random_forest,source,0.08555747009661344,0.495,0.0,173.54914964879958,180.0,1.4500290846382087,1.0
25,0.0,random_forest,target,0.08066155771192969,0.655,0.0,180.0,174.0684950665005,1.0,1.4725065443658951
25,0.0,random_forest,both,0.08511168445270985,0.535,0.0,173.54914964879958,174.0684950665005,1.4500290846382087,1.4725065443658951
25,0.0,random_forest,crump,0.08114675259106843,0.635,0.0,180.0,180.0,1.0,1.0
25,0.0,random_forest,overlap,0.0818151597517132,0.625,0.0,178.8815871966948,179.40367100574937,0.2499998707818998,0.24999906334794483
25,0.0,hist_gbm,unweighted,0.08114675259106843,0.635,0.0,180.0,180.0,1.0,1.0
25,0.0,hist_gbm,source,0.08055724961208426,0.665,0.0,161.35991922379762,180.0,1.7697538892098224,1.0
25,0.0,hist_gbm,target,0.08256560978925785,0.615,0.0,180.0,162.58040133563586,1.0,1.931847814701657
25,0.0,hist_gbm,both,0.08201759981231252,0.625,0.0,161.35991922379762,162.58040133563586,1.7697538892098224,1.931847814701657
25,0.0,hist_gbm,crump,0.08114675259106843,0.635,0.0,180.0,180.0,1.0,1.0
25,0.0,hist_gbm,overlap,0.08404637595876563,0.57,0.0,176.4300879714608,175.77877362922746,0.2499956120167638,0.2499956120167638
25,0.1,logistic,unweighted,0.11134182194025302,0.02,1.0,180.0,180.0,1.0,1.0
25,0.1,logistic,source,0.1021830100950682,0.08,0.0,172.8702149276023,180.0,1.4070916710085637,1.0
25,0.1,logistic,target,0.0884166432651193,0.375,0.0,180.0,171.2112639940801,1.0,1.5226486756079296
25,0.1,logistic,both,0.07930128225074361,0.71,0.0,172.8702149276023,171.2112639940801,1.4070916710085637,1.5226486756079296
25,0.1,logistic,crump,0.11134182194025302,0.02,1.0,180.0,180.0,1.0,1.0
25,0.1,logistic,overlap,0.10554323386662975,0.03,1.0,179.29082623491595,179.06181176026163,0.24999945068792104,0.24999944103376467
25,0.1,random_forest,unweighted,0.11134182194025302,0.02,1.0,180.0,180.0,1.0,1.0
25,0.1,random_forest,source,0.10899032555651823,0.025,1.0,168.52637575881772,180.0,1.4413244893906807,1.0
25,0.1,random_forest,target,0.08323917402680779,0.595,0.0,180.0,156.25274474458763,1.0,1.4428842610462502
25,0.1,random_forest,both,0.08025132830574455,0.65,0.0,168.52637575881772,156.25274474458763,1.4413244893906807,1.4428842610462502
25,0.1,random_forest,crump,0.08298640702741818,0.56,0.0,173.0,161.0,1.0,1.0
25,0.1,random_forest,overlap,0.08091883016763259,0.635,0.0,173.67260143596445,160.52322518828313,0.24999991226358415,0.24999931297960584
25,0.1,hist_gbm,unweighted,0.11134182194025302,0.02,1.0,180.0,180.0,1.0,1.0
25,0.1,hist_gbm,source,0.10906531648675798,0.025,1.0,154.52195534676113,180.0,2.0396395128007083,1.0
25,0.1,hist_gbm,target,0.08219508735843667,0.61,0.0,180.0,141.55029993174693,1.0,2.299600698956788
25,0.1,hist_gbm,both,0.07933001657728826,0.695,0.0,154.52195534676113,141.55029993174693,2.0396395128007083,2.299600698956788
25,0.1,hist_gbm,crump,0.08490510330932785,0.475,0.0,180.0,160.0,1.0,1.0
25,0.1,hist_gbm,overlap,0.08535531692422518,0.49,0.0,172.91030331204638,157.6134412963887,0.2499999983665164,0.2499999983665164
25,0.2,logistic,unweighted,0.15252767966011277,0.005,1.0,180.0,180.0,1.0,1.0
25,0.2,logistic,source,0.1308950138503268,0.005,1.0,155.02505980622294,180.0,1.7699115177666989,1.0
25,0.2,logistic,target,0.10395468029763291,0.05,0.0,180.0,152.59367886985206,1.0,1.874213928433601
25,0.2,logistic,both,0.08006131493661456,0.675,0.0,155.02505980622294,152.59367886985206,1.7699115177666989,1.874213928433601
25,0.2,logistic,crump,0.15207963295630825,0.005,1.0,179.0,180.0,1.0,1.0
25,0.2,logistic,overlap,0.1269292073513417,0.005,1.0,172.83959064510069,172.4248531747427,0.2499996934315947,0.2499769957761231
25,0.2,random_forest,unweighted,0.15252767966011277,0.005,1.0,180.0,180.0,1.0,1.0
25,0.2,random_forest,source,0.14282166823382528,0.005,1.0,141.011183934443,180.0,1.7541152179018107,1.0
25,0.2,random_forest,target,0.09807825527718741,0.135,0.0,180.0,134.01431024507622,1.0,1.8407936272483645
25,0.2,random_forest,both,0.08453174730290404,0.545,0.0,141.011183934443,134.01431024507622,1.7541152179018107,1.8407936272483645
25,0.2,random_forest,crump,0.07938282759869082,0.655,0.0,143.0,139.0,1.0,1.0
25,0.2,random_forest,overlap,0.07996659247444485,0.67,0.0,145.1218524422766,137.87218435785323,0.24999995093036048,0.24999992493730194
25,0.2,hist_gbm,unweighted,0.15252767966011277,0.005,1.0,180.0,180.0,1.0,1.0
25,0.2,hist_gbm,source,0.1422318168692805,0.005,1.0,130.0672932254004,180.0,2.2620747044619214,1.0
25,0.2,hist_gbm,target,0.09785200538812136,0.15,0.0,180.0,122.74765553553493,1.0,2.4502976050317664
25,0.2,hist_gbm,both,0.08422236499659178,0.52,0.0,130.0672932254004,122.74765553553493,2.2620747044619214,2.4502976050317664
25,0.2,hist_gbm,crump,0.07938242657992897,0.64,0.0,143.0,139.0,1.0,1.0
25,0.2,hist_gbm,overlap,0.08517863477473132,0.505,0.0,145.41528983270467,136.3972831169881,0.24999560026322223,0.24999560026322223
25,0.3,logistic,unweighted,0.18342938481176652,0.005,1.0,180.0,180.0,1.0,1.0
25,0.3,logistic,source,0.15651140911085767,0.005,1.0,140.51487085099907,180.0,2.0539507319373485,1.0
25,0.3,logistic,target,0.11758127738986093,0.005,1.0,180.0,137.4822418844701,1.0,2.168913593213113
25,0.3,logistic,both,0.08390902210146094,0.555,0.0,140.51487085099907,137.4822418844701,2.0539507319373485,2.168913593213113
25,0.3,logistic,crump,0.16922404378418038,0.005,1.0,168.0,170.0,1.0,1.0
25,0.3,logistic,overlap,0.14104276135795635,0.005,1.0,164.5265358832911,164.1001946743703,0.2499999571894192,0.24997575994455978
25,0.3,random_forest,unweighted,0.18342938481176652,0.005,1.0,180.0,180.0,1.0,1.0
25,0.3,random_forest,source,0.16820748178394834,0.005,1.0,127.2041520688618,180.0,2.085313237520199,1.0
25,0.3,random_forest,target,0.11684250412419715,0.005,1.0,180.0,116.84318354548894,1.0,2.1038808298894547
25,0.3,random_forest,both,0.09271488964398661,0.275,0.0,127.2041520688618,116.84318354548894,2.085313237520199,2.1038808298894547
25,0.3,random_forest,crump,0.08679691819221333,0.44,0.0,130.0,123.0,1.0,1.0
25,0.3,random_forest,overlap,0.0871239094230143,0.455,0.0,131.87260230014357,121.54674578230434,0.24999994513939935,0.2499993874339342
25,0.3,hist_gbm,unweighted,0.18342938481176652,0.005,1.0,180.0,180.0,1.0,1.0
25,0.3,hist_gbm,source,0.1635127510454112,0.005,1.0,118.0102977866883,180.0,2.902586304944711,1.0
25,0.3,hist_gbm,target,0.12141935776119173,0.005,1.0,180.0,108.16099232932984,1.0,2.6920786830021406
25,0.3,hist_gbm,both,0.0900002847190938,0.355,0.0,118.0102977866883,108.16099232932984,2.902586304944711,2.6920786830021406
25,0.3,hist_gbm,crump,0.08559087815323496,0.495,0.0,128.0,123.0,1.0,1.0
25,0.3,hist_gbm,overlap,0.09066467653045418,0.36,0.0,132.21629529442538,120.41751916161441,0.24998700866139392,0.2499986828117561
25,0.4,logistic,unweighted,0.21110747504191435,0.005,1.0,180.0,180.0,1.0,1.0
25,0.4,logistic,source,0.174223002740481,0.005,1.0,119.4576644113995,180.0,2.5369023430602105,1.0
25,0.4,logistic,target,0.12719278072005039,0.005,1.0,180.0,116.57551478259948,1.0,2.643776563092488
25,0.4,logistic,both,0.07673872443437368,0.77,0.0,119.4576644113995,116.57551478259948,2.5369023430602105,2.643776563092488
25,0.4,logistic,crump,0.13685966500251326,0.005,1.0,129.0,131.0,1.0,1.0
25,0.4,logistic,overlap,0.1438721056107258,0.005,1.0,149.8027222599734,148.7377295792327,0.2499996529265983,0.24999467745822976
25,0.4,random_forest,unweighted,0.21110747504191435,0.005,1.0,180.0,180.0,1.0,1.0
25,0.4,random_forest,source,0.18683885393078842,0.005,1.0,104.58243085098374,180.0,2.7395502013471305,1.0
25,0.4,random_forest,target,0.12665718232027207,0.01,1.0,180.0,94.65896929529596,1.0,2.562072018297253
25,0.4,random_forest,both,0.083618547383604,0.58,0.0,104.58243085098374,94.65896929529596,2.7395502013471305,2.562072018297253
25,0.4,random_forest,crump,0.07988538405848077,0.625,0.0,108.0,104.0,1.0,1.0
25,0.4,random_forest,overlap,0.07939760428745571,0.705,0.0,109.57473426236918,101.33680193676571,0.24999934714492178,0.24999934714492178
25,0.4,hist_gbm,unweighted,0.21110747504191435,0.005,1.0,180.0,180.0,1.0,1.0
25,0.4,hist_gbm,source,0.18415511901726783,0.005,1.0,100.47437618286334,180.0,3.3330632726385994,1.0
25,0.4,hist_gbm,target,0.12329449071940848,0.015,1.0,180.0,88.84165845780797,1.0,3.2198953122967873
25,0.4,hist_gbm,both,0.07821443526874297,0.735,0.0,100.47437618286334,88.84165845780797,3.3330632726385994,3.2198953122967873
25,0.4,hist_gbm,crump,0.08058814803927973,0.665,0.0,108.0,105.0,1.0,1.0
25,0.4,hist_gbm,overlap,0.08115081639952632,0.65,0.0,111.69844341880311,100.48166694296688,0.24995634431300542,0.24995634431300542
26,0.0,logistic,unweighted,0.07166257716049382,0.905,0.0,180.0,180.0,1.0,1.0
26,0.0,logistic,source,0.07457693377113316,0.865,0.0,179.7852328199823,180.0,1.0880102076151814,1.0
26,0.0,logistic,target,0.07336663955980421,0.89,0.0,180.0,179.8459610463644,1.0,1.0778792305127949
26,0.0,logistic,both,0.07632162597458904,0.81,0.0,179.7852328199823,179.8459610463644,1.0880102076151814,1.0778792305127949
26,0.0,logistic,crump,0.07166257716049382,0.905,0.0,180.0,180.0,1.0,1.0
26,0.0,logistic,overlap,0.07205509507850656,0.905,0.0,179.9995532198522,179.99975319897828,0.2499999970701166,0.2499999964789111
26,0.0,random_forest,unweighted,0.07166257716049382,0.905,0.0,180.0,180.0,1.0,1.0
26,0.0,random_forest,source,0.07434824602466601,0.865,0.0,169.60733862607526,180.0,1.4687856853410304,1.0
26,0.0,random_forest,target,0.07788837561148546,0.755,0.0,180.0,173.65901663071398,1.0,1.4637285705818672
26,0.0,random_forest,both,0.08081201376450756,0.64,0.0,169.60733862607526,173.65901663071398,1.4687856853410304,1.4637285705818672
26,0.0,random_forest,crump,0.07166257716049382,0.905,0.0,180.0,180.0,1.0,1.0
26,0.0,random_forest,overlap,0.07278783807094794,0.89,0.0,178.15708143158045,179.05243897674168,0.24999993829477984,0.24999998609542787
26,0.0,hist_gbm,unweighted,0.07166257716049382,0.905,0.0,180.0,180.0,1.0,1.0
26,0.0,hist_gbm,source,0.0707602157502192,0.93,0.0,160.30811409159074,180.0,1.982735688445993,1.0
26,0.0,hist_gbm,target,0.08181754294689572,0.62,0.0,180.0,154.6405317992973,1.0,1.9505709522340595
26,0.0,hist_gbm,both,0.08073344629839083,0.64,0.0,160.30811409159074,154.6405317992973,1.982735688445993,1.9505709522340595
26,0.0,hist_gbm,crump,0.07166257716049382,0.905,0.0,180.0,180.0,1.0,1.0
26,0.0,hist_gbm,overlap,0.0734073064886133,0.88,0.0,176.68762869840896,173.86888023675814,0.24999867150753502,0.24999867150753502
26,0.1,logistic,unweighted,0.10331744589239446,0.05,0.0,180.0,180.0,1.0,1.0
26,0.1,logistic,source,0.08927021093955811,0.325,0.0,170.91264896710263,180.0,1.4872465291632435,1.0
26,0.1,logistic,target,0.0847924610014347,0.485,0.0,180.0,172.6282839745764,1.0,1.4460064454141526
26,0.1,logistic,both,0.07095326290373238,0.955,0.0,170.91264896710263,172.6282839745764,1.4872465291632435,1.4460064454141526
26,0.1,logistic,crump,0.10331744589239446,0.05,0.0,180.0,180.0,1.0,1.0
26,0.1,logistic,overlap,0.09761274827680191,0.135,0.0,178.945094682915,179.23045777054307,0.2499995674778365,0.24999966064791784
26,0.1,random_forest,unweighted,0.10331744589239446,0.05,0.0,180.0,180.0,1.0,1.0
26,0.1,random_forest,source,0.09543557934697927,0.175,0.0,152.72107724546106,180.0,1.506962598461903,1.0
26,0.1,random_forest,target,0.08687521138708568,0.415,0.0,180.0,160.44144154637402,1.0,1.605412425379982
26,0.1,random_forest,both,0.07820909951500853,0.725,0.0,152.72107724546106,160.44144154637402,1.506962598461903,1.605412425379982
26,0.1,random_forest,crump,0.07134835436046438,0.885,0.0,159.0,164.0,1.0,1.0
26,0.1,random_forest,overlap,0.07303403852690626,0.915,0.0,158.57210357391898,165.92578278326758,0.24999999699908274,0.2499999396555244
26,0.1,hist_gbm,unweighted,0.10331744589239446,0.05,0.0,180.0,180.0,1.0,1.0
26,0.1,hist_gbm,source,0.09224749684756774,0.26,0.0,140.32347643626113,180.0,2.54867715493241,1.0
26,0.1,hist_gbm,target,0.09231469025267802,0.23,0.0,180.0,146.7626147425111,1.0,2.122574741112076
26,0.1,hist_gbm,both,0.08083318077870388,0.645,0.0,140.32347643626113,146.7626147425111,2.54867715493241,2.122574741112076
26,0.1,hist_gbm,crump,0.07179944057714714,0.89,0.0,158.0,162.0,1.0,1.0
26,0.1,hist_gbm,overlap,0.08413366511417779,0.51,0.0,157.2747790422379,167.63895053977868,0.2499991834807491,0.2499991834807491
26,0.2,logistic,unweighted,0.13868460505258345,0.005,1.0,180.0,180.0,1.0,1.0
26,0.2,logistic,source,0.1168508273253747,0.005,1.0,158.3728132399722,180.0,1.7540679990290498,1.0
26,0.2,logistic,target,0.102926981699203,0.04,1.0,180.0,161.6523791950608,1.0,1.6956056402866564
26,0.2,logistic,both,0.0799845493276923,0.69,0.0,158.3728132399722,161.6523791950608,1.7540679990290498,1.6956056402866564
26,0.2,logistic,crump,0.13868460505258345,0.005,1.0,180.0,180.0,1.0,1.0
26,0.2,logistic,overlap,0.12142640575582433,0.005,1.0,175.19886826276803,175.79206951238228,0.249997252888961,0.24999923276071073
26,0.2,random_forest,unweighted,0.13868460505258345,0.005,1.0,180.0,180.0,1.0,1.0
26,0.2,random_forest,source,0.1245975874911705,0.005,1.0,137.51075329130794,180.0,1.7134168203646516,1.0
26,0.2,random_forest,target,0.10796579331445835,0.015,1.0,180.0,149.22613785772919,1.0,1.6772611556553758
26,0.2,random_forest,both,0.09067237399268557,0.31,0.0,137.51075329130794,149.22613785772919,1.7134168203646516,1.6772611556553758
26,0.2,random_forest,crump,0.084059437679491,0.44,0.0,143.0,153.0,1.0,1.0
26,0.2,random_forest,overlap,0.08660418971958528,0.42,0.0,142.58401800641954,153.93589897528966,0.24999016077279235,0.2499993634455094
26,0.2,hist_gbm,unweighted,0.13868460505258345,0.005,1.0,180.0,180.0,1.0,1.0
26,0.2,hist_gbm,source,0.11928979436564423,0.005,1.0,126.12382433871007,180.0,2.3145051325604014,1.0
26,0.2,hist_gbm,target,0.11157254013213211,0.01,1.0,180.0,135.0421127340275,1.0,2.2118534288802167
26,0.2,hist_gbm,both,0.08814825429732226,0.42,0.0,126.12382433871007,135.0421127340275,2.3145051325604014,2.2118534288802167
26,0.2,hist_gbm,crump,0.07993249223920651,0.675,0.0,143.0,150.0,1.0,1.0
26,0.2,hist_gbm,overlap,0.08954198013808687,0.35,0.0,139.8598914876104,150.83771777650568,0.24999250592138678,0.24999250592138678
26,0.3,logistic,unweighted,0.17116163504039017,0.005,1.0,180.0,180.0,1.0,1.0
26,0.3,logistic,source,0.13278875031714543,0.005,1.0,136.44930804644758,180.0,2.1830931369037785,1.0
26,0.3,logistic,target,0.11842896749822851,0.01,1.0,180.0,143.75535414438306,1.0,2.079531373779136
26,0.3,logistic,both,0.07576297976286919,0.765,0.0,136.44930804644758,143.75535414438306,2.1830931369037785,2.079531373779136
26,0.3,logistic,crump,0.15687024602638006,0.005,1.0,173.0,169.0,1.0,1.0
26,0.3,logistic,overlap,0.13340659096745722,0.005,1.0,164.58564867168232,165.42201461583758,0.24999966670569745,0.2499885745896231
26,0.3,random_forest,unweighted,0.17116163504039017,0.005,1.0,180.0,180.0,1.0,1.0
26,0.3,random_forest,source,0.14239652310167006,0.005,1.0,114.64440187648124,180.0,2.0370577605314013,1.0
26,0.3,random_forest,target,0.12876891607555474,0.005,1.0,180.0,135.03188961984685,1.0,1.828169393119542
26,0.3,random_forest,both,0.09164369684970043,0.36,0.0,114.64440187648124,135.03188961984685,2.0370577605314013,1.828169393119542
26,0.3,random_forest,crump,0.08654040022812669,0.425,0.0,120.0,138.0,1.0,1.0
26,0.3,random_forest,overlap,0.08826501520490541,0.435,0.0,120.46918370710287,139.40379637776672,0.24999817626215845,0.2499998378206763
26,0.3,hist_gbm,unweighted,0.17116163504039017,0.005,1.0,180.0,180.0,1.0,1.0
26,0.3,hist_gbm,source,0.1397808282769946,0.005,1.0,110.09872099964664,180.0,2.5495367388715455,1.0
26,0.3,hist_gbm,target,0.13123579908621685,0.005,1.0,180.0,124.42238634491649,1.0,2.492899473843667
26,0.3,hist_gbm,both,0.0921823369851581,0.33,0.0,110.09872099964664,124.42238634491649,2.5495367388715455,2.492899473843667
26,0.3,hist_gbm,crump,0.08656430305882354,0.455,0.0,125.0,136.0,1.0,1.0
26,0.3,hist_gbm,overlap,0.0922995353976129,0.315,0.0,122.41420249330083,139.00983685517178,0.2499999955802698,0.2499999955802698
26,0.4,logistic,unweighted,0.2044179117131535,0.005,1.0,180.0,180.0,1.0,1.0
26,0.4,logistic,source,0.1588676006003137,0.005,1.0,117.46322401103257,180.0,2.5961002571291747,1.0
26,0.4,logistic,target,0.13554672067094914,0.005,1.0,180.0,125.64672600595057,1.0,2.4154793349027948
26,0.4,logistic,both,0.07633561291021618,0.745,0.0,117.46322401103257,125.64672600595057,2.5961002571291747,2.4154793349027948
26,0.4,logistic,crump,0.15011315220669547,0.005,1.0,140.0,145.0,1.0,1.0
26,0.4,logistic,overlap,0.14156583435684117,0.005,1.0,151.39737530034733,153.4376364736248,0.24995901525449568,0.24999714470629816
26,0.4,random_forest,unweighted,0.2044179117131535,0.005,1.0,180.0,180.0,1.0,1.0
26,0.4,random_forest,source,0.16548770173980865,0.005,1.0,97.38602506336616,180.0,2.6367046979875584,1.0
26,0.4,random_forest,target,0.1477434827841431,0.005,1.0,180.0,112.04476605084825,1.0,2.27540443330318
26,0.4,random_forest,both,0.09042575514490081,0.31,0.0,97.38602506336616,112.04476605084825,2.6367046979875584,2.27540443330318
26,0.4,random_forest,crump,0.08608081544805542,0.525,0.0,102.0,120.0,1.0,1.0
26,0.4,random_forest,overlap,0.08561354061486295,0.445,0.0,102.86354176328385,119.21224436205988,0.24999894638210873,0.24999600578705344
26,0.4,hist_gbm,unweighted,0.2044179117131535,0.005,1.0,180.0,180.0,1.0,1.0
26,0.4,hist_gbm,source,0.1667275439262416,0.005,1.0,94.09095529319814,180.0,3.5055904099597797,1.0
26,0.4,hist_gbm,target,0.1436602395099975,0.005,1.0,180.0,104.61429987286608,1.0,2.8550539614565147
26,0.4,hist_gbm,both,0.08927490309535943,0.34,0.0,94.09095529319814,104.61429987286608,3.5055904099597797,2.8550539614565147
26,0.4,hist_gbm,crump,0.0867003381851607,0.45,0.0,105.0,119.0,1.0,1.0
26,0.4,hist_gbm,overlap,0.09128831897284588,0.275,0.0,103.45870348434111,119.90733124721369,0.24999988957614805,0.24996190171574992
27,0.0,logistic,unweighted,0.08648905273586344,0.42,0.0,180.0,180.0,1.0,1.0
27,0.0,logistic,source,0.08942647650797676,0.335,0.0,179.772287482205,180.0,1.0962954127849143,1.0
27,0.0,logistic,target,0.08918594544042766,0.33,0.0,180.0,179.7678638828107,1.0,1.0872406389825946
27,0.0,logistic,both,0.09217641814671727,0.25,0.0,179.772287482205,179.7678638828107,1.0962954127849143,1.0872406389825946
27,0.0,logistic,crump,0.08648905273586344,0.42,0.0,180.0,180.0,1.0,1.0
27,0.0,logistic,overlap,0.08699509947541251,0.42,0.0,179.99947297430575,179.9995429193589,0.24999998003512058,0.24999999848817506
27,0.0,random_forest,unweighted,0.08648905273586344,0.42,0.0,180.0,180.0,1.0,1.0
27,0.0,random_forest,source,0.09261659552725733,0.23,0.0,172.84464599226519,180.0,1.3714971234916036,1.0
27,0.0,random_forest,target,0.08549887453194868,0.465,0.0,180.0,172.40442892250582,1.0,1.4011985067188568
27,0.0,random_forest,both,0.09181352142158117,0.25,0.0,172.84464599226519,172.40442892250582,1.3714971234916036,1.4011985067188568
27,0.0,random_forest,crump,0.08648905273586344,0.42,0.0,180.0,180.0,1.0,1.0
27,0.0,random_forest,overlap,0.08788792105476755,0.41,0.0,177.71079700650907,177.82777341986602,0.2499883181043964,0.24999986701922144
27,0.0,hist_gbm,unweighted,0.08648905273586344,0.42,0.0,180.0,180.0,1.0,1.0
27,0.0,hist_gbm,source,0.08883771230912677,0.4,0.0,157.67986583921171,180.0,1.86163808775363,1.0
27,0.0,hist_gbm,target,0.08842394060458367,0.36,0.0,180.0,162.44697244766965,1.0,1.8187551213706308
27,0.0,hist_gbm,both,0.09076596056927483,0.305,0.0,157.67986583921171,162.44697244766965,1.86163808775363,1.8187551213706308
27,0.0,hist_gbm,crump,0.08648905273586344,0.42,0.0,180.0,180.0,1.0,1.0
27,0.0,hist_gbm,overlap,0.0884943485788047,0.385,0.0,175.77414217372464,176.77050245009767,0.24982928899761436,0.24982928899761436
27,0.1,logistic,unweighted,0.11509823864502364,0.01,1.0,180.0,180.0,1.0,1.0
27,0.1,logistic,source,0.1041194774342089,0.055,0.0,174.31148932709877,180.0,1.4366212746992393,1.0
27,0.1,logistic,target,0.09802503127798479,0.125,0.0,180.0,174.10690421891312,1.0,1.3497448878930973
27,0.1,logistic,both,0.08711374350678737,0.43,0.0,174.31148932709877,174.10690421891312,1.4366212746992393,1.3497448878930973
27,0.1,logistic,crump,0.11509823864502364,0.01,1.0,180.0,180.0,1.0,1.0
27,0.1,logistic,overlap,0.11190406054665733,0.01,1.0,179.5821494268476,179.55979557335547,0.2499998194313094,0.24999955025105744
27,0.1,random_forest,unweighted,0.11509823864502364,0.01,1.0,180.0,180.0,1.0,1.0
27,0.1,random_forest,source,0.1158431190112667,0.01,1.0,156.47789982633714,180.0,1.5208279170410917,1.0
27,0.1,random_forest,target,0.09141163466126222,0.285,0.0,180.0,156.91671073065524,1.0,1.5576849941495503
27,0.1,random_forest,both,0.09163533150312639,0.295,0.0,156.47789982633714,156.91671073065524,1.5208279170410917,1.5576849941495503
27,0.1,random_forest,crump,0.0798333382623788,0.65,0.0,162.0,159.0,1.0,1.0
27,0.1,random_forest,overlap,0.08498098420189742,0.505,0.0,160.20474598916562,160.52446607707358,0.24999996034918476,0.24999997271898336
27,0.1,hist_gbm,unweighted,0.11509823864502364,0.01,1.0,180.0,180.0,1.0,1.0
27,0.1,hist_gbm,source,0.11470049400664226,0.01,1.0,145.95841817099188,180.0,2.571220993141933,1.0
27,0.1,hist_gbm,target,0.09280806809135794,0.245,0.0,180.0,144.27507600519837,1.0,2.5648156966914826
27,0.1,hist_gbm,both,0.0922343262348406,0.265,0.0,145.95841817099188,144.27507600519837,2.571220993141933,2.5648156966914826
27,0.1,hist_gbm,crump,0.07769432811247998,0.69,0.0,160.0,156.0,1.0,1.0
27,0.1,hist_gbm,overlap,0.09078966462164906,0.305,0.0,166.1373431944599,163.25901871227262,0.24999994620150323,0.24998246897722654
27,0.2,logistic,unweighted,0.13935386945587563,0.005,1.0,180.0,180.0,1.0,1.0
27,0.2,logistic,source,0.11622468872609756,0.01,1.0,160.66547178026013,180.0,1.7920931279540253,1.0
27,0.2,logistic,target,0.10342463302911233,0.04,1.0,180.0,160.33294262388662,1.0,1.651208652989873
27,0.2,logistic,both,0.08009229415609026,0.67,0.0,160.66547178026013,160.33294262388662,1.7920931279540253,1.651208652989873
27,0.2,logistic,crump,0.13935386945587563,0.005,1.0,180.0,180.0,1.0,1.0
27,0.2,logistic,overlap,0.12441835694274384,0.005,1.0,176.10517231007321,175.86891309331338,0.24999969121479992,0.24999189338277675
27,0.2,random_forest,unweighted,0.13935386945587563,0.005,1.0,180.0,180.0,1.0,1.0
27,0.2,random_forest,source,0.1311926562291145,0.005,1.0,142.82348887070964,180.0,1.4811153066190117,1.0
27,0.2,random_forest,target,0.1025431177028589,0.035,1.0,180.0,142.37871019563357,1.0,1.6926105766971429
27,0.2,random_forest,both,0.0921157045587978,0.21,0.0,142.82348887070964,142.37871019563357,1.4811153066190117,1.6926105766971429
27,0.2,random_forest,crump,0.08113048069080928,0.65,0.0,146.0,145.0,1.0,1.0
27,0.2,random_forest,overlap,0.08274438383495772,0.555,0.0,145.8438532849071,144.95374019692858,0.24999909304247245,0.2499948128924867
27,0.2,hist_gbm,unweighted,0.13935386945587563,0.005,1.0,180.0,180.0,1.0,1.0
27,0.2,hist_gbm,source,0.12759628035613743,0.005,1.0,129.25761993940827,180.0,2.9212650361306327,1.0
27,0.2,hist_gbm,target,0.10777282011213765,0.015,1.0,180.0,133.4684853672429,1.0,2.182953373750046
27,0.2,hist_gbm,both,0.09413727410066693,0.205,0.0,129.25761993940827,133.4684853672429,2.9212650361306327,2.182953373750046
27,0.2,hist_gbm,crump,0.07842319355470229,0.665,0.0,145.0,142.0,1.0,1.0
27,0.2,hist_gbm,overlap,0.090102913270564,0.275,0.0,143.39371459024397,150.8475057725936,0.2499765531980336,0.2499765531980336
27,0.3,logistic,unweighted,0.17090403806584362,0.005,1.0,180.0,180.0,1.0,1.0
27,0.3,logistic,source,0.13921405265246273,0.005,1.0,142.24492628900717,180.0,1.8622270553612055,1.0
27,0.3,logistic,target,0.11787592341497473,0.01,1.0,180.0,145.816350883316,1.0,1.9486541477334043
27,0.3,logistic,both,0.08216760704229933,0.605,0.0,142.24492628900717,145.816350883316,1.8622270553612055,1.9486541477334043
27,0.3,logistic,crump,0.1650619236955303,0.005,1.0,178.0,175.0,1.0,1.0
27,0.3,logistic,overlap,0.1359832152713134,0.005,1.0,168.12120020528877,168.18400262312844,0.24999488263713274,0.24999826425572583
27,0.3,random_forest,unweighted,0.17090403806584362,0.005,1.0,180.0,180.0,1.0,1.0
27,0.3,random_forest,source,0.15263880053872794,0.005,1.0,120.25627703641433,180.0,1.8325354002365073,1.0
27,0.3,random_forest,target,0.11912926649974515,0.005,1.0,180.0,129.07341095103462,1.0,1.9370173150171561
27,0.3,random_forest,both,0.0948342007860261,0.195,0.0,120.25627703641433,129.07341095103462,1.8325354002365073,1.9370173150171561
27,0.3,random_forest,crump,0.08499442885941572,0.555,0.0,121.0,130.0,1.0,1.0
27,0.3,random_forest,overlap,0.08605426299198246,0.45,0.0,123.96543292131554,131.1253416634405,0.2499999728262633,0.24999934062783913
27,0.3,hist_gbm,unweighted,0.17090403806584362,0.005,1.0,180.0,180.0,1.0,1.0
27,0.3,hist_gbm,source,0.14890796876506973,0.005,1.0,112.2595042961724,180.0,2.4594650687672996,1.0
27,0.3,hist_gbm,target,0.12038492496208444,0.005,1.0,180.0,118.08742604450434,1.0,2.373903644458207
27,0.3,hist_gbm,both,0.0918545744086838,0.275,0.0,112.2595042961724,118.08742604450434,2.4594650687672996,2.373903644458207
27,0.3,hist_gbm,crump,0.0845240429131054,0.55,0.0,120.0,130.0,1.0,1.0
27,0.3,hist_gbm,overlap,0.0875756482076879,0.385,0.0,122.24327196458741,128.92515450953405,0.24997384741937687,0.24997384741937687
27,0.4,logistic,unweighted,0.20902381591982933,0.005,1.0,180.0,180.0,1.0,1.0
27,0.4,logistic,source,0.1710824609294819,0.005,1.0,121.64171259101848,180.0,2.298896575120206,1.0
27,0.4,logistic,target,0.13807351664007117,0.005,1.0,180.0,126.19573100550242,1.0,2.3929219761688674
27,0.4,logistic,both,0.09062468238551488,0.36,0.0,121.64171259101848,126.19573100550242,2.298896575120206,2.3929219761688674
27,0.4,logistic,crump,0.15288172843238831,0.005,1.0,142.0,141.0,1.0,1.0
27,0.4,logistic,overlap,0.1541493676264466,0.005,1.0,154.80299467968797,155.35885885166383,0.24999997482746875,0.24999776362431983
27,0.4,random_forest,unweighted,0.20902381591982933,0.005,1.0,180.0,180.0,1.0,1.0
27,0.4,random_forest,source,0.18745022922755197,0.005,1.0,106.28033661525812,180.0,2.165957686110078,1.0
27,0.4,random_forest,target,0.13949279841224685,0.005,1.0,180.0,111.41585654238695,1.0,2.169556396020602
27,0.4,random_forest,both,0.10444178515782729,0.14,0.0,106.28033661525812,111.41585654238695,2.165957686110078,2.169556396020602
27,0.4,random_forest,crump,0.0936226762454808,0.245,0.0,111.0,113.0,1.0,1.0
27,0.4,random_forest,overlap,0.09925177340943295,0.18,0.0,109.84080126423805,113.16271228288419,0.2499998925458829,0.24999987626144332
27,0.4,hist_gbm,unweighted,0.20902381591982933,0.005,1.0,180.0,180.0,1.0,1.0
27,0.4,hist_gbm,source,0.1885303387163639,0.005,1.0,101.21274465037081,180.0,2.8606787239636233,1.0
27,0.4,hist_gbm,target,0.13855949594850858,0.005,1.0,180.0,102.13881347547961,1.0,2.521957371157324
27,0.4,hist_gbm,both,0.106637292228702,0.11,0.0,101.21274465037081,102.13881347547961,2.8606787239636233,2.521957371157324
27,0.4,hist_gbm,crump,0.0936226762454808,0.245,0.0,111.0,113.0,1.0,1.0
27,0.4,hist_gbm,overlap,0.10184042206018777,0.15,0.0,108.9492439719152,112.98503358833133,0.24999999999365022,0.24999999999365022
28,0.0,logistic,unweighted,0.0811199702789209,0.61,0.0,180.0,180.0,1.0,1.0
28,0.0,logistic,source,0.0806068153397394,0.625,0.0,179.9722578926476,180.0,1.0304924742723285,1.0
28,0.0,logistic,target,0.08040972133526303,0.635,0.0,180.0,179.97293545278788,1.0,1.035429825222487
28,0.0,logistic,both,0.07989794423565164,0.66,0.0,179.9722578926476,179.97293545278788,1.0304924742723285,1.035429825222487
28,0.0,logistic,crump,0.0811199702789209,0.61,0.0,180.0,180.0,1.0,1.0
28,0.0,logistic,overlap,0.0816059713020428,0.61,0.0,179.99999263136854,179.99999090155166,0.2499999999549568,0.24999999857913432
28,0.0,random_forest,unweighted,0.0811199702789209,0.61,0.0,180.0,180.0,1.0,1.0
28,0.0,random_forest,source,0.07896458320790993,0.69,0.0,174.19336740147546,180.0,1.4611227339884072,1.0
28,0.0,random_forest,target,0.0809849796673956,0.61,0.0,180.0,171.9978409353347,1.0,1.4584245255177881
28,0.0,random_forest,both,0.0788735397097172,0.69,0.0,174.19336740147546,171.9978409353347,1.4611227339884072,1.4584245255177881
28,0.0,random_forest,crump,0.0811199702789209,0.61,0.0,180.0,180.0,1.0,1.0
28,0.0,random_forest,overlap,0.08159824454781925,0.59,0.0,179.5157341722771,179.10408255913984,0.2499988370494653,0.2499978477611295
28,0.0,hist_gbm,unweighted,0.0811199702789209,0.61,0.0,180.0,180.0,1.0,1.0
28,0.0,hist_gbm,source,0.07639328216247784,0.77,0.0,157.3273619275337,180.0,2.1136039264080915,1.0
28,0.0,hist_gbm,target,0.07978447874385394,0.675,0.0,180.0,149.42620614118084,1.0,1.9690246318719256
28,0.0,hist_gbm,both,0.0753012837781735,0.825,0.0,157.3273619275337,149.42620614118084,2.1136039264080915,1.9690246318719256
28,0.0,hist_gbm,crump,0.0811199702789209,0.61,0.0,180.0,180.0,1.0,1.0
28,0.0,hist_gbm,overlap,0.0799399626725134,0.655,0.0,175.21147377646872,171.43187568015324,0.24999847397950492,0.2499528932181819
28,0.1,logistic,unweighted,0.12187423696844993,0.005,1.0,180.0,180.0,1.0,1.0
28,0.1,logistic,source,0.10737836597960698,0.03,1.0,171.6419891700465,180.0,1.474450218044785,1.0
28,0.1,logistic,target,0.10108657381727645,0.06,0.0,180.0,171.31511023891179,1.0,1.5291826623815117
28,0.1,logistic,both,0.08686886185440737,0.45,0.0,171.6419891700465,171.31511023891179,1.474450218044785,1.5291826623815117
28,0.1,logistic,crump,0.12187423696844993,0.005,1.0,180.0,180.0,1.0,1.0
28,0.1,logistic,overlap,0.11725515326712738,0.005,1.0,179.0898492184251,178.88128886674062,0.24999999994608668,0.24999996971714744
28,0.1,random_forest,unweighted,0.12187423696844993,0.005,1.0,180.0,180.0,1.0,1.0
28,0.1,random_forest,source,0.11261974639779998,0.02,1.0,163.6613032335169,180.0,1.5194608650842534,1.0
28,0.1,random_forest,target,0.10636086597764598,0.025,1.0,180.0,162.2845164182951,1.0,1.5956388894118487
28,0.1,random_forest,both,0.09619521360727037,0.155,0.0,163.6613032335169,162.2845164182951,1.5194608650842534,1.5956388894118487
28,0.1,random_forest,crump,0.10303221394533343,0.05,0.0,171.0,168.0,1.0,1.0
28,0.1,random_forest,overlap,0.10010960371308117,0.085,0.0,169.54243054844633,167.36353630748698,0.2499999509522618,0.24999940173756172
28,0.1,hist_gbm,unweighted,0.12187423696844993,0.005,1.0,180.0,180.0,1.0,1.0
28,0.1,hist_gbm,source,0.10462847695469027,0.045,1.0,143.69617345137007,180.0,2.3433753114796088,1.0
28,0.1,hist_gbm,target,0.11152290247304283,0.015,1.0,180.0,140.93289712129015,1.0,2.4307547413807575
28,0.1,hist_gbm,both,0.09405434455512805,0.23,0.0,143.69617345137007,140.93289712129015,2.3433753114796088,2.4307547413807575
28,0.1,hist_gbm,crump,0.12187423696844993,0.005,1.0,180.0,180.0,1.0,1.0
28,0.1,hist_gbm,overlap,0.11637701152869964,0.005,1.0,169.3438484847008,169.75802773428134,0.2499994463076966,0.2499994463076966
28,0.2,logistic,unweighted,0.14253920705685108,0.005,1.0,180.0,180.0,1.0,1.0
28,0.2,logistic,source,0.12219368510799197,0.005,1.0,161.69177532347132,180.0,1.6990195478149346,1.0
28,0.2,logistic,target,0.10637684722890117,0.025,1.0,180.0,160.79077831276012,1.0,1.7600643405566314
28,0.2,logistic,both,0.08522070844176778,0.48,0.0,161.69177532347132,160.79077831276012,1.6990195478149346,1.7600643405566314
28,0.2,logistic,crump,0.14253920705685108,0.005,1.0,180.0,180.0,1.0,1.0
28,0.2,logistic,overlap,0.12703373696593162,0.005,1.0,176.03350986367022,175.38898084415374,0.2499999843991898,0.24999912542162847
28,0.2,random_forest,unweighted,0.14253920705685108,0.005,1.0,180.0,180.0,1.0,1.0
28,0.2,random_forest,source,0.1278548587813576,0.005,1.0,149.8830052750839,180.0,1.735534357084028,1.0
28,0.2,random_forest,target,0.10919349088810536,0.02,1.0,180.0,147.97596421057392,1.0,1.7792185504019211
28,0.2,random_forest,both,0.09157842545872122,0.295,0.0,149.8830052750839,147.97596421057392,1.735534357084028,1.7792185504019211
28,0.2,random_forest,crump,0.09198686335004325,0.3,0.0,151.0,152.0,1.0,1.0
28,0.2,random_forest,overlap,0.09430267821290801,0.215,0.0,157.37737652427865,152.05529789207765,0.2499991104969348,0.24999915465744552
28,0.2,hist_gbm,unweighted,0.14253920705685108,0.005,1.0,180.0,180.0,1.0,1.0
28,0.2,hist_gbm,source,0.12489997130811092,0.005,1.0,132.12022718810002,180.0,2.6161548383975446,1.0
28,0.2,hist_gbm,target,0.1089303311831537,0.025,1.0,180.0,122.06972972134653,1.0,3.0733688710436837
28,0.2,hist_gbm,both,0.08930408535957655,0.34,0.0,132.12022718810002,122.06972972134653,2.6161548383975446,3.0733688710436837
28,0.2,hist_gbm,crump,0.09637320525980118,0.115,0.0,155.0,152.0,1.0,1.0
28,0.2,hist_gbm,overlap,0.09783119652433168,0.135,0.0,157.35142654666683,145.58936603545092,0.24998271015343823,0.24998271015343823
28,0.3,logistic,unweighted,0.1887707456942539,0.005,1.0,180.0,180.0,1.0,1.0
28,0.3,logistic,source,0.1543913892616531,0.005,1.0,140.01849351026368,180.0,2.1252354213453386,1.0
28,0.3,logistic,target,0.13310962498215406,0.005,1.0,180.0,140.45954448394048,1.0,2.1669844021297844
28,0.3,logistic,both,0.09321286526498987,0.26,0.0,140.01849351026368,140.45954448394048,2.1252354213453386,2.1669844021297844
28,0.3,logistic,crump,0.16580851163080923,0.005,1.0,171.0,160.0,1.0,1.0
28,0.3,logistic,overlap,0.1536475563213691,0.005,1.0,165.78305861981016,163.50772687872836,0.2499980986150819,0.2499997560355347
28,0.3,random_forest,unweighted,0.1887707456942539,0.005,1.0,180.0,180.0,1.0,1.0
28,0.3,random_forest,source,0.16014321459575837,0.005,1.0,122.0863244722701,180.0,2.080070745838899,1.0
28,0.3,random_forest,target,0.1461219423125519,0.005,1.0,180.0,128.68239212863037,1.0,2.288474910843547
28,0.3,random_forest,both,0.10762119974376984,0.045,1.0,122.0863244722701,128.68239212863037,2.080070745838899,2.288474910843547
28,0.3,random_forest,crump,0.1052892520630041,0.065,0.0,124.0,134.0,1.0,1.0
28,0.3,random_forest,overlap,0.10899468304092595,0.035,1.0,130.9432714383171,133.80001747829388,0.24999940672911186,0.24999807931360868
28,0.3,hist_gbm,unweighted,0.1887707456942539,0.005,1.0,180.0,180.0,1.0,1.0
28,0.3,hist_gbm,source,0.1585866596794686,0.005,1.0,110.0620680883142,180.0,3.1489583182590453,1.0
28,0.3,hist_gbm,target,0.13878496972420687,0.005,1.0,180.0,107.1559383727948,1.0,3.1191827240935366
28,0.3,hist_gbm,both,0.09980860858408738,0.175,0.0,110.0620680883142,107.1559383727948,3.1489583182590453,3.1191827240935366
28,0.3,hist_gbm,crump,0.10777430747871969,0.045,1.0,128.0,134.0,1.0,1.0
28,0.3,hist_gbm,overlap,0.10909365464057658,0.035,1.0,130.3358927998056,126.54195094537515,0.24997816135464127,0.24997816135464127
28,0.4,logistic,unweighted,0.2048017689757659,0.005,1.0,180.0,180.0,1.0,1.0
28,0.4,logistic,source,0.16126425602780844,0.005,1.0,122.17015692449218,180.0,2.499300770642038,1.0
28,0.4,logistic,target,0.130598356127132,0.005,1.0,180.0,121.53837186935876,1.0,2.5881759907170365
28,0.4,logistic,both,0.07624461204874113,0.735,0.0,122.17015692449218,121.53837186935876,2.499300770642038,2.5881759907170365
28,0.4,logistic,crump,0.1385767921230986,0.005,1.0,143.0,133.0,1.0,1.0
28,0.4,logistic,overlap,0.14409978345468027,0.005,1.0,153.15532950794056,150.93091699228222,0.2499977090121067,0.24999934393312517
28,0.4,random_forest,unweighted,0.2048017689757659,0.005,1.0,180.0,180.0,1.0,1.0
28,0.4,random_forest,source,0.16693225017985114,0.005,1.0,105.85182945491826,180.0,2.4783996529710657,1.0
28,0.4,random_forest,target,0.14563448159232925,0.005,1.0,180.0,107.5914488010412,1.0,2.679001792076784
28,0.4,random_forest,both,0.08901276164161644,0.41,0.0,105.85182945491826,107.5914488010412,2.4783996529710657,2.679001792076784
28,0.4,random_forest,crump,0.08721081239996081,0.415,0.0,110.0,115.0,1.0,1.0
28,0.4,random_forest,overlap,0.09053014513314903,0.4,0.0,113.93974442798759,114.12767620572426,0.24999987829725295,0.24999981881812966
28,0.4,hist_gbm,unweighted,0.2048017689757659,0.005,1.0,180.0,180.0,1.0,1.0
28,0.4,hist_gbm,source,0.16747783705675187,0.005,1.0,99.23631660193035,180.0,3.192800206797741,1.0
28,0.4,hist_gbm,target,0.14327209266137453,0.005,1.0,180.0,93.31615547507477,1.0,3.6573306890944837
28,0.4,hist_gbm,both,0.08988103154205421,0.405,0.0,99.23631660193035,93.31615547507477,3.192800206797741,3.6573306890944837
28,0.4,hist_gbm,crump,0.08718673766047107,0.375,0.0,110.0,115.0,1.0,1.0
28,0.4,hist_gbm,overlap,0.09481547940207948,0.275,0.0,116.77747204467087,109.48773631782942,0.24999767311369156,0.24999767311369156
29,0.0,logistic,unweighted,0.07468991102728242,0.86,0.0,180.0,180.0,1.0,1.0
29,0.0,logistic,source,0.07824184875411351,0.73,0.0,179.58179988734707,180.0,1.1187384584280575,1.0
29,0.0,logistic,target,0.07760180637403442,0.755,0.0,180.0,179.59968517054673,1.0,1.114498646116226
29,0.0,logistic,both,0.08123747990409713,0.61,0.0,179.58179988734707,179.59968517054673,1.1187384584280575,1.114498646116226
29,0.0,logistic,crump,0.07468991102728242,0.86,0.0,180.0,180.0,1.0,1.0
29,0.0,logistic,overlap,0.07514815972649862,0.86,0.0,179.99826851112434,179.99810861584598,0.24999983133971854,0.24999999918097918
29,0.0,random_forest,unweighted,0.07468991102728242,0.86,0.0,180.0,180.0,1.0,1.0
29,0.0,random_forest,source,0.07678276780603624,0.765,0.0,174.88000758481473,180.0,1.4166592368871114,1.0
29,0.0,random_forest,target,0.07818898223465676,0.7,0.0,180.0,173.43967284399452,1.0,1.3426453470232977
29,0.0,random_forest,both,0.08041977362395261,0.665,0.0,174.88000758481473,173.43967284399452,1.4166592368871114,1.3426453470232977
29,0.0,random_forest,crump,0.07468991102728242,0.86,0.0,180.0,180.0,1.0,1.0
29,0.0,random_forest,overlap,0.0778658187675697,0.745,0.0,179.52168817346603,179.1089127250621,0.24999997731573848,0.24999975701109214
29,0.0,hist_gbm,unweighted,0.07468991102728242,0.86,0.0,180.0,180.0,1.0,1.0
29,0.0,hist_gbm,source,0.07696354668327257,0.765,0.0,165.67453162491256,180.0,1.9084809781583763,1.0
29,0.0,hist_gbm,target,0.07929841433453218,0.705,0.0,180.0,160.08738417863947,1.0,1.75422549656516
29,0.0,hist_gbm,both,0.0815553105470909,0.63,0.0,165.67453162491256,160.08738417863947,1.9084809781583763,1.75422549656516
29,0.0,hist_gbm,crump,0.07468991102728242,0.86,0.0,180.0,180.0,1.0,1.0
29,0.0,hist_gbm,overlap,0.07588800689447309,0.835,0.0,177.8582511835459,174.92603529047022,0.24999856732691206,0.24999856732691206
29,0.1,logistic,unweighted,0.09405886869379668,0.13,0.0,180.0,180.0,1.0,1.0
29,0.1,logistic,source,0.08682884029407505,0.415,0.0,177.1724911071859,180.0,1.2690946498487274,1.0
29,0.1,logistic,target,0.08347599560499927,0.545,0.0,180.0,177.1307029604275,1.0,1.314842965536218
29,0.1,logistic,both,0.07643685864732175,0.82,0.0,177.1724911071859,177.1307029604275,1.2690946498487274,1.314842965536218
29,0.1,logistic,crump,0.09405886869379668,0.13,0.0,180.0,180.0,1.0,1.0
29,0.1,logistic,overlap,0.0931554574787536,0.17,0.0,179.89874080479183,179.89280590303915,0.24999999244195278,0.24999979212178577
29,0.1,random_forest,unweighted,0.09405886869379668,0.13,0.0,180.0,180.0,1.0,1.0
29,0.1,random_forest,source,0.0931095248227782,0.185,0.0,172.51213224654828,180.0,1.370622482607499,1.0
29,0.1,random_forest,target,0.07968593194808128,0.69,0.0,180.0,165.78743333066583,1.0,1.3752506611598811
29,0.1,random_forest,both,0.07859188050211643,0.77,0.0,172.51213224654828,165.78743333066583,1.370622482607499,1.3752506611598811
29,0.1,random_forest,crump,0.07704781896432042,0.8,0.0,175.0,168.0,1.0,1.0
29,0.1,random_forest,overlap,0.07764770003451868,0.79,0.0,176.84175538196115,168.34553517199063,0.24999947113461338,0.2499998293618788
29,0.1,hist_gbm,unweighted,0.09405886869379668,0.13,0.0,180.0,180.0,1.0,1.0
29,0.1,hist_gbm,source,0.08876555174363426,0.355,0.0,159.80883094167726,180.0,1.9717569356716842,1.0
29,0.1,hist_gbm,target,0.08520421500231508,0.475,0.0,180.0,158.18577316167014,1.0,1.842111318047931
29,0.1,hist_gbm,both,0.08010202430794434,0.72,0.0,159.80883094167726,158.18577316167014,1.9717569356716842,1.842111318047931
29,0.1,hist_gbm,crump,0.09636238216575749,0.125,0.0,180.0,172.0,1.0,1.0
29,0.1,hist_gbm,overlap,0.09051813020962074,0.26,0.0,177.41863424255945,174.38744615479789,0.24999805174640913,0.24999805174640913
29,0.2,logistic,unweighted,0.13545168038408778,0.005,1.0,180.0,180.0,1.0,1.0
29,0.2,logistic,source,0.11593116750657832,0.005,1.0,163.14264241416015,180.0,1.6519284538040901,1.0
29,0.2,logistic,target,0.09783976109707213,0.115,0.0,180.0,160.59262867756954,1.0,1.7273795820353837
29,0.2,logistic,both,0.07821188078330749,0.765,0.0,163.14264241416015,160.59262867756954,1.6519284538040901,1.7273795820353837
29,0.2,logistic,crump,0.13545168038408778,0.005,1.0,180.0,180.0,1.0,1.0
29,0.2,logistic,overlap,0.120963724469894,0.005,1.0,176.38837241467678,176.3392357933507,0.24999989369400522,0.2499999873666853
29,0.2,random_forest,unweighted,0.13545168038408778,0.005,1.0,180.0,180.0,1.0,1.0
29,0.2,random_forest,source,0.12760547671856626,0.005,1.0,157.06250206297503,180.0,1.4951847923398873,1.0
29,0.2,random_forest,target,0.09082565637496913,0.32,0.0,180.0,142.4501746322575,1.0,1.5498250223925187
29,0.2,random_forest,both,0.08091495454101677,0.655,0.0,157.06250206297503,142.4501746322575,1.4951847923398873,1.5498250223925187
29,0.2,random_forest,crump,0.08281588151566746,0.595,0.0,161.0,145.0,1.0,1.0
29,0.2,random_forest,overlap,0.08065275781413513,0.655,0.0,159.75219443057992,144.68338049307212,0.2499987972597325,0.24999961529914624
29,0.2,hist_gbm,unweighted,0.13545168038408778,0.005,1.0,180.0,180.0,1.0,1.0
29,0.2,hist_gbm,source,0.12151113087908985,0.005,1.0,147.493701854212,180.0,2.191967424336264,1.0
29,0.2,hist_gbm,target,0.09148332370650072,0.285,0.0,180.0,130.7260803436187,1.0,2.709662436135558
29,0.2,hist_gbm,both,0.07523962547884458,0.835,0.0,147.493701854212,130.7260803436187,2.191967424336264,2.709662436135558
29,0.2,hist_gbm,crump,0.07972520351157178,0.67,0.0,157.0,143.0,1.0,1.0
29,0.2,hist_gbm,overlap,0.08146740156104638,0.635,0.0,163.53235149129935,142.14578765653863,0.24999982223045125,0.24999982223045125
29,0.3,logistic,unweighted,0.1702125361987502,0.005,1.0,180.0,180.0,1.0,1.0
29,0.3,logistic,source,0.14033883886965168,0.005,1.0,145.78575146831827,180.0,1.968822407953694,1.0
29,0.3,logistic,target,0.11420893231866747,0.01,1.0,180.0,143.89519383912187,1.0,2.0551124841230544
29,0.3,logistic,both,0.08110458625678617,0.655,0.0,145.78575146831827,143.89519383912187,1.968822407953694,2.0551124841230544
29,0.3,logistic,crump,0.16746055211997213,0.005,1.0,176.0,179.0,1.0,1.0
29,0.3,logistic,overlap,0.13813448016198385,0.005,1.0,168.00869671644935,169.70257909286832,0.24999980633352553,0.24999899262984082
29,0.3,random_forest,unweighted,0.1702125361987502,0.005,1.0,180.0,180.0,1.0,1.0
29,0.3,random_forest,source,0.15416266663424008,0.005,1.0,137.92584308320306,180.0,1.6527955216692207,1.0
29,0.3,random_forest,target,0.1086262475672993,0.02,1.0,180.0,123.83171218770205,1.0,1.8418775151157232
29,0.3,random_forest,both,0.0862947493608669,0.47,0.0,137.92584308320306,123.83171218770205,1.6527955216692207,1.8418775151157232
29,0.3,random_forest,crump,0.08846401246137309,0.375,0.0,142.0,128.0,1.0,1.0
29,0.3,random_forest,overlap,0.08401035260472882,0.53,0.0,141.53599604265088,126.93824842240062,0.24999943484139975,0.24999943484139975
29,0.3,hist_gbm,unweighted,0.1702125361987502,0.005,1.0,180.0,180.0,1.0,1.0
29,0.3,hist_gbm,source,0.15213726360238655,0.005,1.0,125.82287836244195,180.0,2.4979275991448713,1.0
29,0.3,hist_gbm,target,0.11121935929728018,0.01,1.0,180.0,114.79946960456815,1.0,2.642538226084431
29,0.3,hist_gbm,both,0.08680283555488863,0.455,0.0,125.82287836244195,114.79946960456815,2.4979275991448713,2.642538226084431
29,0.3,hist_gbm,crump,0.0862501628364426,0.43,0.0,141.0,127.0,1.0,1.0
29,0.3,hist_gbm,overlap,0.08450459733886106,0.525,0.0,139.03532613464677,126.30668473187431,0.2499747489138899,0.2499997950394743
29,0.4,logistic,unweighted,0.19787825598231978,0.005,1.0,180.0,180.0,1.0,1.0
29,0.4,logistic,source,0.15641880369714684,0.005,1.0,131.48185857693505,180.0,2.2574937915158975,1.0
29,0.4,logistic,target,0.13372843944201068,0.005,1.0,180.0,131.10271049040514,1.0,2.3109168231833674
29,0.4,logistic,both,0.08653965650432788,0.475,0.0,131.48185857693505,131.10271049040514,2.2574937915158975,2.3109168231833674
29,0.4,logistic,crump,0.1750610962550463,0.005,1.0,162.0,164.0,1.0,1.0
29,0.4,logistic,overlap,0.15370615525363596,0.005,1.0,159.14740010606116,161.63532723380817,0.24999880587066675,0.2499994220744223
29,0.4,random_forest,unweighted,0.19787825598231978,0.005,1.0,180.0,180.0,1.0,1.0
29,0.4,random_forest,source,0.17453840073763574,0.005,1.0,115.69904204121191,180.0,2.1335546286289393,1.0
29,0.4,random_forest,target,0.13465223508356863,0.005,1.0,180.0,109.78368111710651,1.0,2.262718519792071
29,0.4,random_forest,both,0.09975611718488536,0.145,0.0,115.69904204121191,109.78368111710651,2.1335546286289393,2.262718519792071
29,0.4,random_forest,crump,0.0940628386248763,0.28,0.0,122.0,115.0,1.0,1.0
29,0.4,random_forest,overlap,0.09300592063746943,0.235,0.0,122.01045552408536,116.20686336080571,0.2499997438494846,0.24999985269551303
29,0.4,hist_gbm,unweighted,0.19787825598231978,0.005,1.0,180.0,180.0,1.0,1.0
29,0.4,hist_gbm,source,0.16794652548137431,0.005,1.0,109.02332428377296,180.0,2.9615740353378985,1.0
29,0.4,hist_gbm,target,0.13559199069373226,0.005,1.0,180.0,104.23051748316354,1.0,2.727622953460449
29,0.4,hist_gbm,both,0.09501174862822859,0.205,0.0,109.02332428377296,104.23051748316354,2.9615740353378985,2.727622953460449
29,0.4,hist_gbm,crump,0.09604794595570615,0.225,0.0,118.0,119.0,1.0,1.0
29,0.4,hist_gbm,overlap,0.09429117870137721,0.23,0.0,121.05563392643289,116.97866055997189,0.24999519978153548,0.2499919099754661
30,0.0,logistic,unweighted,0.08400064490931261,0.53,0.0,180.0,180.0,1.0,1.0
30,0.0,logistic,source,0.08946926563664281,0.4,0.0,178.84583793879526,180.0,1.2441591105897953,1.0
30,0.0,logistic,target,0.0892718406933093,0.42,0.0,180.0,178.84203426579583,1.0,1.2067156206527765
30,0.0,logistic,both,0.09494336351737383,0.225,0.0,178.84583793879526,178.84203426579583,1.2441591105897953,1.2067156206527765
30,0.0,logistic,crump,0.08400064490931261,0.53,0.0,180.0,180.0,1.0,1.0
30,0.0,logistic,overlap,0.08451770063998545,0.52,0.0,179.9857722026114,179.98535341463412,0.2499997841711295,0.24999929489903475
30,0.0,random_forest,unweighted,0.08400064490931261,0.53,0.0,180.0,180.0,1.0,1.0
30,0.0,random_forest,source,0.09115420418239692,0.315,0.0,174.36328250853293,180.0,1.4555703856269249,1.0
30,0.0,random_forest,target,0.08761949655836349,0.45,0.0,180.0,169.95823496279533,1.0,1.4682719442460601
30,0.0,random_forest,both,0.09505547762352853,0.23,0.0,174.36328250853293,169.95823496279533,1.4555703856269249,1.4682719442460601
30,0.0,random_forest,crump,0.08400064490931261,0.53,0.0,180.0,180.0,1.0,1.0
30,0.0,random_forest,overlap,0.08829717665499492,0.45,0.0,179.2772355994711,178.07286797803388,0.24999968581598125,0.24999994928807537
30,0.0,hist_gbm,unweighted,0.08400064490931261,0.53,0.0,180.0,180.0,1.0,1.0
30,0.0,hist_gbm,source,0.08866137600199375,0.415,0.0,162.0746893889686,180.0,2.170563077011756,1.0
30,0.0,hist_gbm,target,0.08912778828578617,0.38,0.0,180.0,153.74110102512313,1.0,1.8742137067843503
30,0.0,hist_gbm,both,0.09376899342147066,0.285,0.0,162.0746893889686,153.74110102512313,2.170563077011756,1.8742137067843503
30,0.0,hist_gbm,crump,0.08400064490931261,0.53,0.0,180.0,180.0,1.0,1.0
30,0.0,hist_gbm,overlap,0.08662366547715347,0.48,0.0,177.39470877926502,171.61935808218078,0.2499913671122862,0.24998749004686036
30,0.1,logistic,unweighted,0.11476550068587105,0.015,1.0,180.0,180.0,1.0,1.0
30,0.1,logistic,source,0.10008638826891755,0.09,0.0,170.82958354069078,180.0,1.4990027202262086,1.0
30,0.1,logistic,target,0.09354175713588841,0.255,0.0,180.0,170.87477750880146,1.0,1.4997024103664434
30,0.1,logistic,both,0.07909883001995507,0.73,0.0,170.82958354069078,170.87477750880146,1.4990027202262086,1.4997024103664434
30,0.1,logistic,crump,0.11476550068587105,0.015,1.0,180.0,180.0,1.0,1.0
30,0.1,logistic,overlap,0.10847454702865231,0.035,1.0,178.83958441389973,178.8768155565831,0.24999998254693898,0.24999892404872154
30,0.1,random_forest,unweighted,0.11476550068587105,0.015,1.0,180.0,180.0,1.0,1.0
30,0.1,random_forest,source,0.11137217288146925,0.035,1.0,157.02697391856182,180.0,1.6011242996185404,1.0
30,0.1,random_forest,target,0.0909383355905268,0.32,0.0,180.0,154.5667300443523,1.0,1.5298814900669553
30,0.1,random_forest,both,0.08672681284045336,0.44,0.0,157.02697391856182,154.5667300443523,1.6011242996185404,1.5298814900669553
30,0.1,random_forest,crump,0.07711249888877479,0.745,0.0,158.0,159.0,1.0,1.0
30,0.1,random_forest,overlap,0.07878940512388961,0.765,0.0,161.34203261546426,158.56480769215875,0.24999998695882056,0.24999855475921617
30,0.1,hist_gbm,unweighted,0.11476550068587105,0.015,1.0,180.0,180.0,1.0,1.0
30,0.1,hist_gbm,source,0.10906864087467977,0.04,1.0,145.13469343372722,180.0,2.6811066529151257,1.0
30,0.1,hist_gbm,target,0.09842235975040375,0.14,0.0,180.0,138.05138248166435,1.0,2.6807396744139402
30,0.1,hist_gbm,both,0.09279839839132589,0.275,0.0,145.13469343372722,138.05138248166435,2.6811066529151257,2.6807396744139402
30,0.1,hist_gbm,crump,0.07534534562098189,0.775,0.0,156.0,156.0,1.0,1.0
30,0.1,hist_gbm,overlap,0.09333820754365162,0.26,0.0,163.44239906159964,159.66021368928628,0.24998945821864446,0.24998945821864446
30,0.2,logistic,unweighted,0.14938091278006402,0.005,1.0,180.0,180.0,1.0,1.0
30,0.2,logistic,source,0.12573834247808613,0.01,1.0,157.06790528574703,180.0,1.781202175219778,1.0
30,0.2,logistic,target,0.1118825481148278,0.02,1.0,180.0,159.1561474859677,1.0,1.7636922467478824
30,0.2,logistic,both,0.08783806603420644,0.425,0.0,157.06790528574703,159.1561474859677,1.781202175219778,1.7636922467478824
30,0.2,logistic,crump,0.14938091278006402,0.005,1.0,180.0,180.0,1.0,1.0
30,0.2,logistic,overlap,0.1320612889676286,0.005,1.0,174.4754317903035,174.84930232243664,0.24999627680081013,0.24999959228960475
30,0.2,random_forest,unweighted,0.14938091278006402,0.005,1.0,180.0,180.0,1.0,1.0
30,0.2,random_forest,source,0.1379705834695443,0.005,1.0,139.21797637278473,180.0,1.6096896066823536,1.0
30,0.2,random_forest,target,0.11773524925440286,0.01,1.0,180.0,142.9146547253831,1.0,1.7222634702052748
30,0.2,random_forest,both,0.10399164261316744,0.065,0.0,139.21797637278473,142.9146547253831,1.6096896066823536,1.7222634702052748
30,0.2,random_forest,crump,0.09409703535311925,0.175,0.0,142.0,148.0,1.0,1.0
30,0.2,random_forest,overlap,0.09608551593461326,0.14,0.0,144.02911571394878,148.11933967196546,0.24999952892783225,0.24999999876463708
30,0.2,hist_gbm,unweighted,0.14938091278006402,0.005,1.0,180.0,180.0,1.0,1.0
30,0.2,hist_gbm,source,0.13456269507291238,0.005,1.0,129.98846420015832,180.0,2.7022289218558195,1.0
30,0.2,hist_gbm,target,0.11783438338939145,0.01,1.0,180.0,122.41475329800839,1.0,2.401318021867633
30,0.2,hist_gbm,both,0.10055436640357367,0.105,0.0,129.98846420015832,122.41475329800839,2.7022289218558195,2.401318021867633
30,0.2,hist_gbm,crump,0.10744116160541378,0.04,1.0,140.0,137.0,1.0,1.0
30,0.2,hist_gbm,overlap,0.1041525942524065,0.07,0.0,144.6045260612547,140.85388899921284,0.2499999886201566,0.2499999886201566
30,0.3,logistic,unweighted,0.18149757373113856,0.005,1.0,180.0,180.0,1.0,1.0
30,0.3,logistic,source,0.14699002403165712,0.005,1.0,137.2954491527581,180.0,2.076959511259052,1.0
30,0.3,logistic,target,0.12252003531316609,0.005,1.0,180.0,139.16296552784698,1.0,2.1425753156794545
30,0.3,logistic,both,0.08391456761572337,0.525,0.0,137.2954491527581,139.16296552784698,2.076959511259052,2.1425753156794545
30,0.3,logistic,crump,0.17048735845183732,0.005,1.0,172.0,172.0,1.0,1.0
30,0.3,logistic,overlap,0.1426190973105532,0.005,1.0,164.2363672375739,164.37031478152204,0.24999776436206997,0.24999991438003577
30,0.3,random_forest,unweighted,0.18149757373113856,0.005,1.0,180.0,180.0,1.0,1.0
30,0.3,random_forest,source,0.15981615127143936,0.005,1.0,118.22205990055447,180.0,2.0541942046940393,1.0
30,0.3,random_forest,target,0.12993631799499294,0.005,1.0,180.0,122.29375625836418,1.0,1.9815746579378961
30,0.3,random_forest,both,0.09964273156125264,0.115,0.0,118.22205990055447,122.29375625836418,2.0541942046940393,1.9815746579378961
30,0.3,random_forest,crump,0.08547475749559082,0.52,0.0,120.0,126.0,1.0,1.0
30,0.3,random_forest,overlap,0.08847303323328579,0.39,0.0,121.64117788925252,126.5872772020855,0.2499999763115505,0.24999829559144976
30,0.3,hist_gbm,unweighted,0.18149757373113856,0.005,1.0,180.0,180.0,1.0,1.0
30,0.3,hist_gbm,source,0.15873156877215638,0.005,1.0,111.81458495261285,180.0,2.5011634267263116,1.0
30,0.3,hist_gbm,target,0.12848820546121895,0.005,1.0,180.0,109.60709469150181,1.0,2.8041295259184738
30,0.3,hist_gbm,both,0.09908901671417866,0.14,0.0,111.81458495261285,109.60709469150181,2.5011634267263116,2.8041295259184738
30,0.3,hist_gbm,crump,0.08896888539818376,0.375,0.0,119.0,117.0,1.0,1.0
30,0.3,hist_gbm,overlap,0.0916118602062654,0.295,0.0,124.05968788917383,121.35828589681354,0.2499939427634195,0.24999742613204556
30,0.4,logistic,unweighted,0.2196450617283951,0.005,1.0,180.0,180.0,1.0,1.0
30,0.4,logistic,source,0.18464717267095557,0.005,1.0,114.05701319668862,180.0,2.5422679644476758,1.0
30,0.4,logistic,target,0.13533115733943543,0.005,1.0,180.0,116.2501094951147,1.0,2.6907371179369775
30,0.4,logistic,both,0.08439266814121657,0.57,0.0,114.05701319668862,116.2501094951147,2.5422679644476758,2.6907371179369775
30,0.4,logistic,crump,0.1350583610606409,0.005,1.0,126.0,123.0,1.0,1.0
30,0.4,logistic,overlap,0.14968921412755376,0.005,1.0,148.33845200060904,146.18103409205872,0.24999849351666176,0.2499612529855007
30,0.4,random_forest,unweighted,0.2196450617283951,0.005,1.0,180.0,180.0,1.0,1.0
30,0.4,random_forest,source,0.18965218217295693,0.005,1.0,96.27137131308753,180.0,2.591628177560176,1.0
30,0.4,random_forest,target,0.14729410021794598,0.005,1.0,180.0,102.26629290432925,1.0,2.245333389776158
30,0.4,random_forest,both,0.09631723457749086,0.245,0.0,96.27137131308753,102.26629290432925,2.591628177560176,2.245333389776158
30,0.4,random_forest,crump,0.08456557142857143,0.57,0.0,100.0,105.0,1.0,1.0
30,0.4,random_forest,overlap,0.08714240140050195,0.475,0.0,101.13507399554976,105.12503032564673,0.24999999887007573,0.24999478711313933
30,0.4,hist_gbm,unweighted,0.2196450617283951,0.005,1.0,180.0,180.0,1.0,1.0
30,0.4,hist_gbm,source,0.19125360855631296,0.005,1.0,91.07112157998742,180.0,3.255651176813883,1.0
30,0.4,hist_gbm,target,0.14584624388410797,0.005,1.0,180.0,91.91881793410263,1.0,3.345185678881753
30,0.4,hist_gbm,both,0.09874511774401537,0.205,0.0,91.07112157998742,91.91881793410263,3.255651176813883,3.345185678881753
30,0.4,hist_gbm,crump,0.08671923327514341,0.52,0.0,103.0,105.0,1.0,1.0
30,0.4,hist_gbm,overlap,0.09570140079581864,0.265,0.0,104.74856082794543,103.28922283387591,0.24990353455783837,0.24990353455783837
31,0.0,logistic,unweighted,0.07462749199817101,0.875,0.0,180.0,180.0,1.0,1.0
31,0.0,logistic,source,0.08173079670219725,0.625,0.0,177.6623959685842,180.0,1.295296470111613,1.0
31,0.0,logistic,target,0.08280794348495524,0.615,0.0,180.0,177.16823305443435,1.0,1.3454869430968683
31,0.0,logistic,both,0.090347706213532,0.315,0.0,177.6623959685842,177.16823305443435,1.295296470111613,1.3454869430968683
31,0.0,logistic,crump,0.07462749199817101,0.875,0.0,180.0,180.0,1.0,1.0
31,0.0,logistic,overlap,0.07515895633158988,0.87,0.0,179.94804174015175,179.9139727965637,0.2499999940008579,0.2499999856277865
31,0.0,random_forest,unweighted,0.07462749199817101,0.875,0.0,180.0,180.0,1.0,1.0
31,0.0,random_forest,source,0.08075329251090597,0.665,0.0,173.67495779553465,180.0,1.5592231082860184,1.0
31,0.0,random_forest,target,0.08437817968868082,0.56,0.0,180.0,166.9030853049273,1.0,1.435323754857153
31,0.0,random_forest,both,0.09111650902606687,0.295,0.0,173.67495779553465,166.9030853049273,1.5592231082860184,1.435323754857153
31,0.0,random_forest,crump,0.07462749199817101,0.875,0.0,180.0,180.0,1.0,1.0
31,0.0,random_forest,overlap,0.07953269524465367,0.715,0.0,179.52573006099652,177.63537623872767,0.24998889022875082,0.24999999838794626
31,0.0,hist_gbm,unweighted,0.07462749199817101,0.875,0.0,180.0,180.0,1.0,1.0
31,0.0,hist_gbm,source,0.08076755878451007,0.675,0.0,158.60030856673984,180.0,1.8910924884017688,1.0
31,0.0,hist_gbm,target,0.08208564183886674,0.62,0.0,180.0,160.27753054187852,1.0,1.7152225621229795
31,0.0,hist_gbm,both,0.08845357096505703,0.385,0.0,158.60030856673984,160.27753054187852,1.8910924884017688,1.7152225621229795
31,0.0,hist_gbm,crump,0.07462749199817101,0.875,0.0,180.0,180.0,1.0,1.0
31,0.0,hist_gbm,overlap,0.08063915633402594,0.68,0.0,176.2223977572126,176.39486012008973,0.24999839007565883,0.24999855566533455
31,0.1,logistic,unweighted,0.10835062014174669,0.02,1.0,180.0,180.0,1.0,1.0
31,0.1,logistic,source,0.09922897191828567,0.09,0.0,175.89780404577496,180.0,1.295534646009347,1.0
31,0.1,logistic,target,0.09349731862671973,0.25,0.0,180.0,175.3650964424595,1.0,1.3483542698148867
31,0.1,logistic,both,0.08459936158185297,0.555,0.0,175.89780404577496,175.3650964424595,1.295534646009347,1.3483542698148867
31,0.1,logistic,crump,0.10835062014174669,0.02,1.0,180.0,180.0,1.0,1.0
31,0.1,logistic,overlap,0.10620991071751186,0.025,1.0,179.7521647546246,179.74548763124142,0.24999932891882132,0.24999733614732375
31,0.1,random_forest,unweighted,0.10835062014174669,0.02,1.0,180.0,180.0,1.0,1.0
31,0.1,random_forest,source,0.10969576702157144,0.025,1.0,161.78083567700816,180.0,1.6085475020814313,1.0
31,0.1,random_forest,target,0.0894778129501759,0.385,0.0,180.0,151.95193897094833,1.0,1.5326871763099401
31,0.1,random_forest,both,0.09091904600966508,0.335,0.0,161.78083567700816,151.95193897094833,1.6085475020814313,1.5326871763099401
31,0.1,random_forest,crump,0.07985885054976853,0.685,0.0,168.0,160.0,1.0,1.0
31,0.1,random_forest,overlap,0.07871729273730403,0.715,0.0,167.5333503521774,158.92538075697237,0.24999990977614225,0.2499987894791241
31,0.1,hist_gbm,unweighted,0.10835062014174669,0.02,1.0,180.0,180.0,1.0,1.0
31,0.1,hist_gbm,source,0.10661317747511846,0.03,1.0,152.02875405111809,180.0,2.0828866584053904,1.0
31,0.1,hist_gbm,target,0.09427168609781207,0.23,0.0,180.0,140.49281719094284,1.0,2.4230530558746297
31,0.1,hist_gbm,both,0.09268409687900028,0.295,0.0,152.02875405111809,140.49281719094284,2.0828866584053904,2.4230530558746297
31,0.1,hist_gbm,crump,0.08562222650891632,0.445,0.0,180.0,160.0,1.0,1.0
31,0.1,hist_gbm,overlap,0.08784743418730855,0.41,0.0,170.9883234863361,156.43195341501587,0.24999982397287476,0.24999982397287476
31,0.2,logistic,unweighted,0.13854891975308642,0.005,1.0,180.0,180.0,1.0,1.0
31,0.2,logistic,source,0.11923266859248664,0.005,1.0,161.11112682634507,180.0,1.6501851661737055,1.0
31,0.2,logistic,target,0.10100427387503025,0.08,0.0,180.0,160.49536224815745,1.0,1.7268166495683932
31,0.2,logistic,both,0.08149875001535874,0.65,0.0,161.11112682634507,160.49536224815745,1.6501851661737055,1.7268166495683932
31,0.2,logistic,crump,0.13854891975308642,0.005,1.0,180.0,180.0,1.0,1.0
31,0.2,logistic,overlap,0.12285124426007546,0.005,1.0,175.96322190034192,176.3595780507089,0.24999999644564372,0.24999991058288978
31,0.2,random_forest,unweighted,0.13854891975308642,0.005,1.0,180.0,180.0,1.0,1.0
31,0.2,random_forest,source,0.12834975394709464,0.005,1.0,142.00667896352152,180.0,1.9241134361509131,1.0
31,0.2,random_forest,target,0.09941879934575029,0.145,0.0,180.0,137.17392142150243,1.0,1.7821312137042575
31,0.2,random_forest,both,0.08694643169314542,0.44,0.0,142.00667896352152,137.17392142150243,1.9241134361509131,1.7821312137042575
31,0.2,random_forest,crump,0.07896612023239201,0.63,0.0,146.0,144.0,1.0,1.0
31,0.2,random_forest,overlap,0.07808222969610223,0.755,0.0,147.3789354226993,143.84648543470294,0.2499999989945588,0.2499999989945588
31,0.2,hist_gbm,unweighted,0.13854891975308642,0.005,1.0,180.0,180.0,1.0,1.0
31,0.2,hist_gbm,source,0.12222851537002856,0.005,1.0,132.47769465022992,180.0,2.196170331162299,1.0
31,0.2,hist_gbm,target,0.10291930617240207,0.085,0.0,180.0,131.17207003428445,1.0,2.1306266828923497
31,0.2,hist_gbm,both,0.08354329755724754,0.57,0.0,132.47769465022992,131.17207003428445,2.196170331162299,2.1306266828923497
31,0.2,hist_gbm,crump,0.07919799879617052,0.675,0.0,143.0,146.0,1.0,1.0
31,0.2,hist_gbm,overlap,0.08198287586954583,0.61,0.0,147.20079807458703,143.5286473889266,0.24999353313699227,0.24999856285163558
31,0.3,logistic,unweighted,0.18154227061423567,0.005,1.0,180.0,180.0,1.0,1.0
31,0.3,logistic,source,0.15239123284705933,0.005,1.0,141.1984723139263,180.0,2.025883733899947,1.0
31,0.3,logistic,target,0.11994390755888776,0.01,1.0,180.0,138.88354824559286,1.0,2.170472244945997
31,0.3,logistic,both,0.08706798729588584,0.42,0.0,141.1984723139263,138.88354824559286,2.025883733899947,2.170472244945997
31,0.3,logistic,crump,0.1771788606259538,0.005,1.0,172.0,179.0,1.0,1.0
31,0.3,logistic,overlap,0.14607812127816172,0.005,1.0,165.23834383020093,167.54918485329142,0.24999991808985628,0.24999972304784987
31,0.3,random_forest,unweighted,0.18154227061423567,0.005,1.0,180.0,180.0,1.0,1.0
31,0.3,random_forest,source,0.16752289087214728,0.005,1.0,126.76634452381818,180.0,1.963566385525549,1.0
31,0.3,random_forest,target,0.11203941659388109,0.04,1.0,180.0,112.72235966543958,1.0,2.1157788173780747
31,0.3,random_forest,both,0.09033016157468071,0.345,0.0,126.76634452381818,112.72235966543958,1.963566385525549,2.1157788173780747
31,0.3,random_forest,crump,0.08429027565344711,0.465,0.0,131.0,119.0,1.0,1.0
31,0.3,random_forest,overlap,0.08206189826352515,0.585,0.0,131.8676390188975,118.43548252554461,0.2499998232317404,0.24999998767015547
31,0.3,hist_gbm,unweighted,0.18154227061423567,0.005,1.0,180.0,180.0,1.0,1.0
31,0.3,hist_gbm,source,0.161645060999993,0.005,1.0,118.32259446363344,180.0,2.8844889350566243,1.0
31,0.3,hist_gbm,target,0.11467256639199469,0.025,1.0,180.0,107.44652020972555,1.0,2.755297527271321
31,0.3,hist_gbm,both,0.08720209789358957,0.41,0.0,118.32259446363344,107.44652020972555,2.8844889350566243,2.755297527271321
31,0.3,hist_gbm,crump,0.08832423892382527,0.355,0.0,129.0,122.0,1.0,1.0
31,0.3,hist_gbm,overlap,0.08740142995705187,0.425,0.0,132.3606113605299,118.76848283852432,0.24999747085552,0.24999747085552
31,0.4,logistic,unweighted,0.21619712410455727,0.005,1.0,180.0,180.0,1.0,1.0
31,0.4,logistic,source,0.1770843688869194,0.005,1.0,115.01640422350803,180.0,2.6055970735017997,1.0
31,0.4,logistic,target,0.13346527393881197,0.005,1.0,180.0,114.73443634654085,1.0,2.741449099612745
31,0.4,logistic,both,0.07992399073569088,0.695,0.0,115.01640422350803,114.73443634654085,2.6055970735017997,2.741449099612745
31,0.4,logistic,crump,0.15738652170557402,0.005,1.0,129.0,141.0,1.0,1.0
31,0.4,logistic,overlap,0.14804288338229007,0.005,1.0,147.72750401657302,150.50536956227495,0.24999999687782437,0.24998971575085496
31,0.4,random_forest,unweighted,0.21619712410455727,0.005,1.0,180.0,180.0,1.0,1.0
31,0.4,random_forest,source,0.19113810181895505,0.005,1.0,95.152104397683,180.0,2.5011632408455373,1.0
31,0.4,random_forest,target,0.12199354662868066,0.005,1.0,180.0,88.30982108592461,1.0,2.7797588392059125
31,0.4,random_forest,both,0.07591255734977023,0.79,0.0,95.152104397683,88.30982108592461,2.5011632408455373,2.7797588392059125
31,0.4,random_forest,crump,0.05593973202415202,0.99,0.0,103.0,90.0,1.0,1.0
31,0.4,random_forest,overlap,0.06187884907777351,0.96,0.0,101.16724389267948,91.06969616664351,0.24999976818800107,0.24999993651085148
31,0.4,hist_gbm,unweighted,0.21619712410455727,0.005,1.0,180.0,180.0,1.0,1.0
31,0.4,hist_gbm,source,0.19196609084616387,0.005,1.0,91.48757932542375,180.0,3.0804296259539123,1.0
31,0.4,hist_gbm,target,0.12333948848365986,0.005,1.0,180.0,86.07407366328044,1.0,3.701563457498871
31,0.4,hist_gbm,both,0.07995091918920656,0.655,0.0,91.48757932542375,86.07407366328044,3.0804296259539123,3.701563457498871
31,0.4,hist_gbm,crump,0.054429498434599856,0.985,0.0,101.0,90.0,1.0,1.0
31,0.4,hist_gbm,overlap,0.06859453987254571,0.935,0.0,102.15524050237151,94.85188832706031,0.2499979619218895,0.2499979619218895
32,0.0,logistic,unweighted,0.0808888002972108,0.65,0.0,180.0,180.0,1.0,1.0
32,0.0,logistic,source,0.08315829685537272,0.59,0.0,179.8805261151761,180.0,1.0563861944768074,1.0
32,0.0,logistic,target,0.08238163779368021,0.62,0.0,180.0,179.8891392840435,1.0,1.0810627077552954
32,0.0,logistic,both,0.08466799576948338,0.52,0.0,179.8805261151761,179.8891392840435,1.0563861944768074,1.0810627077552954
32,0.0,logistic,crump,0.0808888002972108,0.65,0.0,180.0,180.0,1.0,1.0
32,0.0,logistic,overlap,0.0813376597034922,0.65,0.0,179.99986468443208,179.99981411619248,0.24999999998368852,0.249999999988564
32,0.0,random_forest,unweighted,0.0808888002972108,0.65,0.0,180.0,180.0,1.0,1.0
32,0.0,random_forest,source,0.08617370193852998,0.44,0.0,171.89131361790615,180.0,1.4328638498080877,1.0
32,0.0,random_forest,target,0.08046912634868186,0.66,0.0,180.0,173.2958923360131,1.0,1.412249880136706
32,0.0,random_forest,both,0.0857911192483355,0.475,0.0,171.89131361790615,173.2958923360131,1.4328638498080877,1.412249880136706
32,0.0,random_forest,crump,0.0808888002972108,0.65,0.0,180.0,180.0,1.0,1.0
32,0.0,random_forest,overlap,0.08163642168362781,0.645,0.0,178.86066260868003,178.70572533837006,0.24999998169703821,0.249989530064414
32,0.0,hist_gbm,unweighted,0.0808888002972108,0.65,0.0,180.0,180.0,1.0,1.0
32,0.0,hist_gbm,source,0.08681107421483195,0.41,0.0,159.0954735449675,180.0,1.8645121387080748,1.0
32,0.0,hist_gbm,target,0.08331590789999423,0.575,0.0,180.0,155.21703199621075,1.0,1.956542186136886
32,0.0,hist_gbm,both,0.08890695698711595,0.37,0.0,159.0954735449675,155.21703199621075,1.8645121387080748,1.956542186136886
32,0.0,hist_gbm,crump,0.08024032675223743,0.62,0.0,173.0,179.0,1.0,1.0
32,0.0,hist_gbm,overlap,0.08109717926347773,0.66,0.0,173.94398340796576,174.003336362024,0.24999956273685267,0.24999956273685267
32,0.1,logistic,unweighted,0.11638370675201949,0.005,1.0,180.0,180.0,1.0,1.0
32,0.1,logistic,source,0.10311338454295725,0.055,0.0,172.18393754277102,180.0,1.4608087276276467,1.0
32,0.1,logistic,target,0.09739971392024432,0.12,0.0,180.0,172.8278055601722,1.0,1.4189723781970802
32,0.1,logistic,both,0.08433894547130458,0.545,0.0,172.18393754277102,172.8278055601722,1.4608087276276467,1.4189723781970802
32,0.1,logistic,crump,0.11638370675201949,0.005,1.0,180.0,180.0,1.0,1.0
32,0.1,logistic,overlap,0.1118149577104906,0.01,1.0,179.09827471111385,179.19302953542868,0.24999994564847916,0.24999902593926257
32,0.1,random_forest,unweighted,0.11638370675201949,0.005,1.0,180.0,180.0,1.0,1.0
32,0.1,random_forest,source,0.11963853241768965,0.005,1.0,152.86851496741775,180.0,1.473959016657345,1.0
32,0.1,random_forest,target,0.09382585350172792,0.195,0.0,180.0,156.74136384214265,1.0,1.6847434942253117
32,0.1,random_forest,both,0.09681211844503992,0.145,0.0,152.86851496741775,156.74136384214265,1.473959016657345,1.6847434942253117
32,0.1,random_forest,crump,0.08529561984523745,0.525,0.0,162.0,162.0,1.0,1.0
32,0.1,random_forest,overlap,0.08864878746455232,0.395,0.0,160.29893803765611,161.04596351342497,0.24999599815213872,0.24999909681516364
32,0.1,hist_gbm,unweighted,0.11638370675201949,0.005,1.0,180.0,180.0,1.0,1.0
32,0.1,hist_gbm,source,0.11741525820604573,0.005,1.0,141.16593381525036,180.0,2.763741979232256,1.0
32,0.1,hist_gbm,target,0.09242983194585218,0.26,0.0,180.0,139.32885381689445,1.0,2.7009516921676666
32,0.1,hist_gbm,both,0.0936365443238717,0.245,0.0,141.16593381525036,139.32885381689445,2.763741979232256,2.7009516921676666
32,0.1,hist_gbm,crump,0.07967181865985579,0.705,0.0,160.0,156.0,1.0,1.0
32,0.1,hist_gbm,overlap,0.09451070325868768,0.2,0.0,164.86989300563724,160.68974195281862,0.2499829694124489,0.2499829694124489
32,0.2,logistic,unweighted,0.13442223841639994,0.005,1.0,180.0,180.0,1.0,1.0
32,0.2,logistic,source,0.11332965919153505,0.005,1.0,158.50566958176597,180.0,1.771505847584977,1.0
32,0.2,logistic,target,0.09725248820502147,0.13,0.0,180.0,159.60046380656718,1.0,1.7329623263345109
32,0.2,logistic,both,0.07565848908791231,0.78,0.0,158.50566958176597,159.60046380656718,1.771505847584977,1.7329623263345109
32,0.2,logistic,crump,0.13442223841639994,0.005,1.0,180.0,180.0,1.0,1.0
32,0.2,logistic,overlap,0.1157673617371056,0.005,1.0,174.2905989035278,175.09530270892898,0.2499978174539333,0.24999958307198378
32,0.2,random_forest,unweighted,0.13442223841639994,0.005,1.0,180.0,180.0,1.0,1.0
32,0.2,random_forest,source,0.12301782441011885,0.005,1.0,144.90934191224795,180.0,1.5642031204828448,1.0
32,0.2,random_forest,target,0.09386318858897151,0.225,0.0,180.0,144.6561324189882,1.0,1.626441704528028
32,0.2,random_forest,both,0.08002384937418215,0.66,0.0,144.90934191224795,144.6561324189882,1.5642031204828448,1.626441704528028
32,0.2,random_forest,crump,0.07538448781885404,0.795,0.0,149.0,146.0,1.0,1.0
32,0.2,random_forest,overlap,0.07653489820535882,0.745,0.0,148.74942181128364,148.08306396761324,0.24999754118788578,0.24999972407231077
32,0.2,hist_gbm,unweighted,0.13442223841639994,0.005,1.0,180.0,180.0,1.0,1.0
32,0.2,hist_gbm,source,0.1212651840561421,0.005,1.0,134.11529645406378,180.0,2.1527294887721755,1.0
32,0.2,hist_gbm,target,0.09231269214848474,0.245,0.0,180.0,134.26592445601597,1.0,2.182264366351283
32,0.2,hist_gbm,both,0.07723472081973654,0.73,0.0,134.11529645406378,134.26592445601597,2.1527294887721755,2.182264366351283
32,0.2,hist_gbm,crump,0.08208691044914336,0.565,0.0,149.0,150.0,1.0,1.0
32,0.2,hist_gbm,overlap,0.07874557203217196,0.695,0.0,147.07997745384495,147.85477183847232,0.24998510142334987,0.24998510142334987
32,0.3,logistic,unweighted,0.16319024919981712,0.005,1.0,180.0,180.0,1.0,1.0
32,0.3,logistic,source,0.1402909445613766,0.005,1.0,147.5913781802931,180.0,2.003772620104338,1.0
32,0.3,logistic,target,0.10874382865069909,0.025,1.0,180.0,147.06715032793792,1.0,1.9938031837042507
32,0.3,logistic,both,0.08290575539526945,0.545,0.0,147.5913781802931,147.06715032793792,2.003772620104338,1.9938031837042507
32,0.3,logistic,crump,0.15986107923061982,0.005,1.0,172.0,180.0,1.0,1.0
32,0.3,logistic,overlap,0.13092563612962874,0.005,1.0,168.08871007787135,169.15759679331308,0.24999851448262336,0.24999709592302014
32,0.3,random_forest,unweighted,0.16319024919981712,0.005,1.0,180.0,180.0,1.0,1.0
32,0.3,random_forest,source,0.1511025295117169,0.005,1.0,137.861417082859,180.0,1.6681973945355315,1.0
32,0.3,random_forest,target,0.10562672909312279,0.055,0.0,180.0,130.2537711383257,1.0,1.7775186224983883
32,0.3,random_forest,both,0.08854926885393785,0.425,0.0,137.861417082859,130.2537711383257,1.6681973945355315,1.7775186224983883
32,0.3,random_forest,crump,0.08525163655507623,0.495,0.0,144.0,132.0,1.0,1.0
32,0.3,random_forest,overlap,0.08677338081859108,0.47,0.0,143.06790018431693,133.93331767840158,0.2499982935967434,0.24999658654996698
32,0.3,hist_gbm,unweighted,0.16319024919981712,0.005,1.0,180.0,180.0,1.0,1.0
32,0.3,hist_gbm,source,0.14817885730345143,0.005,1.0,125.00833439816611,180.0,2.2880418536033758,1.0
32,0.3,hist_gbm,target,0.10485553751730427,0.07,0.0,180.0,119.00390334512366,1.0,2.4837335331030497
32,0.3,hist_gbm,both,0.08528794156608414,0.52,0.0,125.00833439816611,119.00390334512366,2.2880418536033758,2.4837335331030497
32,0.3,hist_gbm,crump,0.08383998316427495,0.565,0.0,143.0,131.0,1.0,1.0
32,0.3,hist_gbm,overlap,0.08925465606007442,0.39,0.0,140.88675961557084,134.10894780285656,0.24999120256471843,0.24993108349840623
32,0.4,logistic,unweighted,0.1856327560585277,0.005,1.0,180.0,180.0,1.0,1.0
32,0.4,logistic,source,0.15264165327064402,0.005,1.0,132.17655258027858,180.0,2.2828904253939557,1.0
32,0.4,logistic,target,0.11704131782392879,0.005,1.0,180.0,132.3499932834949,1.0,2.2834336297389237
32,0.4,logistic,both,0.07818288042466784,0.74,0.0,132.17655258027858,132.3499932834949,2.2828904253939557,2.2834336297389237
32,0.4,logistic,crump,0.1599295099926276,0.005,1.0,149.0,166.0,1.0,1.0
32,0.4,logistic,overlap,0.13817064058432868,0.005,1.0,157.3242159853093,160.80850337672084,0.2499817268798977,0.2499994075008355
32,0.4,random_forest,unweighted,0.1856327560585277,0.005,1.0,180.0,180.0,1.0,1.0
32,0.4,random_forest,source,0.16993705654681668,0.005,1.0,119.8942724777279,180.0,2.151971818077371,1.0
32,0.4,random_forest,target,0.11410746674104094,0.015,1.0,180.0,111.26931632201308,1.0,2.3197749438980755
32,0.4,random_forest,both,0.08956793924894757,0.38,0.0,119.8942724777279,111.26931632201308,2.151971818077371,2.3197749438980755
32,0.4,random_forest,crump,0.07747450972025373,0.745,0.0,128.0,113.0,1.0,1.0
32,0.4,random_forest,overlap,0.08142554838350816,0.64,0.0,125.93542826777791,115.31994555910642,0.2499995133331043,0.2499999045058613
32,0.4,hist_gbm,unweighted,0.1856327560585277,0.005,1.0,180.0,180.0,1.0,1.0
32,0.4,hist_gbm,source,0.16714535824031296,0.005,1.0,110.90630272630845,180.0,2.832084064960361,1.0
32,0.4,hist_gbm,target,0.11642317217448783,0.015,1.0,180.0,103.67492568944277,1.0,2.9958512200146266
32,0.4,hist_gbm,both,0.08847528690902556,0.405,0.0,110.90630272630845,103.67492568944277,2.832084064960361,2.9958512200146266
32,0.4,hist_gbm,crump,0.07723070870850819,0.73,0.0,127.0,113.0,1.0,1.0
32,0.4,hist_gbm,overlap,0.08756065983305591,0.39,0.0,124.47308982120167,117.20065401166825,0.24997438822259455,0.24989236424250152
33,0.0,logistic,unweighted,0.06687962867703094,0.965,0.0,180.0,180.0,1.0,1.0
33,0.0,logistic,source,0.07332825791613688,0.89,0.0,178.3860382632416,180.0,1.308830225566952,1.0
33,0.0,logistic,target,0.07151398311673215,0.915,0.0,180.0,178.70816053751957,1.0,1.2148511908157813
33,0.0,logistic,both,0.07822555560392312,0.79,0.0,178.3860382632416,178.70816053751957,1.308830225566952,1.2148511908157813
33,0.0,logistic,crump,0.06687962867703094,0.965,0.0,180.0,180.0,1.0,1.0
33,0.0,logistic,overlap,0.06735388939878106,0.965,0.0,179.97525622478804,179.98079168217828,0.24999971510240213,0.24999999806097942
33,0.0,random_forest,unweighted,0.06687962867703094,0.965,0.0,180.0,180.0,1.0,1.0
33,0.0,random_forest,source,0.07903259583525635,0.765,0.0,164.88961390811042,180.0,1.551255937554137,1.0
33,0.0,random_forest,target,0.0702824011152702,0.93,0.0,180.0,171.79937109061467,1.0,1.4734163265188949
33,0.0,random_forest,both,0.08323624988829703,0.62,0.0,164.88961390811042,171.79937109061467,1.551255937554137,1.4734163265188949
33,0.0,random_forest,crump,0.07188684768499326,0.91,0.0,174.0,180.0,1.0,1.0
33,0.0,random_forest,overlap,0.07315756841737861,0.9,0.0,174.90251103119755,179.02733267358755,0.2499900208164013,0.2499999707897723
33,0.0,hist_gbm,unweighted,0.06687962867703094,0.965,0.0,180.0,180.0,1.0,1.0
33,0.0,hist_gbm,source,0.07519668366341122,0.87,0.0,158.92623558306693,180.0,1.851857858944482,1.0
33,0.0,hist_gbm,target,0.07635964329633951,0.84,0.0,180.0,160.68077648025837,1.0,1.8182306698311497
33,0.0,hist_gbm,both,0.0851316091123733,0.55,0.0,158.92623558306693,160.68077648025837,1.851857858944482,1.8182306698311497
33,0.0,hist_gbm,crump,0.06687962867703094,0.965,0.0,180.0,180.0,1.0,1.0
33,0.0,hist_gbm,overlap,0.06950989963830678,0.945,0.0,176.29112270152223,175.74501210379165,0.24999644856971207,0.24998057735525625
33,0.1,logistic,unweighted,0.09471487006553879,0.155,0.0,180.0,180.0,1.0,1.0
33,0.1,logistic,source,0.08752896552870879,0.41,0.0,177.51477342970628,180.0,1.2470549375379345,1.0
33,0.1,logistic,target,0.0860024624936451,0.47,0.0,180.0,177.95338473368312,1.0,1.2556275977622329
33,0.1,logistic,both,0.07892494493674553,0.755,0.0,177.51477342970628,177.95338473368312,1.2470549375379345,1.2556275977622329
33,0.1,logistic,crump,0.09471487006553879,0.155,0.0,180.0,180.0,1.0,1.0
33,0.1,logistic,overlap,0.09393645521375504,0.19,0.0,179.91837478225918,179.9323904507966,0.24999969685487144,0.24999999646886856
33,0.1,random_forest,unweighted,0.09471487006553879,0.155,0.0,180.0,180.0,1.0,1.0
33,0.1,random_forest,source,0.10231748584880071,0.065,0.0,156.37615476491314,180.0,1.513459548812321,1.0
33,0.1,random_forest,target,0.0803082172663777,0.7,0.0,180.0,163.14786906169485,1.0,1.4695781419366916
33,0.1,random_forest,both,0.0882187951744687,0.405,0.0,156.37615476491314,163.14786906169485,1.513459548812321,1.4695781419366916
33,0.1,random_forest,crump,0.08711747540701358,0.415,0.0,156.0,169.0,1.0,1.0
33,0.1,random_forest,overlap,0.08254972518207476,0.615,0.0,163.4465648463263,168.33734156807634,0.2499997593626162,0.2499989269038699
33,0.1,hist_gbm,unweighted,0.09471487006553879,0.155,0.0,180.0,180.0,1.0,1.0
33,0.1,hist_gbm,source,0.0954600689012565,0.155,0.0,149.92267718209493,180.0,2.1245005375731836,1.0
33,0.1,hist_gbm,target,0.08567579832975462,0.49,0.0,180.0,157.16397842192876,1.0,2.0750582474232457
33,0.1,hist_gbm,both,0.08674757631466816,0.465,0.0,149.92267718209493,157.16397842192876,2.1245005375731836,2.0750582474232457
33,0.1,hist_gbm,crump,0.09471487006553879,0.155,0.0,180.0,180.0,1.0,1.0
33,0.1,hist_gbm,overlap,0.09405672338242363,0.22,0.0,171.6623426578044,174.69444095992804,0.24999397933325296,0.24999397933325296
33,0.2,logistic,unweighted,0.11868114521414419,0.005,1.0,180.0,180.0,1.0,1.0
33,0.2,logistic,source,0.09598431818152828,0.17,0.0,162.65984069931162,180.0,1.6385789813455613,1.0
33,0.2,logistic,target,0.09218524261462077,0.25,0.0,180.0,166.48195723830037,1.0,1.6302985466260664
33,0.2,logistic,both,0.06954498566211174,0.94,0.0,162.65984069931162,166.48195723830037,1.6385789813455613,1.6302985466260664
33,0.2,logistic,crump,0.11868114521414419,0.005,1.0,180.0,180.0,1.0,1.0
33,0.2,logistic,overlap,0.10635469860383556,0.025,1.0,177.15631544426049,177.49905417128412,0.24999964969677718,0.2499983731462495
33,0.2,random_forest,unweighted,0.11868114521414419,0.005,1.0,180.0,180.0,1.0,1.0
33,0.2,random_forest,source,0.1110563073884695,0.015,1.0,137.227111160642,180.0,1.8032687376177858,1.0
33,0.2,random_forest,target,0.09341202330905335,0.235,0.0,180.0,149.76451223070896,1.0,1.761158993630624
33,0.2,random_forest,both,0.0844191383034012,0.545,0.0,137.227111160642,149.76451223070896,1.8032687376177858,1.761158993630624
33,0.2,random_forest,crump,0.07128109538669763,0.89,0.0,147.0,154.0,1.0,1.0
33,0.2,random_forest,overlap,0.07768436109105306,0.73,0.0,145.2334266693597,156.71479306490855,0.24999972455737307,0.24999952518356958
33,0.2,hist_gbm,unweighted,0.11868114521414419,0.005,1.0,180.0,180.0,1.0,1.0
33,0.2,hist_gbm,source,0.10874981766955913,0.02,1.0,128.47459208388796,180.0,2.2925074821110147,1.0
33,0.2,hist_gbm,target,0.09266325998992525,0.235,0.0,180.0,138.91988631969946,1.0,2.3317051095274532
33,0.2,hist_gbm,both,0.08169063493719646,0.625,0.0,128.47459208388796,138.91988631969946,2.2925074821110147,2.3317051095274532
33,0.2,hist_gbm,crump,0.0780143704854035,0.735,0.0,153.0,160.0,1.0,1.0
33,0.2,hist_gbm,overlap,0.08146679082506743,0.63,0.0,146.28743599418516,155.1209082106287,0.24994918116101109,0.24989376674281155
33,0.3,logistic,unweighted,0.15129456351928058,0.005,1.0,180.0,180.0,1.0,1.0
33,0.3,logistic,source,0.11579870598859861,0.005,1.0,145.19200664819058,180.0,1.9396972184708725,1.0
33,0.3,logistic,target,0.10684629051616051,0.01,1.0,180.0,150.221025424304,1.0,1.978169401574995
33,0.3,logistic,both,0.07058497899714997,0.905,0.0,145.19200664819058,150.221025424304,1.9396972184708725,1.978169401574995
33,0.3,logistic,crump,0.14975274030769156,0.005,1.0,179.0,179.0,1.0,1.0
33,0.3,logistic,overlap,0.12269434188612874,0.005,1.0,169.56815274425216,170.71867170294897,0.24999999652913507,0.24999984340239648
33,0.3,random_forest,unweighted,0.15129456351928058,0.005,1.0,180.0,180.0,1.0,1.0
33,0.3,random_forest,source,0.13581538519033118,0.005,1.0,124.39639848594089,180.0,1.915281647781518,1.0
33,0.3,random_forest,target,0.10680857724979317,0.035,1.0,180.0,130.7174147810655,1.0,1.906145255642802
33,0.3,random_forest,both,0.08590579569064453,0.51,0.0,124.39639848594089,130.7174147810655,1.915281647781518,1.906145255642802
33,0.3,random_forest,crump,0.07214359191233083,0.865,0.0,134.0,134.0,1.0,1.0
33,0.3,random_forest,overlap,0.07692029994555057,0.755,0.0,132.49657321541653,135.22994704618483,0.24999362413656964,0.2499995204700239
33,0.3,hist_gbm,unweighted,0.15129456351928058,0.005,1.0,180.0,180.0,1.0,1.0
33,0.3,hist_gbm,source,0.13231798403927794,0.005,1.0,118.92686708250456,180.0,2.4605952146197225,1.0
33,0.3,hist_gbm,target,0.1035168467662565,0.075,0.0,180.0,119.81299395864328,1.0,2.8118731221577926
33,0.3,hist_gbm,both,0.08037777391095612,0.67,0.0,118.92686708250456,119.81299395864328,2.4605952146197225,2.8118731221577926
33,0.3,hist_gbm,crump,0.07394831228152729,0.85,0.0,139.0,133.0,1.0,1.0
33,0.3,hist_gbm,overlap,0.07604328061347386,0.78,0.0,134.35374491579512,135.68195654485274,0.2499840140888615,0.2499840140888615
33,0.4,logistic,unweighted,0.19223055365035818,0.005,1.0,180.0,180.0,1.0,1.0
33,0.4,logistic,source,0.15653024830866022,0.005,1.0,132.1382834353824,180.0,2.1985337921261703,1.0
33,0.4,logistic,target,0.1292996725075169,0.005,1.0,180.0,135.17005751598296,1.0,2.2558360020061627
33,0.4,logistic,both,0.0880305320316468,0.445,0.0,132.1382834353824,135.17005751598296,2.1985337921261703,2.2558360020061627
33,0.4,logistic,crump,0.18095602009842382,0.005,1.0,168.0,173.0,1.0,1.0
33,0.4,logistic,overlap,0.1502988650640187,0.005,1.0,161.71602066405924,163.12156486785972,0.24999973160295594,0.24999316429157223
33,0.4,random_forest,unweighted,0.19223055365035818,0.005,1.0,180.0,180.0,1.0,1.0
33,0.4,random_forest,source,0.17836650439932494,0.005,1.0,110.80446015402192,180.0,2.165759504657931,1.0
33,0.4,random_forest,target,0.12797870142252143,0.005,1.0,180.0,112.8993689018266,1.0,2.299684929046779
33,0.4,random_forest,both,0.10337164722313019,0.09,0.0,110.80446015402192,112.8993689018266,2.165759504657931,2.299684929046779
33,0.4,random_forest,crump,0.08463687550065133,0.44,0.0,118.0,116.0,1.0,1.0
33,0.4,random_forest,overlap,0.09356355089181123,0.27,0.0,119.90892314807225,117.07134419087275,0.24999964440102734,0.24999964440102734
33,0.4,hist_gbm,unweighted,0.19223055365035818,0.005,1.0,180.0,180.0,1.0,1.0
33,0.4,hist_gbm,source,0.17678694954560442,0.005,1.0,106.70514568112067,180.0,2.8522435810473876,1.0
33,0.4,hist_gbm,target,0.12688464738214936,0.005,1.0,180.0,100.78799022840391,1.0,3.0096917038156623
33,0.4,hist_gbm,both,0.10159237703176857,0.11,0.0,106.70514568112067,100.78799022840391,2.8522435810473876,3.0096917038156623
33,0.4,hist_gbm,crump,0.08204133534690344,0.57,0.0,121.0,113.0,1.0,1.0
33,0.4,hist_gbm,overlap,0.09331143624289748,0.27,0.0,122.16345705081939,116.3378370301465,0.2499733804519196,0.2499733804519196
34,0.0,logistic,unweighted,0.08444293933851547,0.525,0.0,180.0,180.0,1.0,1.0
34,0.0,logistic,source,0.08616155100089151,0.455,0.0,179.93201995341775,180.0,1.0475023844901743,1.0
34,0.0,logistic,target,0.08573600991731568,0.48,0.0,180.0,179.92856409537583,1.0,1.0413504143722527
34,0.0,logistic,both,0.08747184366025165,0.385,0.0,179.93201995341775,179.92856409537583,1.0475023844901743,1.0413504143722527
34,0.0,logistic,crump,0.08444293933851547,0.525,0.0,180.0,180.0,1.0,1.0
34,0.0,logistic,overlap,0.084902776998425,0.525,0.0,179.99995371130427,179.9999599924838,0.2499999989976742,0.24999997643269067
34,0.0,random_forest,unweighted,0.08444293933851547,0.525,0.0,180.0,180.0,1.0,1.0
34,0.0,random_forest,source,0.08427248754244392,0.505,0.0,172.3699874394992,180.0,1.4505987159537197,1.0
34,0.0,random_forest,target,0.08419789583000968,0.53,0.0,180.0,171.6519695664353,1.0,1.4255131058429207
34,0.0,random_forest,both,0.08392690558756641,0.545,0.0,172.3699874394992,171.6519695664353,1.4505987159537197,1.4255131058429207
34,0.0,random_forest,crump,0.08444293933851547,0.525,0.0,180.0,180.0,1.0,1.0
34,0.0,random_forest,overlap,0.0873018209265223,0.41,0.0,178.0177042667672,178.0406541282715,0.24999876248263336,0.24999998573708607
34,0.0,hist_gbm,unweighted,0.08444293933851547,0.525,0.0,180.0,180.0,1.0,1.0
34,0.0,hist_gbm,source,0.0805157901829702,0.635,0.0,159.54060130052264,180.0,1.8614607757371817,1.0
34,0.0,hist_gbm,target,0.08540658350050805,0.505,0.0,180.0,158.40719601150286,1.0,1.9686712487175506
34,0.0,hist_gbm,both,0.0814808902052078,0.61,0.0,159.54060130052264,158.40719601150286,1.8614607757371817,1.9686712487175506
34,0.0,hist_gbm,crump,0.08444293933851547,0.525,0.0,180.0,180.0,1.0,1.0
34,0.0,hist_gbm,overlap,0.08432811206273558,0.54,0.0,175.52456633734826,174.64948446132976,0.24997144281223121,0.24999474597201946
34,0.1,logistic,unweighted,0.11444099413199207,0.005,1.0,180.0,180.0,1.0,1.0
34,0.1,logistic,source,0.10070970598996717,0.09,0.0,170.61646940250418,180.0,1.5508902643238167,1.0
34,0.1,logistic,target,0.09168572673768616,0.26,0.0,180.0,170.2664754095051,1.0,1.5073157249893079
34,0.1,logistic,both,0.07843776648643032,0.79,0.0,170.61646940250418,170.2664754095051,1.5508902643238167,1.5073157249893079
34,0.1,logistic,crump,0.11444099413199207,0.005,1.0,180.0,180.0,1.0,1.0
34,0.1,logistic,overlap,0.10880686896215046,0.01,1.0,178.67194656248438,178.89156585972,0.2499999995634032,0.24999957498262676
34,0.1,random_forest,unweighted,0.11444099413199207,0.005,1.0,180.0,180.0,1.0,1.0
34,0.1,random_forest,source,0.10442450320569438,0.05,0.0,160.18739869160783,180.0,1.574205650775284,1.0
34,0.1,random_forest,target,0.09269042359174148,0.22,0.0,180.0,156.23996736551481,1.0,1.5092233321835693
34,0.1,random_forest,both,0.0813309910248457,0.635,0.0,160.18739869160783,156.23996736551481,1.574205650775284,1.5092233321835693
34,0.1,random_forest,crump,0.08463636576243416,0.545,0.0,163.0,163.0,1.0,1.0
34,0.1,random_forest,overlap,0.08551445353929302,0.5,0.0,163.7430005597663,162.24842812574136,0.24999303995020744,0.24999568470864314
34,0.1,hist_gbm,unweighted,0.11444099413199207,0.005,1.0,180.0,180.0,1.0,1.0
34,0.1,hist_gbm,source,0.10189085766872438,0.085,0.0,152.64173619698838,180.0,2.5067013085146264,1.0
34,0.1,hist_gbm,target,0.09579332531642382,0.165,0.0,180.0,144.91214773810333,1.0,2.338162301273753
34,0.1,hist_gbm,both,0.08259291657793855,0.605,0.0,152.64173619698838,144.91214773810333,2.5067013085146264,2.338162301273753
34,0.1,hist_gbm,crump,0.08945485164365508,0.35,0.0,179.0,159.0,1.0,1.0
34,0.1,hist_gbm,overlap,0.09266162096788767,0.215,0.0,171.79635927132787,164.0737891544274,0.2499996194646072,0.2499996194646072
34,0.2,logistic,unweighted,0.1549495027434842,0.005,1.0,180.0,180.0,1.0,1.0
34,0.2,logistic,source,0.12523390633861667,0.01,1.0,146.49514075585634,180.0,2.116588910550058,1.0
34,0.2,logistic,target,0.10360191034708925,0.08,0.0,180.0,145.95894354897604,1.0,2.018054053335224
34,0.2,logistic,both,0.07257226598134181,0.905,0.0,146.49514075585634,145.95894354897604,2.116588910550058,2.018054053335224
34,0.2,logistic,crump,0.15093449775685533,0.005,1.0,178.0,177.0,1.0,1.0
34,0.2,logistic,overlap,0.1247288189173168,0.01,1.0,168.09305467268007,168.8948277679326,0.24999982782365246,0.24999952843771595
34,0.2,random_forest,unweighted,0.1549495027434842,0.005,1.0,180.0,180.0,1.0,1.0
34,0.2,random_forest,source,0.13005834645234643,0.01,1.0,135.9108756614576,180.0,1.871362968464919,1.0
34,0.2,random_forest,target,0.10443430992779713,0.065,0.0,180.0,134.65507279823697,1.0,1.700168495895425
34,0.2,random_forest,both,0.07335972597140178,0.88,0.0,135.9108756614576,134.65507279823697,1.871362968464919,1.700168495895425
34,0.2,random_forest,crump,0.0893140303573977,0.33,0.0,140.0,143.0,1.0,1.0
34,0.2,random_forest,overlap,0.08497202400585874,0.53,0.0,140.19781742968866,141.86408770930842,0.24999961550883926,0.24999999999469535
34,0.2,hist_gbm,unweighted,0.1549495027434842,0.005,1.0,180.0,180.0,1.0,1.0
34,0.2,hist_gbm,source,0.12482859592124693,0.01,1.0,125.07726229284069,180.0,2.335908908345317,1.0
34,0.2,hist_gbm,target,0.1077981457154213,0.045,1.0,180.0,125.02732059284394,1.0,2.5022250761493146
34,0.2,hist_gbm,both,0.07078893034863462,0.915,0.0,125.07726229284069,125.02732059284394,2.335908908345317,2.5022250761493146
34,0.2,hist_gbm,crump,0.08604749757045675,0.485,0.0,140.0,141.0,1.0,1.0
34,0.2,hist_gbm,overlap,0.08714438218940215,0.445,0.0,139.2848132046213,142.58753254083672,0.24996076093712527,0.24989890502036743
34,0.3,logistic,unweighted,0.1983574979042829,0.005,1.0,180.0,180.0,1.0,1.0
34,0.3,logistic,source,0.1625037812821124,0.005,1.0,122.405873546231,180.0,2.663119498539776,1.0
34,0.3,logistic,target,0.12323854792930031,0.01,1.0,180.0,122.2065709758173,1.0,2.5296334718915823
34,0.3,logistic,both,0.07802460547541465,0.775,0.0,122.405873546231,122.2065709758173,2.663119498539776,2.5296334718915823
34,0.3,logistic,crump,0.13282919971862253,0.005,1.0,136.0,135.0,1.0,1.0
34,0.3,logistic,overlap,0.1395761601051253,0.005,1.0,152.32850764106269,152.55981854867562,0.24999827349983988,0.24999950429359705
34,0.3,random_forest,unweighted,0.1983574979042829,0.005,1.0,180.0,180.0,1.0,1.0
34,0.3,random_forest,source,0.16624103126047934,0.005,1.0,112.55331696484431,180.0,2.190644946296813,1.0
34,0.3,random_forest,target,0.12855768752574134,0.005,1.0,180.0,115.83683700292063,1.0,2.104366221354509
34,0.3,random_forest,both,0.08054055266800705,0.72,0.0,112.55331696484431,115.83683700292063,2.190644946296813,2.104366221354509
34,0.3,random_forest,crump,0.09734283229404664,0.14,0.0,118.0,121.0,1.0,1.0
34,0.3,random_forest,overlap,0.09337324266238184,0.3,0.0,117.02093744231279,122.28989386331413,0.2499997005407256,0.24999999997114955
34,0.3,hist_gbm,unweighted,0.1983574979042829,0.005,1.0,180.0,180.0,1.0,1.0
34,0.3,hist_gbm,source,0.16285531998204417,0.005,1.0,104.83172161620652,180.0,2.908848991411697,1.0
34,0.3,hist_gbm,target,0.12730885317731416,0.005,1.0,180.0,108.63758249709358,1.0,2.661165573171138
34,0.3,hist_gbm,both,0.07614923352304524,0.8,0.0,104.83172161620652,108.63758249709358,2.908848991411697,2.661165573171138
34,0.3,hist_gbm,crump,0.08972518700078627,0.415,0.0,118.0,116.0,1.0,1.0
34,0.3,hist_gbm,overlap,0.0946633137886937,0.255,0.0,115.99362999600262,122.9458479880918,0.24997040824993294,0.24997040824993294
34,0.4,logistic,unweighted,0.2183518537570492,0.005,1.0,180.0,180.0,1.0,1.0
34,0.4,logistic,source,0.17185345501770855,0.005,1.0,108.95683126776363,180.0,3.045370336956451,1.0
34,0.4,logistic,target,0.13208820250100153,0.005,1.0,180.0,106.7465757057067,1.0,2.933736129076813
34,0.4,logistic,both,0.07219330712466687,0.88,0.0,108.95683126776363,106.7465757057067,3.045370336956451,2.933736129076813
34,0.4,logistic,crump,0.1175155274053232,0.015,1.0,111.0,115.0,1.0,1.0
34,0.4,logistic,overlap,0.14552272481242254,0.005,1.0,140.60770433932777,140.3497815387878,0.24999646768968972,0.24997349969624158
34,0.4,random_forest,unweighted,0.2183518537570492,0.005,1.0,180.0,180.0,1.0,1.0
34,0.4,random_forest,source,0.1832907938809541,0.005,1.0,101.60741098672389,180.0,2.348625738627528,1.0
34,0.4,random_forest,target,0.1330060301047872,0.005,1.0,180.0,98.58282448809538,1.0,2.6181427212782635
34,0.4,random_forest,both,0.07398198329363798,0.825,0.0,101.60741098672389,98.58282448809538,2.348625738627528,2.6181427212782635
34,0.4,random_forest,crump,0.08849530445385431,0.41,0.0,106.0,102.0,1.0,1.0
34,0.4,random_forest,overlap,0.08495370181759204,0.51,0.0,105.45524056086008,103.73152526934318,0.24999769573673114,0.24999999537430545
34,0.4,hist_gbm,unweighted,0.2183518537570492,0.005,1.0,180.0,180.0,1.0,1.0
34,0.4,hist_gbm,source,0.1806826578382884,0.005,1.0,95.94004311922363,180.0,3.000353573419039,1.0
34,0.4,hist_gbm,target,0.13346893423427697,0.005,1.0,180.0,95.88971715232155,1.0,2.996400655590497
34,0.4,hist_gbm,both,0.07183757506190257,0.855,0.0,95.94004311922363,95.88971715232155,3.000353573419039,2.996400655590497
34,0.4,hist_gbm,crump,0.0806914741151201,0.605,0.0,106.0,98.0,1.0,1.0
34,0.4,hist_gbm,overlap,0.08643441560960932,0.485,0.0,104.46371481619109,105.13681254929162,0.2499986462849009,0.2499986462849009
35,0.0,logistic,unweighted,0.08804674306508153,0.37,0.0,180.0,180.0,1.0,1.0
35,0.0,logistic,source,0.0887118692329519,0.35,0.0,179.99878713814945,180.0,1.006859638444131,1.0
35,0.0,logistic,target,0.08823222776039769,0.38,0.0,180.0,179.99860083478157,1.0,1.0098717316304222
35,0.0,logistic,both,0.08889832649106227,0.35,0.0,179.99878713814945,179.99860083478157,1.006859638444131,1.0098717316304222
35,0.0,logistic,crump,0.08804674306508153,0.37,0.0,180.0,180.0,1.0,1.0
35,0.0,logistic,overlap,0.08852336746200057,0.365,0.0,179.99999998635533,179.99999996841538,0.24999999998086925,0.24999999999334307
35,0.0,random_forest,unweighted,0.08804674306508153,0.37,0.0,180.0,180.0,1.0,1.0
35,0.0,random_forest,source,0.0883699403325843,0.375,0.0,172.39502036161906,180.0,1.3921739335405854,1.0
35,0.0,random_forest,target,0.08904484888983971,0.34,0.0,180.0,174.1121440581751,1.0,1.4521998191684493
35,0.0,random_forest,both,0.0894158021385846,0.34,0.0,172.39502036161906,174.1121440581751,1.3921739335405854,1.4521998191684493
35,0.0,random_forest,crump,0.08804674306508153,0.37,0.0,180.0,180.0,1.0,1.0
35,0.0,random_forest,overlap,0.0875261443406936,0.43,0.0,178.58692435277095,179.09374820498425,0.2499999909464727,0.24999999806950532
35,0.0,hist_gbm,unweighted,0.08804674306508153,0.37,0.0,180.0,180.0,1.0,1.0
35,0.0,hist_gbm,source,0.08873345341113048,0.375,0.0,158.67529147535345,180.0,1.7619012212300695,1.0
35,0.0,hist_gbm,target,0.09091984595108081,0.305,0.0,180.0,165.50702173082223,1.0,1.9763958489052318
35,0.0,hist_gbm,both,0.09167515698318066,0.28,0.0,158.67529147535345,165.50702173082223,1.7619012212300695,1.9763958489052318
35,0.0,hist_gbm,crump,0.08804674306508153,0.37,0.0,180.0,180.0,1.0,1.0
35,0.0,hist_gbm,overlap,0.09041615656302798,0.325,0.0,174.4470409578635,177.9654432995193,0.24999964055384324,0.24999987015808914
35,0.1,logistic,unweighted,0.12827617455418383,0.005,1.0,180.0,180.0,1.0,1.0
35,0.1,logistic,source,0.11340480540281497,0.005,1.0,168.60051795543157,180.0,1.5202550224971663,1.0
35,0.1,logistic,target,0.10333162148472846,0.03,1.0,180.0,168.92360115556932,1.0,1.6691766000018293
35,0.1,logistic,both,0.0884956323642713,0.39,0.0,168.60051795543157,168.92360115556932,1.5202550224971663,1.6691766000018293
35,0.1,logistic,crump,0.12827617455418383,0.005,1.0,180.0,180.0,1.0,1.0
35,0.1,logistic,overlap,0.12081345052469036,0.005,1.0,178.241074672516,178.44631181904188,0.24999956501380827,0.24999998476687457
35,0.1,random_forest,unweighted,0.12827617455418383,0.005,1.0,180.0,180.0,1.0,1.0
35,0.1,random_forest,source,0.11910752169596585,0.005,1.0,155.66534229797617,180.0,1.6569927694282214,1.0
35,0.1,random_forest,target,0.1040528374189552,0.03,1.0,180.0,154.30394326544464,1.0,1.6216888072622349
35,0.1,random_forest,both,0.09352397699556554,0.245,0.0,155.66534229797617,154.30394326544464,1.6569927694282214,1.6216888072622349
35,0.1,random_forest,crump,0.09493773903554541,0.205,0.0,161.0,160.0,1.0,1.0
35,0.1,random_forest,overlap,0.09331412413345536,0.235,0.0,162.07431310308,159.65611400299323,0.24999914115753832,0.24999449785010358
35,0.1,hist_gbm,unweighted,0.12827617455418383,0.005,1.0,180.0,180.0,1.0,1.0
35,0.1,hist_gbm,source,0.1168162444303847,0.005,1.0,144.48549967338508,180.0,2.0752067993126633,1.0
35,0.1,hist_gbm,target,0.10385832117217784,0.04,1.0,180.0,144.71111725092638,1.0,2.5365275892965755
35,0.1,hist_gbm,both,0.09157767798697469,0.31,0.0,144.48549967338508,144.71111725092638,2.0752067993126633,2.5365275892965755
35,0.1,hist_gbm,crump,0.0945609843532803,0.175,0.0,158.0,158.0,1.0,1.0
35,0.1,hist_gbm,overlap,0.09699518457624344,0.165,0.0,164.90574023910767,158.3585397901518,0.24999335539770465,0.24999335539770465
35,0.2,logistic,unweighted,0.16361090058680083,0.005,1.0,180.0,180.0,1.0,1.0
35,0.2,logistic,source,0.13655210301511797,0.005,1.0,150.89879325275885,180.0,1.8749781481525774,1.0
35,0.2,logistic,target,0.11406971520921445,0.015,1.0,180.0,149.2659203233076,1.0,2.0569251007591984
35,0.2,logistic,both,0.08491770991713597,0.59,0.0,150.89879325275885,149.2659203233076,1.8749781481525774,2.0569251007591984
35,0.2,logistic,crump,0.1610728011411789,0.005,1.0,177.0,179.0,1.0,1.0
35,0.2,logistic,overlap,0.13522161711930367,0.005,1.0,170.07146660007376,170.44840464877063,0.24999720976923567,0.24999999954407656
35,0.2,random_forest,unweighted,0.16361090058680083,0.005,1.0,180.0,180.0,1.0,1.0
35,0.2,random_forest,source,0.1498628360478646,0.005,1.0,134.8036327495299,180.0,1.957776363784081,1.0
35,0.2,random_forest,target,0.1130219349286191,0.01,1.0,180.0,127.74253076723805,1.0,1.947457985197745
35,0.2,random_forest,both,0.09404425808298339,0.23,0.0,134.8036327495299,127.74253076723805,1.957776363784081,1.947457985197745
35,0.2,random_forest,crump,0.0919722285221988,0.35,0.0,142.0,138.0,1.0,1.0
35,0.2,random_forest,overlap,0.08926601877804657,0.39,0.0,142.2274454454762,134.84691524614348,0.24999960657201942,0.24996035815970968
35,0.2,hist_gbm,unweighted,0.16361090058680083,0.005,1.0,180.0,180.0,1.0,1.0
35,0.2,hist_gbm,source,0.14618732346465776,0.005,1.0,127.84074042439067,180.0,2.525047866762732,1.0
35,0.2,hist_gbm,target,0.1143217750236601,0.015,1.0,180.0,118.74142211088486,1.0,3.149844816011616
35,0.2,hist_gbm,both,0.09172765246025609,0.3,0.0,127.84074042439067,118.74142211088486,2.525047866762732,3.149844816011616
35,0.2,hist_gbm,crump,0.09068317670783632,0.34,0.0,141.0,136.0,1.0,1.0
35,0.2,hist_gbm,overlap,0.0939309317854248,0.235,0.0,146.1563505637017,134.61523110835265,0.2499987056161731,0.2499987056161731
35,0.3,logistic,unweighted,0.19150621951684194,0.005,1.0,180.0,180.0,1.0,1.0
35,0.3,logistic,source,0.16206343749642707,0.005,1.0,138.06603364715258,180.0,2.1379887279006238,1.0
35,0.3,logistic,target,0.1251351710663637,0.005,1.0,180.0,133.9511381734052,1.0,2.351225494244713
35,0.3,logistic,both,0.08882981891245226,0.335,0.0,138.06603364715258,133.9511381734052,2.1379887279006238,2.351225494244713
35,0.3,logistic,crump,0.1721450131789933,0.005,1.0,156.0,170.0,1.0,1.0
35,0.3,logistic,overlap,0.14746247414593228,0.005,1.0,161.74529232175018,162.09095153655994,0.24998469740966214,0.24999957688593993
35,0.3,random_forest,unweighted,0.19150621951684194,0.005,1.0,180.0,180.0,1.0,1.0
35,0.3,random_forest,source,0.17480635608230366,0.005,1.0,123.94144859317998,180.0,2.17842993019074,1.0
35,0.3,random_forest,target,0.1195538193375667,0.005,1.0,180.0,111.28331475540404,1.0,2.286380837816663
35,0.3,random_forest,both,0.09277572989703997,0.245,0.0,123.94144859317998,111.28331475540404,2.17842993019074,2.286380837816663
35,0.3,random_forest,crump,0.09059729954091035,0.3,0.0,132.0,118.0,1.0,1.0
35,0.3,random_forest,overlap,0.08987352527135808,0.345,0.0,131.96376568895852,116.98198398526858,0.24999337655742634,0.24999995120887014
35,0.3,hist_gbm,unweighted,0.19150621951684194,0.005,1.0,180.0,180.0,1.0,1.0
35,0.3,hist_gbm,source,0.17383651660328558,0.005,1.0,113.08619468097578,180.0,2.784597903432952,1.0
35,0.3,hist_gbm,target,0.11763823407630397,0.005,1.0,180.0,106.61511889169164,1.0,2.9563236513054383
35,0.3,hist_gbm,both,0.09094607813417532,0.33,0.0,113.08619468097578,106.61511889169164,2.784597903432952,2.9563236513054383
35,0.3,hist_gbm,crump,0.09059729954091035,0.345,0.0,132.0,118.0,1.0,1.0
35,0.3,hist_gbm,overlap,0.09403868159318736,0.2,0.0,129.6006012910861,117.0204467070659,0.24999998591773848,0.24999998591773848
35,0.4,logistic,unweighted,0.20577948197683282,0.005,1.0,180.0,180.0,1.0,1.0
35,0.4,logistic,source,0.1652413856262857,0.005,1.0,124.21896485981753,180.0,2.3957553561743676,1.0
35,0.4,logistic,target,0.1304222021701027,0.005,1.0,180.0,121.25152652518555,1.0,2.660862933536313
35,0.4,logistic,both,0.07881772407570438,0.745,0.0,124.21896485981753,121.25152652518555,2.3957553561743676,2.660862933536313
35,0.4,logistic,crump,0.14081843017454104,0.005,1.0,132.0,137.0,1.0,1.0
35,0.4,logistic,overlap,0.1440543328042928,0.005,1.0,151.49001019569786,151.08089478371107,0.24999958186146562,0.2499928566739925
35,0.4,random_forest,unweighted,0.20577948197683282,0.005,1.0,180.0,180.0,1.0,1.0
35,0.4,random_forest,source,0.17847433454958075,0.005,1.0,112.41067105558828,180.0,2.2073570906272226,1.0
35,0.4,random_forest,target,0.13099041696994534,0.005,1.0,180.0,104.42982128118973,1.0,2.4572330730371683
35,0.4,random_forest,both,0.0870692414853104,0.46,0.0,112.41067105558828,104.42982128118973,2.2073570906272226,2.4572330730371683
35,0.4,random_forest,crump,0.0890096853956229,0.41,0.0,120.0,110.0,1.0,1.0
35,0.4,random_forest,overlap,0.08503647936617587,0.505,0.0,119.25813422205441,108.63453471916266,0.24999982722069772,0.2499999874695842
35,0.4,hist_gbm,unweighted,0.20577948197683282,0.005,1.0,180.0,180.0,1.0,1.0
35,0.4,hist_gbm,source,0.17552779234598526,0.005,1.0,102.66059871852099,180.0,2.888204515470591,1.0
35,0.4,hist_gbm,target,0.12991013645505473,0.005,1.0,180.0,98.5621101575818,1.0,3.315328999086872
35,0.4,hist_gbm,both,0.08584440357495253,0.51,0.0,102.66059871852099,98.5621101575818,2.888204515470591,3.315328999086872
35,0.4,hist_gbm,crump,0.08619968460657221,0.47,0.0,119.0,109.0,1.0,1.0
35,0.4,hist_gbm,overlap,0.08450493289609468,0.515,0.0,117.29669239697152,107.9261533481974,0.24999984398639985,0.24999984398639985
36,0.0,logistic,unweighted,0.07720133268556623,0.765,0.0,180.0,180.0,1.0,1.0
36,0.0,logistic,source,0.08108184798065725,0.625,0.0,179.4012510077,180.0,1.1800271076892197,1.0
36,0.0,logistic,target,0.08150305576349634,0.615,0.0,180.0,179.33008465974424,1.0,1.1671201426249609
36,0.0,logistic,both,0.08550710970522851,0.45,0.0,179.4012510077,179.33008465974424,1.1800271076892197,1.1671201426249609
36,0.0,logistic,crump,0.07720133268556623,0.765,0.0,180.0,180.0,1.0,1.0
36,0.0,logistic,overlap,0.07765255417737038,0.765,0.0,179.9946509186836,179.99574268639464,0.2499999610649174,0.24999999949050392
36,0.0,random_forest,unweighted,0.07720133268556623,0.765,0.0,180.0,180.0,1.0,1.0
36,0.0,random_forest,source,0.078607179435314,0.71,0.0,174.21140142828222,180.0,1.5374253444939876,1.0
36,0.0,random_forest,target,0.0805081867768423,0.64,0.0,180.0,168.78846307350955,1.0,1.4851077886477346
36,0.0,random_forest,both,0.08198376165568763,0.6,0.0,174.21140142828222,168.78846307350955,1.5374253444939876,1.4851077886477346
36,0.0,random_forest,crump,0.07720133268556623,0.765,0.0,180.0,180.0,1.0,1.0
36,0.0,random_forest,overlap,0.08006650887546626,0.68,0.0,179.47630192363508,177.03784099151892,0.24999577725722233,0.24999987657775966
36,0.0,hist_gbm,unweighted,0.07720133268556623,0.765,0.0,180.0,180.0,1.0,1.0
36,0.0,hist_gbm,source,0.07826687888370683,0.735,0.0,150.2259469446057,180.0,1.9626733105263519,1.0
36,0.0,hist_gbm,target,0.08162869219022248,0.59,0.0,180.0,154.7935160514555,1.0,2.1368759281173046
36,0.0,hist_gbm,both,0.08277697304539428,0.605,0.0,150.2259469446057,154.7935160514555,1.9626733105263519,2.1368759281173046
36,0.0,hist_gbm,crump,0.07635835158311875,0.765,0.0,180.0,171.0,1.0,1.0
36,0.0,hist_gbm,overlap,0.07968667792099152,0.68,0.0,174.26558449281555,174.04563212453712,0.24998465923713006,0.2499743806459223
36,0.1,logistic,unweighted,0.10308961667428745,0.045,1.0,180.0,180.0,1.0,1.0
36,0.1,logistic,source,0.09113376951075672,0.285,0.0,172.85860938857752,180.0,1.549291125024692,1.0
36,0.1,logistic,target,0.084913264932857,0.52,0.0,180.0,173.07395757522826,1.0,1.3955373807291473
36,0.1,logistic,both,0.07354821444709503,0.9,0.0,172.85860938857752,173.07395757522826,1.549291125024692,1.3955373807291473
36,0.1,logistic,crump,0.10308961667428745,0.045,1.0,180.0,180.0,1.0,1.0
36,0.1,logistic,overlap,0.0991968557281224,0.095,0.0,179.31481936669772,179.37672493778592,0.24999688822408384,0.2499998620867951
36,0.1,random_forest,unweighted,0.10308961667428745,0.045,1.0,180.0,180.0,1.0,1.0
36,0.1,random_forest,source,0.09437876334823536,0.235,0.0,154.3696726510898,180.0,1.6979567239238362,1.0
36,0.1,random_forest,target,0.08700317608593593,0.45,0.0,180.0,157.6270358514818,1.0,1.4561293852631985
36,0.1,random_forest,both,0.07735924850303542,0.805,0.0,154.3696726510898,157.6270358514818,1.6979567239238362,1.4561293852631985
36,0.1,random_forest,crump,0.07249625249889086,0.875,0.0,156.0,164.0,1.0,1.0
36,0.1,random_forest,overlap,0.07763353810189061,0.785,0.0,157.3280921750172,166.24909867203766,0.24999991775171373,0.24999985970787295
36,0.1,hist_gbm,unweighted,0.10308961667428745,0.045,1.0,180.0,180.0,1.0,1.0
36,0.1,hist_gbm,source,0.0892846068336797,0.38,0.0,131.95740230935897,180.0,2.6194219966149563,1.0
36,0.1,hist_gbm,target,0.09251211340760794,0.245,0.0,180.0,142.5103345021859,1.0,2.314188081064622
36,0.1,hist_gbm,both,0.07874302775018682,0.76,0.0,131.95740230935897,142.5103345021859,2.6194219966149563,2.314188081064622
36,0.1,hist_gbm,crump,0.09175443211493332,0.275,0.0,156.0,171.0,1.0,1.0
36,0.1,hist_gbm,overlap,0.08608280093866247,0.48,0.0,151.34463635566254,167.48899314615898,0.24999379084912113,0.24999379084912113
36,0.2,logistic,unweighted,0.14136016137021795,0.005,1.0,180.0,180.0,1.0,1.0
36,0.2,logistic,source,0.11925928539076983,0.005,1.0,156.65568272312873,180.0,1.7033138163293882,1.0
36,0.2,logistic,target,0.0959285351436353,0.12,0.0,180.0,152.69583675446262,1.0,1.8304600054597293
36,0.2,logistic,both,0.07347107068979969,0.87,0.0,156.65568272312873,152.69583675446262,1.7033138163293882,1.8304600054597293
36,0.2,logistic,crump,0.14136016137021795,0.005,1.0,180.0,180.0,1.0,1.0
36,0.2,logistic,overlap,0.11871841328616388,0.005,1.0,173.59498307988736,173.24284646533943,0.24999938252995152,0.24999645178674157
36,0.2,random_forest,unweighted,0.14136016137021795,0.005,1.0,180.0,180.0,1.0,1.0
36,0.2,random_forest,source,0.1285115326647247,0.005,1.0,143.48758762939275,180.0,1.8095830740533432,1.0
36,0.2,random_forest,target,0.0907466916121929,0.255,0.0,180.0,130.89432692460784,1.0,1.7676443192527078
36,0.2,random_forest,both,0.07462993722937701,0.835,0.0,143.48758762939275,130.89432692460784,1.8095830740533432,1.7676443192527078
36,0.2,random_forest,crump,0.06992156205505196,0.915,0.0,146.0,134.0,1.0,1.0
36,0.2,random_forest,overlap,0.072528752900342,0.875,0.0,146.54152403714775,134.57705402195484,0.24999529405758744,0.2499880554868304
36,0.2,hist_gbm,unweighted,0.14136016137021795,0.005,1.0,180.0,180.0,1.0,1.0
36,0.2,hist_gbm,source,0.12823959334399526,0.005,1.0,127.46038885613399,180.0,2.5079983241487174,1.0
36,0.2,hist_gbm,target,0.09010396569239629,0.285,0.0,180.0,119.32856439312164,1.0,2.5679039035648143
36,0.2,hist_gbm,both,0.07384841697456213,0.83,0.0,127.46038885613399,119.32856439312164,2.5079983241487174,2.5679039035648143
36,0.2,hist_gbm,crump,0.06992156205505196,0.915,0.0,146.0,134.0,1.0,1.0
36,0.2,hist_gbm,overlap,0.07108684045582736,0.9,0.0,142.69058661316168,131.79615732917546,0.24999900676212405,0.24998933655851605
36,0.3,logistic,unweighted,0.17751209800335313,0.005,1.0,180.0,180.0,1.0,1.0
36,0.3,logistic,source,0.14645866025023607,0.005,1.0,138.0459696005115,180.0,2.05980770500706,1.0
36,0.3,logistic,target,0.1108180102220093,0.015,1.0,180.0,134.10024773152594,1.0,2.2018011936679147
36,0.3,logistic,both,0.07515636594323748,0.74,0.0,138.0459696005115,134.10024773152594,2.05980770500706,2.2018011936679147
36,0.3,logistic,crump,0.15636423002258065,0.005,1.0,167.0,164.0,1.0,1.0
36,0.3,logistic,overlap,0.13324204732518688,0.005,1.0,163.0362783784209,162.2041240816895,0.249976875005553,0.2499999665008392
36,0.3,random_forest,unweighted,0.17751209800335313,0.005,1.0,180.0,180.0,1.0,1.0
36,0.3,random_forest,source,0.15749695347377796,0.005,1.0,126.38665933581387,180.0,1.9126571375429537,1.0
36,0.3,random_forest,target,0.1080917599987767,0.015,1.0,180.0,118.2468675389118,1.0,1.9862300033876066
36,0.3,random_forest,both,0.07955224444852874,0.65,0.0,126.38665933581387,118.2468675389118,1.9126571375429537,1.9862300033876066
36,0.3,random_forest,crump,0.08068636145718543,0.64,0.0,129.0,122.0,1.0,1.0
36,0.3,random_forest,overlap,0.07905989767505228,0.645,0.0,129.2926785309936,121.60098015884724,0.24999937036389164,0.24999891067693017
36,0.3,hist_gbm,unweighted,0.17751209800335313,0.005,1.0,180.0,180.0,1.0,1.0
36,0.3,hist_gbm,source,0.15378191858693374,0.005,1.0,111.74707619761028,180.0,2.5329296008015505,1.0
36,0.3,hist_gbm,target,0.11198549075469408,0.01,1.0,180.0,108.56075424907347,1.0,2.9539657392239773
36,0.3,hist_gbm,both,0.0799340940061001,0.64,0.0,111.74707619761028,108.56075424907347,2.5329296008015505,2.9539657392239773
36,0.3,hist_gbm,crump,0.08068636145718543,0.64,0.0,129.0,122.0,1.0,1.0
36,0.3,hist_gbm,overlap,0.077322144088773,0.685,0.0,125.72061592223402,120.40408710763629,0.24986647263253361,0.24986825984170377
36,0.4,logistic,unweighted,0.21999353947568967,0.005,1.0,180.0,180.0,1.0,1.0
36,0.4,logistic,source,0.18466835697164646,0.005,1.0,118.22948396006915,180.0,2.533792990351694,1.0
36,0.4,logistic,target,0.13514774982014144,0.005,1.0,180.0,114.13975230819783,1.0,2.6578626620483776
36,0.4,logistic,both,0.08522650427813157,0.525,0.0,118.22948396006915,114.13975230819783,2.533792990351694,2.6578626620483776
36,0.4,logistic,crump,0.14414197217537272,0.005,1.0,126.0,127.0,1.0,1.0
36,0.4,logistic,overlap,0.1530563684022353,0.005,1.0,148.16496254382452,145.8882464780767,0.24999101488390574,0.24999906971369676
36,0.4,random_forest,unweighted,0.21999353947568967,0.005,1.0,180.0,180.0,1.0,1.0
36,0.4,random_forest,source,0.1951466954450638,0.005,1.0,108.44425793321186,180.0,2.3027050917140386,1.0
36,0.4,random_forest,target,0.133458809587589,0.005,1.0,180.0,101.59484254326148,1.0,2.426775705506614
36,0.4,random_forest,both,0.09170930493297597,0.335,0.0,108.44425793321186,101.59484254326148,2.3027050917140386,2.426775705506614
36,0.4,random_forest,crump,0.09917145753345309,0.18,0.0,115.0,105.0,1.0,1.0
36,0.4,random_forest,overlap,0.0972101593405348,0.21,0.0,113.75087503759588,104.48017762373487,0.24999953797607405,0.2499987513957623
36,0.4,hist_gbm,unweighted,0.21999353947568967,0.005,1.0,180.0,180.0,1.0,1.0
36,0.4,hist_gbm,source,0.19505836621830586,0.005,1.0,97.37950947357538,180.0,2.9685224471648524,1.0
36,0.4,hist_gbm,target,0.13169295549425758,0.005,1.0,180.0,94.56766560188495,1.0,3.2961575104228604
36,0.4,hist_gbm,both,0.09117687658458905,0.36,0.0,97.37950947357538,94.56766560188495,2.9685224471648524,3.2961575104228604
36,0.4,hist_gbm,crump,0.10245331964010519,0.09,0.0,108.0,105.0,1.0,1.0
36,0.4,hist_gbm,overlap,0.09715046075009524,0.21,0.0,108.60195802249238,103.23177707019836,0.24999947157563385,0.24999734568807908
37,0.0,logistic,unweighted,0.0804922829980186,0.67,0.0,180.0,180.0,1.0,1.0
37,0.0,logistic,source,0.07623978729790397,0.815,0.0,179.192920253394,180.0,1.1693073566499337,1.0
37,0.0,logistic,target,0.07660493837385053,0.8,0.0,180.0,179.2345646530035,1.0,1.1767322954668393
37,0.0,logistic,both,0.07250345252147679,0.89,0.0,179.192920253394,179.2345646530035,1.1693073566499337,1.1767322954668393
37,0.0,logistic,crump,0.0804922829980186,0.67,0.0,180.0,180.0,1.0,1.0
37,0.0,logistic,overlap,0.08095044815406333,0.67,0.0,179.9915193132018,179.99441006345663,0.2499999694859573,0.24999999998290684
37,0.0,random_forest,unweighted,0.0804922829980186,0.67,0.0,180.0,180.0,1.0,1.0
37,0.0,random_forest,source,0.07513080258391625,0.83,0.0,173.97810201837396,180.0,1.3945446660891356,1.0
37,0.0,random_forest,target,0.0753792565262338,0.84,0.0,180.0,173.8050876466647,1.0,1.394192084464995
37,0.0,random_forest,both,0.07014255136246769,0.945,0.0,173.97810201837396,173.8050876466647,1.3945446660891356,1.394192084464995
37,0.0,random_forest,crump,0.0804922829980186,0.67,0.0,180.0,180.0,1.0,1.0
37,0.0,random_forest,overlap,0.07856500877683871,0.745,0.0,179.22496165368491,179.42195225365728,0.24999927961328486,0.24999909421524444
37,0.0,hist_gbm,unweighted,0.0804922829980186,0.67,0.0,180.0,180.0,1.0,1.0
37,0.0,hist_gbm,source,0.07218274505872718,0.9,0.0,165.3035173987359,180.0,1.6253768630551728,1.0
37,0.0,hist_gbm,target,0.07796725279660588,0.775,0.0,180.0,162.98784983271332,1.0,1.634467037081841
37,0.0,hist_gbm,both,0.0697316021000812,0.955,0.0,165.3035173987359,162.98784983271332,1.6253768630551728,1.634467037081841
37,0.0,hist_gbm,crump,0.0804922829980186,0.67,0.0,180.0,180.0,1.0,1.0
37,0.0,hist_gbm,overlap,0.07900352844561945,0.745,0.0,177.24868760439682,176.75495015424903,0.24999999134788295,0.24999999134788295
37,0.1,logistic,unweighted,0.10068797915714067,0.08,0.0,180.0,180.0,1.0,1.0
37,0.1,logistic,source,0.08623234361284744,0.475,0.0,169.19182764842745,180.0,1.5466702979991729,1.0
37,0.1,logistic,target,0.07956675881296105,0.72,0.0,180.0,170.33670960647999,1.0,1.5547234043729832
37,0.1,logistic,both,0.06599746941463086,0.985,0.0,169.19182764842745,170.33670960647999,1.5466702979991729,1.5547234043729832
37,0.1,logistic,crump,0.10068797915714067,0.08,0.0,180.0,180.0,1.0,1.0
37,0.1,logistic,overlap,0.09493144923512303,0.235,0.0,178.56321271148303,178.79283296163925,0.24999965916854275,0.2499953220731953
37,0.1,random_forest,unweighted,0.10068797915714067,0.08,0.0,180.0,180.0,1.0,1.0
37,0.1,random_forest,source,0.08701340908669267,0.435,0.0,158.24542227991142,180.0,1.5749643127635267,1.0
37,0.1,random_forest,target,0.08136644281737695,0.655,0.0,180.0,165.77531973913312,1.0,1.5079551055542353
37,0.1,random_forest,both,0.06749117986086167,0.975,0.0,158.24542227991142,165.77531973913312,1.5749643127635267,1.5079551055542353
37,0.1,random_forest,crump,0.08150643513053199,0.59,0.0,167.0,170.0,1.0,1.0
37,0.1,random_forest,overlap,0.07973580947079162,0.725,0.0,164.42947718270946,172.50064179910362,0.2499998065048119,0.2499979391262854
37,0.1,hist_gbm,unweighted,0.10068797915714067,0.08,0.0,180.0,180.0,1.0,1.0
37,0.1,hist_gbm,source,0.08344087412413269,0.575,0.0,150.5552097714873,180.0,1.9839000083529201,1.0
37,0.1,hist_gbm,target,0.0864605003515774,0.475,0.0,180.0,155.27781415192229,1.0,2.3166905689124504
37,0.1,hist_gbm,both,0.0702188762053255,0.93,0.0,150.5552097714873,155.27781415192229,1.9839000083529201,2.3166905689124504
37,0.1,hist_gbm,crump,0.10068797915714067,0.08,0.0,180.0,180.0,1.0,1.0
37,0.1,hist_gbm,overlap,0.09069629101137555,0.33,0.0,170.29744199241458,175.2424693051553,0.24999875251974096,0.24999875251974096
37,0.2,logistic,unweighted,0.1462614997713763,0.005,1.0,180.0,180.0,1.0,1.0
37,0.2,logistic,source,0.11807113444648211,0.01,1.0,153.85275017206,180.0,1.8641713363281711,1.0
37,0.2,logistic,target,0.1034524689942838,0.035,1.0,180.0,153.20937290937172,1.0,1.8965365310744815
37,0.2,logistic,both,0.07645636287853254,0.78,0.0,153.85275017206,153.20937290937172,1.8641713363281711,1.8965365310744815
37,0.2,logistic,crump,0.14427816652439515,0.005,1.0,178.0,179.0,1.0,1.0
37,0.2,logistic,overlap,0.12647097522478762,0.005,1.0,172.241247654135,172.0563989406624,0.24999989761053942,0.24999998630371165
37,0.2,random_forest,unweighted,0.1462614997713763,0.005,1.0,180.0,180.0,1.0,1.0
37,0.2,random_forest,source,0.12483779092761996,0.005,1.0,144.2356942630309,180.0,1.613248897077467,1.0
37,0.2,random_forest,target,0.10629582976563158,0.03,1.0,180.0,145.22121100719008,1.0,1.6952227789037964
37,0.2,random_forest,both,0.08203185641677288,0.62,0.0,144.2356942630309,145.22121100719008,1.613248897077467,1.6952227789037964
37,0.2,random_forest,crump,0.09561209667903448,0.165,0.0,149.0,149.0,1.0,1.0
37,0.2,random_forest,overlap,0.09274388685173246,0.23,0.0,149.73186558300995,148.47079392972694,0.24999971793470804,0.2499990193516466
37,0.2,hist_gbm,unweighted,0.1462614997713763,0.005,1.0,180.0,180.0,1.0,1.0
37,0.2,hist_gbm,source,0.12233311616471264,0.005,1.0,136.08613280410208,180.0,2.2279874261084887,1.0
37,0.2,hist_gbm,target,0.1060235394211956,0.035,1.0,180.0,135.10715001180367,1.0,2.313778297205083
37,0.2,hist_gbm,both,0.08068747360782637,0.65,0.0,136.08613280410208,135.10715001180367,2.2279874261084887,2.313778297205083
37,0.2,hist_gbm,crump,0.09944440463296444,0.1,0.0,156.0,149.0,1.0,1.0
37,0.2,hist_gbm,overlap,0.09282871534398432,0.22,0.0,151.31602142106928,146.7211223389044,0.2499888593732892,0.2499888593732892
37,0.3,logistic,unweighted,0.18362072283188538,0.005,1.0,180.0,180.0,1.0,1.0
37,0.3,logistic,source,0.15094728497257764,0.005,1.0,136.6103385305992,180.0,2.2095931019586574,1.0
37,0.3,logistic,target,0.11693851020615292,0.01,1.0,180.0,134.46530049977244,1.0,2.2511879252656954
37,0.3,logistic,both,0.07952519783454719,0.645,0.0,136.6103385305992,134.46530049977244,2.2095931019586574,2.2511879252656954
37,0.3,logistic,crump,0.15377384166098174,0.005,1.0,165.0,157.0,1.0,1.0
37,0.3,logistic,overlap,0.14111460118439845,0.005,1.0,162.6153894731192,161.41201202694145,0.24999563022470267,0.24999659878021885
37,0.3,random_forest,unweighted,0.18362072283188538,0.005,1.0,180.0,180.0,1.0,1.0
37,0.3,random_forest,source,0.15583420098821438,0.005,1.0,126.38585881530967,180.0,1.9847642525998077,1.0
37,0.3,random_forest,target,0.12169369915822978,0.005,1.0,180.0,125.75261473796986,1.0,2.030916875543575
37,0.3,random_forest,both,0.08436146643685949,0.505,0.0,126.38585881530967,125.75261473796986,1.9847642525998077,2.030916875543575
37,0.3,random_forest,crump,0.10398402938584808,0.1,0.0,131.0,132.0,1.0,1.0
37,0.3,random_forest,overlap,0.09805314949172486,0.165,0.0,132.3211965858823,130.74245440914606,0.24999962601473907,0.24999992667713025
37,0.3,hist_gbm,unweighted,0.18362072283188538,0.005,1.0,180.0,180.0,1.0,1.0
37,0.3,hist_gbm,source,0.15538607303138352,0.005,1.0,120.14294525944965,180.0,2.3490214691939912,1.0
37,0.3,hist_gbm,target,0.12341235889702515,0.005,1.0,180.0,118.24753933708098,1.0,2.8334838905388056
37,0.3,hist_gbm,both,0.08654127157633205,0.43,0.0,120.14294525944965,118.24753933708098,2.3490214691939912,2.8334838905388056
37,0.3,hist_gbm,crump,0.10461258525546811,0.05,0.0,132.0,132.0,1.0,1.0
37,0.3,hist_gbm,overlap,0.10048276053218445,0.13,0.0,134.55609501770874,129.99386639064338,0.2499939781514432,0.2499939781514432
37,0.4,logistic,unweighted,0.21246512821978358,0.005,1.0,180.0,180.0,1.0,1.0
37,0.4,logistic,source,0.16467710272582814,0.005,1.0,117.16550120854004,180.0,2.6058828057848387,1.0
37,0.4,logistic,target,0.1323976785090058,0.005,1.0,180.0,114.61571953775429,1.0,2.7241445208718438
37,0.4,logistic,both,0.07238352627107353,0.85,0.0,117.16550120854004,114.61571953775429,2.6058828057848387,2.7241445208718438
37,0.4,logistic,crump,0.13583776777936452,0.005,1.0,132.0,131.0,1.0,1.0
37,0.4,logistic,overlap,0.14358102074307305,0.005,1.0,148.45998234214537,147.45607168339373,0.24995100808383958,0.24996039800182757
37,0.4,random_forest,unweighted,0.21246512821978358,0.005,1.0,180.0,180.0,1.0,1.0
37,0.4,random_forest,source,0.1713996891781517,0.005,1.0,108.02334713227461,180.0,2.441913393757758,1.0
37,0.4,random_forest,target,0.13542394218503045,0.005,1.0,180.0,106.27234955807013,1.0,2.166382973578739
37,0.4,random_forest,both,0.07470439790803898,0.795,0.0,108.02334713227461,106.27234955807013,2.441913393757758,2.166382973578739
37,0.4,random_forest,crump,0.09258404824082764,0.295,0.0,113.0,110.0,1.0,1.0
37,0.4,random_forest,overlap,0.08687889906287194,0.405,0.0,112.09521104952498,110.02070030909574,0.24999857864940506,0.24998885138198587
37,0.4,hist_gbm,unweighted,0.21246512821978358,0.005,1.0,180.0,180.0,1.0,1.0
37,0.4,hist_gbm,source,0.16970707062272525,0.005,1.0,102.86878354215125,180.0,2.664322277966827,1.0
37,0.4,hist_gbm,target,0.1366686032054256,0.005,1.0,180.0,102.91490428050426,1.0,2.934300644779478
37,0.4,hist_gbm,both,0.07555083995576972,0.775,0.0,102.86878354215125,102.91490428050426,2.664322277966827,2.934300644779478
37,0.4,hist_gbm,crump,0.09243843618223785,0.33,0.0,110.0,111.0,1.0,1.0
37,0.4,hist_gbm,overlap,0.08861140135069973,0.355,0.0,113.19725784804751,110.17485524083638,0.24999051503263556,0.24999051503263556
38,0.0,logistic,unweighted,0.07456597603261697,0.865,0.0,180.0,180.0,1.0,1.0
38,0.0,logistic,source,0.07534442531381058,0.845,0.0,179.9934291111663,180.0,1.0149631292127208,1.0
38,0.0,logistic,target,0.07495277137120765,0.865,0.0,180.0,179.99360668411572,1.0,1.0189553029876965
38,0.0,logistic,both,0.0757340146036935,0.845,0.0,179.9934291111663,179.99360668411572,1.0149631292127208,1.0189553029876965
38,0.0,logistic,crump,0.07456597603261697,0.865,0.0,180.0,180.0,1.0,1.0
38,0.0,logistic,overlap,0.07497367672135496,0.865,0.0,179.9999995349854,179.99999957393146,0.24999999895089653,0.24999999976488646
38,0.0,random_forest,unweighted,0.07456597603261697,0.865,0.0,180.0,180.0,1.0,1.0
38,0.0,random_forest,source,0.07436620323922383,0.88,0.0,174.8889822541515,180.0,1.4218137732903993,1.0
38,0.0,random_forest,target,0.07458142774184484,0.89,0.0,180.0,173.64458617600292,1.0,1.418747368979009
38,0.0,random_forest,both,0.07440602483155072,0.89,0.0,174.8889822541515,173.64458617600292,1.4218137732903993,1.418747368979009
38,0.0,random_forest,crump,0.07456597603261697,0.865,0.0,180.0,180.0,1.0,1.0
38,0.0,random_forest,overlap,0.07472516621116149,0.88,0.0,179.67037531071415,179.55559220631991,0.2499997873373089,0.24999967389979208
38,0.0,hist_gbm,unweighted,0.07456597603261697,0.865,0.0,180.0,180.0,1.0,1.0
38,0.0,hist_gbm,source,0.07153001667762222,0.93,0.0,164.8865632694841,180.0,1.8780101867036956,1.0
38,0.0,hist_gbm,target,0.07739288724602902,0.79,0.0,180.0,161.19199076180766,1.0,1.784203814568022
38,0.0,hist_gbm,both,0.07428675114392869,0.895,0.0,164.8865632694841,161.19199076180766,1.8780101867036956,1.784203814568022
38,0.0,hist_gbm,crump,0.07456597603261697,0.865,0.0,180.0,180.0,1.0,1.0
38,0.0,hist_gbm,overlap,0.07406866011640421,0.89,0.0,177.13144660832972,176.0536717914698,0.2499950670093344,0.2499950670093344
38,0.1,logistic,unweighted,0.10949587905807043,0.01,1.0,180.0,180.0,1.0,1.0
38,0.1,logistic,source,0.0955355433493699,0.14,0.0,172.4042528002068,180.0,1.4730208030899075,1.0
38,0.1,logistic,target,0.08996439565828053,0.25,0.0,180.0,171.59672043088273,1.0,1.4549083848950852
38,0.1,logistic,both,0.07638030106480763,0.775,0.0,172.4042528002068,171.59672043088273,1.4730208030899075,1.4549083848950852
38,0.1,logistic,crump,0.10949587905807043,0.01,1.0,180.0,180.0,1.0,1.0
38,0.1,logistic,overlap,0.10479874563315068,0.03,1.0,179.25167862127333,179.10099749336783,0.24999887525978343,0.24999989741508696
38,0.1,random_forest,unweighted,0.10949587905807043,0.01,1.0,180.0,180.0,1.0,1.0
38,0.1,random_forest,source,0.10212924848179472,0.07,0.0,165.05148404423045,180.0,1.5089909841823255,1.0
38,0.1,random_forest,target,0.08779779169020531,0.35,0.0,180.0,161.31245584405193,1.0,1.4984213509127309
38,0.1,random_forest,both,0.0796091040180105,0.655,0.0,165.05148404423045,161.31245584405193,1.5089909841823255,1.4984213509127309
38,0.1,random_forest,crump,0.08794663824485287,0.33,0.0,169.0,168.0,1.0,1.0
38,0.1,random_forest,overlap,0.08492877139503938,0.47,0.0,169.6039879180562,166.6095139648947,0.24999977505830032,0.2499995093035425
38,0.1,hist_gbm,unweighted,0.10949587905807043,0.01,1.0,180.0,180.0,1.0,1.0
38,0.1,hist_gbm,source,0.09690372845000722,0.13,0.0,152.60616443105047,180.0,2.3238406149927346,1.0
38,0.1,hist_gbm,target,0.09165383606169418,0.235,0.0,180.0,150.67651232607622,1.0,2.2148965707460113
38,0.1,hist_gbm,both,0.07867327658776817,0.67,0.0,152.60616443105047,150.67651232607622,2.3238406149927346,2.2148965707460113
38,0.1,hist_gbm,crump,0.10949587905807043,0.01,1.0,180.0,180.0,1.0,1.0
38,0.1,hist_gbm,overlap,0.09482029174482595,0.16,0.0,173.30667212292468,171.5513176165163,0.2499996229506628,0.2499996229506628
38,0.2,logistic,unweighted,0.14996454618198446,0.005,1.0,180.0,180.0,1.0,1.0
38,0.2,logistic,source,0.13001652758964008,0.005,1.0,158.6616531235043,180.0,1.788261249040349,1.0
38,0.2,logistic,target,0.10284336086102713,0.05,0.0,180.0,153.64704328193602,1.0,1.8033102631480162
38,0.2,logistic,both,0.081755486581536,0.6,0.0,158.6616531235043,153.64704328193602,1.788261249040349,1.8033102631480162
38,0.2,logistic,crump,0.14996454618198446,0.005,1.0,180.0,180.0,1.0,1.0
38,0.2,logistic,overlap,0.12857456958974198,0.005,1.0,174.81547457403096,173.23413770189876,0.2499990800330465,0.2499999990938504
38,0.2,random_forest,unweighted,0.14996454618198446,0.005,1.0,180.0,180.0,1.0,1.0
38,0.2,random_forest,source,0.13957524346163658,0.005,1.0,152.09663728812043,180.0,1.556205114249384,1.0
38,0.2,random_forest,target,0.09831848315949945,0.105,0.0,180.0,138.27692760209132,1.0,1.7652700637883785
38,0.2,random_forest,both,0.0846419097671348,0.505,0.0,152.09663728812043,138.27692760209132,1.556205114249384,1.7652700637883785
38,0.2,random_forest,crump,0.08977650128846179,0.3,0.0,157.0,141.0,1.0,1.0
38,0.2,random_forest,overlap,0.08798582709445184,0.36,0.0,155.33100816183543,140.96052772551093,0.249970571959946,0.2499997159219436
38,0.2,hist_gbm,unweighted,0.14996454618198446,0.005,1.0,180.0,180.0,1.0,1.0
38,0.2,hist_gbm,source,0.13619324771918348,0.005,1.0,142.29985856142488,180.0,2.3188199958302835,1.0
38,0.2,hist_gbm,target,0.1017533613907518,0.08,0.0,180.0,127.5562220719306,1.0,2.214931619596065
38,0.2,hist_gbm,both,0.08469564464877119,0.51,0.0,142.29985856142488,127.5562220719306,2.3188199958302835,2.214931619596065
38,0.2,hist_gbm,crump,0.08810425397143687,0.39,0.0,157.0,140.0,1.0,1.0
38,0.2,hist_gbm,overlap,0.08799809543792114,0.39,0.0,154.42084369803953,139.67245968349022,0.249999596597403,0.249999596597403
38,0.3,logistic,unweighted,0.18979837867703095,0.005,1.0,180.0,180.0,1.0,1.0
38,0.3,logistic,source,0.16331184403151078,0.005,1.0,138.4641424236606,180.0,2.187571592259256,1.0
38,0.3,logistic,target,0.1215396236650181,0.005,1.0,180.0,132.2669450891073,1.0,2.2119181160529764
38,0.3,logistic,both,0.08915528884231845,0.25,0.0,138.4641424236606,132.2669450891073,2.187571592259256,2.2119181160529764
38,0.3,logistic,crump,0.17011169008514387,0.005,1.0,167.0,164.0,1.0,1.0
38,0.3,logistic,overlap,0.1473507083003616,0.005,1.0,163.68481226963885,160.97528275818726,0.24999547922167117,0.24999937463022384
38,0.3,random_forest,unweighted,0.18979837867703095,0.005,1.0,180.0,180.0,1.0,1.0
38,0.3,random_forest,source,0.16949453985408677,0.005,1.0,133.13502042840494,180.0,1.878411066937355,1.0
38,0.3,random_forest,target,0.11833206483818336,0.005,1.0,180.0,118.18893697422305,1.0,1.8677308890589224
38,0.3,random_forest,both,0.08924403264784883,0.295,0.0,133.13502042840494,118.18893697422305,1.878411066937355,1.8677308890589224
38,0.3,random_forest,crump,0.10060161094328718,0.095,0.0,135.0,122.0,1.0,1.0
38,0.3,random_forest,overlap,0.09643424409949274,0.145,0.0,135.36611256798392,121.26641470153601,0.24998384360919815,0.24999620678597018
38,0.3,hist_gbm,unweighted,0.18979837867703095,0.005,1.0,180.0,180.0,1.0,1.0
38,0.3,hist_gbm,source,0.16504491940994667,0.005,1.0,120.5800255858141,180.0,2.378602423791818,1.0
38,0.3,hist_gbm,target,0.11842493681429822,0.005,1.0,180.0,110.10320125869522,1.0,2.577557800106844
38,0.3,hist_gbm,both,0.08478366003036154,0.5,0.0,120.5800255858141,110.10320125869522,2.378602423791818,2.577557800106844
38,0.3,hist_gbm,crump,0.10082990076621837,0.125,0.0,136.0,123.0,1.0,1.0
38,0.3,hist_gbm,overlap,0.0965649821026417,0.14,0.0,132.07019996831076,121.22502454263773,0.24999405338378441,0.24999405338378441
38,0.4,logistic,unweighted,0.21193977480566986,0.005,1.0,180.0,180.0,1.0,1.0
38,0.4,logistic,source,0.1692659061645556,0.005,1.0,119.96219481665904,180.0,2.504216095204299,1.0
38,0.4,logistic,target,0.13211530049185816,0.005,1.0,180.0,115.0092467029994,1.0,2.6170933494977175
38,0.4,logistic,both,0.07733739443992886,0.755,0.0,119.96219481665904,115.0092467029994,2.504216095204299,2.6170933494977175
38,0.4,logistic,crump,0.13575219203071137,0.005,1.0,130.0,129.0,1.0,1.0
38,0.4,logistic,overlap,0.14955153734055993,0.005,1.0,150.56402622527696,147.5673802003943,0.24999693302208362,0.24999968201488396
38,0.4,random_forest,unweighted,0.21193977480566986,0.005,1.0,180.0,180.0,1.0,1.0
38,0.4,random_forest,source,0.1815198296785075,0.005,1.0,112.8267820870325,180.0,2.1743524874219844,1.0
38,0.4,random_forest,target,0.13119034600094295,0.005,1.0,180.0,101.78752805049633,1.0,2.2865248822229476
38,0.4,random_forest,both,0.08342688128881282,0.54,0.0,112.8267820870325,101.78752805049633,2.1743524874219844,2.2865248822229476
38,0.4,random_forest,crump,0.08785236835496167,0.415,0.0,117.0,105.0,1.0,1.0
38,0.4,random_forest,overlap,0.08751621496860859,0.415,0.0,116.31375315356266,104.80150496090273,0.2499990970958208,0.24999999659728311
38,0.4,hist_gbm,unweighted,0.21193977480566986,0.005,1.0,180.0,180.0,1.0,1.0
38,0.4,hist_gbm,source,0.17817860854804451,0.005,1.0,103.55811965633539,180.0,3.0423161969836943,1.0
38,0.4,hist_gbm,target,0.13102813203945077,0.005,1.0,180.0,95.24225598624498,1.0,2.8411076284376424
38,0.4,hist_gbm,both,0.080197792180729,0.615,0.0,103.55811965633539,95.24225598624498,3.0423161969836943,2.8411076284376424
38,0.4,hist_gbm,crump,0.08865454088480784,0.4,0.0,118.0,105.0,1.0,1.0
38,0.4,hist_gbm,overlap,0.08946090735165199,0.375,0.0,114.04521230698212,103.20622815115563,0.24999988320901964,0.24999988320901964
39,0.0,logistic,unweighted,0.10054622770919067,0.045,1.0,180.0,180.0,1.0,1.0
39,0.0,logistic,source,0.09690784582109327,0.105,0.0,179.40080156058417,180.0,1.1571668458267264,1.0
39,0.0,logistic,target,0.09622057630435801,0.105,0.0,180.0,179.39082540937468,1.0,1.1709583172310671
39,0.0,logistic,both,0.09265523909159665,0.19,0.0,179.40080156058417,179.39082540937468,1.1571668458267264,1.1709583172310671
39,0.0,logistic,crump,0.10054622770919067,0.045,1.0,180.0,180.0,1.0,1.0
39,0.0,logistic,overlap,0.10112400075879137,0.04,1.0,179.99575139707432,179.9960886612701,0.24999996002186692,0.24999992444904956
39,0.0,random_forest,unweighted,0.10054622770919067,0.045,1.0,180.0,180.0,1.0,1.0
39,0.0,random_forest,source,0.09773322305435589,0.085,0.0,170.0367727894731,180.0,1.4459346771025743,1.0
39,0.0,random_forest,target,0.09616552482374305,0.105,0.0,180.0,171.0164269404574,1.0,1.6091344385076392
39,0.0,random_forest,both,0.09336041261843346,0.165,0.0,170.0367727894731,171.0164269404574,1.4459346771025743,1.6091344385076392
39,0.0,random_forest,crump,0.10054622770919067,0.045,1.0,180.0,180.0,1.0,1.0
39,0.0,random_forest,overlap,0.09988497276317852,0.055,0.0,177.7915410929863,178.6563183430063,0.24999996412809736,0.2499999979799569
39,0.0,hist_gbm,unweighted,0.10054622770919067,0.045,1.0,180.0,180.0,1.0,1.0
39,0.0,hist_gbm,source,0.09397456311548155,0.17,0.0,161.1469566516389,180.0,1.7629691933231117,1.0
39,0.0,hist_gbm,target,0.0950276317370315,0.13,0.0,180.0,162.5168958063712,1.0,1.9032002048709542
39,0.0,hist_gbm,both,0.08888202803786528,0.35,0.0,161.1469566516389,162.5168958063712,1.7629691933231117,1.9032002048709542
39,0.0,hist_gbm,crump,0.10054622770919067,0.045,1.0,180.0,180.0,1.0,1.0
39,0.0,hist_gbm,overlap,0.09425554150411666,0.14,0.0,176.82757441983802,175.88394124668622,0.24997738000906475,0.24997738000906475
39,0.1,logistic,unweighted,0.12167381115683584,0.005,1.0,180.0,180.0,1.0,1.0
39,0.1,logistic,source,0.10185401267710718,0.05,0.0,165.4992082751482,180.0,1.6588405522185388,1.0
39,0.1,logistic,target,0.09697403615670955,0.12,0.0,180.0,167.27495269621073,1.0,1.6906313196013003
39,0.1,logistic,both,0.0777490721094107,0.715,0.0,165.4992082751482,167.27495269621073,1.6588405522185388,1.6906313196013003
39,0.1,logistic,crump,0.12167381115683584,0.005,1.0,180.0,180.0,1.0,1.0
39,0.1,logistic,overlap,0.11400812576962949,0.005,1.0,176.9312028205648,177.8568366638418,0.24999999809634527,0.2499999337209361
39,0.1,random_forest,unweighted,0.12167381115683584,0.005,1.0,180.0,180.0,1.0,1.0
39,0.1,random_forest,source,0.1065164020816695,0.02,1.0,153.64387715497415,180.0,1.6846885534538614,1.0
39,0.1,random_forest,target,0.10075487196710411,0.09,0.0,180.0,159.89327124294013,1.0,1.6577204439560607
39,0.1,random_forest,both,0.08435615540316468,0.41,0.0,153.64387715497415,159.89327124294013,1.6846885534538614,1.6577204439560607
39,0.1,random_forest,crump,0.10145335644567535,0.055,0.0,165.0,170.0,1.0,1.0
39,0.1,random_forest,overlap,0.09898269631924146,0.105,0.0,162.9772269366617,169.1493503021747,0.2499724989388278,0.2499998511847286
39,0.1,hist_gbm,unweighted,0.12167381115683584,0.005,1.0,180.0,180.0,1.0,1.0
39,0.1,hist_gbm,source,0.09775551204278632,0.125,0.0,145.89046567997124,180.0,2.0206033778645973,1.0
39,0.1,hist_gbm,target,0.10326668062967834,0.04,1.0,180.0,153.2647379738198,1.0,2.457262778814194
39,0.1,hist_gbm,both,0.0800120440018508,0.6,0.0,145.89046567997124,153.2647379738198,2.0206033778645973,2.457262778814194
39,0.1,hist_gbm,crump,0.11251082018115352,0.01,1.0,161.0,179.0,1.0,1.0
39,0.1,hist_gbm,overlap,0.10649128529816307,0.025,1.0,166.79325388414674,173.55255018969504,0.24999773637179176,0.24995825002526378
39,0.2,logistic,unweighted,0.13502594116750496,0.005,1.0,180.0,180.0,1.0,1.0
39,0.2,logistic,source,0.1091573656827125,0.015,1.0,157.050051368013,180.0,1.8048501553122653,1.0
39,0.2,logistic,target,0.10183773454198673,0.06,0.0,180.0,160.09735082738086,1.0,1.8286181287605372
39,0.2,logistic,both,0.07621702121571308,0.755,0.0,157.050051368013,160.09735082738086,1.8048501553122653,1.8286181287605372
39,0.2,logistic,crump,0.13502594116750496,0.005,1.0,180.0,180.0,1.0,1.0
39,0.2,logistic,overlap,0.1184428551365293,0.005,1.0,173.35789474122237,174.96947177347676,0.24999985081419102,0.24999979006606288
39,0.2,random_forest,unweighted,0.13502594116750496,0.005,1.0,180.0,180.0,1.0,1.0
39,0.2,random_forest,source,0.11475801656129977,0.01,1.0,144.94510311601394,180.0,1.6751414649376195,1.0
39,0.2,random_forest,target,0.10812781480927311,0.025,1.0,180.0,152.56748338062033,1.0,1.7326448036372963
39,0.2,random_forest,both,0.08547664178084685,0.45,0.0,144.94510311601394,152.56748338062033,1.6751414649376195,1.7326448036372963
39,0.2,random_forest,crump,0.09563921481481481,0.15,0.0,150.0,160.0,1.0,1.0
39,0.2,random_forest,overlap,0.09339673319286904,0.215,0.0,151.1841529402681,158.66715186804132,0.24999853093544938,0.24999986950349498
39,0.2,hist_gbm,unweighted,0.13502594116750496,0.005,1.0,180.0,180.0,1.0,1.0
39,0.2,hist_gbm,source,0.1112992205179584,0.01,1.0,134.54612835539822,180.0,2.205930066271037,1.0
39,0.2,hist_gbm,target,0.10582018387925812,0.02,1.0,180.0,139.76882184441232,1.0,2.1603442670548216
39,0.2,hist_gbm,both,0.0801418067980841,0.65,0.0,134.54612835539822,139.76882184441232,2.205930066271037,2.1603442670548216
39,0.2,hist_gbm,crump,0.09219260153364905,0.275,0.0,149.0,158.0,1.0,1.0
39,0.2,hist_gbm,overlap,0.09233892245808717,0.24,0.0,150.963526231678,156.06637700384312,0.24999966936110177,0.24999966936110177
39,0.3,logistic,unweighted,0.15774629248590155,0.005,1.0,180.0,180.0,1.0,1.0
39,0.3,logistic,source,0.1242441912811548,0.005,1.0,141.90169160204317,180.0,2.1037607231032958,1.0
39,0.3,logistic,target,0.1070474182968656,0.03,1.0,180.0,145.27241628979647,1.0,2.116545088704781
39,0.3,logistic,both,0.07126901917017582,0.875,0.0,141.90169160204317,145.27241628979647,2.1037607231032958,2.116545088704781
39,0.3,logistic,crump,0.1431420958597729,0.005,1.0,170.0,171.0,1.0,1.0
39,0.3,logistic,overlap,0.12209861363359689,0.005,1.0,164.60061324920315,166.728216285763,0.24999901423127152,0.2499909536043082
39,0.3,random_forest,unweighted,0.15774629248590155,0.005,1.0,180.0,180.0,1.0,1.0
39,0.3,random_forest,source,0.13060236024888044,0.005,1.0,129.0578865237953,180.0,1.8048723989344613,1.0
39,0.3,random_forest,target,0.11280486612571844,0.02,1.0,180.0,137.8689984078111,1.0,1.7860673157895606
39,0.3,random_forest,both,0.07848877398762268,0.695,0.0,129.0578865237953,137.8689984078111,1.8048723989344613,1.7860673157895606
39,0.3,random_forest,crump,0.08731945398037658,0.385,0.0,134.0,144.0,1.0,1.0
39,0.3,random_forest,overlap,0.08484809623310896,0.535,0.0,133.7310481460415,142.38948827076538,0.24999223752920802,0.2499987305935799
39,0.3,hist_gbm,unweighted,0.15774629248590155,0.005,1.0,180.0,180.0,1.0,1.0
39,0.3,hist_gbm,source,0.12723664585388086,0.005,1.0,123.57417502411192,180.0,2.3337267752284445,1.0
39,0.3,hist_gbm,target,0.10989073822321074,0.03,1.0,180.0,127.94772522651381,1.0,2.5366289763153675
39,0.3,hist_gbm,both,0.07331347205934702,0.85,0.0,123.57417502411192,127.94772522651381,2.3337267752284445,2.5366289763153675
39,0.3,hist_gbm,crump,0.08592806177407675,0.43,0.0,134.0,143.0,1.0,1.0
39,0.3,hist_gbm,overlap,0.08487597295135976,0.53,0.0,137.5168420768698,140.96977582926334,0.24999989153456875,0.24999989153456875
39,0.4,logistic,unweighted,0.20014353185490014,0.005,1.0,180.0,180.0,1.0,1.0
39,0.4,logistic,source,0.1569170493254703,0.005,1.0,118.70372837834043,180.0,2.675320156430509,1.0
39,0.4,logistic,target,0.12576596697997472,0.005,1.0,180.0,120.19929649776739,1.0,2.695755932436656
39,0.4,logistic,both,0.07028791105853724,0.895,0.0,118.70372837834043,120.19929649776739,2.675320156430509,2.695755932436656
39,0.4,logistic,crump,0.10103114988168697,0.125,0.0,123.0,122.0,1.0,1.0
39,0.4,logistic,overlap,0.13265997793511303,0.005,1.0,145.2280142613164,146.97285029853342,0.2499999183109595,0.24999509551826044
39,0.4,random_forest,unweighted,0.20014353185490014,0.005,1.0,180.0,180.0,1.0,1.0
39,0.4,random_forest,source,0.16592305277243463,0.005,1.0,108.79586530845074,180.0,2.481756852972756,1.0
39,0.4,random_forest,target,0.13066392235197627,0.005,1.0,180.0,114.56987209238916,1.0,2.272373520733489
39,0.4,random_forest,both,0.08022044904638037,0.64,0.0,108.79586530845074,114.56987209238916,2.481756852972756,2.272373520733489
39,0.4,random_forest,crump,0.0978220786814454,0.145,0.0,117.0,124.0,1.0,1.0
39,0.4,random_forest,overlap,0.09362522574877581,0.28,0.0,115.43279357376274,122.13919495235719,0.24999022908903437,0.24999916430831123
39,0.4,hist_gbm,unweighted,0.20014353185490014,0.005,1.0,180.0,180.0,1.0,1.0
39,0.4,hist_gbm,source,0.16284523322876815,0.005,1.0,101.36335185573866,180.0,3.1419792795805455,1.0
39,0.4,hist_gbm,target,0.12759269618560293,0.005,1.0,180.0,105.61246415882789,1.0,3.1562560281338468
39,0.4,hist_gbm,both,0.07372192014327017,0.805,0.0,101.36335185573866,105.61246415882789,3.1419792795805455,3.1562560281338468
39,0.4,hist_gbm,crump,0.09154042818245528,0.355,0.0,114.0,122.0,1.0,1.0
39,0.4,hist_gbm,overlap,0.09313069486758903,0.3,0.0,117.38736245153987,120.08042170416627,0.24999866401313006,0.24999866401313006
