repeat,experiment,lambda_value,mode,statistic,pvalue,reject,source_ess,target_ess,source_max_weight,target_max_weight
0,calibration,-1.0,unweighted,0.1554221898338668,0.002,1.0,180.0,180.0,1.0,1.0
0,calibration,0.0,both,0.045208913393802404,1.0,0.0,112.09475335119319,105.6552018820342,4.247872023186227,6.044343819499327
0,calibration,0.25,both,0.061010782845977676,0.984,0.0,131.72200074983144,133.70999497060768,2.650850642514275,3.055079020901691
0,calibration,0.5,both,0.07921145721839937,0.722,0.0,147.61406056646578,150.49063159331746,1.9185236667703887,2.0352667087272924
0,calibration,0.75,both,0.10475348412541576,0.034,1.0,164.1739842066197,165.8011502228996,1.4411437940955922,1.463492767131399
0,calibration,1.0,both,0.1554221898338668,0.002,1.0,180.0,180.0,1.0,1.0
0,power,-1.0,unweighted,0.17742933527663465,0.002,1.0,180.0,180.0,1.0,1.0
0,power,0.0,both,0.06075603657262302,0.976,0.0,112.09475335119319,105.6552018820342,4.247872023186227,6.044343819499327
0,power,0.25,both,0.07990570272314693,0.71,0.0,131.72200074983144,133.70999497060768,2.650850642514275,3.055079020901691
0,power,0.5,both,0.10056951692164785,0.08,0.0,147.61406056646578,150.49063159331746,1.9185236667703887,2.0352667087272924
0,power,0.75,both,0.12771354499459053,0.002,1.0,164.1739842066197,165.8011502228996,1.4411437940955922,1.463492767131399
0,power,1.0,both,0.17742933527663465,0.002,1.0,180.0,180.0,1.0,1.0
1,calibration,-1.0,unweighted,0.1787649748513946,0.002,1.0,180.0,180.0,1.0,1.0
1,calibration,0.0,both,0.034960073367933026,1.0,0.0,81.48595400131262,81.629907600417,9.805782818768618,8.421520934494952
1,calibration,0.25,both,0.05725931144253791,1.0,0.0,118.85420965809786,116.13810269725599,3.7568309263833903,3.597448539861841
1,calibration,0.5,both,0.07965203769718585,0.686,0.0,138.52668537058946,136.3227169657807,2.334018741352425,2.3033169060943255
1,calibration,0.75,both,0.11039562821022586,0.014,1.0,157.91375618590024,155.96122126917209,1.6055402355581838,1.6084462685157397
1,calibration,1.0,both,0.1787649748513946,0.002,1.0,180.0,180.0,1.0,1.0
1,power,-1.0,unweighted,0.20431379362901994,0.002,1.0,180.0,180.0,1.0,1.0
1,power,0.0,both,0.050145009802632985,1.0,0.0,81.48595400131262,81.629907600417,9.805782818768618,8.421520934494952
1,power,0.25,both,0.07911488421786517,0.692,0.0,118.85420965809786,116.13810269725599,3.7568309263833903,3.597448539861841
1,power,0.5,both,0.10540330421387784,0.042,1.0,138.52668537058946,136.3227169657807,2.334018741352425,2.3033169060943255
1,power,0.75,both,0.13829224257799128,0.002,1.0,157.91375618590024,155.96122126917209,1.6055402355581838,1.6084462685157397
1,power,1.0,both,0.20431379362901994,0.002,1.0,180.0,180.0,1.0,1.0
2,calibration,-1.0,unweighted,0.16788853928516995,0.002,1.0,180.0,180.0,1.0,1.0
2,calibration,0.0,both,0.051689387710859486,1.0,0.0,114.81823834002705,96.44364243599867,3.6350244132103513,8.245158859330939
2,calibration,0.25,both,0.07130688527103152,0.908,0.0,134.77156779758297,131.12850570404558,2.463847381052427,3.3551194153859236
2,calibration,0.5,both,0.09211445874946812,0.26,0.0,150.44464016195457,149.49093303117485,1.8404489974724993,2.1190972084860245
2,calibration,0.75,both,0.11932199120867029,0.002,1.0,166.00502074267368,165.98326001283232,1.4072123828185434,1.4852481581862926
2,calibration,1.0,both,0.16788853928516995,0.002,1.0,180.0,180.0,1.0,1.0
2,power,-1.0,unweighted,0.19050450674439873,0.002,1.0,180.0,180.0,1.0,1.0
2,power,0.0,both,0.0693056571303016,0.92,0.0,114.81823834002705,96.44364243599867,3.6350244132103513,8.245158859330939
2,power,0.25,both,0.09268563643514921,0.266,0.0,134.77156779758297,131.12850570404558,2.463847381052427,3.3551194153859236
2,power,0.5,both,0.11579687355010979,0.01,1.0,150.44464016195457,149.49093303117485,1.8404489974724993,2.1190972084860245
2,power,0.75,both,0.1440208952491142,0.002,1.0,166.00502074267368,165.98326001283232,1.4072123828185434,1.4852481581862926
2,power,1.0,both,0.19050450674439873,0.002,1.0,180.0,180.0,1.0,1.0
3,calibration,-1.0,unweighted,0.16111005848955953,0.002,1.0,180.0,180.0,1.0,1.0
3,calibration,0.0,both,0.034360592957611395,1.0,0.0,100.80461442636985,99.99530300555924,4.444800212583603,6.486127061934929
3,calibration,0.25,both,0.05152569474380794,1.0,0.0,124.88809366750309,128.3407612903907,2.7688136580706795,3.1928075932731215
3,calibration,0.5,both,0.07166736442966477,0.882,0.0,143.62779579582693,145.4811550155105,1.993238605001483,2.113412618712402
3,calibration,0.75,both,0.10059262122277648,0.084,0.0,162.4922831504117,162.12661632223438,1.4799582001233336,1.5104579169485415
3,calibration,1.0,both,0.16111005848955953,0.002,1.0,180.0,180.0,1.0,1.0
3,power,-1.0,unweighted,0.18066889860539553,0.002,1.0,180.0,180.0,1.0,1.0
3,power,0.0,both,0.04614935847593374,1.0,0.0,100.80461442636985,99.99530300555924,4.444800212583603,6.486127061934929
3,power,0.25,both,0.06726831321101397,0.932,0.0,124.88809366750309,128.3407612903907,2.7688136580706795,3.1928075932731215
3,power,0.5,both,0.09037614098416535,0.346,0.0,143.62779579582693,145.4811550155105,1.993238605001483,2.113412618712402
3,power,0.75,both,0.12128864811508441,0.004,1.0,162.4922831504117,162.12661632223438,1.4799582001233336,1.5104579169485415
3,power,1.0,both,0.18066889860539553,0.002,1.0,180.0,180.0,1.0,1.0
4,calibration,-1.0,unweighted,0.18491153215973177,0.002,1.0,180.0,180.0,1.0,1.0
4,calibration,0.0,both,0.04980579096295432,0.996,0.0,92.21741795597606,93.39656324304096,8.678431805364506,5.948425528884464
4,calibration,0.25,both,0.07552421229780654,0.784,0.0,126.7137552488127,122.93208893620674,3.5168612333129836,3.126857345690391
4,calibration,0.5,both,0.0993015164467359,0.122,0.0,143.88358335946072,142.4991185532846,2.213863480908061,2.116238484787864
4,calibration,0.75,both,0.129246928482547,0.002,1.0,160.99643483504246,161.55548801992938,1.5451720937099755,1.5206596670868961
4,calibration,1.0,both,0.18491153215973175,0.002,1.0,180.0,180.0,1.0,1.0
4,power,-1.0,unweighted,0.2070817177259564,0.002,1.0,180.0,180.0,1.0,1.0
4,power,0.0,both,0.06600105435510317,0.932,0.0,92.21741795597606,93.39656324304096,8.678431805364506,5.948425528884464
4,power,0.25,both,0.0973817562470903,0.19,0.0,126.7137552488127,122.93208893620674,3.5168612333129836,3.126857345690391
4,power,0.5,both,0.12396555361504649,0.002,1.0,143.88358335946072,142.4991185532846,2.213863480908061,2.116238484787864
4,power,0.75,both,0.1548393053652609,0.002,1.0,160.99643483504246,161.55548801992938,1.5451720937099755,1.5206596670868961
4,power,1.0,both,0.2070817177259564,0.002,1.0,180.0,180.0,1.0,1.0
5,calibration,-1.0,unweighted,0.15306925297210788,0.002,1.0,180.0,180.0,1.0,1.0
5,calibration,0.0,both,0.03781523344982745,1.0,0.0,108.6814004600855,107.15157343686434,4.888442401024724,4.803882026162898
5,calibration,0.25,both,0.055566902721164865,0.998,0.0,133.67682237060646,131.37639772755176,2.816137559061598,2.7983280173249936
5,calibration,0.5,both,0.07536174294261375,0.81,0.0,149.9327550994185,148.6015969090302,1.9637996125020387,1.9644264523676866
5,calibration,0.75,both,0.10227654423798324,0.04,1.0,165.45914492103114,165.1490342843907,1.4459464992478075,1.4492414729235217
5,calibration,1.0,both,0.15306925297210788,0.002,1.0,180.0,180.0,1.0,1.0
5,power,-1.0,unweighted,0.17446155883249503,0.002,1.0,180.0,180.0,1.0,1.0
5,power,0.0,both,0.05093198152159939,0.998,0.0,108.6814004600855,107.15157343686434,4.888442401024724,4.803882026162898
5,power,0.25,both,0.07280190405671692,0.858,0.0,133.67682237060646,131.37639772755176,2.816137559061598,2.7983280173249936
5,power,0.5,both,0.09547484349885241,0.206,0.0,149.9327550994185,148.6015969090302,1.9637996125020387,1.9644264523676866
5,power,0.75,both,0.12415012959954029,0.002,1.0,165.45914492103114,165.1490342843907,1.4459464992478075,1.4492414729235217
5,power,1.0,both,0.17446155883249503,0.002,1.0,180.0,180.0,1.0,1.0
6,calibration,-1.0,unweighted,0.15777015317786924,0.002,1.0,180.0,180.0,1.0,1.0
6,calibration,0.0,both,0.041316233388394394,1.0,0.0,107.05421100140255,115.73554420422096,4.618353671636608,3.4858058120222597
6,calibration,0.25,both,0.05942454481385734,0.998,0.0,133.27496864641768,134.73217064573956,2.7453732560692328,2.409341241623117
6,calibration,0.5,both,0.07974267256098574,0.694,0.0,150.81709729455662,150.16441533101738,1.9354405032487227,1.8195346507988925
6,calibration,0.75,both,0.10702977023507303,0.032,1.0,166.46593189938386,165.65626782426756,1.43177790439171,1.4016901092746499
6,calibration,1.0,both,0.15777015317786924,0.002,1.0,180.0,180.0,1.0,1.0
6,power,-1.0,unweighted,0.18154173049077885,0.002,1.0,180.0,180.0,1.0,1.0
6,power,0.0,both,0.056775252442573004,0.998,0.0,107.05421100140255,115.73554420422096,4.618353671636608,3.4858058120222597
6,power,0.25,both,0.07909444535637604,0.72,0.0,133.27496864641768,134.73217064573956,2.7453732560692328,2.409341241623117
6,power,0.5,both,0.10234382227476316,0.082,0.0,150.81709729455662,150.16441533101738,1.9354405032487227,1.8195346507988925
6,power,0.75,both,0.1313380040803169,0.002,1.0,166.46593189938386,165.65626782426756,1.43177790439171,1.4016901092746499
6,power,1.0,both,0.18154173049077885,0.002,1.0,180.0,180.0,1.0,1.0
7,calibration,-1.0,unweighted,0.16053225022862372,0.002,1.0,180.0,180.0,1.0,1.0
7,calibration,0.0,both,0.03710157439838622,1.0,0.0,113.67894232262816,90.21823471919599,4.683696611880363,6.7309069947311215
7,calibration,0.25,both,0.0555157315872493,0.996,0.0,133.4813490897349,123.145806472617,2.795287949590286,3.2173052949108025
7,calibration,0.5,both,0.07633498541644267,0.788,0.0,148.7801731730806,143.35444517523203,1.9727674036834508,2.1266431810959006
7,calibration,0.75,both,0.10515255274265572,0.04,1.0,164.43693826041206,162.5570679062963,1.4577016804760987,1.5144034728349285
7,calibration,1.0,both,0.16053225022862372,0.002,1.0,180.0,180.0,1.0,1.0
7,power,-1.0,unweighted,0.181850140984606,0.002,1.0,180.0,180.0,1.0,1.0
7,power,0.0,both,0.050870337110397706,0.998,0.0,113.67894232262816,90.21823471919599,4.683696611880363,6.7309069947311215
7,power,0.25,both,0.073491951714439,0.84,0.0,133.4813490897349,123.145806472617,2.795287949590286,3.2173052949108025
7,power,0.5,both,0.09724256300068485,0.148,0.0,148.7801731730806,143.35444517523203,1.9727674036834508,2.1266431810959006
7,power,0.75,both,0.12781931836063803,0.002,1.0,164.43693826041206,162.5570679062963,1.4577016804760987,1.5144034728349285
7,power,1.0,both,0.181850140984606,0.002,1.0,180.0,180.0,1.0,1.0
8,calibration,-1.0,unweighted,0.14745605948026214,0.002,1.0,180.0,180.0,1.0,1.0
8,calibration,0.0,both,0.03993472453104155,1.0,0.0,112.06042382203145,115.21803283572271,5.1169927338546985,5.1957764296172035
8,calibration,0.25,both,0.05762028505303467,0.992,0.0,138.4766434318505,137.65307794219424,2.8149733561682164,2.8245953516387496
8,calibration,0.5,both,0.0771404003222338,0.744,0.0,154.4509129995792,153.61446967928416,1.9305015698663655,1.9365998796982338
8,calibration,0.75,both,0.10297690342643043,0.06,0.0,168.48903827916075,168.5194184636236,1.4147878263646827,1.4178058911943612
8,calibration,1.0,both,0.14745605948026214,0.002,1.0,180.0,180.0,1.0,1.0
8,power,-1.0,unweighted,0.1692479500076208,0.002,1.0,180.0,180.0,1.0,1.0
8,power,0.0,both,0.053806021708084725,0.996,0.0,112.06042382203145,115.21803283572271,5.1169927338546985,5.1957764296172035
8,power,0.25,both,0.07561180477629204,0.77,0.0,138.4766434318505,137.65307794219424,2.8149733561682164,2.8245953516387496
8,power,0.5,both,0.09793962449411453,0.114,0.0,154.4509129995792,153.61446967928416,1.9305015698663655,1.9365998796982338
8,power,0.75,both,0.12541798081914485,0.002,1.0,168.48903827916075,168.5194184636236,1.4147878263646827,1.4178058911943612
8,power,1.0,both,0.16924795000762077,0.002,1.0,180.0,180.0,1.0,1.0
9,calibration,-1.0,unweighted,0.18279328036884623,0.002,1.0,180.0,180.0,1.0,1.0
9,calibration,0.0,both,0.04454939730552686,1.0,0.0,95.07640033306146,83.06046787544204,5.770388904456357,7.464406656179941
9,calibration,0.25,both,0.06792115739247409,0.944,0.0,121.33961152069948,120.10437648496975,3.1329056094100936,3.4370391345361515
9,calibration,0.5,both,0.09102098421335011,0.324,0.0,139.76767512344898,140.32745305232874,2.142465019499569,2.229012065619513
9,calibration,0.75,both,0.12098599018262776,0.002,1.0,158.19755942927873,158.98942968049423,1.548223632885324,1.5669875681766665
9,calibration,1.0,both,0.1827932803688462,0.002,1.0,180.0,180.0,1.0,1.0
9,power,-1.0,unweighted,0.20828031550068588,0.002,1.0,180.0,180.0,1.0,1.0
9,power,0.0,both,0.06272558332039876,0.964,0.0,95.07640033306146,83.06046787544204,5.770388904456357,7.464406656179941
9,power,0.25,both,0.0919263262039062,0.324,0.0,121.33961152069948,120.10437648496975,3.1329056094100936,3.4370391345361515
9,power,0.5,both,0.11830031151562134,0.004,1.0,139.76767512344898,140.32745305232874,2.142465019499569,2.229012065619513
9,power,0.75,both,0.14968514678377337,0.002,1.0,158.19755942927873,158.98942968049423,1.548223632885324,1.5669875681766665
9,power,1.0,both,0.20828031550068588,0.002,1.0,180.0,180.0,1.0,1.0
10,calibration,-1.0,unweighted,0.1689704980185947,0.002,1.0,180.0,180.0,1.0,1.0
10,calibration,0.0,both,0.04172931243446551,1.0,0.0,99.16573018774854,111.71695023081718,5.104149830897512,4.962398003521528
10,calibration,0.25,both,0.06138033566063746,0.992,0.0,127.27588083269342,133.33741879011697,2.8967222788690994,2.848226552854759
10,calibration,0.5,both,0.08301718948394829,0.598,0.0,145.8492341075946,148.96115374193494,2.014291592252252,1.9838050456103176
10,calibration,0.75,both,0.11236204307750347,0.01,1.0,163.63207551188302,164.5802768763634,1.4746385671130635,1.4581662883460855
10,calibration,1.0,both,0.1689704980185947,0.002,1.0,180.0,180.0,1.0,1.0
10,power,-1.0,unweighted,0.19166175221002893,0.002,1.0,180.0,180.0,1.0,1.0
10,power,0.0,both,0.05773633849104895,0.996,0.0,99.16573018774854,111.71695023081718,5.104149830897512,4.962398003521528
10,power,0.25,both,0.08183024431139414,0.636,0.0,127.27588083269342,133.33741879011697,2.8967222788690994,2.848226552854759
10,power,0.5,both,0.10629083517927965,0.056,0.0,145.8492341075946,148.96115374193494,2.014291592252252,1.9838050456103176
10,power,0.75,both,0.13702418153934376,0.002,1.0,163.63207551188302,164.5802768763634,1.4746385671130635,1.4581662883460855
10,power,1.0,both,0.19166175221002893,0.002,1.0,180.0,180.0,1.0,1.0
11,calibration,-1.0,unweighted,0.14696365169181527,0.002,1.0,180.0,180.0,1.0,1.0
11,calibration,0.0,both,0.045718615199879624,1.0,0.0,126.07383432326819,119.61966482565956,3.486900399501429,3.638325218091271
11,calibration,0.25,both,0.06233707097118907,0.988,0.0,143.27380586341735,140.98662132664134,2.350868257423756,2.4085223760787295
11,calibration,0.5,both,0.08087436451065928,0.662,0.0,157.07190645516104,156.09641211954715,1.7564865594826053,1.7818044040542549
11,calibration,0.75,both,0.10515973405740428,0.038,1.0,170.10603725488448,169.5431651191922,1.3531813121254845,1.3637400873554382
11,calibration,1.0,both,0.14696365169181527,0.002,1.0,180.0,180.0,1.0,1.0
11,power,-1.0,unweighted,0.1705015717878372,0.002,1.0,180.0,180.0,1.0,1.0
11,power,0.0,both,0.062274290555482226,0.986,0.0,126.07383432326819,119.61966482565956,3.486900399501429,3.638325218091271
11,power,0.25,both,0.08239627977485356,0.6,0.0,143.27380586341735,140.98662132664134,2.350868257423756,2.4085223760787295
11,power,0.5,both,0.10338493668093304,0.06,0.0,157.07190645516104,156.09641211954715,1.7564865594826053,1.7818044040542549
11,power,0.75,both,0.12906049278550252,0.002,1.0,170.10603725488448,169.5431651191922,1.3531813121254845,1.3637400873554382
11,power,1.0,both,0.1705015717878372,0.002,1.0,180.0,180.0,1.0,1.0
12,calibration,-1.0,unweighted,0.17922496665904586,0.002,1.0,180.0,180.0,1.0,1.0
12,calibration,0.0,both,0.04137013963826889,1.0,0.0,93.20729188883554,91.19722141742712,6.707830360179631,5.97922758726457
12,calibration,0.25,both,0.06232671776545448,0.986,0.0,120.6850544848474,120.45411192671281,3.302937533784046,3.1871915637644146
12,calibration,0.5,both,0.08434855122541463,0.562,0.0,138.82416950520883,140.04289765674702,2.1969133299345143,2.1606186094119804
12,calibration,0.75,both,0.11462548616802884,0.01,1.0,157.98255168099567,159.22595627603692,1.5662009983290544,1.5498368932004447
12,calibration,1.0,both,0.17922496665904586,0.002,1.0,180.0,180.0,1.0,1.0
12,power,-1.0,unweighted,0.20091573502514862,0.002,1.0,180.0,180.0,1.0,1.0
12,power,0.0,both,0.055903500814496326,0.994,0.0,93.20729188883554,91.19722141742712,6.707830360179631,5.97922758726457
12,power,0.25,both,0.081398924048977,0.638,0.0,120.6850544848474,120.45411192671281,3.302937533784046,3.1871915637644146
12,power,0.5,both,0.10613453583476759,0.036,1.0,138.82416950520883,140.04289765674702,2.1969133299345143,2.1606186094119804
12,power,0.75,both,0.137703709016089,0.002,1.0,157.98255168099567,159.22595627603692,1.5662009983290544,1.5498368932004447
12,power,1.0,both,0.2009157350251486,0.002,1.0,180.0,180.0,1.0,1.0
13,calibration,-1.0,unweighted,0.16051929679164761,0.002,1.0,180.0,180.0,1.0,1.0
13,calibration,0.0,both,0.03873859376599638,1.0,0.0,108.87533998860387,101.94659529069921,4.214059883816646,4.652511230795611
13,calibration,0.25,both,0.05511763372580099,1.0,0.0,128.14859872732458,126.10929590872247,2.6900649772482295,2.8202570707306442
13,calibration,0.5,both,0.07436046218659198,0.856,0.0,144.28725591933204,143.9939719220187,1.9607709987349347,2.0076752650191394
13,calibration,0.75,both,0.10213191195065568,0.066,0.0,161.92246221584358,161.79048244828894,1.4717177594417332,1.485633908048259
13,calibration,1.0,both,0.16051929679164761,0.002,1.0,180.0,180.0,1.0,1.0
13,power,-1.0,unweighted,0.18216901958542903,0.002,1.0,180.0,180.0,1.0,1.0
13,power,0.0,both,0.05405576966683648,0.998,0.0,108.87533998860387,101.94659529069921,4.214059883816646,4.652511230795611
13,power,0.25,both,0.07427332031051427,0.854,0.0,128.14859872732458,126.10929590872247,2.6900649772482295,2.8202570707306442
13,power,0.5,both,0.09623573374356872,0.172,0.0,144.28725591933204,143.9939719220187,1.9607709987349347,2.0076752650191394
13,power,0.75,both,0.1255985733512669,0.002,1.0,161.92246221584358,161.79048244828894,1.4717177594417332,1.485633908048259
13,power,1.0,both,0.18216901958542903,0.002,1.0,180.0,180.0,1.0,1.0
14,calibration,-1.0,unweighted,0.16128349241731443,0.002,1.0,180.0,180.0,1.0,1.0
14,calibration,0.0,both,0.03732692747879846,1.0,0.0,96.48914739646584,86.13882630826102,5.3953958422944,7.649205856638106
14,calibration,0.25,both,0.05524778889136028,0.992,0.0,122.12180348835035,124.99424371575238,3.0162898739844337,3.4210331012589603
14,calibration,0.5,both,0.07517630634404807,0.79,0.0,140.77926175724846,144.6821146984314,2.0912380188834234,2.1927733834766814
14,calibration,0.75,both,0.10332366733757721,0.052,0.0,159.91207073336895,162.6625956597006,1.523210943545515,1.5338109413660113
14,calibration,1.0,both,0.16128349241731443,0.002,1.0,180.0,180.0,1.0,1.0
14,power,-1.0,unweighted,0.18368444501600364,0.002,1.0,180.0,180.0,1.0,1.0
14,power,0.0,both,0.052302975807722814,0.988,0.0,96.48914739646584,86.13882630826102,5.3953958422944,7.649205856638106
14,power,0.25,both,0.07450676112863633,0.814,0.0,122.12180348835035,124.99424371575238,3.0162898739844337,3.4210331012589603
14,power,0.5,both,0.09738847652813556,0.138,0.0,140.77926175724846,144.6821146984314,2.0912380188834234,2.1927733834766814
14,power,0.75,both,0.1273892700024693,0.002,1.0,159.91207073336895,162.6625956597006,1.523210943545515,1.5338109413660113
14,power,1.0,both,0.18368444501600364,0.002,1.0,180.0,180.0,1.0,1.0
15,calibration,-1.0,unweighted,0.1763766813366865,0.002,1.0,180.0,180.0,1.0,1.0
15,calibration,0.0,both,0.03432001832141129,1.0,0.0,86.39730220124336,84.74725720223765,6.918365507701832,7.629764771036268
15,calibration,0.25,both,0.05577308236882321,0.996,0.0,116.63395785402946,119.69153243135833,3.3717672622091373,3.4874324015785327
15,calibration,0.5,both,0.07893140516961727,0.696,0.0,137.0952180794391,139.40701536325307,2.23476668822265,2.255354403242181
15,calibration,0.75,both,0.11077700442501645,0.014,1.0,157.44204373043905,158.69333783089473,1.5831960001966443,1.5799829983140319
15,calibration,1.0,both,0.1763766813366865,0.002,1.0,180.0,180.0,1.0,1.0
15,power,-1.0,unweighted,0.19718916704770614,0.002,1.0,180.0,180.0,1.0,1.0
15,power,0.0,both,0.04654451614306327,1.0,0.0,86.39730220124336,84.74725720223765,6.918365507701832,7.629764771036268
15,power,0.25,both,0.07317866528137318,0.86,0.0,116.63395785402946,119.69153243135833,3.3717672622091373,3.4874324015785327
15,power,0.5,both,0.0997898515014683,0.078,0.0,137.0952180794391,139.40701536325307,2.23476668822265,2.255354403242181
15,power,0.75,both,0.13369332947675386,0.002,1.0,157.44204373043905,158.69333783089473,1.5831960001966443,1.5799829983140319
15,power,1.0,both,0.19718916704770614,0.002,1.0,180.0,180.0,1.0,1.0
16,calibration,-1.0,unweighted,0.1614425449626581,0.002,1.0,180.0,180.0,1.0,1.0
16,calibration,0.0,both,0.032924655722778265,1.0,0.0,99.96886660690588,87.3961162265013,4.2383101956800395,8.922736051265433
16,calibration,0.25,both,0.05045900683977546,1.0,0.0,123.24621059308195,121.39018452962681,2.7488366392443147,3.5829843260416223
16,calibration,0.5,both,0.07055730174145644,0.91,0.0,140.86475033296594,140.8815017004826,2.008786286461676,2.2588007158055508
16,calibration,0.75,both,0.0991302030543206,0.108,0.0,158.75768059312546,160.07025666587504,1.5055395230476756,1.5685937089054356
16,calibration,1.0,both,0.1614425449626581,0.002,1.0,180.0,180.0,1.0,1.0
16,power,-1.0,unweighted,0.18455822759487883,0.002,1.0,180.0,180.0,1.0,1.0
16,power,0.0,both,0.04647985939301916,1.0,0.0,99.96886660690588,87.3961162265013,4.2383101956800395,8.922736051265433
16,power,0.25,both,0.06873171462615889,0.912,0.0,123.24621059308195,121.39018452962681,2.7488366392443147,3.5829843260416223
16,power,0.5,both,0.09221022106349087,0.274,0.0,140.86475033296594,140.8815017004826,2.008786286461676,2.2588007158055508
16,power,0.75,both,0.12295105431313474,0.002,1.0,158.75768059312546,160.07025666587504,1.5055395230476756,1.5685937089054356
16,power,1.0,both,0.18455822759487883,0.002,1.0,180.0,180.0,1.0,1.0
17,calibration,-1.0,unweighted,0.15762539151806126,0.002,1.0,180.0,180.0,1.0,1.0
17,calibration,0.0,both,0.03808267144243768,1.0,0.0,102.7268854864126,112.30413642192315,5.461865466964621,4.0111534968834315
17,calibration,0.25,both,0.05674009318226783,0.992,0.0,130.31347182059045,133.6475914957075,2.942172073909502,2.584271157288856
17,calibration,0.5,both,0.07795077046087752,0.74,0.0,149.21254712466222,150.53851892078936,2.007285132845667,1.8848541581851896
17,calibration,0.75,both,0.10672763081938749,0.026,1.0,166.39706614386228,166.72535162168347,1.455513299825108,1.418147472297616
17,calibration,1.0,both,0.15762539151806126,0.002,1.0,180.0,180.0,1.0,1.0
17,power,-1.0,unweighted,0.17870475918305137,0.002,1.0,180.0,180.0,1.0,1.0
17,power,0.0,both,0.04988285939397813,0.994,0.0,102.7268854864126,112.30413642192315,5.461865466964621,4.0111534968834315
17,power,0.25,both,0.07263434471257552,0.846,0.0,130.31347182059045,133.6475914957075,2.942172073909502,2.584271157288856
17,power,0.5,both,0.09682538260652476,0.134,0.0,149.21254712466222,150.53851892078936,2.007285132845667,1.8848541581851896
17,power,0.75,both,0.12755450784711742,0.002,1.0,166.39706614386228,166.72535162168347,1.455513299825108,1.418147472297616
17,power,1.0,both,0.17870475918305134,0.002,1.0,180.0,180.0,1.0,1.0
18,calibration,-1.0,unweighted,0.18846048430117363,0.002,1.0,180.0,180.0,1.0,1.0
18,calibration,0.0,both,0.03434662825650173,1.0,0.0,78.025507807596,80.1893423685884,7.580424521017304,8.128994712571892
18,calibration,0.25,both,0.05878948358513781,0.984,0.0,110.87706816593472,114.22218958077254,3.5758262488837507,3.6550585250272665
18,calibration,0.5,both,0.0834878627691032,0.546,0.0,131.77622856306402,134.1394139182647,2.3455608170720508,2.3539716148285565
18,calibration,0.75,both,0.11583940132784087,0.008,1.0,152.08586494890528,153.62532377074098,1.6500446084610383,1.6418665581659013
18,calibration,1.0,both,0.18846048430117363,0.002,1.0,180.0,180.0,1.0,1.0
18,power,-1.0,unweighted,0.2113850984987045,0.002,1.0,180.0,180.0,1.0,1.0
18,power,0.0,both,0.04964778371381669,0.994,0.0,78.025507807596,80.1893423685884,7.580424521017304,8.128994712571892
18,power,0.25,both,0.08066055805011071,0.634,0.0,110.87706816593472,114.22218958077254,3.5758262488837507,3.6550585250272665
18,power,0.5,both,0.10913430698199711,0.022,1.0,131.77622856306402,134.1394139182647,2.3455608170720508,2.3539716148285565
18,power,0.75,both,0.14323136277311488,0.002,1.0,152.08586494890528,153.62532377074098,1.6500446084610383,1.6418665581659013
18,power,1.0,both,0.2113850984987045,0.002,1.0,180.0,180.0,1.0,1.0
19,calibration,-1.0,unweighted,0.18428635021338213,0.002,1.0,180.0,180.0,1.0,1.0
19,calibration,0.0,both,0.0469213371436803,1.0,0.0,97.85635447520615,99.23075464292523,5.662310328117244,4.810404356832834
19,calibration,0.25,both,0.0688715520234982,0.918,0.0,122.36889213688193,122.40980380073518,3.0940440621246057,2.9041936061458737
19,calibration,0.5,both,0.09221030069604058,0.244,0.0,140.23620328215407,140.5024263000851,2.1243399350606404,2.064224019850539
19,calibration,0.75,both,0.12312372564640592,0.002,1.0,158.86621222240407,159.42077552872374,1.5393974118911908,1.5206276420011546
19,calibration,1.0,both,0.18428635021338213,0.002,1.0,180.0,180.0,1.0,1.0
19,power,-1.0,unweighted,0.20736904054260025,0.002,1.0,180.0,180.0,1.0,1.0
19,power,0.0,both,0.06416690803525699,0.942,0.0,97.85635447520615,99.23075464292523,5.662310328117244,4.810404356832834
19,power,0.25,both,0.09020969766920237,0.336,0.0,122.36889213688193,122.40980380073518,3.0940440621246057,2.9041936061458737
19,power,0.5,both,0.11602940630519999,0.008,1.0,140.23620328215407,140.5024263000851,2.1243399350606404,2.064224019850539
19,power,0.75,both,0.1480000310411268,0.002,1.0,158.86621222240407,159.42077552872374,1.5393974118911908,1.5206276420011546
19,power,1.0,both,0.20736904054260025,0.002,1.0,180.0,180.0,1.0,1.0
20,calibration,-1.0,unweighted,0.16457366064624296,0.002,1.0,180.0,180.0,1.0,1.0
20,calibration,0.0,both,0.03375593831951071,1.0,0.0,97.9348120370524,106.00254495308793,4.732201060810615,4.559067533155933
20,calibration,0.25,both,0.05155769648463718,1.0,0.0,123.88872496645067,129.36665549506208,2.847337753213917,2.788313880129235
20,calibration,0.5,both,0.0726317015949447,0.862,0.0,143.13770695408715,145.64197743817573,2.0219511737929747,1.988282402151471
20,calibration,0.75,both,0.102729023026779,0.056,0.0,162.14655901025182,162.2820811137174,1.4900171440670325,1.4758348045427938
20,calibration,1.0,both,0.16457366064624296,0.002,1.0,180.0,180.0,1.0,1.0
20,power,-1.0,unweighted,0.18480253010211856,0.002,1.0,180.0,180.0,1.0,1.0
20,power,0.0,both,0.04485276109659077,1.0,0.0,97.9348120370524,106.00254495308793,4.732201060810615,4.559067533155933
20,power,0.25,both,0.06691948328118026,0.948,0.0,123.88872496645067,129.36665549506208,2.847337753213917,2.788313880129235
20,power,0.5,both,0.09113945707348392,0.258,0.0,143.13770695408715,145.64197743817573,2.0219511737929747,1.988282402151471
20,power,0.75,both,0.12327540372378724,0.002,1.0,162.14655901025182,162.2820811137174,1.4900171440670325,1.4758348045427938
20,power,1.0,both,0.18480253010211856,0.002,1.0,180.0,180.0,1.0,1.0
21,calibration,-1.0,unweighted,0.17091079865874106,0.002,1.0,180.0,180.0,1.0,1.0
21,calibration,0.0,both,0.043249727225575456,1.0,0.0,101.27432596144097,107.36582595723061,6.2929903534524545,4.901271961767379
21,calibration,0.25,both,0.0642152314978105,0.964,0.0,128.09703632471775,129.9178978141064,3.1304149877905116,2.8489337170795475
21,calibration,0.5,both,0.08674177277804326,0.434,0.0,146.00733468256394,146.86240231811888,2.086416377585926,1.996864949663049
21,calibration,0.75,both,0.11639420694978729,0.008,1.0,163.43134459864038,163.7658009391618,1.495713869616958,1.4688780605293055
21,calibration,1.0,both,0.17091079865874104,0.002,1.0,180.0,180.0,1.0,1.0
21,power,-1.0,unweighted,0.19139981329065692,0.002,1.0,180.0,180.0,1.0,1.0
21,power,0.0,both,0.056935994117645154,0.986,0.0,101.27432596144097,107.36582595723061,6.2929903534524545,4.901271961767379
21,power,0.25,both,0.08211605910353573,0.6,0.0,128.09703632471775,129.9178978141064,3.1304149877905116,2.8489337170795475
21,power,0.5,both,0.10744389886926922,0.024,1.0,146.00733468256394,146.86240231811888,2.086416377585926,1.996864949663049
21,power,0.75,both,0.1385935029451143,0.002,1.0,163.43134459864038,163.7658009391618,1.495713869616958,1.4688780605293055
21,power,1.0,both,0.19139981329065692,0.002,1.0,180.0,180.0,1.0,1.0
22,calibration,-1.0,unweighted,0.15796966258954426,0.002,1.0,180.0,180.0,1.0,1.0
22,calibration,0.0,both,0.042883122278257454,1.0,0.0,117.5773466083539,109.4833510288633,3.4527039591799156,4.805550802800513
22,calibration,0.25,both,0.06040205708816187,0.99,0.0,136.19267713049854,133.9508067739132,2.3906858974590532,2.775078623178511
22,calibration,0.5,both,0.08062134668957054,0.654,0.0,151.7559182554796,150.56508470692557,1.8053331376508241,1.9420780510501545
22,calibration,0.75,both,0.10813094251598418,0.022,1.0,167.02890201128045,166.26068359797904,1.3900577983135884,1.434032324885065
22,calibration,1.0,both,0.15796966258954426,0.002,1.0,180.0,180.0,1.0,1.0
22,power,-1.0,unweighted,0.181181136640756,0.002,1.0,180.0,180.0,1.0,1.0
22,power,0.0,both,0.05988389997804147,0.984,0.0,117.5773466083539,109.4833510288633,3.4527039591799156,4.805550802800513
22,power,0.25,both,0.0812639645598057,0.644,0.0,136.19267713049854,133.9508067739132,2.3906858974590532,2.775078623178511
22,power,0.5,both,0.104141555214846,0.068,0.0,151.7559182554796,150.56508470692557,1.8053331376508241,1.9420780510501545
22,power,0.75,both,0.13305003490451645,0.002,1.0,167.02890201128045,166.26068359797904,1.3900577983135884,1.434032324885065
22,power,1.0,both,0.181181136640756,0.002,1.0,180.0,180.0,1.0,1.0
23,calibration,-1.0,unweighted,0.17990691586648377,0.002,1.0,180.0,180.0,1.0,1.0
23,calibration,0.0,both,0.04360664730473682,1.0,0.0,109.38831865949294,83.75232751269567,3.584482693596856,7.339826119552948
23,calibration,0.25,both,0.063723361196775,0.964,0.0,127.6580255885953,117.14961590019901,2.5298446798519643,3.3991706070603422
23,calibration,0.5,both,0.08592386354106962,0.53,0.0,142.8802145889887,137.2658290048024,1.9212246861891342,2.2304930684727307
23,calibration,0.75,both,0.11638160846836496,0.006,1.0,159.03507174329337,157.24781097462258,1.4759842002479182,1.57917997629422
23,calibration,1.0,both,0.17990691586648377,0.002,1.0,180.0,180.0,1.0,1.0
23,power,-1.0,unweighted,0.20230742931717727,0.002,1.0,180.0,180.0,1.0,1.0
23,power,0.0,both,0.060569030996138626,0.966,0.0,109.38831865949294,83.75232751269567,3.584482693596856,7.339826119552948
23,power,0.25,both,0.08488223541722784,0.548,0.0,127.6580255885953,117.14961590019901,2.5298446798519643,3.3991706070603422
23,power,0.5,both,0.10974215502310217,0.026,1.0,142.8802145889887,137.2658290048024,1.9212246861891342,2.2304930684727307
23,power,0.75,both,0.14143771447552894,0.002,1.0,159.03507174329337,157.24781097462258,1.4759842002479182,1.57917997629422
23,power,1.0,both,0.20230742931717727,0.002,1.0,180.0,180.0,1.0,1.0
24,calibration,-1.0,unweighted,0.17745350651577502,0.002,1.0,180.0,180.0,1.0,1.0
24,calibration,0.0,both,0.055429964978609546,1.0,0.0,112.91542278084947,106.50370134189842,3.561012358801941,3.8638078201180766
24,calibration,0.25,both,0.07422482091011258,0.808,0.0,131.0158218531867,128.06172722282503,2.4715048435764237,2.5808950836137052
24,calibration,0.5,both,0.0949616625395901,0.198,0.0,146.34076011753586,144.80175230269478,1.8692302757310586,1.916361800941988
24,calibration,0.75,both,0.12264011118289012,0.004,1.0,162.846291144428,161.64010188410762,1.4364008090306797,1.4564254077605885
24,calibration,1.0,both,0.17745350651577502,0.002,1.0,180.0,180.0,1.0,1.0
24,power,-1.0,unweighted,0.2026174744703551,0.002,1.0,180.0,180.0,1.0,1.0
24,power,0.0,both,0.0770975192993414,0.742,0.0,112.91542278084947,106.50370134189842,3.561012358801941,3.8638078201180766
24,power,0.25,both,0.0997211056681241,0.13,0.0,131.0158218531867,128.06172722282503,2.4715048435764237,2.5808950836137052
24,power,0.5,both,0.12286855424043874,0.006,1.0,146.34076011753586,144.80175230269478,1.8692302757310586,1.916361800941988
24,power,0.75,both,0.15141395223859924,0.002,1.0,162.846291144428,161.64010188410762,1.4364008090306797,1.4564254077605885
24,power,1.0,both,0.2026174744703551,0.002,1.0,180.0,180.0,1.0,1.0
25,calibration,-1.0,unweighted,0.16380261488340192,0.002,1.0,180.0,180.0,1.0,1.0
25,calibration,0.0,both,0.042850292890053064,1.0,0.0,115.17999161611834,110.37488560202573,3.7898919422143873,4.892773434676572
25,calibration,0.25,both,0.060484066244839076,0.996,0.0,134.17857370697254,130.78838646207717,2.5220281805479505,2.8165899319724845
25,calibration,0.5,both,0.08119598452899354,0.634,0.0,149.6869118955248,146.84735681222114,1.8678488458078355,1.9778758909259957
25,calibration,0.75,both,0.10974984209320948,0.016,1.0,165.07135698470353,163.8475482656413,1.4205774956622719,1.461074134616485
25,calibration,1.0,both,0.16380261488340192,0.002,1.0,180.0,180.0,1.0,1.0
25,power,-1.0,unweighted,0.18593722469897883,0.002,1.0,180.0,180.0,1.0,1.0
25,power,0.0,both,0.05815629135782248,0.996,0.0,115.17999161611834,110.37488560202573,3.7898919422143873,4.892773434676572
25,power,0.25,both,0.07934276034304813,0.68,0.0,134.17857370697254,130.78838646207717,2.5220281805479505,2.8165899319724845
25,power,0.5,both,0.10264220317740597,0.072,0.0,149.6869118955248,146.84735681222114,1.8678488458078355,1.9778758909259957
25,power,0.75,both,0.13268886565155485,0.002,1.0,165.07135698470353,163.8475482656413,1.4205774956622719,1.461074134616485
25,power,1.0,both,0.1859372246989788,0.002,1.0,180.0,180.0,1.0,1.0
26,calibration,-1.0,unweighted,0.15172680707971345,0.002,1.0,180.0,180.0,1.0,1.0
26,calibration,0.0,both,0.037680772477587984,1.0,0.0,107.2409122547692,121.1241252830695,4.630934332968881,4.134229317339533
26,calibration,0.25,both,0.0552420058713292,0.998,0.0,130.98841752157367,139.4419917366994,2.7375338001584435,2.5940054341961605
26,calibration,0.5,both,0.07504529259154995,0.826,0.0,148.35928526502232,153.5251178086486,1.9396727991596303,1.8704922015968037
26,calibration,0.75,both,0.10189790653568806,0.066,0.0,165.21795260470535,167.43359691088938,1.4403740210146203,1.4059054667655346
26,calibration,1.0,both,0.15172680707971345,0.002,1.0,180.0,180.0,1.0,1.0
26,power,-1.0,unweighted,0.17505564700502974,0.002,1.0,180.0,180.0,1.0,1.0
26,power,0.0,both,0.05158937213542542,1.0,0.0,107.2409122547692,121.1241252830695,4.630934332968881,4.134229317339533
26,power,0.25,both,0.07365244946976558,0.86,0.0,130.98841752157367,139.4419917366994,2.7375338001584435,2.5940054341961605
26,power,0.5,both,0.09675953811443636,0.156,0.0,148.35928526502232,153.5251178086486,1.9396727991596303,1.8704922015968037
26,power,0.75,both,0.1257912107042721,0.002,1.0,165.21795260470535,167.43359691088938,1.4403740210146203,1.4059054667655346
26,power,1.0,both,0.17505564700502974,0.002,1.0,180.0,180.0,1.0,1.0
27,calibration,-1.0,unweighted,0.15312432651272673,0.002,1.0,180.0,180.0,1.0,1.0
27,calibration,0.0,both,0.042229470311494016,1.0,0.0,113.64957415454437,117.21567966811945,5.259753472127394,3.5242042868925356
27,calibration,0.25,both,0.05939581323944626,0.99,0.0,135.73388522799456,137.2044043334511,2.854859622563153,2.406769582898537
27,calibration,0.5,both,0.07878366437666509,0.7,0.0,151.8685952742708,152.72150299171204,1.9576638280855843,1.8046658157555662
27,calibration,0.75,both,0.10511714417224867,0.024,1.0,167.27042658482898,167.50202502642753,1.431873783650658,1.3858125953578058
27,calibration,1.0,both,0.15312432651272673,0.002,1.0,180.0,180.0,1.0,1.0
27,power,-1.0,unweighted,0.17473687033226643,0.002,1.0,180.0,180.0,1.0,1.0
27,power,0.0,both,0.05694212529580235,0.988,0.0,113.64957415454437,117.21567966811945,5.259753472127394,3.5242042868925356
27,power,0.25,both,0.07771387736822484,0.724,0.0,135.73388522799456,137.2044043334511,2.854859622563153,2.406769582898537
27,power,0.5,both,0.09961365926961106,0.098,0.0,151.8685952742708,152.72150299171204,1.9576638280855843,1.8046658157555662
27,power,0.75,both,0.1273878166870474,0.002,1.0,167.27042658482898,167.50202502642753,1.431873783650658,1.3858125953578058
27,power,1.0,both,0.17473687033226643,0.002,1.0,180.0,180.0,1.0,1.0
28,calibration,-1.0,unweighted,0.1673804460067063,0.002,1.0,180.0,180.0,1.0,1.0
28,calibration,0.0,both,0.04856836444044975,1.0,0.0,109.44050755314028,108.05038318264714,4.545838739472532,5.232017253527119
28,calibration,0.25,both,0.06853591801214881,0.926,0.0,134.1383500248501,133.41179405606823,2.7256133946388785,2.880271939572708
28,calibration,0.5,both,0.08979870367227177,0.326,0.0,150.82344692945992,149.8345397527354,1.9289812062866063,1.9805786857520218
28,calibration,0.75,both,0.11723676571475125,0.004,1.0,166.2918296818357,165.0148304595117,1.430949244453171,1.4505893372362386
28,calibration,1.0,both,0.1673804460067063,0.002,1.0,180.0,180.0,1.0,1.0
28,power,-1.0,unweighted,0.19329106843468985,0.002,1.0,180.0,180.0,1.0,1.0
28,power,0.0,both,0.06851500848170664,0.914,0.0,109.44050755314028,108.05038318264714,4.545838739472532,5.232017253527119
28,power,0.25,both,0.09285967053244802,0.276,0.0,134.1383500248501,133.41179405606823,2.7256133946388785,2.880271939572708
28,power,0.5,both,0.11690598098318708,0.006,1.0,150.82344692945992,149.8345397527354,1.9289812062866063,1.9805786857520218
28,power,0.75,both,0.14558248791883108,0.002,1.0,166.2918296818357,165.0148304595117,1.430949244453171,1.4505893372362386
28,power,1.0,both,0.19329106843468985,0.002,1.0,180.0,180.0,1.0,1.0
29,calibration,-1.0,unweighted,0.15248903368388966,0.002,1.0,180.0,180.0,1.0,1.0
29,calibration,0.0,both,0.043970283046729106,1.0,0.0,118.34650398097641,116.08662775816457,3.590605552714749,4.312541826797076
29,calibration,0.25,both,0.061465181849899374,0.982,0.0,139.59582956610708,136.66828374635102,2.416088639221548,2.6215041648157156
29,calibration,0.5,both,0.0815155770651536,0.656,0.0,155.09441536341222,152.7188681850083,1.7957859945575956,1.8754925010379146
29,calibration,0.75,both,0.10810303969944282,0.02,1.0,168.86025095811232,168.26699071953664,1.3739415376048887,1.4029754157314003
29,calibration,1.0,both,0.15248903368388966,0.002,1.0,180.0,180.0,1.0,1.0
29,power,-1.0,unweighted,0.17008094135802468,0.002,1.0,180.0,180.0,1.0,1.0
29,power,0.0,both,0.05551164529220041,0.994,0.0,118.34650398097641,116.08662775816457,3.590605552714749,4.312541826797076
29,power,0.25,both,0.07579928368544861,0.814,0.0,139.59582956610708,136.66828374635102,2.416088639221548,2.6215041648157156
29,power,0.5,both,0.09785854987126047,0.138,0.0,155.09441536341222,152.7188681850083,1.7957859945575956,1.8754925010379146
29,power,0.75,both,0.12564659773556697,0.002,1.0,168.86025095811232,168.26699071953664,1.3739415376048887,1.4029754157314003
29,power,1.0,both,0.17008094135802468,0.002,1.0,180.0,180.0,1.0,1.0
30,calibration,-1.0,unweighted,0.1652641622847127,0.002,1.0,180.0,180.0,1.0,1.0
30,calibration,0.0,both,0.04463422458164071,1.0,0.0,107.63045516339578,109.64151978662615,4.87797596888508,4.650668759524713
30,calibration,0.25,both,0.06261643790783548,0.98,0.0,129.40237704487927,131.8954862287189,2.8315101432481034,2.777176226685055
30,calibration,0.5,both,0.08282738690676147,0.588,0.0,146.18730114938057,148.0644770668062,1.990526897702409,1.9651446752374473
30,calibration,0.75,both,0.11067568338802108,0.016,1.0,163.57022900548472,164.25865793191286,1.46801673841947,1.4554686042913996
30,calibration,1.0,both,0.1652641622847127,0.002,1.0,180.0,180.0,1.0,1.0
30,power,-1.0,unweighted,0.18824779473403444,0.002,1.0,180.0,180.0,1.0,1.0
30,power,0.0,both,0.06141914427128767,0.982,0.0,107.63045516339578,109.64151978662615,4.87797596888508,4.650668759524713
30,power,0.25,both,0.08328220883723564,0.59,0.0,129.40237704487927,131.8954862287189,2.8315101432481034,2.777176226685055
30,power,0.5,both,0.10600411699794302,0.05,0.0,146.18730114938057,148.0644770668062,1.990526897702409,1.9651446752374473
30,power,0.75,both,0.13509367962318683,0.002,1.0,163.57022900548472,164.25865793191286,1.46801673841947,1.4554686042913996
30,power,1.0,both,0.1882477947340344,0.002,1.0,180.0,180.0,1.0,1.0
31,calibration,-1.0,unweighted,0.15397369779759185,0.002,1.0,180.0,180.0,1.0,1.0
31,calibration,0.0,both,0.04368720557790218,1.0,0.0,121.04135188331747,107.66951620747547,3.6328230925201805,4.675536585198731
31,calibration,0.25,both,0.06034539754658689,0.992,0.0,138.77522527478285,132.75470628650461,2.438539504916952,2.74239669062617
31,calibration,0.5,both,0.07974536360441675,0.664,0.0,153.08285840753817,150.3287434762556,1.8151176275022265,1.9320349059605635
31,calibration,0.75,both,0.1063956721759291,0.032,1.0,167.33935941299987,166.95740985729464,1.3896001043856518,1.4289629935751282
31,calibration,1.0,both,0.15397369779759185,0.002,1.0,180.0,180.0,1.0,1.0
31,power,-1.0,unweighted,0.17421244379667733,0.002,1.0,180.0,180.0,1.0,1.0
31,power,0.0,both,0.058111875026587156,0.998,0.0,121.04135188331747,107.66951620747547,3.6328230925201805,4.675536585198731
31,power,0.25,both,0.07795381515569556,0.728,0.0,138.77522527478285,132.75470628650461,2.438539504916952,2.74239669062617
31,power,0.5,both,0.09960876849117464,0.104,0.0,153.08285840753817,150.3287434762556,1.8151176275022265,1.9320349059605635
31,power,0.75,both,0.1275278712980559,0.002,1.0,167.33935941299987,166.95740985729464,1.3896001043856518,1.4289629935751282
31,power,1.0,both,0.17421244379667733,0.002,1.0,180.0,180.0,1.0,1.0
32,calibration,-1.0,unweighted,0.15315098689224205,0.002,1.0,180.0,180.0,1.0,1.0
32,calibration,0.0,both,0.03997481949537191,1.0,0.0,108.49753339420045,114.94382190572298,4.756785113146006,4.478466783784613
32,calibration,0.25,both,0.05785470419118083,0.998,0.0,133.4208800973838,135.5589952245715,2.773921434303502,2.695528116395041
32,calibration,0.5,both,0.07739381060573322,0.726,0.0,150.20129223837424,150.68742733689902,1.9455896239508825,1.9168438348180092
32,calibration,0.75,both,0.10350980469250885,0.058,0.0,165.47869494508546,165.97025691825917,1.4385237594289901,1.4286890990130312
32,calibration,1.0,both,0.15315098689224205,0.002,1.0,180.0,180.0,1.0,1.0
32,power,-1.0,unweighted,0.17700114692882182,0.002,1.0,180.0,180.0,1.0,1.0
32,power,0.0,both,0.05563412086739105,1.0,0.0,108.49753339420045,114.94382190572298,4.756785113146006,4.478466783784613
32,power,0.25,both,0.07807341434440589,0.716,0.0,133.4208800973838,135.5589952245715,2.773921434303502,2.695528116395041
32,power,0.5,both,0.1006125410370054,0.096,0.0,150.20129223837424,150.68742733689902,1.9455896239508825,1.9168438348180092
32,power,0.75,both,0.12835371696078293,0.002,1.0,165.47869494508546,165.97025691825917,1.4385237594289901,1.4286890990130312
32,power,1.0,both,0.17700114692882182,0.002,1.0,180.0,180.0,1.0,1.0
33,calibration,-1.0,unweighted,0.13585858196159123,0.002,1.0,180.0,180.0,1.0,1.0
33,calibration,0.0,both,0.039129066272839255,1.0,0.0,119.79412367220515,123.59390066372849,3.487496534121761,3.98870630662153
33,calibration,0.25,both,0.05290201735171617,1.0,0.0,138.6042563561923,143.39304669356196,2.3670230081286703,2.5117245058054416
33,calibration,0.5,both,0.06956333242827135,0.934,0.0,153.95263256932932,157.36493613221577,1.7767627909915704,1.8150666513773988
33,calibration,0.75,both,0.09308520845954898,0.212,0.0,168.63638702608486,170.11246225695518,1.368974800912977,1.3711107595994299
33,calibration,1.0,both,0.13585858196159123,0.002,1.0,180.0,180.0,1.0,1.0
33,power,-1.0,unweighted,0.15579186099679926,0.002,1.0,180.0,180.0,1.0,1.0
33,power,0.0,both,0.050997447509182225,1.0,0.0,119.79412367220515,123.59390066372849,3.487496534121761,3.98870630662153
33,power,0.25,both,0.06766136637967132,0.95,0.0,138.6042563561923,143.39304669356196,2.3670230081286703,2.5117245058054416
33,power,0.5,both,0.08673630643895919,0.46,0.0,153.95263256932932,157.36493613221577,1.7767627909915704,1.8150666513773988
33,power,0.75,both,0.11216368221205265,0.004,1.0,168.63638702608486,170.11246225695518,1.368974800912977,1.3711107595994299
33,power,1.0,both,0.15579186099679926,0.002,1.0,180.0,180.0,1.0,1.0
34,calibration,-1.0,unweighted,0.1822282616979119,0.002,1.0,180.0,180.0,1.0,1.0
34,calibration,0.0,both,0.03260038644123594,1.0,0.0,77.35013499193293,83.88099253738942,9.50058504902468,6.360937023654552
34,calibration,0.25,both,0.056137413454641336,0.996,0.0,112.4548573612072,113.00703223508732,3.7919847212014504,3.360843192047249
34,calibration,0.5,both,0.08005617151740738,0.684,0.0,132.84245965294778,133.99236416448892,2.3924793783252456,2.271284982765275
34,calibration,0.75,both,0.11237542835918538,0.008,1.0,154.1249331232862,155.10694975260324,1.651978720688139,1.6147505818876824
34,calibration,1.0,both,0.1822282616979119,0.002,1.0,180.0,180.0,1.0,1.0
34,power,-1.0,unweighted,0.20194948940710256,0.002,1.0,180.0,180.0,1.0,1.0
34,power,0.0,both,0.04398768513503512,1.0,0.0,77.35013499193293,83.88099253738942,9.50058504902468,6.360937023654552
34,power,0.25,both,0.07307503507465798,0.858,0.0,112.4548573612072,113.00703223508732,3.7919847212014504,3.360843192047249
34,power,0.5,both,0.10036248111735696,0.088,0.0,132.84245965294778,133.99236416448892,2.3924793783252456,2.271284982765275
34,power,0.75,both,0.13456465180468402,0.002,1.0,154.1249331232862,155.10694975260324,1.651978720688139,1.6147505818876824
34,power,1.0,both,0.20194948940710256,0.002,1.0,180.0,180.0,1.0,1.0
35,calibration,-1.0,unweighted,0.17684210771985975,0.002,1.0,180.0,180.0,1.0,1.0
35,calibration,0.0,both,0.044540324446279776,1.0,0.0,107.77397927313409,92.30023243059426,4.590902631511129,7.905009187462161
35,calibration,0.25,both,0.06446148102561683,0.96,0.0,128.69616159455256,122.86676042715196,2.8059824182737123,3.4119309972549594
35,calibration,0.5,both,0.08635770759772082,0.47,0.0,144.75205129043948,141.53022979912194,2.001842783672538,2.1974457422049634
35,calibration,0.75,both,0.11640010313368981,0.004,1.0,161.27466248242575,160.5055970937112,1.4856821612534141,1.5469031144204517
35,calibration,1.0,both,0.17684210771985975,0.002,1.0,180.0,180.0,1.0,1.0
35,power,-1.0,unweighted,0.19826214277549153,0.002,1.0,180.0,180.0,1.0,1.0
35,power,0.0,both,0.059890293479019086,0.976,0.0,107.77397927313409,92.30023243059426,4.590902631511129,7.905009187462161
35,power,0.25,both,0.08390736300269823,0.538,0.0,128.69616159455256,122.86676042715196,2.8059824182737123,3.4119309972549594
35,power,0.5,both,0.10827627090355735,0.036,1.0,144.75205129043948,141.53022979912194,2.001842783672538,2.1974457422049634
35,power,0.75,both,0.13929613198105087,0.002,1.0,161.27466248242575,160.5055970937112,1.4856821612534141,1.5469031144204517
35,power,1.0,both,0.19826214277549153,0.002,1.0,180.0,180.0,1.0,1.0
36,calibration,-1.0,unweighted,0.15358775720164608,0.002,1.0,180.0,180.0,1.0,1.0
36,calibration,0.0,both,0.037373151246346444,1.0,0.0,115.98087390347779,103.4447956292554,3.398725478059411,4.459190271059798
36,calibration,0.25,both,0.05395795345683421,0.998,0.0,134.77245469990146,128.16844222979114,2.394178483491893,2.7296513239901725
36,calibration,0.5,both,0.07360320733464465,0.836,0.0,150.2187059298833,146.48048665242,1.819428550547994,1.9548702072878015
36,calibration,0.75,both,0.10111445693025262,0.078,0.0,165.6179341680734,164.2600175390753,1.4037801643344585,1.453844247096162
36,calibration,1.0,both,0.15358775720164608,0.002,1.0,180.0,180.0,1.0,1.0
36,power,-1.0,unweighted,0.17385551078341716,0.002,1.0,180.0,180.0,1.0,1.0
36,power,0.0,both,0.050252783622440456,0.998,0.0,115.98087390347779,103.4447956292554,3.398725478059411,4.459190271059798
36,power,0.25,both,0.07037612315783467,0.884,0.0,134.77245469990146,128.16844222979114,2.394178483491893,2.7296513239901725
36,power,0.5,both,0.09274137111954199,0.24,0.0,150.2187059298833,146.48048665242,1.819428550547994,1.9548702072878015
36,power,0.75,both,0.12208885951377164,0.004,1.0,165.6179341680734,164.2600175390753,1.4037801643344585,1.453844247096162
36,power,1.0,both,0.17385551078341716,0.002,1.0,180.0,180.0,1.0,1.0
37,calibration,-1.0,unweighted,0.17338598536808414,0.002,1.0,180.0,180.0,1.0,1.0
37,calibration,0.0,both,0.040112851853817834,1.0,0.0,100.4935182439567,93.53642117404844,5.062011612861476,5.8266866227921215
37,calibration,0.25,both,0.061458322747604294,0.984,0.0,127.13062525053121,122.14678115354909,2.9406420040257655,3.099277221833575
37,calibration,0.5,both,0.08437088323702766,0.544,0.0,145.420746493092,140.9088547823035,2.046877261423832,2.113556855708167
37,calibration,0.75,both,0.11458516479313195,0.004,1.0,162.4665887817771,159.81429604385323,1.4935311844489791,1.5285430557133455
37,calibration,1.0,both,0.17338598536808414,0.002,1.0,180.0,180.0,1.0,1.0
37,power,-1.0,unweighted,0.19498784198292946,0.002,1.0,180.0,180.0,1.0,1.0
37,power,0.0,both,0.05418612966007439,0.996,0.0,100.4935182439567,93.53642117404844,5.062011612861476,5.8266866227921215
37,power,0.25,both,0.0802500044753498,0.676,0.0,127.13062525053121,122.14678115354909,2.9406420040257655,3.099277221833575
37,power,0.5,both,0.10625273855343997,0.066,0.0,145.420746493092,140.9088547823035,2.046877261423832,2.113556855708167
37,power,0.75,both,0.13809673600594363,0.002,1.0,162.4665887817771,159.81429604385323,1.4935311844489791,1.5285430557133455
37,power,1.0,both,0.19498784198292943,0.002,1.0,180.0,180.0,1.0,1.0
38,calibration,-1.0,unweighted,0.1735604061880811,0.002,1.0,180.0,180.0,1.0,1.0
38,calibration,0.0,both,0.04263892264480375,1.0,0.0,103.68711178823105,99.52461379548676,4.86737608424737,4.579716640832139
38,calibration,0.25,both,0.06371564805483776,0.972,0.0,129.82268618315192,124.41266347905301,2.8664225106432277,2.794677263245217
38,calibration,0.5,both,0.08694176059845582,0.454,0.0,148.15431229478253,142.76359414445474,2.004304575485926,2.001541351486075
38,calibration,0.75,both,0.11768230453268501,0.002,1.0,164.7516755027497,161.59823785204813,1.466995585026132,1.4857547504662576
38,calibration,1.0,both,0.1735604061880811,0.002,1.0,180.0,180.0,1.0,1.0
38,power,-1.0,unweighted,0.19457033893461365,0.002,1.0,180.0,180.0,1.0,1.0
38,power,0.0,both,0.057446106401025133,0.988,0.0,103.68711178823105,99.52461379548676,4.86737608424737,4.579716640832139
38,power,0.25,both,0.08294894355973087,0.588,0.0,129.82268618315192,124.41266347905301,2.8664225106432277,2.794677263245217
38,power,0.5,both,0.10900799797712779,0.018,1.0,148.15431229478253,142.76359414445474,2.004304575485926,2.001541351486075
38,power,0.75,both,0.1410470499533827,0.002,1.0,164.7516755027497,161.59823785204813,1.466995585026132,1.4857547504662576
38,power,1.0,both,0.19457033893461365,0.002,1.0,180.0,180.0,1.0,1.0
39,calibration,-1.0,unweighted,0.14591613511659807,0.002,1.0,180.0,180.0,1.0,1.0
39,calibration,0.0,both,0.03835283718952286,1.0,0.0,105.37073497266726,111.36029833391098,4.729213913655117,5.267012123813555
39,calibration,0.25,both,0.05634118483587856,1.0,0.0,133.2795392155132,137.43750424864183,2.75993447636196,2.8742502056764163
39,calibration,0.5,both,0.07518923936710374,0.826,0.0,150.10008924144148,153.56750365889081,1.9374144178944712,1.960669873502898
39,calibration,0.75,both,0.09971382893911407,0.092,0.0,165.19840970500186,167.70891344064336,1.4359941376507934,1.4294533487769083
39,calibration,1.0,both,0.14591613511659807,0.002,1.0,180.0,180.0,1.0,1.0
39,power,-1.0,unweighted,0.1725607929431489,0.002,1.0,180.0,180.0,1.0,1.0
39,power,0.0,both,0.05426204738259931,0.998,0.0,105.37073497266726,111.36029833391098,4.729213913655117,5.267012123813555
39,power,0.25,both,0.07740218320224176,0.756,0.0,133.2795392155132,137.43750424864183,2.75993447636196,2.8742502056764163
39,power,0.5,both,0.09987216161761123,0.084,0.0,150.10008924144148,153.56750365889081,1.9374144178944712,1.960669873502898
39,power,0.75,both,0.1268081740525905,0.002,1.0,165.19840970500186,167.70891344064336,1.4359941376507934,1.4294533487769083
39,power,1.0,both,0.1725607929431489,0.002,1.0,180.0,180.0,1.0,1.0
40,calibration,-1.0,unweighted,0.15583088896509678,0.002,1.0,180.0,180.0,1.0,1.0
40,calibration,0.0,both,0.037157028650200284,1.0,0.0,105.87584877879979,104.44897927610825,4.843992574532528,4.575316194311454
40,calibration,0.25,both,0.05394177271047729,0.996,0.0,129.32483068009043,128.62671960464814,2.8395732423670865,2.779886647995046
40,calibration,0.5,both,0.0732295533734767,0.844,0.0,145.95242269923352,146.3362128096619,1.997753284601232,1.9787442957451735
40,calibration,0.75,both,0.10021776223450565,0.094,0.0,162.64553229444715,163.40701000925654,1.47449728477317,1.4660487600388
40,calibration,1.0,both,0.15583088896509678,0.002,1.0,180.0,180.0,1.0,1.0
40,power,-1.0,unweighted,0.17747424173144338,0.002,1.0,180.0,180.0,1.0,1.0
40,power,0.0,both,0.05046797334146151,0.998,0.0,105.87584877879979,104.44897927610825,4.843992574532528,4.575316194311454
40,power,0.25,both,0.07125433892052538,0.872,0.0,129.32483068009043,128.62671960464814,2.8395732423670865,2.779886647995046
40,power,0.5,both,0.09350453432399955,0.234,0.0,145.95242269923352,146.3362128096619,1.997753284601232,1.9787442957451735
40,power,0.75,both,0.12242632802481053,0.006,1.0,162.64553229444715,163.40701000925654,1.47449728477317,1.4660487600388
40,power,1.0,both,0.17747424173144338,0.002,1.0,180.0,180.0,1.0,1.0
41,calibration,-1.0,unweighted,0.15333551859472644,0.002,1.0,180.0,180.0,1.0,1.0
41,calibration,0.0,both,0.036594828653531634,1.0,0.0,106.5701301958093,109.05937070426982,5.561926835856775,3.8715165140405725
41,calibration,0.25,both,0.05291458580008789,1.0,0.0,130.32224428220107,130.38702251255998,2.9850757885926513,2.5680509154263356
41,calibration,0.5,both,0.07170529455964578,0.922,0.0,147.13014192078205,146.3930125662284,2.0359090776768296,1.9013801154475853
41,calibration,0.75,both,0.09847675155183407,0.124,0.0,163.75746113064093,163.0812680882144,1.4784977189681217,1.4439891227211206
41,calibration,1.0,both,0.1533355185947264,0.002,1.0,180.0,180.0,1.0,1.0
41,power,-1.0,unweighted,0.1722268127953056,0.002,1.0,180.0,180.0,1.0,1.0
41,power,0.0,both,0.04783426585870117,1.0,0.0,106.5701301958093,109.05937070426982,5.561926835856775,3.8715165140405725
41,power,0.25,both,0.06753081416945297,0.966,0.0,130.32224428220107,130.38702251255998,2.9850757885926513,2.5680509154263356
41,power,0.5,both,0.08881871423582621,0.392,0.0,147.13014192078205,146.3930125662284,2.0359090776768296,1.9013801154475853
41,power,0.75,both,0.11727955003640934,0.012,1.0,163.75746113064093,163.0812680882144,1.4784977189681217,1.4439891227211206
41,power,1.0,both,0.1722268127953056,0.002,1.0,180.0,180.0,1.0,1.0
42,calibration,-1.0,unweighted,0.14454818720469442,0.002,1.0,180.0,180.0,1.0,1.0
42,calibration,0.0,both,0.03715830112036574,1.0,0.0,115.84172740393637,118.8752881415319,4.706388094334613,3.934329540822287
42,calibration,0.25,both,0.05226985830269773,1.0,0.0,137.26568264066765,138.2930042538024,2.725123395388364,2.5234451010416947
42,calibration,0.5,both,0.07036858722335051,0.94,0.0,152.5869764106589,153.3649846557917,1.91098246366771,1.841540958402102
42,calibration,0.75,both,0.09569935604008031,0.164,0.0,166.91124428914725,167.8838594601209,1.4178147644694368,1.3940852042135108
42,calibration,1.0,both,0.14454818720469442,0.002,1.0,180.0,180.0,1.0,1.0
42,power,-1.0,unweighted,0.16757375209571712,0.002,1.0,180.0,180.0,1.0,1.0
42,power,0.0,both,0.05078528540636959,1.0,0.0,115.84172740393637,118.8752881415319,4.706388094334613,3.934329540822287
42,power,0.25,both,0.06981246549748737,0.936,0.0,137.26568264066765,138.2930042538024,2.725123395388364,2.5234451010416947
42,power,0.5,both,0.09098186197532787,0.302,0.0,152.5869764106589,153.3649846557917,1.91098246366771,1.841540958402102
42,power,0.75,both,0.11848859747284898,0.002,1.0,166.91124428914725,167.8838594601209,1.4178147644694368,1.3940852042135108
42,power,1.0,both,0.16757375209571712,0.002,1.0,180.0,180.0,1.0,1.0
43,calibration,-1.0,unweighted,0.1644931660570035,0.002,1.0,180.0,180.0,1.0,1.0
43,calibration,0.0,both,0.03382136157073053,1.0,0.0,90.12204895086273,103.69128387507438,6.304818459571742,4.070338841141971
43,calibration,0.25,both,0.05336515032467569,0.998,0.0,121.59284380424113,125.82025483189676,3.20598497614737,2.6816750251702617
43,calibration,0.5,both,0.07461680266413336,0.816,0.0,141.15548532057156,143.46837955217345,2.148323661972211,1.9706832230247606
43,calibration,0.75,both,0.10364168969704254,0.048,1.0,160.05990373029368,161.20158499563553,1.5376701219143616,1.4804211626693795
43,calibration,1.0,both,0.1644931660570035,0.002,1.0,180.0,180.0,1.0,1.0
43,power,-1.0,unweighted,0.18869779187623836,0.002,1.0,180.0,180.0,1.0,1.0
43,power,0.0,both,0.046878785757999517,1.0,0.0,90.12204895086273,103.69128387507438,6.304818459571742,4.070338841141971
43,power,0.25,both,0.07199142897999719,0.868,0.0,121.59284380424113,125.82025483189676,3.20598497614737,2.6816750251702617
43,power,0.5,both,0.09709946635191397,0.126,0.0,141.15548532057156,143.46837955217345,2.148323661972211,1.9706832230247606
43,power,0.75,both,0.1286114450352614,0.002,1.0,160.05990373029368,161.20158499563553,1.5376701219143616,1.4804211626693795
43,power,1.0,both,0.18869779187623836,0.002,1.0,180.0,180.0,1.0,1.0
44,calibration,-1.0,unweighted,0.18582938195397042,0.002,1.0,180.0,180.0,1.0,1.0
44,calibration,0.0,both,0.040288328757085906,1.0,0.0,90.47172095604769,84.5465896648329,5.2200136675495585,6.443246226645318
44,calibration,0.25,both,0.06076086330227397,0.982,0.0,114.60061887785277,113.32548699801735,3.104225987139487,3.366810477683139
44,calibration,0.5,both,0.0831860393653325,0.55,0.0,133.34230140972653,133.12699422894391,2.19164006594072,2.274010777741111
44,calibration,0.75,both,0.11436855195838408,0.004,1.0,153.74200392836778,153.6942068639256,1.5996844613969368,1.6220823490890561
44,calibration,1.0,both,0.18582938195397042,0.002,1.0,180.0,180.0,1.0,1.0
44,power,-1.0,unweighted,0.2095892337296144,0.002,1.0,180.0,180.0,1.0,1.0
44,power,0.0,both,0.056008617587304306,0.99,0.0,90.47172095604769,84.5465896648329,5.2200136675495585,6.443246226645318
44,power,0.25,both,0.08172443668330012,0.58,0.0,114.60061887785277,113.32548699801735,3.104225987139487,3.366810477683139
44,power,0.5,both,0.10774995560340678,0.046,1.0,133.34230140972653,133.12699422894391,2.19164006594072,2.274010777741111
44,power,0.75,both,0.1410119628972546,0.002,1.0,153.74200392836778,153.6942068639256,1.5996844613969368,1.6220823490890561
44,power,1.0,both,0.2095892337296144,0.002,1.0,180.0,180.0,1.0,1.0
45,calibration,-1.0,unweighted,0.1603559051592745,0.002,1.0,180.0,180.0,1.0,1.0
45,calibration,0.0,both,0.03936753994209141,1.0,0.0,112.67868437781651,103.63518037746107,3.904623656443282,4.048995046464946
45,calibration,0.25,both,0.055904839964707125,0.996,0.0,133.31202893400578,125.42380048086179,2.585699536387869,2.6412844473393395
45,calibration,0.5,both,0.07508973873417915,0.836,0.0,148.7859737301704,142.2378764186206,1.902665607239576,1.9485111750568647
45,calibration,0.75,both,0.10210178682491512,0.08,0.0,163.6782837888653,159.78895029849258,1.4396119141886232,1.4766020766384602
45,calibration,1.0,both,0.1603559051592745,0.002,1.0,180.0,180.0,1.0,1.0
45,power,-1.0,unweighted,0.18437150967840268,0.002,1.0,180.0,180.0,1.0,1.0
45,power,0.0,both,0.05585061231104027,0.996,0.0,112.67868437781651,103.63518037746107,3.904623656443282,4.048995046464946
45,power,0.25,both,0.07656933582074543,0.806,0.0,133.31202893400578,125.42380048086179,2.585699536387869,2.6412844473393395
45,power,0.5,both,0.09890666562484011,0.132,0.0,148.7859737301704,142.2378764186206,1.902665607239576,1.9485111750568647
45,power,0.75,both,0.12796542815706052,0.002,1.0,163.6782837888653,159.78895029849258,1.4396119141886232,1.4766020766384602
45,power,1.0,both,0.18437150967840268,0.002,1.0,180.0,180.0,1.0,1.0
46,calibration,-1.0,unweighted,0.14511420134125896,0.002,1.0,180.0,180.0,1.0,1.0
46,calibration,0.0,both,0.03661569535605483,1.0,0.0,117.76970104141019,105.08227166008459,4.179003986530512,5.601176724615256
46,calibration,0.25,both,0.052715417478363474,1.0,0.0,137.68933355356532,134.90695875445408,2.599269689034021,2.9331354779441634
46,calibration,0.5,both,0.0712411281606552,0.932,0.0,153.184316196287,151.74563116239514,1.8706669550457573,1.9819216621563776
46,calibration,0.75,both,0.096918370474229,0.13,0.0,167.8616671919053,166.78713958520265,1.4035656529874376,1.4399451471939264
46,calibration,1.0,both,0.14511420134125896,0.002,1.0,180.0,180.0,1.0,1.0
46,power,-1.0,unweighted,0.16899107510288067,0.002,1.0,180.0,180.0,1.0,1.0
46,power,0.0,both,0.05218900239792982,1.0,0.0,117.76970104141019,105.08227166008459,4.179003986530512,5.601176724615256
46,power,0.25,both,0.07243913968742649,0.888,0.0,137.68933355356532,134.90695875445408,2.599269689034021,2.9331354779441634
46,power,0.5,both,0.09395453634348985,0.202,0.0,153.184316196287,151.74563116239514,1.8706669550457573,1.9819216621563776
46,power,0.75,both,0.12155602808051522,0.002,1.0,167.8616671919053,166.78713958520265,1.4035656529874376,1.4399451471939264
46,power,1.0,both,0.16899107510288067,0.002,1.0,180.0,180.0,1.0,1.0
47,calibration,-1.0,unweighted,0.1523254848727328,0.002,1.0,180.0,180.0,1.0,1.0
47,calibration,0.0,both,0.037640837471202934,1.0,0.0,103.18881863088376,113.85531267948926,5.760532693343825,4.263080503757407
47,calibration,0.25,both,0.054465063061546776,0.998,0.0,128.34552767205034,134.3881209130832,3.013557044133643,2.6691272160306942
47,calibration,0.5,both,0.07315016537956402,0.876,0.0,145.43222762182995,149.807665693142,2.04795215674779,1.921112563891572
47,calibration,0.75,both,0.09889327814194064,0.102,0.0,162.49395927254196,164.7655577320015,1.4877274117847443,1.4378283585840281
47,calibration,1.0,both,0.1523254848727328,0.002,1.0,180.0,180.0,1.0,1.0
47,power,-1.0,unweighted,0.1748288484987045,0.002,1.0,180.0,180.0,1.0,1.0
47,power,0.0,both,0.05101893271278578,0.998,0.0,103.18881863088376,113.85531267948926,5.760532693343825,4.263080503757407
47,power,0.25,both,0.07189114086309045,0.9,0.0,128.34552767205034,134.3881209130832,3.013557044133643,2.6691272160306942
47,power,0.5,both,0.09359131410000417,0.214,0.0,145.43222762182995,149.807665693142,2.04795215674779,1.921112563891572
47,power,0.75,both,0.12150124139250681,0.002,1.0,162.49395927254196,164.7655577320015,1.4877274117847443,1.4378283585840281
47,power,1.0,both,0.1748288484987045,0.002,1.0,180.0,180.0,1.0,1.0
48,calibration,-1.0,unweighted,0.14989843106995887,0.002,1.0,180.0,180.0,1.0,1.0
48,calibration,0.0,both,0.030995732549328574,1.0,0.0,94.40202813264023,109.18954950705138,7.403166927950338,4.376259963488272
48,calibration,0.25,both,0.05011413197005255,1.0,0.0,130.14536645798987,131.27085312053518,3.286185216048484,2.696849835100073
48,calibration,0.5,both,0.07059085813234327,0.908,0.0,149.81903147537264,147.96252159880498,2.107962142218185,1.9356104000458245
48,calibration,0.75,both,0.09802694735610819,0.142,0.0,166.0680479497095,164.3698369505224,1.4831285358277368,1.4453264432053485
48,calibration,1.0,both,0.14989843106995884,0.002,1.0,180.0,180.0,1.0,1.0
48,power,-1.0,unweighted,0.17274887402834935,0.002,1.0,180.0,180.0,1.0,1.0
48,power,0.0,both,0.04319359819217651,1.0,0.0,94.40202813264023,109.18954950705138,7.403166927950338,4.376259963488272
48,power,0.25,both,0.06760839731962466,0.924,0.0,130.14536645798987,131.27085312053518,3.286185216048484,2.696849835100073
48,power,0.5,both,0.09170815198365617,0.288,0.0,149.81903147537264,147.96252159880498,2.107962142218185,1.9356104000458245
48,power,0.75,both,0.12153238720724711,0.002,1.0,166.0680479497095,164.3698369505224,1.4831285358277368,1.4453264432053485
48,power,1.0,both,0.17274887402834935,0.002,1.0,180.0,180.0,1.0,1.0
49,calibration,-1.0,unweighted,0.159955658436214,0.002,1.0,180.0,180.0,1.0,1.0
49,calibration,0.0,both,0.04155508460874447,1.0,0.0,105.62711908748456,117.13553253862823,3.6821354523207055,3.386602384394954
49,calibration,0.25,both,0.059030883476214324,0.996,0.0,129.074042939754,135.3072198331626,2.5039982048857277,2.3820291255605333
49,calibration,0.5,both,0.07971470560510827,0.68,0.0,147.68744036049625,150.59517860452635,1.8710088716758775,1.8112177489628607
49,calibration,0.75,both,0.10807227018060493,0.022,1.0,165.29070367288978,166.30001639466423,1.4233648255952072,1.3980303640973064
49,calibration,1.0,both,0.159955658436214,0.002,1.0,180.0,180.0,1.0,1.0
49,power,-1.0,unweighted,0.18060310832952295,0.002,1.0,180.0,180.0,1.0,1.0
49,power,0.0,both,0.054880742135643035,0.998,0.0,105.62711908748456,117.13553253862823,3.6821354523207055,3.386602384394954
49,power,0.25,both,0.07558678777238961,0.778,0.0,129.074042939754,135.3072198331626,2.5039982048857277,2.3820291255605333
49,power,0.5,both,0.09873717070506974,0.13,0.0,147.68744036049625,150.59517860452635,1.8710088716758775,1.8112177489628607
49,power,0.75,both,0.12862791073452973,0.002,1.0,165.29070367288978,166.30001639466423,1.4233648255952072,1.3980303640973064
49,power,1.0,both,0.18060310832952292,0.002,1.0,180.0,180.0,1.0,1.0
50,calibration,-1.0,unweighted,0.1835561614083219,0.002,1.0,180.0,180.0,1.0,1.0
50,calibration,0.0,both,0.04376975586831628,1.0,0.0,98.55640933716036,98.8746970313405,3.8159555872682036,4.713254717468115
50,calibration,0.25,both,0.06424234260374341,0.97,0.0,121.36649249309912,122.50675410200539,2.6334606480539766,2.8846576209268115
50,calibration,0.5,both,0.0871148998724634,0.464,0.0,139.98635869928216,139.8496693120661,1.9763831746514748,2.060764193190316
50,calibration,0.75,both,0.11823938018249092,0.004,1.0,159.5626068446811,157.50724814829053,1.496539067447325,1.5272408456161188
50,calibration,1.0,both,0.18355616140832187,0.002,1.0,180.0,180.0,1.0,1.0
50,power,-1.0,unweighted,0.20576094250114313,0.002,1.0,180.0,180.0,1.0,1.0
50,power,0.0,both,0.058482931993368945,0.988,0.0,98.55640933716036,98.8746970313405,3.8159555872682036,4.713254717468115
50,power,0.25,both,0.08350501630141621,0.59,0.0,121.36649249309912,122.50675410200539,2.6334606480539766,2.8846576209268115
50,power,0.5,both,0.10961506333445527,0.026,1.0,139.98635869928216,139.8496693120661,1.9763831746514748,2.060764193190316
50,power,0.75,both,0.14256132148252224,0.002,1.0,159.5626068446811,157.50724814829053,1.496539067447325,1.5272408456161188
50,power,1.0,both,0.20576094250114313,0.002,1.0,180.0,180.0,1.0,1.0
51,calibration,-1.0,unweighted,0.16796187985825334,0.002,1.0,180.0,180.0,1.0,1.0
51,calibration,0.0,both,0.046676655416995665,1.0,0.0,99.12452237903366,100.34809693019365,6.083163172226548,4.66066608264494
51,calibration,0.25,both,0.06810604611558557,0.938,0.0,127.50817425637047,128.85018306583325,3.101171764012657,2.815975899183696
51,calibration,0.5,both,0.0892368505844459,0.362,0.0,144.52688305057845,147.85183211702238,2.0837380985313505,1.9878513221620508
51,calibration,0.75,both,0.11593350126044911,0.004,1.0,160.70962335266836,164.8288205188085,1.5065135999354158,1.4619159587302482
51,calibration,1.0,both,0.16796187985825334,0.002,1.0,180.0,180.0,1.0,1.0
51,power,-1.0,unweighted,0.1950669829294315,0.002,1.0,180.0,180.0,1.0,1.0
51,power,0.0,both,0.06569177397433765,0.952,0.0,99.12452237903366,100.34809693019365,6.083163172226548,4.66066608264494
51,power,0.25,both,0.09231257964736722,0.28,0.0,127.50817425637047,128.85018306583325,3.101171764012657,2.815975899183696
51,power,0.5,both,0.11658819734223795,0.01,1.0,144.52688305057845,147.85183211702238,2.0837380985313505,1.9878513221620508
51,power,0.75,both,0.14488560309132334,0.002,1.0,160.70962335266836,164.8288205188085,1.5065135999354158,1.4619159587302482
51,power,1.0,both,0.19506698292943148,0.002,1.0,180.0,180.0,1.0,1.0
52,calibration,-1.0,unweighted,0.13743337905807043,0.002,1.0,180.0,180.0,1.0,1.0
52,calibration,0.0,both,0.04686283427227533,1.0,0.0,124.21787222554133,128.8914924927019,4.031495855728384,4.004687584413127
52,calibration,0.25,both,0.0632488585045941,0.986,0.0,147.39443755805752,147.56425291811422,2.481226333629968,2.465917341597517
52,calibration,0.5,both,0.081164352100845,0.634,0.0,161.96797449514057,160.96953903074004,1.774969972242665,1.7716445460977874
52,calibration,0.75,both,0.10354589761834679,0.03,1.0,173.11792673822177,172.39493988656866,1.3386431103104095,1.3412439110012857
52,calibration,1.0,both,0.13743337905807043,0.002,1.0,180.0,180.0,1.0,1.0
52,power,-1.0,unweighted,0.15991303345526597,0.002,1.0,180.0,180.0,1.0,1.0
52,power,0.0,both,0.062353118404923594,0.98,0.0,124.21787222554133,128.8914924927019,4.031495855728384,4.004687584413127
52,power,0.25,both,0.08189419115558869,0.612,0.0,147.39443755805752,147.56425291811422,2.481226333629968,2.465917341597517
52,power,0.5,both,0.10212688741483893,0.052,0.0,161.96797449514057,160.96953903074004,1.774969972242665,1.7716445460977874
52,power,0.75,both,0.12603491804883374,0.002,1.0,173.11792673822177,172.39493988656866,1.3386431103104095,1.3412439110012857
52,power,1.0,both,0.15991303345526597,0.002,1.0,180.0,180.0,1.0,1.0
53,calibration,-1.0,unweighted,0.17706181412894376,0.002,1.0,180.0,180.0,1.0,1.0
53,calibration,0.0,both,0.04119848878163493,1.0,0.0,96.62986038581113,94.06328093983007,5.280823080721528,5.112344951490665
53,calibration,0.25,both,0.06098635790032111,0.996,0.0,122.01360154043822,120.09803234818241,3.0336045887429797,3.000036412247138
53,calibration,0.5,both,0.0823435662585543,0.61,0.0,139.87777939633833,138.8243486619075,2.112540400800781,2.10743782017664
53,calibration,0.75,both,0.11147149708580857,0.012,1.0,158.11326927377166,157.21383018760898,1.5409811377112579,1.5439981436270604
53,calibration,1.0,both,0.17706181412894376,0.002,1.0,180.0,180.0,1.0,1.0
53,power,-1.0,unweighted,0.2022243836686481,0.002,1.0,180.0,180.0,1.0,1.0
53,power,0.0,both,0.057839873873316294,0.994,0.0,96.62986038581113,94.06328093983007,5.280823080721528,5.112344951490665
53,power,0.25,both,0.08266132940723502,0.606,0.0,122.01360154043822,120.09803234818241,3.0336045887429797,3.000036412247138
53,power,0.5,both,0.10747826759604048,0.038,1.0,139.87777939633833,138.8243486619075,2.112540400800781,2.10743782017664
53,power,0.75,both,0.13856957760798008,0.002,1.0,158.11326927377166,157.21383018760898,1.5409811377112579,1.5439981436270604
53,power,1.0,both,0.2022243836686481,0.002,1.0,180.0,180.0,1.0,1.0
54,calibration,-1.0,unweighted,0.16317720336076819,0.002,1.0,180.0,180.0,1.0,1.0
54,calibration,0.0,both,0.03622313991572852,1.0,0.0,96.01667769047978,104.5590237729528,7.496073609405058,4.62631164054174
54,calibration,0.25,both,0.05647113293378397,0.996,0.0,126.29853527625566,129.61817530870624,3.3193288067276367,2.7981808103065493
54,calibration,0.5,both,0.07832515600795895,0.748,0.0,144.2355577098023,147.30849181749718,2.1483498631274545,1.9830086415609895
54,calibration,0.75,both,0.10778219660343381,0.01,1.0,161.8970369132184,164.54003796334572,1.5208822960844537,1.4629521248401998
54,calibration,1.0,both,0.16317720336076819,0.002,1.0,180.0,180.0,1.0,1.0
54,power,-1.0,unweighted,0.18514047877610118,0.002,1.0,180.0,180.0,1.0,1.0
54,power,0.0,both,0.04890003359098914,0.998,0.0,96.01667769047978,104.5590237729528,7.496073609405058,4.62631164054174
54,power,0.25,both,0.07398797569248755,0.846,0.0,126.29853527625566,129.61817530870624,3.3193288067276367,2.7981808103065493
54,power,0.5,both,0.09895249787533553,0.088,0.0,144.2355577098023,147.30849181749718,2.1483498631274545,1.9830086415609895
54,power,0.75,both,0.13019880706380144,0.002,1.0,161.8970369132184,164.54003796334572,1.5208822960844537,1.4629521248401998
54,power,1.0,both,0.18514047877610118,0.002,1.0,180.0,180.0,1.0,1.0
55,calibration,-1.0,unweighted,0.1766814967230605,0.002,1.0,180.0,180.0,1.0,1.0
55,calibration,0.0,both,0.03081484580374708,1.0,0.0,72.82961054125205,91.3410790290156,7.532500480410473,6.14878970179176
55,calibration,0.25,both,0.05190837133243146,1.0,0.0,112.50174329017231,119.1755869736212,3.525479214607976,3.271521786175665
55,calibration,0.5,both,0.07448041043081444,0.818,0.0,134.6316501644341,138.2045536692814,2.3010810807378648,2.2098296214488156
55,calibration,0.75,both,0.10563870048016724,0.042,1.0,154.7808909091605,157.22043972496655,1.6171634418486647,1.5786502907769164
55,calibration,1.0,both,0.1766814967230605,0.002,1.0,180.0,180.0,1.0,1.0
55,power,-1.0,unweighted,0.20077735387136106,0.002,1.0,180.0,180.0,1.0,1.0
55,power,0.0,both,0.04250223065590331,1.0,0.0,72.82961054125205,91.3410790290156,7.532500480410473,6.14878970179176
55,power,0.25,both,0.06998252140657048,0.892,0.0,112.50174329017231,119.1755869736212,3.525479214607976,3.271521786175665
55,power,0.5,both,0.09688512355009285,0.18,0.0,134.6316501644341,138.2045536692814,2.3010810807378648,2.2098296214488156
55,power,0.75,both,0.13081059438928097,0.002,1.0,154.7808909091605,157.22043972496655,1.6171634418486647,1.5786502907769164
55,power,1.0,both,0.20077735387136106,0.002,1.0,180.0,180.0,1.0,1.0
56,calibration,-1.0,unweighted,0.16670364178478891,0.002,1.0,180.0,180.0,1.0,1.0
56,calibration,0.0,both,0.04435575711119441,1.0,0.0,110.89996122391595,98.59263437171762,4.0838271075187995,5.7972494827376995
56,calibration,0.25,both,0.06132444251709486,0.986,0.0,129.0903545269961,126.18940741154695,2.6495253131977696,3.072621782979377
56,calibration,0.5,both,0.08037987272078616,0.682,0.0,144.680708036109,143.70313673402774,1.9445138732389056,2.0862796842844062
56,calibration,0.75,both,0.10722366674049727,0.026,1.0,161.77930936406563,160.38006310936584,1.466671433665511,1.5119387794482682
56,calibration,1.0,both,0.1667036417847889,0.002,1.0,180.0,180.0,1.0,1.0
56,power,-1.0,unweighted,0.19302075140984606,0.002,1.0,180.0,180.0,1.0,1.0
56,power,0.0,both,0.06428860071841326,0.962,0.0,110.89996122391595,98.59263437171762,4.0838271075187995,5.7972494827376995
56,power,0.25,both,0.08557642333285478,0.506,0.0,129.0903545269961,126.18940741154695,2.6495253131977696,3.072621782979377
56,power,0.5,both,0.10751628396438426,0.028,1.0,144.680708036109,143.70313673402774,1.9445138732389056,2.0862796842844062
56,power,0.75,both,0.13592362418992227,0.002,1.0,161.77930936406563,160.38006310936584,1.466671433665511,1.5119387794482682
56,power,1.0,both,0.19302075140984606,0.002,1.0,180.0,180.0,1.0,1.0
57,calibration,-1.0,unweighted,0.162914765279683,0.002,1.0,180.0,180.0,1.0,1.0
57,calibration,0.0,both,0.04296730696350151,1.0,0.0,108.87937984672743,117.91647079640018,3.8270387760223654,3.7911482514830483
57,calibration,0.25,both,0.05987078946682685,0.994,0.0,128.97691408183246,134.78808565521751,2.549790465620776,2.523348622285308
57,calibration,0.5,both,0.07955584715815064,0.72,0.0,145.45720759257094,149.09613326838576,1.8971300140485248,1.8715580580903024
57,calibration,0.75,both,0.10706410772927025,0.028,1.0,162.76116271729634,164.37545782298497,1.4444871681570548,1.4259940034953482
57,calibration,1.0,both,0.16291476527968296,0.002,1.0,180.0,180.0,1.0,1.0
57,power,-1.0,unweighted,0.1868841859091602,0.002,1.0,180.0,180.0,1.0,1.0
57,power,0.0,both,0.05899113492494234,0.996,0.0,108.87937984672743,117.91647079640018,3.8270387760223654,3.7911482514830483
57,power,0.25,both,0.07979613191453128,0.708,0.0,128.97691408183246,134.78808565521751,2.549790465620776,2.523348622285308
57,power,0.5,both,0.10236962793897836,0.082,0.0,145.45720759257094,149.09613326838576,1.8971300140485248,1.8715580580903024
57,power,0.75,both,0.1316679797407651,0.002,1.0,162.76116271729634,164.37545782298497,1.4444871681570548,1.4259940034953482
57,power,1.0,both,0.1868841859091602,0.002,1.0,180.0,180.0,1.0,1.0
58,calibration,-1.0,unweighted,0.18232106005182136,0.002,1.0,180.0,180.0,1.0,1.0
58,calibration,0.0,both,0.04077041330699994,1.0,0.0,96.15055071959141,83.23129574132005,4.6128799901510975,7.231812095493173
58,calibration,0.25,both,0.0600654162796212,0.986,0.0,117.3654350795463,113.58599595766604,2.9254969026390456,3.484823057639741
58,calibration,0.5,both,0.08143502562220414,0.61,0.0,134.18643824830198,133.65587035862356,2.1219033895601913,2.301217263977572
58,calibration,0.75,both,0.11178594747885529,0.012,1.0,153.33747241492205,154.38100602272908,1.578608844469416,1.6244092928311862
58,calibration,1.0,both,0.18232106005182136,0.002,1.0,180.0,180.0,1.0,1.0
58,power,-1.0,unweighted,0.20427937623837827,0.002,1.0,180.0,180.0,1.0,1.0
58,power,0.0,both,0.05776119461653853,0.986,0.0,96.15055071959141,83.23129574132005,4.6128799901510975,7.231812095493173
58,power,0.25,both,0.08153069570467308,0.618,0.0,117.3654350795463,113.58599595766604,2.9254969026390456,3.484823057639741
58,power,0.5,both,0.10583198625607439,0.046,1.0,134.18643824830198,133.65587035862356,2.1219033895601913,2.301217263977572
58,power,0.75,both,0.13760462200596812,0.002,1.0,153.33747241492205,154.38100602272908,1.578608844469416,1.6244092928311862
58,power,1.0,both,0.20427937623837827,0.002,1.0,180.0,180.0,1.0,1.0
59,calibration,-1.0,unweighted,0.1430005048773053,0.002,1.0,180.0,180.0,1.0,1.0
59,calibration,0.0,both,0.03571409213797724,1.0,0.0,115.74219166865105,116.44139915103585,3.854981532115927,4.439558151409032
59,calibration,0.25,both,0.05185728569832459,0.998,0.0,137.5981511106401,137.55740905855998,2.5041060640599584,2.659154798118455
59,calibration,0.5,both,0.0706159214318578,0.922,0.0,153.47828000024447,153.0449129173088,1.8346246904522117,1.8878441476965038
59,calibration,0.75,both,0.09626845555001365,0.144,0.0,168.2616036140724,167.58873481034158,1.3905127112265954,1.408427769145632
59,calibration,1.0,both,0.14300050487730528,0.002,1.0,180.0,180.0,1.0,1.0
59,power,-1.0,unweighted,0.16414967802164304,0.002,1.0,180.0,180.0,1.0,1.0
59,power,0.0,both,0.04819439205514087,0.998,0.0,115.74219166865105,116.44139915103585,3.854981532115927,4.439558151409032
59,power,0.25,both,0.06796802882392304,0.944,0.0,137.5981511106401,137.55740905855998,2.5041060640599584,2.659154798118455
59,power,0.5,both,0.08957564198395268,0.338,0.0,153.47828000024447,153.0449129173088,1.8346246904522117,1.8878441476965038
59,power,0.75,both,0.11725478862855654,0.002,1.0,168.2616036140724,167.58873481034158,1.3905127112265954,1.408427769145632
59,power,1.0,both,0.16414967802164304,0.002,1.0,180.0,180.0,1.0,1.0
60,calibration,-1.0,unweighted,0.15883006782502668,0.002,1.0,180.0,180.0,1.0,1.0
60,calibration,0.0,both,0.030669747907590392,1.0,0.0,94.7443809918419,101.7419030633739,4.634973672359215,6.013461351753926
60,calibration,0.25,both,0.04634021573354673,1.0,0.0,120.27121243717986,124.7646600948398,2.866947020870096,3.153332181364153
60,calibration,0.5,both,0.06600769384749315,0.946,0.0,139.77105234803992,141.8974112306568,2.0559131206124714,2.1328806113614633
60,calibration,0.75,both,0.09518117646968975,0.186,0.0,159.41097339307439,159.92743945859073,1.518974563250882,1.534622933810848
60,calibration,1.0,both,0.15883006782502668,0.002,1.0,180.0,180.0,1.0,1.0
60,power,-1.0,unweighted,0.1809696492531626,0.002,1.0,180.0,180.0,1.0,1.0
60,power,0.0,both,0.0427431052405373,1.0,0.0,94.7443809918419,101.7419030633739,4.634973672359215,6.013461351753926
60,power,0.25,both,0.0626965747419531,0.958,0.0,120.27121243717986,124.7646600948398,2.866947020870096,3.153332181364153
60,power,0.5,both,0.0859810910079534,0.482,0.0,139.77105234803992,141.8974112306568,2.0559131206124714,2.1328806113614633
60,power,0.75,both,0.11791156046538341,0.002,1.0,159.41097339307439,159.92743945859073,1.518974563250882,1.534622933810848
60,power,1.0,both,0.1809696492531626,0.002,1.0,180.0,180.0,1.0,1.0
61,calibration,-1.0,unweighted,0.15029140374942845,0.002,1.0,180.0,180.0,1.0,1.0
61,calibration,0.0,both,0.05355966403118895,1.0,0.0,134.9986367727143,121.65927972228162,3.318471108454932,4.443384603006359
61,calibration,0.25,both,0.07011108400109611,0.92,0.0,150.62167846510883,143.02305939607913,2.2610795475844636,2.5905065623628425
61,calibration,0.5,both,0.08899764982174804,0.342,0.0,162.3890798138299,158.1411054724397,1.6960955702952658,1.8262818238061558
61,calibration,0.75,both,0.11345984631592998,0.004,1.0,172.80017059846605,171.56665536559743,1.3165533561193201,1.364393936264791
61,calibration,1.0,both,0.15029140374942845,0.002,1.0,180.0,180.0,1.0,1.0
61,power,-1.0,unweighted,0.17030059346898338,0.002,1.0,180.0,180.0,1.0,1.0
61,power,0.0,both,0.06963807780405404,0.908,0.0,134.9986367727143,121.65927972228162,3.318471108454932,4.443384603006359
61,power,0.25,both,0.08864246585286528,0.376,0.0,150.62167846510883,143.02305939607913,2.2610795475844636,2.5905065623628425
61,power,0.5,both,0.10913599080928596,0.032,1.0,162.3890798138299,158.1411054724397,1.6960955702952658,1.8262818238061558
61,power,0.75,both,0.13433976223808095,0.002,1.0,172.80017059846605,171.56665536559743,1.3165533561193201,1.364393936264791
61,power,1.0,both,0.17030059346898335,0.002,1.0,180.0,180.0,1.0,1.0
62,calibration,-1.0,unweighted,0.15739274500838285,0.002,1.0,180.0,180.0,1.0,1.0
62,calibration,0.0,both,0.0332726963123912,1.0,0.0,94.5808772369249,94.51157666111726,7.060411262419785,7.099379435871369
62,calibration,0.25,both,0.051933311250372614,1.0,0.0,123.72388669033961,127.58096601204868,3.2895445668477135,3.315166356265523
62,calibration,0.5,both,0.07165545125970199,0.92,0.0,141.86964459444184,146.03075547712731,2.1597601458197517,2.151221521303368
62,calibration,0.75,both,0.09880495021830218,0.138,0.0,160.19618886038936,162.51001574559086,1.5366959835373468,1.5190617146521643
62,calibration,1.0,both,0.15739274500838285,0.002,1.0,180.0,180.0,1.0,1.0
62,power,-1.0,unweighted,0.1829676554641061,0.002,1.0,180.0,180.0,1.0,1.0
62,power,0.0,both,0.04802766653948535,1.0,0.0,94.5808772369249,94.51157666111726,7.060411262419785,7.099379435871369
62,power,0.25,both,0.07246436090454089,0.892,0.0,123.72388669033961,127.58096601204868,3.2895445668477135,3.315166356265523
62,power,0.5,both,0.0959939110209993,0.19,0.0,141.86964459444184,146.03075547712731,2.1597601458197517,2.151221521303368
62,power,0.75,both,0.1255896856192042,0.002,1.0,160.19618886038936,162.51001574559086,1.5366959835373468,1.5190617146521643
62,power,1.0,both,0.18296765546410607,0.002,1.0,180.0,180.0,1.0,1.0
63,calibration,-1.0,unweighted,0.16004061404511508,0.002,1.0,180.0,180.0,1.0,1.0
63,calibration,0.0,both,0.03565623835216203,1.0,0.0,101.91932588256407,98.64189183759356,4.22802841937453,5.759768474124208
63,calibration,0.25,both,0.05299810912461659,1.0,0.0,124.53167879425142,126.14832372807705,2.716552041671683,3.083596860135133
63,calibration,0.5,both,0.07323801580320888,0.854,0.0,141.93117507894493,144.83911521077374,1.9841573595059279,2.091864051128125
63,calibration,0.75,both,0.10159923884298372,0.07,0.0,160.11180079861685,162.57924081629582,1.4892642813878572,1.505967765590821
63,calibration,1.0,both,0.16004061404511508,0.002,1.0,180.0,180.0,1.0,1.0
63,power,-1.0,unweighted,0.18207730147843315,0.002,1.0,180.0,180.0,1.0,1.0
63,power,0.0,both,0.04749583908732391,1.0,0.0,101.91932588256407,98.64189183759356,4.22802841937453,5.759768474124208
63,power,0.25,both,0.06913196354898161,0.902,0.0,124.53167879425142,126.14832372807705,2.716552041671683,3.083596860135133
63,power,0.5,both,0.09285556051670343,0.246,0.0,141.93117507894493,144.83911521077374,1.9841573595059279,2.091864051128125
63,power,0.75,both,0.12388459187568361,0.002,1.0,160.11180079861685,162.57924081629582,1.4892642813878572,1.505967765590821
63,power,1.0,both,0.18207730147843315,0.002,1.0,180.0,180.0,1.0,1.0
64,calibration,-1.0,unweighted,0.1608702227175735,0.002,1.0,180.0,180.0,1.0,1.0
64,calibration,0.0,both,0.0466427660472503,0.998,0.0,111.74591607381593,111.75283721894849,3.410217997011723,4.073103061718637
64,calibration,0.25,both,0.06362866024753239,0.976,0.0,132.19688503503338,132.79499622806742,2.402448290992711,2.6082796357148026
64,calibration,0.5,both,0.08303802954715239,0.57,0.0,148.41498544061255,149.08497964556665,1.8284971372213732,1.8999604998244177
64,calibration,0.75,both,0.10957580059224953,0.018,1.0,164.73679553708746,164.9262263683178,1.4115600616215607,1.431021549020094
64,calibration,1.0,both,0.1608702227175735,0.002,1.0,180.0,180.0,1.0,1.0
64,power,-1.0,unweighted,0.18387184213534521,0.002,1.0,180.0,180.0,1.0,1.0
64,power,0.0,both,0.06342398827929469,0.968,0.0,111.74591607381593,111.75283721894849,3.410217997011723,4.073103061718637
64,power,0.25,both,0.08381265870253025,0.538,0.0,132.19688503503338,132.79499622806742,2.402448290992711,2.6082796357148026
64,power,0.5,both,0.10571702038955137,0.038,1.0,148.41498544061255,149.08497964556665,1.8284971372213732,1.8999604998244177
64,power,0.75,both,0.13372720913126357,0.002,1.0,164.73679553708746,164.9262263683178,1.4115600616215607,1.431021549020094
64,power,1.0,both,0.1838718421353452,0.002,1.0,180.0,180.0,1.0,1.0
65,calibration,-1.0,unweighted,0.18067902568206065,0.002,1.0,180.0,180.0,1.0,1.0
65,calibration,0.0,both,0.03785736238638801,1.0,0.0,88.36191403282763,82.63730203784044,8.597738814443387,8.106310069827986
65,calibration,0.25,both,0.06129859503657688,0.986,0.0,122.34564810864215,116.91165496168233,3.5985637063559994,3.531719106496792
65,calibration,0.5,both,0.08475273390167636,0.544,0.0,140.68742413716475,137.2275870296335,2.27415625368066,2.274175622671311
65,calibration,0.75,both,0.1153396996484348,0.004,1.0,157.81046776320656,156.61358097048853,1.5835344695225861,1.5945073417693774
65,calibration,1.0,both,0.18067902568206065,0.002,1.0,180.0,180.0,1.0,1.0
65,power,-1.0,unweighted,0.20501198464410916,0.002,1.0,180.0,180.0,1.0,1.0
65,power,0.0,both,0.053949508642113835,0.998,0.0,88.36191403282763,82.63730203784044,8.597738814443387,8.106310069827986
65,power,0.25,both,0.0837233414143011,0.584,0.0,122.34564810864215,116.91165496168233,3.5985637063559994,3.531719106496792
65,power,0.5,both,0.11078180876488916,0.024,1.0,140.68742413716475,137.2275870296335,2.27415625368066,2.274175622671311
65,power,0.75,both,0.14314227652497602,0.002,1.0,157.81046776320656,156.61358097048853,1.5835344695225861,1.5945073417693774
65,power,1.0,both,0.20501198464410914,0.002,1.0,180.0,180.0,1.0,1.0
66,calibration,-1.0,unweighted,0.14526748113854596,0.002,1.0,180.0,180.0,1.0,1.0
66,calibration,0.0,both,0.03543432390449146,1.0,0.0,101.01438820851916,110.34222216675134,4.12187476482704,4.83562857982001
66,calibration,0.25,both,0.05140286306115094,0.998,0.0,127.14210774675833,135.26350399447702,2.6453303956289895,2.811701365617093
66,calibration,0.5,both,0.06928838065428518,0.914,0.0,146.5345896027338,151.39521934495323,1.9271413391575418,1.9594758426040801
66,calibration,0.75,both,0.09398796113419128,0.238,0.0,164.74318260977157,165.81853513274294,1.4438928653130725,1.441645033640405
66,calibration,1.0,both,0.14526748113854596,0.002,1.0,180.0,180.0,1.0,1.0
66,power,-1.0,unweighted,0.1698354757277854,0.002,1.0,180.0,180.0,1.0,1.0
66,power,0.0,both,0.04837577462628641,0.998,0.0,101.01438820851916,110.34222216675134,4.12187476482704,4.83562857982001
66,power,0.25,both,0.0685726965268949,0.928,0.0,127.14210774675833,135.26350399447702,2.6453303956289895,2.811701365617093
66,power,0.5,both,0.08980077463008684,0.382,0.0,146.5345896027338,151.39521934495323,1.9271413391575418,1.9594758426040801
66,power,0.75,both,0.11707277252792664,0.006,1.0,164.74318260977157,165.81853513274294,1.4438928653130725,1.441645033640405
66,power,1.0,both,0.1698354757277854,0.002,1.0,180.0,180.0,1.0,1.0
67,calibration,-1.0,unweighted,0.15190570987654323,0.002,1.0,180.0,180.0,1.0,1.0
67,calibration,0.0,both,0.04246676120551259,1.0,0.0,121.64715002866068,105.86781056285383,3.8966000526585516,5.696345481909971
67,calibration,0.25,both,0.060001939945632306,0.99,0.0,141.6716823250745,131.91643556926684,2.5141624937150433,2.940046321967808
67,calibration,0.5,both,0.07962632972180603,0.692,0.0,156.14178166113962,149.4896501788671,1.8297237256995313,1.992096338546217
67,calibration,0.75,both,0.10568820718320769,0.04,1.0,169.05194039659233,166.1016776172965,1.3833019538508373,1.4482576451598455
67,calibration,1.0,both,0.1519057098765432,0.002,1.0,180.0,180.0,1.0,1.0
67,power,-1.0,unweighted,0.17336806317634507,0.002,1.0,180.0,180.0,1.0,1.0
67,power,0.0,both,0.05641055590065533,0.99,0.0,121.64715002866068,105.86781056285383,3.8966000526585516,5.696345481909971
67,power,0.25,both,0.07755289695958692,0.746,0.0,141.6716823250745,131.91643556926684,2.5141624937150433,2.940046321967808
67,power,0.5,both,0.09981028136717798,0.108,0.0,156.14178166113962,149.4896501788671,1.8297237256995313,1.992096338546217
67,power,0.75,both,0.1275066195863309,0.002,1.0,169.05194039659233,166.1016776172965,1.3833019538508373,1.4482576451598455
67,power,1.0,both,0.17336806317634507,0.002,1.0,180.0,180.0,1.0,1.0
68,calibration,-1.0,unweighted,0.14451091201798508,0.002,1.0,180.0,180.0,1.0,1.0
68,calibration,0.0,both,0.03832932506992287,1.0,0.0,115.0665200428735,117.80070526607852,4.097747132996433,4.161613116363347
68,calibration,0.25,both,0.05538186555432241,0.996,0.0,137.45727103070135,139.74661781791207,2.562323305217466,2.5785093771325145
68,calibration,0.5,both,0.0749213003219654,0.836,0.0,153.45447087187446,155.75408312041793,1.8509408975493427,1.849154106050346
68,calibration,0.75,both,0.1008627280311364,0.068,0.0,168.1589108103956,169.92103382707225,1.3942038134704808,1.3851431965566035
68,calibration,1.0,both,0.14451091201798508,0.002,1.0,180.0,180.0,1.0,1.0
68,power,-1.0,unweighted,0.16620708828684655,0.002,1.0,180.0,180.0,1.0,1.0
68,power,0.0,both,0.05115213117387944,0.996,0.0,115.0665200428735,117.80070526607852,4.097747132996433,4.161613116363347
68,power,0.25,both,0.07201890122207212,0.87,0.0,137.45727103070135,139.74661781791207,2.562323305217466,2.5785093771325145
68,power,0.5,both,0.09439982469169331,0.21,0.0,153.45447087187446,155.75408312041793,1.8509408975493427,1.849154106050346
68,power,0.75,both,0.12224628356081935,0.002,1.0,168.1589108103956,169.92103382707225,1.3942038134704808,1.3851431965566035
68,power,1.0,both,0.16620708828684655,0.002,1.0,180.0,180.0,1.0,1.0
69,calibration,-1.0,unweighted,0.17698591582837983,0.002,1.0,180.0,180.0,1.0,1.0
69,calibration,0.0,both,0.034324574912604926,1.0,0.0,82.29347864069727,86.87549906543256,7.151305752196708,6.817272753627534
69,calibration,0.25,both,0.05453512298916046,0.998,0.0,112.07056532031406,119.00452485444762,3.4516104321933296,3.4205783471407516
69,calibration,0.5,both,0.0758479126474727,0.814,0.0,131.72014647986558,139.21695522954886,2.2952944130493096,2.2550680183569907
69,calibration,0.75,both,0.10499308186663461,0.04,1.0,151.37812032839526,157.9368834281037,1.6355141696991817,1.5872009531602327
69,calibration,1.0,both,0.17698591582837983,0.002,1.0,180.0,180.0,1.0,1.0
69,power,-1.0,unweighted,0.20638699321749734,0.002,1.0,180.0,180.0,1.0,1.0
69,power,0.0,both,0.05287583708668699,0.998,0.0,82.29347864069727,86.87549906543256,7.151305752196708,6.817272753627534
69,power,0.25,both,0.07952453584249519,0.694,0.0,112.07056532031406,119.00452485444762,3.4516104321933296,3.4205783471407516
69,power,0.5,both,0.10493677448510325,0.05,0.0,131.72014647986558,139.21695522954886,2.2952944130493096,2.2550680183569907
69,power,0.75,both,0.13645690182552303,0.002,1.0,151.37812032839526,157.9368834281037,1.6355141696991817,1.5872009531602327
69,power,1.0,both,0.20638699321749734,0.002,1.0,180.0,180.0,1.0,1.0
70,calibration,-1.0,unweighted,0.18113135002286235,0.002,1.0,180.0,180.0,1.0,1.0
70,calibration,0.0,both,0.03854565728197135,1.0,0.0,90.85797723918088,92.56978233154297,6.456802973667623,4.276369592716192
70,calibration,0.25,both,0.059897618246295956,0.994,0.0,118.54937434393968,118.73729120970906,3.292675627776976,2.8103075587596402
70,calibration,0.5,both,0.08266296468252773,0.606,0.0,137.3705204389697,138.23430853713091,2.2097626724255646,2.0553782393091473
70,calibration,0.75,both,0.11325011425575957,0.008,1.0,156.73920736982734,157.1557097420148,1.5790884597300623,1.5329039985040274
70,calibration,1.0,both,0.18113135002286235,0.002,1.0,180.0,180.0,1.0,1.0
70,power,-1.0,unweighted,0.20534559994665447,0.002,1.0,180.0,180.0,1.0,1.0
70,power,0.0,both,0.0527441956711018,0.996,0.0,90.85797723918088,92.56978233154297,6.456802973667623,4.276369592716192
70,power,0.25,both,0.07924898032548888,0.704,0.0,118.54937434393968,118.73729120970906,3.292675627776976,2.8103075587596402
70,power,0.5,both,0.10551879000426917,0.046,1.0,137.3705204389697,138.23430853713091,2.2097626724255646,2.0553782393091473
70,power,0.75,both,0.13827477237232258,0.002,1.0,156.73920736982734,157.1557097420148,1.5790884597300623,1.5329039985040274
70,power,1.0,both,0.20534559994665447,0.002,1.0,180.0,180.0,1.0,1.0
71,calibration,-1.0,unweighted,0.1395090344459686,0.002,1.0,180.0,180.0,1.0,1.0
71,calibration,0.0,both,0.04182967638058068,1.0,0.0,122.85340372712784,127.82982530008367,3.46529885138723,3.7982724480259615
71,calibration,0.25,both,0.057908664697756226,0.998,0.0,142.11581543274923,145.48606943546417,2.3417972530884885,2.4360874440275437
71,calibration,0.5,both,0.07607989077302639,0.834,0.0,156.63202752826078,158.75122997116566,1.7525065247825544,1.777933646800779
71,calibration,0.75,both,0.0997196933075383,0.08,0.0,169.78376630701504,170.7108677361791,1.3523933792782,1.3543404766248734
71,calibration,1.0,both,0.1395090344459686,0.002,1.0,180.0,180.0,1.0,1.0
71,power,-1.0,unweighted,0.1628967278235025,0.002,1.0,180.0,180.0,1.0,1.0
71,power,0.0,both,0.05721058665423773,0.998,0.0,122.85340372712784,127.82982530008367,3.46529885138723,3.7982724480259615
71,power,0.25,both,0.07699291350737825,0.802,0.0,142.11581543274923,145.48606943546417,2.3417972530884885,2.4360874440275437
71,power,0.5,both,0.09794747715610228,0.12,0.0,156.63202752826078,158.75122997116566,1.7525065247825544,1.777933646800779
71,power,0.75,both,0.123419234841578,0.004,1.0,169.78376630701504,170.7108677361791,1.3523933792782,1.3543404766248734
71,power,1.0,both,0.1628967278235025,0.002,1.0,180.0,180.0,1.0,1.0
72,calibration,-1.0,unweighted,0.15364495122694713,0.002,1.0,180.0,180.0,1.0,1.0
72,calibration,0.0,both,0.04460090250759213,1.0,0.0,121.59766344589863,120.38374065558992,3.8353855656976474,3.535029014263112
72,calibration,0.25,both,0.06247985428839812,0.982,0.0,142.81221524142504,139.27966557857522,2.4690067988323947,2.378110495390504
72,calibration,0.5,both,0.08302887863969735,0.55,0.0,157.83825493199816,154.5411788162134,1.7987802550000784,1.7776255291778857
72,calibration,0.75,both,0.1099873596174002,0.012,1.0,170.73483272423405,169.15177431686223,1.363277410813121,1.3665347650738133
72,calibration,1.0,both,0.15364495122694713,0.002,1.0,180.0,180.0,1.0,1.0
72,power,-1.0,unweighted,0.17475151653711324,0.002,1.0,180.0,180.0,1.0,1.0
72,power,0.0,both,0.05824849996416863,0.988,0.0,121.59766344589863,120.38374065558992,3.8353855656976474,3.535029014263112
72,power,0.25,both,0.07983974804224123,0.692,0.0,142.81221524142504,139.27966557857522,2.4690067988323947,2.378110495390504
72,power,0.5,both,0.10306474566971274,0.056,0.0,157.83825493199816,154.5411788162134,1.7987802550000784,1.7776255291778857
72,power,0.75,both,0.13157830042070906,0.002,1.0,170.73483272423405,169.15177431686223,1.363277410813121,1.3665347650738133
72,power,1.0,both,0.17475151653711324,0.002,1.0,180.0,180.0,1.0,1.0
73,calibration,-1.0,unweighted,0.14617482186404512,0.002,1.0,180.0,180.0,1.0,1.0
73,calibration,0.0,both,0.04488536272126068,1.0,0.0,119.05021650442085,120.26120069667243,3.5049683595040695,3.573809601379041
73,calibration,0.25,both,0.05928396354176625,0.994,0.0,138.57239573182952,138.90732438254298,2.3870274910473817,2.40560227822558
73,calibration,0.5,both,0.07654676039250558,0.776,0.0,153.93039560208504,153.57478075762708,1.789217213221868,1.7959309913427286
73,calibration,0.75,both,0.10086263361987886,0.096,0.0,168.5456636368229,167.76263357434368,1.3748526166140562,1.3795627817043081
73,calibration,1.0,both,0.14617482186404512,0.002,1.0,180.0,180.0,1.0,1.0
73,power,-1.0,unweighted,0.1680707314052736,0.002,1.0,180.0,180.0,1.0,1.0
73,power,0.0,both,0.06027223957513174,0.99,0.0,119.05021650442085,120.26120069667243,3.5049683595040695,3.573809601379041
73,power,0.25,both,0.0776336832262758,0.736,0.0,138.57239573182952,138.90732438254298,2.3870274910473817,2.40560227822558
73,power,0.5,both,0.0972469570195439,0.146,0.0,153.93039560208504,153.57478075762708,1.789217213221868,1.7959309913427286
73,power,0.75,both,0.12318360310512268,0.002,1.0,168.5456636368229,167.76263357434368,1.3748526166140562,1.3795627817043081
73,power,1.0,both,0.16807073140527357,0.002,1.0,180.0,180.0,1.0,1.0
74,calibration,-1.0,unweighted,0.1626097088858406,0.002,1.0,180.0,180.0,1.0,1.0
74,calibration,0.0,both,0.046571891038439915,1.0,0.0,107.52326085210579,116.82762821250293,4.909537502904481,3.637687132710184
74,calibration,0.25,both,0.06563061009623583,0.956,0.0,133.79751943206278,137.46327236750543,2.794635124058701,2.4467467189559655
74,calibration,0.5,both,0.08660088242292932,0.436,0.0,150.9293463642696,153.0883163063864,1.9450682677873663,1.819133768758691
74,calibration,0.75,both,0.11411450659145761,0.008,1.0,166.6482916088309,167.75207126019913,1.43222995683515,1.3892822607470734
74,calibration,1.0,both,0.1626097088858406,0.002,1.0,180.0,180.0,1.0,1.0
74,power,-1.0,unweighted,0.18561361073007165,0.002,1.0,180.0,180.0,1.0,1.0
74,power,0.0,both,0.06210878104540028,0.97,0.0,107.52326085210579,116.82762821250293,4.909537502904481,3.637687132710184
74,power,0.25,both,0.0850988277443571,0.49,0.0,133.79751943206278,137.46327236750543,2.794635124058701,2.4467467189559655
74,power,0.5,both,0.10891896376805445,0.018,1.0,150.9293463642696,153.0883163063864,1.9450682677873663,1.819133768758691
74,power,0.75,both,0.13814909780293877,0.002,1.0,166.6482916088309,167.75207126019913,1.43222995683515,1.3892822607470734
74,power,1.0,both,0.18561361073007165,0.002,1.0,180.0,180.0,1.0,1.0
75,calibration,-1.0,unweighted,0.16731801364121324,0.002,1.0,180.0,180.0,1.0,1.0
75,calibration,0.0,both,0.02865521453302803,1.0,0.0,81.82569855862334,75.45946267854477,5.861375567754904,9.141871116507307
75,calibration,0.25,both,0.050809394315633354,1.0,0.0,115.44489619003701,118.05613746288341,3.211680787873624,3.708283527147846
75,calibration,0.5,both,0.0732038335556868,0.852,0.0,136.01726070743467,140.0654349269495,2.19638414306187,2.318014603423428
75,calibration,0.75,both,0.1028236651954813,0.048,1.0,155.39988846805502,159.41343795069426,1.5829125859839257,1.5924623393448842
75,calibration,1.0,both,0.16731801364121324,0.002,1.0,180.0,180.0,1.0,1.0
75,power,-1.0,unweighted,0.1894473936899863,0.002,1.0,180.0,180.0,1.0,1.0
75,power,0.0,both,0.03962840586707759,1.0,0.0,81.82569855862334,75.45946267854477,5.861375567754904,9.141871116507307
75,power,0.25,both,0.06794683498815199,0.916,0.0,115.44489619003701,118.05613746288341,3.211680787873624,3.708283527147846
75,power,0.5,both,0.09440421688052807,0.184,0.0,136.01726070743467,140.0654349269495,2.19638414306187,2.318014603423428
75,power,0.75,both,0.12664461873017926,0.002,1.0,155.39988846805502,159.41343795069426,1.5829125859839257,1.5924623393448842
75,power,1.0,both,0.1894473936899863,0.002,1.0,180.0,180.0,1.0,1.0
76,calibration,-1.0,unweighted,0.16061975784941318,0.002,1.0,180.0,180.0,1.0,1.0
76,calibration,0.0,both,0.0438975179004593,1.0,0.0,108.00356034330461,110.29315172692706,3.3870978212430773,5.224838123570895
76,calibration,0.25,both,0.06135826056177797,0.99,0.0,130.52447762562628,134.5170197751447,2.4005553364535883,2.8841750578280205
76,calibration,0.5,both,0.08166689597939196,0.64,0.0,148.7841129627545,150.49003705348304,1.8275919830571048,1.9816198400335032
76,calibration,0.75,both,0.1094504785251838,0.016,1.0,165.89939339167606,165.85216177222316,1.406268714673823,1.4484027630810172
76,calibration,1.0,both,0.16061975784941318,0.002,1.0,180.0,180.0,1.0,1.0
76,power,-1.0,unweighted,0.18306323540618807,0.002,1.0,180.0,180.0,1.0,1.0
76,power,0.0,both,0.06040804860805383,0.988,0.0,108.00356034330461,110.29315172692706,3.3870978212430773,5.224838123570895
76,power,0.25,both,0.08147525970485503,0.634,0.0,130.52447762562628,134.5170197751447,2.4005553364535883,2.8841750578280205
76,power,0.5,both,0.10433919655301292,0.054,0.0,148.7841129627545,150.49003705348304,1.8275919830571048,1.9816198400335032
76,power,0.75,both,0.13351322603049973,0.002,1.0,165.89939339167606,165.85216177222316,1.406268714673823,1.4484027630810172
76,power,1.0,both,0.18306323540618807,0.002,1.0,180.0,180.0,1.0,1.0
77,calibration,-1.0,unweighted,0.1677311337829599,0.002,1.0,180.0,180.0,1.0,1.0
77,calibration,0.0,both,0.03837848740618643,1.0,0.0,89.94060069510535,103.8119865240776,6.642976916444182,4.866769738233255
77,calibration,0.25,both,0.058066710351535517,0.994,0.0,124.93009114139466,127.12310886534749,3.232399453245123,2.8672050219778633
77,calibration,0.5,both,0.07979526971158984,0.722,0.0,144.67486870121232,144.9323023809502,2.130835995815188,2.018545815348297
77,calibration,0.75,both,0.10961171213746895,0.018,1.0,162.62829647600404,162.91809811699324,1.5146187930027293,1.4834136464176872
77,calibration,1.0,both,0.1677311337829599,0.002,1.0,180.0,180.0,1.0,1.0
77,power,-1.0,unweighted,0.188914400434385,0.002,1.0,180.0,180.0,1.0,1.0
77,power,0.0,both,0.051320501273360394,0.994,0.0,89.94060069510535,103.8119865240776,6.642976916444182,4.866769738233255
77,power,0.25,both,0.07534130584434115,0.828,0.0,124.93009114139466,127.12310886534749,3.232399453245123,2.8672050219778633
77,power,0.5,both,0.09986179164390778,0.106,0.0,144.67486870121232,144.9323023809502,2.130835995815188,2.018545815348297
77,power,0.75,both,0.13122336089909928,0.002,1.0,162.62829647600404,162.91809811699324,1.5146187930027293,1.4834136464176872
77,power,1.0,both,0.188914400434385,0.002,1.0,180.0,180.0,1.0,1.0
78,calibration,-1.0,unweighted,0.18677374256973023,0.002,1.0,180.0,180.0,1.0,1.0
78,calibration,0.0,both,0.041655671382752,1.0,0.0,90.95020473667442,86.9329726455784,7.036743554651713,7.906747202212597
78,calibration,0.25,both,0.06428139767172011,0.97,0.0,119.612985411961,117.79250112315285,3.3952807587287954,3.523739222437461
78,calibration,0.5,both,0.08776504794826709,0.42,0.0,137.4711799088407,136.9357039377444,2.239035464418836,2.2788940929405963
78,calibration,0.75,both,0.11917374589136273,0.004,1.0,155.84844016016157,156.3103117796374,1.5902778044083508,1.5999778433808056
78,calibration,1.0,both,0.1867737425697302,0.002,1.0,180.0,180.0,1.0,1.0
78,power,-1.0,unweighted,0.2088261850327694,0.002,1.0,180.0,180.0,1.0,1.0
78,power,0.0,both,0.05655373360282698,0.99,0.0,90.95020473667442,86.9329726455784,7.036743554651713,7.906747202212597
78,power,0.25,both,0.08460679506091168,0.53,0.0,119.612985411961,117.79250112315285,3.3952807587287954,3.523739222437461
78,power,0.5,both,0.11143003893955947,0.016,1.0,137.4711799088407,136.9357039377444,2.239035464418836,2.2788940929405963
78,power,0.75,both,0.14447155405356343,0.002,1.0,155.84844016016157,156.3103117796374,1.5902778044083508,1.5999778433808056
78,power,1.0,both,0.2088261850327694,0.002,1.0,180.0,180.0,1.0,1.0
79,calibration,-1.0,unweighted,0.19908990721688768,0.002,1.0,180.0,180.0,1.0,1.0
79,calibration,0.0,both,0.04494294696368627,0.998,0.0,91.45476152472436,85.767219300617,5.239050182481039,5.8770151735874645
79,calibration,0.25,both,0.06755323652668878,0.918,0.0,117.01131076386359,113.52244958783267,3.0936612289640877,3.237777424408773
79,calibration,0.5,both,0.09252359159609992,0.272,0.0,135.90894891448843,133.17449337142043,2.171055724571581,2.2293366965271275
79,calibration,0.75,both,0.1265751279461858,0.002,1.0,155.4887714596483,153.96864966582635,1.5804933783908004,1.6074294572061112
79,calibration,1.0,both,0.19908990721688768,0.002,1.0,180.0,180.0,1.0,1.0
79,power,-1.0,unweighted,0.22161629801097396,0.002,1.0,180.0,180.0,1.0,1.0
79,power,0.0,both,0.06258975226292286,0.954,0.0,91.45476152472436,85.767219300617,5.239050182481039,5.8770151735874645
79,power,0.25,both,0.09003508804114925,0.362,0.0,117.01131076386359,113.52244958783267,3.0936612289640877,3.237777424408773
79,power,0.5,both,0.11791939541074181,0.006,1.0,135.90894891448843,133.17449337142043,2.171055724571581,2.2293366965271275
79,power,0.75,both,0.1529910686878882,0.002,1.0,155.4887714596483,153.96864966582635,1.5804933783908004,1.6074294572061112
79,power,1.0,both,0.22161629801097396,0.002,1.0,180.0,180.0,1.0,1.0
80,calibration,-1.0,unweighted,0.16505056965401615,0.002,1.0,180.0,180.0,1.0,1.0
80,calibration,0.0,both,0.04068775951590425,1.0,0.0,104.91940281605952,104.97183055842498,4.006794047567942,3.721816883852937
80,calibration,0.25,both,0.057757288932747904,0.996,0.0,125.57279611950865,127.05251510392752,2.6431254603747227,2.558920451736732
80,calibration,0.5,both,0.07793574176473361,0.746,0.0,142.3104126724418,144.71809595940837,1.9549450261189285,1.9171343584806382
80,calibration,0.75,both,0.10655939658437544,0.032,1.0,160.3717772085803,162.41281435336037,1.4789854095796706,1.4570292594790926
80,calibration,1.0,both,0.16505056965401615,0.002,1.0,180.0,180.0,1.0,1.0
80,power,-1.0,unweighted,0.18691450712543817,0.002,1.0,180.0,180.0,1.0,1.0
80,power,0.0,both,0.056076994338584055,0.992,0.0,104.91940281605952,104.97183055842498,4.006794047567942,3.721816883852937
80,power,0.25,both,0.07689880534423149,0.764,0.0,125.57279611950865,127.05251510392752,2.6431254603747227,2.558920451736732
80,power,0.5,both,0.0998102141802153,0.118,0.0,142.3104126724418,144.71809595940837,1.9549450261189285,1.9171343584806382
80,power,0.75,both,0.12998654245741015,0.002,1.0,160.3717772085803,162.41281435336037,1.4789854095796706,1.4570292594790926
80,power,1.0,both,0.1869145071254382,0.002,1.0,180.0,180.0,1.0,1.0
81,calibration,-1.0,unweighted,0.15418736377838743,0.002,1.0,180.0,180.0,1.0,1.0
81,calibration,0.0,both,0.03989505813565951,1.0,0.0,109.56978805474779,113.59418233329376,3.8916408262387363,4.862594026514364
81,calibration,0.25,both,0.05771971215472961,0.994,0.0,132.87728404371353,135.57788865055173,2.5488981433373032,2.793416843957974
81,calibration,0.5,both,0.07735564553254418,0.768,0.0,149.53892175278878,150.96215292253402,1.8738649721850305,1.9484507097518018
81,calibration,0.75,both,0.10343922718384055,0.042,1.0,165.0850879326782,165.560154850306,1.4205503125910501,1.438284498144124
81,calibration,1.0,both,0.15418736377838743,0.002,1.0,180.0,180.0,1.0,1.0
81,power,-1.0,unweighted,0.17977480090687395,0.002,1.0,180.0,180.0,1.0,1.0
81,power,0.0,both,0.0559936960017474,0.994,0.0,109.56978805474779,113.59418233329376,3.8916408262387363,4.862594026514364
81,power,0.25,both,0.07850252477722808,0.742,0.0,132.87728404371353,135.57788865055173,2.5488981433373032,2.793416843957974
81,power,0.5,both,0.10149758598486087,0.082,0.0,149.53892175278878,150.96215292253402,1.8738649721850305,1.9484507097518018
81,power,0.75,both,0.12971649883992736,0.002,1.0,165.0850879326782,165.560154850306,1.4205503125910501,1.438284498144124
81,power,1.0,both,0.17977480090687395,0.002,1.0,180.0,180.0,1.0,1.0
82,calibration,-1.0,unweighted,0.18688406302392926,0.002,1.0,180.0,180.0,1.0,1.0
82,calibration,0.0,both,0.03794503960997418,1.0,0.0,88.24231426718336,89.06297693607293,8.181019378374138,6.991530268339095
82,calibration,0.25,both,0.06036510464271625,0.986,0.0,119.83369006262683,117.84365541217313,3.544686934060982,3.3696312447833754
82,calibration,0.5,both,0.08495753075161891,0.506,0.0,139.49712008165315,137.37066414870458,2.268657480872383,2.22975553341525
82,calibration,0.75,both,0.11867805548580002,0.004,1.0,159.0901721996307,157.53481102987942,1.5811515564112972,1.5805366807223826
82,calibration,1.0,both,0.18688406302392926,0.002,1.0,180.0,180.0,1.0,1.0
82,power,-1.0,unweighted,0.2082276510821521,0.002,1.0,180.0,180.0,1.0,1.0
82,power,0.0,both,0.050398208907428105,0.998,0.0,88.24231426718336,89.06297693607293,8.181019378374138,6.991530268339095
82,power,0.25,both,0.07771798889974957,0.708,0.0,119.83369006262683,117.84365541217313,3.544686934060982,3.3696312447833754
82,power,0.5,both,0.10555498570984662,0.06,0.0,139.49712008165315,137.37066414870458,2.268657480872383,2.22975553341525
82,power,0.75,both,0.14109142426920437,0.002,1.0,159.0901721996307,157.53481102987942,1.5811515564112972,1.5805366807223826
82,power,1.0,both,0.2082276510821521,0.002,1.0,180.0,180.0,1.0,1.0
83,calibration,-1.0,unweighted,0.17241731824417011,0.002,1.0,180.0,180.0,1.0,1.0
83,calibration,0.0,both,0.02875397208918699,1.0,0.0,92.97968518394667,93.27146097631005,5.973851468321651,5.17433033955786
83,calibration,0.25,both,0.0453416343612413,1.0,0.0,118.01054095902884,115.81532604045506,3.2416129329114782,3.0620532693389206
83,calibration,0.5,both,0.06591813983830913,0.95,0.0,135.82214402749995,133.34890323619877,2.213549484442204,2.1686571703991757
83,calibration,0.75,both,0.09689039012336881,0.156,0.0,154.35959727354276,153.3509692690604,1.5954533085430906,1.5923857858138046
83,calibration,1.0,both,0.17241731824417011,0.002,1.0,180.0,180.0,1.0,1.0
83,power,-1.0,unweighted,0.19270248151958544,0.002,1.0,180.0,180.0,1.0,1.0
83,power,0.0,both,0.039634434916909524,1.0,0.0,92.97968518394667,93.27146097631005,5.973851468321651,5.17433033955786
83,power,0.25,both,0.06090643722187862,0.972,0.0,118.01054095902884,115.81532604045506,3.2416129329114782,3.0620532693389206
83,power,0.5,both,0.08515595553922159,0.524,0.0,135.82214402749995,133.34890323619877,2.213549484442204,2.1686571703991757
83,power,0.75,both,0.11867204930202598,0.008,1.0,154.35959727354276,153.3509692690604,1.5954533085430906,1.5923857858138046
83,power,1.0,both,0.19270248151958544,0.002,1.0,180.0,180.0,1.0,1.0
84,calibration,-1.0,unweighted,0.1683994970278921,0.002,1.0,180.0,180.0,1.0,1.0
84,calibration,0.0,both,0.04099665372470665,1.0,0.0,101.93595560725164,107.45195575713787,5.543334555785839,3.5736445976741273
84,calibration,0.25,both,0.057821577591842914,0.998,0.0,125.35519726146413,125.6496019270441,3.0363820018831786,2.5102012088848316
84,calibration,0.5,both,0.07823779620034177,0.726,0.0,142.7017078998177,142.2434888277354,2.086394919737716,1.9103432776266167
84,calibration,0.75,both,0.10754668697643963,0.026,1.0,160.41195425527758,160.6622154026592,1.5161775835855402,1.4660910627014658
84,calibration,1.0,both,0.1683994970278921,0.002,1.0,180.0,180.0,1.0,1.0
84,power,-1.0,unweighted,0.19090375609663163,0.002,1.0,180.0,180.0,1.0,1.0
84,power,0.0,both,0.05805366090323578,0.996,0.0,101.93595560725164,107.45195575713787,5.543334555785839,3.5736445976741273
84,power,0.25,both,0.07831988022759524,0.724,0.0,125.35519726146413,125.6496019270441,3.0363820018831786,2.5102012088848316
84,power,0.5,both,0.1012772472982924,0.06,0.0,142.7017078998177,142.2434888277354,2.086394919737716,1.9103432776266167
84,power,0.75,both,0.1319396410217733,0.002,1.0,160.41195425527758,160.6622154026592,1.5161775835855402,1.4660910627014658
84,power,1.0,both,0.19090375609663163,0.002,1.0,180.0,180.0,1.0,1.0
85,calibration,-1.0,unweighted,0.16808031931108064,0.002,1.0,180.0,180.0,1.0,1.0
85,calibration,0.0,both,0.04402482147309451,1.0,0.0,97.38048512214485,108.76898113154117,6.443656284315703,3.935347399894089
85,calibration,0.25,both,0.0646986437891705,0.98,0.0,127.35141279557769,130.6001519904073,3.1592175943660648,2.5930338771288013
85,calibration,0.5,both,0.08631323126182966,0.48,0.0,145.97717618949756,147.38952420885838,2.0947348211555625,1.908893599170893
85,calibration,0.75,both,0.11477356946906456,0.016,1.0,163.4278592966452,164.12866331550546,1.4976155542683356,1.4416002425589163
85,calibration,1.0,both,0.16808031931108064,0.002,1.0,180.0,180.0,1.0,1.0
85,power,-1.0,unweighted,0.19169742417314434,0.002,1.0,180.0,180.0,1.0,1.0
85,power,0.0,both,0.06128870264620622,0.984,0.0,97.38048512214485,108.76898113154117,6.443656284315703,3.935347399894089
85,power,0.25,both,0.08662981017150914,0.478,0.0,127.35141279557769,130.6001519904073,3.1592175943660648,2.5930338771288013
85,power,0.5,both,0.11091781089600519,0.03,1.0,145.97717618949756,147.38952420885838,2.0947348211555625,1.908893599170893
85,power,0.75,both,0.1405100821217155,0.002,1.0,163.4278592966452,164.12866331550546,1.4976155542683356,1.4416002425589163
85,power,1.0,both,0.19169742417314434,0.002,1.0,180.0,180.0,1.0,1.0
86,calibration,-1.0,unweighted,0.1580333752476757,0.002,1.0,180.0,180.0,1.0,1.0
86,calibration,0.0,both,0.04587245224206578,1.0,0.0,114.53663139823449,121.76419149432482,4.765611293565413,4.402969126569302
86,calibration,0.25,both,0.06447377871449422,0.96,0.0,137.6428656890006,140.3133768679574,2.7316165520879747,2.632289067568888
86,calibration,0.5,both,0.08525039178306837,0.452,0.0,154.23768591826735,154.24225179038888,1.905212225521028,1.869816005047487
86,calibration,0.75,both,0.11244636264333621,0.002,1.0,169.00980014227963,168.1244672610427,1.4061226754703233,1.3989868464788786
86,calibration,1.0,both,0.15803337524767563,0.002,1.0,180.0,180.0,1.0,1.0
86,power,-1.0,unweighted,0.1778594269166286,0.002,1.0,180.0,180.0,1.0,1.0
86,power,0.0,both,0.060250296230150754,0.98,0.0,114.53663139823449,121.76419149432482,4.765611293565413,4.402969126569302
86,power,0.25,both,0.0820809865297031,0.556,0.0,137.6428656890006,140.3133768679574,2.7316165520879747,2.632289067568888
86,power,0.5,both,0.10504082602846512,0.038,1.0,154.23768591826735,154.24225179038888,1.905212225521028,1.869816005047487
86,power,0.75,both,0.1333789895816495,0.002,1.0,169.00980014227963,168.1244672610427,1.4061226754703233,1.3989868464788786
86,power,1.0,both,0.1778594269166286,0.002,1.0,180.0,180.0,1.0,1.0
87,calibration,-1.0,unweighted,0.1686498304374333,0.002,1.0,180.0,180.0,1.0,1.0
87,calibration,0.0,both,0.039822344237349344,1.0,0.0,96.89501083423241,103.91678579160907,5.753479185542726,5.879248469650766
87,calibration,0.25,both,0.06023171524574217,0.978,0.0,124.70768499085615,130.36743112118788,3.047184489225709,3.070576004569004
87,calibration,0.5,both,0.08269534778808227,0.612,0.0,143.71136440236643,148.0897119391361,2.075456340649281,2.06434806341363
87,calibration,0.75,both,0.11282557844019452,0.018,1.0,162.5241755089105,164.97091910056722,1.500810498103423,1.4825061949139677
87,calibration,1.0,both,0.1686498304374333,0.002,1.0,180.0,180.0,1.0,1.0
87,power,-1.0,unweighted,0.19283504896357262,0.002,1.0,180.0,180.0,1.0,1.0
87,power,0.0,both,0.055081133994978174,0.986,0.0,96.89501083423241,103.91678579160907,5.753479185542726,5.879248469650766
87,power,0.25,both,0.08036042995365437,0.672,0.0,124.70768499085615,130.36743112118788,3.047184489225709,3.070576004569004
87,power,0.5,both,0.10599867671976676,0.066,0.0,143.71136440236643,148.0897119391361,2.075456340649281,2.06434806341363
87,power,0.75,both,0.1377607950983556,0.002,1.0,162.5241755089105,164.97091910056722,1.500810498103423,1.4825061949139677
87,power,1.0,both,0.19283504896357262,0.002,1.0,180.0,180.0,1.0,1.0
88,calibration,-1.0,unweighted,0.1599631439567139,0.002,1.0,180.0,180.0,1.0,1.0
88,calibration,0.0,both,0.04739884425099922,1.0,0.0,120.46438371836885,114.07343298457,4.935410981596646,3.489586348508944
88,calibration,0.25,both,0.06568419633941212,0.968,0.0,141.82287763792758,133.9902348722226,2.773124899282428,2.3925827260008563
88,calibration,0.5,both,0.08636913643522927,0.434,0.0,156.57404244390975,150.5317703726862,1.9111823623656832,1.8053164156936106
88,calibration,0.75,both,0.1138543506685413,0.006,1.0,169.69303871514055,167.00913432191518,1.4031985227088837,1.389843350670836
88,calibration,1.0,both,0.1599631439567139,0.002,1.0,180.0,180.0,1.0,1.0
88,power,-1.0,unweighted,0.17893453741807652,0.002,1.0,180.0,180.0,1.0,1.0
88,power,0.0,both,0.06158801927886498,0.98,0.0,120.46438371836885,114.07343298457,4.935410981596646,3.489586348508944
88,power,0.25,both,0.08280097063779286,0.574,0.0,141.82287763792758,133.9902348722226,2.773124899282428,2.3925827260008563
88,power,0.5,both,0.10541908370073512,0.042,1.0,156.57404244390975,150.5317703726862,1.9111823623656832,1.8053164156936106
88,power,0.75,both,0.13386566244127318,0.002,1.0,169.69303871514055,167.00913432191518,1.4031985227088837,1.389843350670836
88,power,1.0,both,0.17893453741807652,0.002,1.0,180.0,180.0,1.0,1.0
89,calibration,-1.0,unweighted,0.1605809137326627,0.002,1.0,180.0,180.0,1.0,1.0
89,calibration,0.0,both,0.0305113692651916,1.0,0.0,93.86382715076888,96.64823856243179,5.2019665892280225,5.846626165693953
89,calibration,0.25,both,0.046019971818442744,1.0,0.0,118.09399853349595,123.22507496387831,3.0225594184591875,3.1572982509789704
89,calibration,0.5,both,0.0649063712229158,0.966,0.0,137.15245193098048,140.5125386654649,2.1245135816385354,2.148683271933376
89,calibration,0.75,both,0.09322237263041847,0.22,0.0,157.15057080302125,158.29742198588085,1.5532565659002322,1.5496138143886702
89,calibration,1.0,both,0.1605809137326627,0.002,1.0,180.0,180.0,1.0,1.0
89,power,-1.0,unweighted,0.1825855557460753,0.002,1.0,180.0,180.0,1.0,1.0
89,power,0.0,both,0.043085065992834334,1.0,0.0,93.86382715076888,96.64823856243179,5.2019665892280225,5.846626165693953
89,power,0.25,both,0.06276728203516066,0.97,0.0,118.09399853349595,123.22507496387831,3.0225594184591875,3.1572982509789704
89,power,0.5,both,0.08496118986068928,0.514,0.0,137.15245193098048,140.5125386654649,2.1245135816385354,2.148683271933376
89,power,0.75,both,0.11572930633626495,0.006,1.0,157.15057080302125,158.29742198588085,1.5532565659002322,1.5496138143886702
89,power,1.0,both,0.18258555574607527,0.002,1.0,180.0,180.0,1.0,1.0
90,calibration,-1.0,unweighted,0.16688392775491542,0.002,1.0,180.0,180.0,1.0,1.0
90,calibration,0.0,both,0.03742313214077211,1.0,0.0,95.79055115407864,105.43443281633104,7.52082512917745,4.365456249507925
90,calibration,0.25,both,0.05692574314979493,0.996,0.0,127.08151889999515,127.62561215709333,3.346293027795706,2.7353200776703366
90,calibration,0.5,both,0.07790302948779662,0.764,0.0,144.8625670521485,144.35677703885085,2.1581927418452143,1.9754278879823426
90,calibration,0.75,both,0.1071447327773888,0.036,1.0,162.07727512858503,161.75205323134986,1.5232053760553386,1.4757451037045934
90,calibration,1.0,both,0.16688392775491542,0.002,1.0,180.0,180.0,1.0,1.0
90,power,-1.0,unweighted,0.1881208981100442,0.002,1.0,180.0,180.0,1.0,1.0
90,power,0.0,both,0.05059862388038429,0.998,0.0,95.79055115407864,105.43443281633104,7.52082512917745,4.365456249507925
90,power,0.25,both,0.07457436131714427,0.82,0.0,127.08151889999515,127.62561215709333,3.346293027795706,2.7353200776703366
90,power,0.5,both,0.09850842440041566,0.164,0.0,144.8625670521485,144.35677703885085,2.1581927418452143,1.9754278879823426
90,power,0.75,both,0.12960762926446404,0.002,1.0,162.07727512858503,161.75205323134986,1.5232053760553386,1.4757451037045934
90,power,1.0,both,0.1881208981100442,0.002,1.0,180.0,180.0,1.0,1.0
91,calibration,-1.0,unweighted,0.1462303726566072,0.002,1.0,180.0,180.0,1.0,1.0
91,calibration,0.0,both,0.03257810420372624,1.0,0.0,96.35205705039328,109.8960909913999,9.116392038499699,4.639148596163864
91,calibration,0.25,both,0.050377587801910914,1.0,0.0,132.68783886010812,131.87314846267844,3.4582227440411932,2.7530042972401345
91,calibration,0.5,both,0.06932446292592848,0.93,0.0,150.27354001177545,148.7646842198386,2.1440667757311016,1.9483473914583618
91,calibration,0.75,both,0.09560009039065431,0.176,0.0,166.33944998632168,165.24567518802976,1.4898905849908362,1.4438913879588606
91,calibration,1.0,both,0.1462303726566072,0.002,1.0,180.0,180.0,1.0,1.0
91,power,-1.0,unweighted,0.167094016727633,0.002,1.0,180.0,180.0,1.0,1.0
91,power,0.0,both,0.04288817347662008,1.0,0.0,96.35205705039328,109.8960909913999,9.116392038499699,4.639148596163864
91,power,0.25,both,0.06515752502778248,0.964,0.0,132.68783886010812,131.87314846267844,3.4582227440411932,2.7530042972401345
91,power,0.5,both,0.08735914462632802,0.41,0.0,150.27354001177545,148.7646842198386,2.1440667757311016,1.9483473914583618
91,power,0.75,both,0.11610989433508064,0.004,1.0,166.33944998632168,165.24567518802976,1.4898905849908362,1.4438913879588606
91,power,1.0,both,0.16709401672763297,0.002,1.0,180.0,180.0,1.0,1.0
92,calibration,-1.0,unweighted,0.16257386450236244,0.002,1.0,180.0,180.0,1.0,1.0
92,calibration,0.0,both,0.033618451789848104,1.0,0.0,92.92467411268488,90.14004164676771,6.8765046427732175,6.760766948861452
92,calibration,0.25,both,0.0530410215746835,1.0,0.0,123.82143090034772,124.87653368511808,3.2817641680068013,3.2715869894109244
92,calibration,0.5,both,0.07416101438160268,0.856,0.0,142.851961094705,143.69551075820655,2.1583532430143384,2.1516816498029363
92,calibration,0.75,both,0.10328205273988372,0.054,0.0,161.31670483349976,161.63834662550218,1.5317440933263964,1.5274648076103707
92,calibration,1.0,both,0.16257386450236244,0.002,1.0,180.0,180.0,1.0,1.0
92,power,-1.0,unweighted,0.18534079789666208,0.002,1.0,180.0,180.0,1.0,1.0
92,power,0.0,both,0.046284983603545854,1.0,0.0,92.92467411268488,90.14004164676771,6.8765046427732175,6.760766948861452
92,power,0.25,both,0.07089037191505038,0.892,0.0,123.82143090034772,124.87653368511808,3.2817641680068013,3.2715869894109244
92,power,0.5,both,0.09557165972005273,0.172,0.0,142.851961094705,143.69551075820655,2.1583532430143384,2.1516816498029363
92,power,0.75,both,0.1269567016719732,0.002,1.0,161.31670483349976,161.63834662550218,1.5317440933263964,1.5274648076103707
92,power,1.0,both,0.18534079789666208,0.002,1.0,180.0,180.0,1.0,1.0
93,calibration,-1.0,unweighted,0.13981562452370067,0.002,1.0,180.0,180.0,1.0,1.0
93,calibration,0.0,both,0.04121514621971299,1.0,0.0,118.24747501334963,119.14452833620254,3.941442628479076,5.174959768498987
93,calibration,0.25,both,0.05608486235777903,1.0,0.0,138.14758944267533,142.1160675040313,2.5101640998073442,2.8093169136810863
93,calibration,0.5,both,0.07294181928470876,0.88,0.0,153.32269281608296,156.4781812163332,1.8314299488169348,1.9168636697376642
93,calibration,0.75,both,0.09615733465091467,0.16,0.0,167.92265000624184,169.195509342719,1.3891121025363453,1.404712893902458
93,calibration,1.0,both,0.13981562452370067,0.002,1.0,180.0,180.0,1.0,1.0
93,power,-1.0,unweighted,0.1646621980262155,0.002,1.0,180.0,180.0,1.0,1.0
93,power,0.0,both,0.05891878359296136,0.994,0.0,118.24747501334963,119.14452833620254,3.941442628479076,5.174959768498987
93,power,0.25,both,0.07746567896894438,0.76,0.0,138.14758944267533,142.1160675040313,2.5101640998073442,2.8093169136810863
93,power,0.5,both,0.09693375199395546,0.154,0.0,153.32269281608296,156.4781812163332,1.8314299488169348,1.9168636697376642
93,power,0.75,both,0.12178260219922112,0.002,1.0,167.92265000624184,169.195509342719,1.3891121025363453,1.404712893902458
93,power,1.0,both,0.1646621980262155,0.002,1.0,180.0,180.0,1.0,1.0
94,calibration,-1.0,unweighted,0.16503219878829445,0.002,1.0,180.0,180.0,1.0,1.0
94,calibration,0.0,both,0.03086947300119779,1.0,0.0,91.20264312093423,98.53840824670692,6.185987848445479,4.8884706706228895
94,calibration,0.25,both,0.04886202888077784,1.0,0.0,118.92405782905651,122.08864332761581,3.2272324263691345,2.944784379616571
94,calibration,0.5,both,0.06921431780329534,0.918,0.0,137.63483902814033,139.7283850620151,2.184083409634497,2.0868779443954737
94,calibration,0.75,both,0.09811136390282924,0.126,0.0,156.8734214820452,158.00491788541916,1.569662599653345,1.5352676319314302
94,calibration,1.0,both,0.16503219878829445,0.002,1.0,180.0,180.0,1.0,1.0
94,power,-1.0,unweighted,0.18643300468678553,0.002,1.0,180.0,180.0,1.0,1.0
94,power,0.0,both,0.04250572263521206,1.0,0.0,91.20264312093423,98.53840824670692,6.185987848445479,4.8884706706228895
94,power,0.25,both,0.06567576611305666,0.96,0.0,118.92405782905651,122.08864332761581,3.2272324263691345,2.944784379616571
94,power,0.5,both,0.08976632443869009,0.35,0.0,137.63483902814033,139.7283850620151,2.184083409634497,2.0868779443954737
94,power,0.75,both,0.12112571037909334,0.002,1.0,156.8734214820452,158.00491788541916,1.569662599653345,1.5352676319314302
94,power,1.0,both,0.18643300468678553,0.002,1.0,180.0,180.0,1.0,1.0
95,calibration,-1.0,unweighted,0.17794243731900625,0.002,1.0,180.0,180.0,1.0,1.0
95,calibration,0.0,both,0.03364556561054521,1.0,0.0,86.4581511975663,75.46749667905681,6.501095125486094,8.710803284193934
95,calibration,0.25,both,0.0550245105741272,0.994,0.0,117.2256906993518,112.9863611350496,3.362271702439055,3.6798397993890313
95,calibration,0.5,both,0.07742367063987785,0.758,0.0,137.02670187624253,133.50533674944953,2.2480003142280607,2.351086064790586
95,calibration,0.75,both,0.10775599708885603,0.02,1.0,156.0033379746196,153.16851593731948,1.5964531737389023,1.6396865710327726
95,calibration,1.0,both,0.17794243731900625,0.002,1.0,180.0,180.0,1.0,1.0
95,power,-1.0,unweighted,0.20118595679012347,0.002,1.0,180.0,180.0,1.0,1.0
95,power,0.0,both,0.047981093037230804,0.996,0.0,86.4581511975663,75.46749667905681,6.501095125486094,8.710803284193934
95,power,0.25,both,0.07482650384863099,0.814,0.0,117.2256906993518,112.9863611350496,3.362271702439055,3.6798397993890313
95,power,0.5,both,0.10087131807529823,0.108,0.0,137.02670187624253,133.50533674944953,2.2480003142280607,2.351086064790586
95,power,0.75,both,0.13351656639281786,0.002,1.0,156.0033379746196,153.16851593731948,1.5964531737389023,1.6396865710327726
95,power,1.0,both,0.20118595679012347,0.002,1.0,180.0,180.0,1.0,1.0
96,calibration,-1.0,unweighted,0.17172305574607533,0.002,1.0,180.0,180.0,1.0,1.0
96,calibration,0.0,both,0.027285884403688506,1.0,0.0,77.32608386959225,92.66331974457312,10.586582285929834,4.794765229901145
96,calibration,0.25,both,0.04836407648367757,1.0,0.0,118.69085632311076,117.64413205585572,3.8223785706113795,2.9408411065057507
96,calibration,0.5,both,0.0708076215396359,0.882,0.0,139.89728574242375,136.20977126037428,2.342394489928646,2.105674080884347
96,calibration,0.75,both,0.10252165979009345,0.058,0.0,159.93976974304942,155.8504752046951,1.5966063668969104,1.5558082871059176
96,calibration,1.0,both,0.17172305574607533,0.002,1.0,180.0,180.0,1.0,1.0
96,power,-1.0,unweighted,0.19302268518518523,0.002,1.0,180.0,180.0,1.0,1.0
96,power,0.0,both,0.037508178492993954,1.0,0.0,77.32608386959225,92.66331974457312,10.586582285929834,4.794765229901145
96,power,0.25,both,0.06460581672081397,0.96,0.0,118.69085632311076,117.64413205585572,3.8223785706113795,2.9408411065057507
96,power,0.5,both,0.09109971148539579,0.304,0.0,139.89728574242375,136.20977126037428,2.342394489928646,2.105674080884347
96,power,0.75,both,0.12548516750358793,0.004,1.0,159.93976974304942,155.8504752046951,1.5966063668969104,1.5558082871059176
96,power,1.0,both,0.1930226851851852,0.002,1.0,180.0,180.0,1.0,1.0
97,calibration,-1.0,unweighted,0.14141191319920743,0.002,1.0,180.0,180.0,1.0,1.0
97,calibration,0.0,both,0.03595384982684339,1.0,0.0,109.07959587774829,120.48656814155714,4.586075744288935,3.836135468271375
97,calibration,0.25,both,0.05131800718831778,0.998,0.0,132.22716557459785,139.4156723960219,2.718465955335684,2.5049424664882607
97,calibration,0.5,both,0.06901351381787654,0.928,0.0,148.9407492425405,154.0832136352321,1.9287884697613489,1.8366141218341572
97,calibration,0.75,both,0.09364649962867018,0.214,0.0,165.4236433007273,167.97711278679196,1.4352225262060903,1.3927281045936646
97,calibration,1.0,both,0.14141191319920743,0.002,1.0,180.0,180.0,1.0,1.0
97,power,-1.0,unweighted,0.16447661560737692,0.002,1.0,180.0,180.0,1.0,1.0
97,power,0.0,both,0.05000890015426085,1.0,0.0,109.07959587774829,120.48656814155714,4.586075744288935,3.836135468271375
97,power,0.25,both,0.06933035460004815,0.912,0.0,132.22716557459785,139.4156723960219,2.718465955335684,2.5049424664882607
97,power,0.5,both,0.0900886423696022,0.33,0.0,148.9407492425405,154.0832136352321,1.9287884697613489,1.8366141218341572
97,power,0.75,both,0.1168721781232174,0.006,1.0,165.4236433007273,167.97711278679196,1.4352225262060903,1.3927281045936646
97,power,1.0,both,0.16447661560737692,0.002,1.0,180.0,180.0,1.0,1.0
98,calibration,-1.0,unweighted,0.17028461934156378,0.002,1.0,180.0,180.0,1.0,1.0
98,calibration,0.0,both,0.03487090355680875,1.0,0.0,90.21358985820869,88.69920708942036,7.800452871011716,6.944686310506786
98,calibration,0.25,both,0.05586466675617973,0.992,0.0,122.85722039925516,119.68251626588459,3.470255439205627,3.343235956358865
98,calibration,0.5,both,0.07741001529237276,0.738,0.0,141.26835271133356,139.15404486017607,2.2304479242167816,2.206204572797029
98,calibration,0.75,both,0.10659259183457051,0.024,1.0,158.52529788975423,158.15663181539975,1.5667995336930503,1.566183496994256
98,calibration,1.0,both,0.17028461934156378,0.002,1.0,180.0,180.0,1.0,1.0
98,power,-1.0,unweighted,0.1906644795000762,0.002,1.0,180.0,180.0,1.0,1.0
98,power,0.0,both,0.047470589905505595,1.0,0.0,90.21358985820869,88.69920708942036,7.800452871011716,6.944686310506786
98,power,0.25,both,0.073660603435042,0.832,0.0,122.85722039925516,119.68251626588459,3.470255439205627,3.343235956358865
98,power,0.5,both,0.09838657894730857,0.124,0.0,141.26835271133356,139.15404486017607,2.2304479242167816,2.206204572797029
98,power,0.75,both,0.12927592561652074,0.002,1.0,158.52529788975423,158.15663181539975,1.5667995336930503,1.566183496994256
98,power,1.0,both,0.1906644795000762,0.002,1.0,180.0,180.0,1.0,1.0
99,calibration,-1.0,unweighted,0.16445591754305744,0.002,1.0,180.0,180.0,1.0,1.0
99,calibration,0.0,both,0.048491276562890484,0.998,0.0,111.70097232081393,111.86473863412708,5.689587028933529,3.821192363233292
99,calibration,0.25,both,0.06778816783861229,0.942,0.0,136.68427160089232,132.33772849143168,2.9664337621556065,2.520084939295482
99,calibration,0.5,both,0.0883974349734265,0.396,0.0,152.48324869349085,148.67790022471866,1.9954738768385158,1.865488364482033
99,calibration,0.75,both,0.11537553933854018,0.002,1.0,166.9790199916551,164.87405671786811,1.4441154291997724,1.419928991039529
99,calibration,1.0,both,0.16445591754305744,0.002,1.0,180.0,180.0,1.0,1.0
99,power,-1.0,unweighted,0.18541912532388355,0.002,1.0,180.0,180.0,1.0,1.0
99,power,0.0,both,0.06362607751940465,0.96,0.0,111.70097232081393,111.86473863412708,5.689587028933529,3.821192363233292
99,power,0.25,both,0.08654643372631962,0.46,0.0,136.68427160089232,132.33772849143168,2.9664337621556065,2.520084939295482
99,power,0.5,both,0.10950340824502411,0.02,1.0,152.48324869349085,148.67790022471866,1.9954738768385158,1.865488364482033
99,power,0.75,both,0.1376771658681512,0.002,1.0,166.9790199916551,164.87405671786811,1.4441154291997724,1.419928991039529
99,power,1.0,both,0.18541912532388355,0.002,1.0,180.0,180.0,1.0,1.0
