repeat,scenario,mode,statistic,pvalue,reject,source_ess,target_ess,source_max_weight,target_max_weight
0,source_only,unweighted,0.1273029340039628,0.002,1.0,180.0,180.0,1.0,1.0
0,source_only,source,0.09073199861770197,0.264,0.0,149.0663334119833,180.0,1.9351246592125373,1.0
0,source_only,target,0.1056125629684698,0.02,1.0,180.0,164.05255402893837,1.0,2.0142527372464336
0,source_only,both,0.07137896845811541,0.872,0.0,149.0663334119833,164.05255402893837,1.9351246592125373,2.0142527372464336
0,target_only,unweighted,0.15259541895290352,0.002,1.0,180.0,180.0,1.0,1.0
0,target_only,source,0.13679021751620488,0.002,1.0,165.4688904498945,180.0,1.7683842871070548,1.0
0,target_only,target,0.10259568930345486,0.06,0.0,180.0,150.56823215796948,1.0,2.0797899156386825
0,target_only,both,0.08630833264853616,0.462,0.0,165.4688904498945,150.56823215796948,1.7683842871070548,2.0797899156386825
0,both_sides,unweighted,0.17887530197378448,0.002,1.0,180.0,180.0,1.0,1.0
0,both_sides,source,0.1409228690233099,0.002,1.0,135.2419756938466,180.0,2.260283673853166,1.0
0,both_sides,target,0.12098290960323496,0.002,1.0,180.0,136.01210373598704,1.0,2.4578648188440146
0,both_sides,both,0.07942703609188989,0.69,0.0,135.2419756938466,136.01210373598704,2.260283673853166,2.4578648188440146
1,source_only,unweighted,0.11843525281969212,0.004,1.0,180.0,180.0,1.0,1.0
1,source_only,source,0.08118910462184684,0.664,0.0,154.58113992129753,180.0,1.931207101434431,1.0
1,source_only,target,0.10004101755230871,0.07,0.0,180.0,168.42257870755762,1.0,1.7395395778315799
1,source_only,both,0.06440388426725413,0.978,0.0,154.58113992129753,168.42257870755762,1.931207101434431,1.7395395778315799
1,target_only,unweighted,0.14106768499466543,0.002,1.0,180.0,180.0,1.0,1.0
1,target_only,source,0.12796424986933225,0.002,1.0,170.8999385932889,180.0,1.6790149651661288,1.0
1,target_only,target,0.10527520208908739,0.026,1.0,180.0,163.659142921492,1.0,1.7153254330603487
1,target_only,both,0.09202809463959816,0.244,0.0,170.8999385932889,163.659142921492,1.6790149651661288,1.7153254330603487
1,both_sides,unweighted,0.16046987882944674,0.002,1.0,180.0,180.0,1.0,1.0
1,both_sides,source,0.12493974480400301,0.002,1.0,141.04725163642982,180.0,2.238187653564814,1.0
1,both_sides,target,0.11011113306041331,0.012,1.0,180.0,145.53650916494553,1.0,2.1413413723613
1,both_sides,both,0.07146786568032487,0.904,0.0,141.04725163642982,145.53650916494553,2.238187653564814,2.1413413723613
2,source_only,unweighted,0.11811583123761621,0.002,1.0,180.0,180.0,1.0,1.0
2,source_only,source,0.09454393815270447,0.172,0.0,166.49865597905153,180.0,1.5610769235091206,1.0
2,source_only,target,0.1038409523007235,0.044,1.0,180.0,173.2468790744672,1.0,1.5741922500768306
2,source_only,both,0.08114282076608259,0.628,0.0,166.49865597905153,173.2468790744672,1.5610769235091206,1.5741922500768306
2,target_only,unweighted,0.1582561013946045,0.002,1.0,180.0,180.0,1.0,1.0
2,target_only,source,0.14137597445392863,0.002,1.0,166.79345561013525,180.0,1.716441790522728,1.0
2,target_only,target,0.11620987605859932,0.006,1.0,180.0,155.68181936489265,1.0,1.9129817918186807
2,target_only,both,0.0991521208495029,0.106,0.0,166.79345561013525,155.68181936489265,1.716441790522728,1.9129817918186807
2,both_sides,unweighted,0.16945988130620332,0.002,1.0,180.0,180.0,1.0,1.0
2,both_sides,source,0.13910658826192565,0.002,1.0,147.16271741007563,180.0,1.9676687080287139,1.0
2,both_sides,target,0.11776257753518478,0.01,1.0,180.0,146.09946074853136,1.0,2.1400994792400576
2,both_sides,both,0.08501684545591626,0.49,0.0,147.16271741007563,146.09946074853136,1.9676687080287139,2.1400994792400576
3,source_only,unweighted,0.09158690557841792,0.236,0.0,180.0,180.0,1.0,1.0
3,source_only,source,0.07260432488202251,0.898,0.0,170.00833044214573,180.0,1.500743931583862,1.0
3,source_only,target,0.0820509607444321,0.626,0.0,180.0,175.59290089270888,1.0,1.3945082069699049
3,source_only,both,0.0636969592573102,0.986,0.0,170.00833044214573,175.59290089270888,1.500743931583862,1.3945082069699049
3,target_only,unweighted,0.13576192463039172,0.002,1.0,180.0,180.0,1.0,1.0
3,target_only,source,0.12578231286741282,0.002,1.0,173.35841444506215,180.0,1.5292772217151207,1.0
3,target_only,target,0.10318516102346892,0.056,0.0,180.0,165.45156294039234,1.0,1.5988542909530978
3,target_only,both,0.09321179995738357,0.262,0.0,173.35841444506215,165.45156294039234,1.5292772217151207,1.5988542909530978
3,both_sides,unweighted,0.1588966249428441,0.002,1.0,180.0,180.0,1.0,1.0
3,both_sides,source,0.13896541264028747,0.002,1.0,155.9056182957273,180.0,1.831128886560176,1.0
3,both_sides,target,0.11517944694321286,0.002,1.0,180.0,155.67412739859958,1.0,1.814111649652928
3,both_sides,both,0.09406560392782948,0.242,0.0,155.9056182957273,155.67412739859958,1.831128886560176,1.814111649652928
4,source_only,unweighted,0.09261592078189301,0.226,0.0,180.0,180.0,1.0,1.0
4,source_only,source,0.07046887281795682,0.912,0.0,167.3421215403331,180.0,1.5185587575402548,1.0
4,source_only,target,0.08273757260786319,0.564,0.0,180.0,175.34270829661796,1.0,1.412461529352297
4,source_only,both,0.061589365964506454,0.988,0.0,167.3421215403331,175.34270829661796,1.5185587575402548,1.412461529352297
4,target_only,unweighted,0.12077901044048164,0.002,1.0,180.0,180.0,1.0,1.0
4,target_only,source,0.11285449183240778,0.01,1.0,174.53144369017343,180.0,1.4164214918552387,1.0
4,target_only,target,0.09071151686613996,0.284,0.0,180.0,167.6942450375896,1.0,1.5362653523676428
4,target_only,both,0.0828011683983904,0.548,0.0,174.53144369017343,167.6942450375896,1.4164214918552387,1.5362653523676428
4,both_sides,unweighted,0.15058214830056393,0.002,1.0,180.0,180.0,1.0,1.0
4,both_sides,source,0.12284509530574783,0.002,1.0,148.66254394154677,180.0,1.902662534747034,1.0
4,both_sides,target,0.10231094063507357,0.052,0.0,180.0,150.2742503235154,1.0,1.903346402339528
4,both_sides,both,0.07227765222830014,0.872,0.0,148.66254394154677,150.2742503235154,1.902662534747034,1.903346402339528
5,source_only,unweighted,0.09971356119493979,0.078,0.0,180.0,180.0,1.0,1.0
5,source_only,source,0.07590257417150024,0.856,0.0,166.95592699329734,180.0,1.5265389943888352,1.0
5,source_only,target,0.0900963669253054,0.31,0.0,180.0,174.80268057397842,1.0,1.419969325844719
5,source_only,both,0.0670801577237866,0.978,0.0,166.95592699329734,174.80268057397842,1.5265389943888352,1.419969325844719
5,target_only,unweighted,0.11420113740283494,0.006,1.0,180.0,180.0,1.0,1.0
5,target_only,source,0.10711358654033974,0.026,1.0,176.5319126953543,180.0,1.32160221455925,1.0
5,target_only,target,0.091117239527853,0.304,0.0,180.0,172.30577772887645,1.0,1.3937341136610129
5,target_only,both,0.0839288873626118,0.572,0.0,176.5319126953543,172.30577772887645,1.32160221455925,1.3937341136610129
5,both_sides,unweighted,0.13637748151958543,0.002,1.0,180.0,180.0,1.0,1.0
5,both_sides,source,0.11281164785847084,0.008,1.0,155.46504348818596,180.0,1.7617348028804667,1.0
5,both_sides,target,0.09620711284257674,0.156,0.0,180.0,157.82091428171978,1.0,1.73822116805739
5,both_sides,both,0.07160161536580176,0.912,0.0,155.46504348818596,157.82091428171978,1.7617348028804667,1.73822116805739
6,source_only,unweighted,0.13255800468678555,0.002,1.0,180.0,180.0,1.0,1.0
6,source_only,source,0.10066528326389064,0.086,0.0,152.49421483650266,180.0,1.880272720821841,1.0
6,source_only,target,0.11094743703420643,0.012,1.0,180.0,166.0975039789549,1.0,1.7919003462003746
6,source_only,both,0.07966334760293962,0.744,0.0,152.49421483650266,166.0975039789549,1.880272720821841,1.7919003462003746
6,target_only,unweighted,0.1565295076969974,0.002,1.0,180.0,180.0,1.0,1.0
6,target_only,source,0.14099485579159932,0.002,1.0,164.28285062589433,180.0,2.0383886267783797,1.0
6,target_only,target,0.1066423359359749,0.028,1.0,180.0,151.77702568308092,1.0,1.9187154706561593
6,target_only,both,0.09020141061951013,0.316,0.0,164.28285062589433,151.77702568308092,2.0383886267783797,1.9187154706561593
6,both_sides,unweighted,0.18006393842402074,0.002,1.0,180.0,180.0,1.0,1.0
6,both_sides,source,0.14863376431855893,0.002,1.0,137.8937958522822,180.0,2.227290392264885,1.0
6,both_sides,target,0.1163593111005948,0.004,1.0,180.0,135.2671355156224,1.0,2.287621656607176
6,both_sides,both,0.07828082906808836,0.708,0.0,137.8937958522822,135.2671355156224,2.227290392264885,2.287621656607176
7,source_only,unweighted,0.10366959971803079,0.024,1.0,180.0,180.0,1.0,1.0
7,source_only,source,0.0850273835278935,0.466,0.0,168.1073842691575,180.0,1.4684797843893733,1.0
7,source_only,target,0.09102024670251907,0.256,0.0,180.0,174.45927127847025,1.0,1.4775194466691837
7,source_only,both,0.07308796100109206,0.89,0.0,168.1073842691575,174.45927127847025,1.4684797843893733,1.4775194466691837
7,target_only,unweighted,0.13602486949397957,0.002,1.0,180.0,180.0,1.0,1.0
7,target_only,source,0.1253683863264438,0.002,1.0,173.16984355280718,180.0,1.4560988712833562,1.0
7,target_only,target,0.09958183411518196,0.08,0.0,180.0,162.94127825912392,1.0,1.6755003560956383
7,target_only,both,0.08883883700068279,0.334,0.0,173.16984355280718,162.94127825912392,1.4560988712833562,1.6755003560956383
7,both_sides,unweighted,0.15873748475842098,0.002,1.0,180.0,180.0,1.0,1.0
7,both_sides,source,0.13559590112931125,0.002,1.0,153.0143869956754,180.0,1.776288903261254,1.0
7,both_sides,target,0.1109777331746361,0.012,1.0,180.0,150.21450312890295,1.0,1.9496496896618318
7,both_sides,both,0.08607048175647429,0.486,0.0,153.0143869956754,150.21450312890295,1.776288903261254,1.9496496896618318
8,source_only,unweighted,0.10473287608596252,0.032,1.0,180.0,180.0,1.0,1.0
8,source_only,source,0.07965619219613501,0.696,0.0,165.35716180220922,180.0,1.5941524532175442,1.0
8,source_only,target,0.09228205483544658,0.242,0.0,180.0,173.83374904635946,1.0,1.6005881363222212
8,source_only,both,0.06803609577097164,0.962,0.0,165.35716180220922,173.83374904635946,1.5941524532175442,1.6005881363222212
8,target_only,unweighted,0.11980171753543667,0.002,1.0,180.0,180.0,1.0,1.0
8,target_only,source,0.11381505367202115,0.008,1.0,176.61890188076296,180.0,1.344590433496379,1.0
8,target_only,target,0.09661910246016757,0.128,0.0,180.0,172.9339330420619,1.0,1.4999818266129774
8,target_only,both,0.09059269334119159,0.254,0.0,176.61890188076296,172.9339330420619,1.344590433496379,1.4999818266129774
8,both_sides,unweighted,0.13704934461210183,0.002,1.0,180.0,180.0,1.0,1.0
8,both_sides,source,0.1125203591117155,0.006,1.0,154.8448897769422,180.0,1.8165084389568413,1.0
8,both_sides,target,0.09655553308297501,0.13,0.0,180.0,158.00875280600997,1.0,1.9136287339073716
8,both_sides,both,0.07094950223213181,0.918,0.0,154.8448897769422,158.00875280600997,1.8165084389568413,1.9136287339073716
9,source_only,unweighted,0.10669748799725651,0.016,1.0,180.0,180.0,1.0,1.0
9,source_only,source,0.08156256439877606,0.61,0.0,164.68249575209236,180.0,1.5962731625164976,1.0
9,source_only,target,0.09382269118617675,0.188,0.0,180.0,173.0154737952756,1.0,1.6865087026045287
9,source_only,both,0.06975926594673386,0.93,0.0,164.68249575209236,173.0154737952756,1.5962731625164976,1.6865087026045287
9,target_only,unweighted,0.14090974698978814,0.002,1.0,180.0,180.0,1.0,1.0
9,target_only,source,0.1287265238800958,0.002,1.0,171.252960343379,180.0,1.6950659769607574,1.0
9,target_only,target,0.10315739486174394,0.066,0.0,180.0,162.83553870153608,1.0,1.620101389014562
9,target_only,both,0.09091083741072038,0.27,0.0,171.252960343379,162.83553870153608,1.6950659769607574,1.620101389014562
9,both_sides,unweighted,0.1663755658436214,0.002,1.0,180.0,180.0,1.0,1.0
9,both_sides,source,0.14171938858926714,0.002,1.0,151.23422019511835,180.0,1.8884194504148897,1.0
9,both_sides,target,0.11651806064626903,0.004,1.0,180.0,148.83879624010737,1.0,1.9014956340295572
9,both_sides,both,0.09025629790189113,0.322,0.0,151.23422019511835,148.83879624010737,1.8884194504148897,1.9014956340295572
10,source_only,unweighted,0.11522016365645482,0.008,1.0,180.0,180.0,1.0,1.0
10,source_only,source,0.09394087701610514,0.204,0.0,165.76855264874132,180.0,1.618544555641643,1.0
10,source_only,target,0.10054169129864414,0.1,0.0,180.0,172.81592398924155,1.0,1.5031021807089497
10,source_only,both,0.08023483173823842,0.69,0.0,165.76855264874132,172.81592398924155,1.618544555641643,1.5031021807089497
10,target_only,unweighted,0.12700026958542904,0.002,1.0,180.0,180.0,1.0,1.0
10,target_only,source,0.11643646536078746,0.002,1.0,173.5910049396918,180.0,1.496854573560321,1.0
10,target_only,target,0.0965408393169101,0.126,0.0,180.0,166.53845875433123,1.0,1.5807930260138308
10,target_only,both,0.08572299879503273,0.472,0.0,173.5910049396918,166.53845875433123,1.496854573560321,1.5807930260138308
10,both_sides,unweighted,0.154517989826246,0.002,1.0,180.0,180.0,1.0,1.0
10,both_sides,source,0.1269061575800065,0.002,1.0,152.4805458170758,180.0,1.9179178081307127,1.0
10,both_sides,target,0.1119540181295517,0.006,1.0,180.0,152.59811681235968,1.0,1.8947586922983835
10,both_sides,both,0.08264098748081011,0.57,0.0,152.4805458170758,152.59811681235968,1.9179178081307127,1.8947586922983835
11,source_only,unweighted,0.1025778825636336,0.054,0.0,180.0,180.0,1.0,1.0
11,source_only,source,0.08405126328571894,0.548,0.0,168.78414269150213,180.0,1.5345390720514906,1.0
11,source_only,target,0.08928722912475821,0.368,0.0,180.0,174.2867030737945,1.0,1.4816060418463368
11,source_only,both,0.07178336322516245,0.89,0.0,168.78414269150213,174.2867030737945,1.5345390720514906,1.4816060418463368
11,target_only,unweighted,0.12463384964182289,0.002,1.0,180.0,180.0,1.0,1.0
11,target_only,source,0.11788368788635883,0.002,1.0,176.6762857619452,180.0,1.3861863622537685,1.0
11,target_only,target,0.10090148514113688,0.07,0.0,180.0,171.90300441067944,1.0,1.494229760554568
11,target_only,both,0.09442561329929446,0.18,0.0,176.6762857619452,171.90300441067944,1.3861863622537685,1.494229760554568
11,both_sides,unweighted,0.13266517680231674,0.002,1.0,180.0,180.0,1.0,1.0
11,both_sides,source,0.11100569631811534,0.026,1.0,156.71322077405785,180.0,1.8103139724908492,1.0
11,both_sides,target,0.09243756062959727,0.236,0.0,180.0,157.8544999463501,1.0,1.843442824456327
11,both_sides,both,0.07005460790935437,0.914,0.0,156.71322077405785,157.8544999463501,1.8103139724908492,1.843442824456327
12,source_only,unweighted,0.10184641251333637,0.048,1.0,180.0,180.0,1.0,1.0
12,source_only,source,0.07200106642912013,0.92,0.0,159.839116255628,180.0,1.691091476189249,1.0
12,source_only,target,0.08756238499095728,0.38,0.0,180.0,171.98892746830884,1.0,1.537334701874125
12,source_only,both,0.05925531126248153,0.998,0.0,159.839116255628,171.98892746830884,1.691091476189249,1.537334701874125
12,target_only,unweighted,0.13223910417619267,0.002,1.0,180.0,180.0,1.0,1.0
12,target_only,source,0.12010210981023788,0.004,1.0,172.54815919365566,180.0,1.5568529491754077,1.0
12,target_only,target,0.09859260651200127,0.094,0.0,180.0,164.58067896916305,1.0,1.6051516637712
12,target_only,both,0.08695500026185563,0.384,0.0,172.54815919365566,164.58067896916305,1.5568529491754077,1.6051516637712
12,both_sides,unweighted,0.1652588420210334,0.002,1.0,180.0,180.0,1.0,1.0
12,both_sides,source,0.12921873380873872,0.002,1.0,141.10554903625624,180.0,2.0639076186788934,1.0
12,both_sides,target,0.11220799171401576,0.008,1.0,180.0,144.69713571476714,1.0,2.0084500183185816
12,both_sides,both,0.07361409569507543,0.826,0.0,141.10554903625624,144.69713571476714,2.0639076186788934,2.0084500183185816
13,source_only,unweighted,0.10744534655540314,0.016,1.0,180.0,180.0,1.0,1.0
13,source_only,source,0.08403783084630174,0.508,0.0,167.02116713795266,180.0,1.5576004395089,1.0
13,source_only,target,0.09545571025097846,0.124,0.0,180.0,174.07212938002834,1.0,1.5302303134642357
13,source_only,both,0.07295249269249923,0.884,0.0,167.02116713795266,174.07212938002834,1.5576004395089,1.5302303134642357
13,target_only,unweighted,0.12059214772900473,0.002,1.0,180.0,180.0,1.0,1.0
13,target_only,source,0.10975851985384653,0.012,1.0,174.9380409918143,180.0,1.391724490185093,1.0
13,target_only,target,0.09850920579925454,0.088,0.0,180.0,171.8152489166806,1.0,1.499978227902179
13,target_only,both,0.08797384545407785,0.37,0.0,174.9380409918143,171.8152489166806,1.391724490185093,1.499978227902179
13,both_sides,unweighted,0.14262732148300564,0.002,1.0,180.0,180.0,1.0,1.0
13,both_sides,source,0.11742349087885137,0.002,1.0,158.17054881996182,180.0,1.749790993072763,1.0
13,both_sides,target,0.10825259531867434,0.016,1.0,180.0,160.91641212441675,1.0,1.7949135089344286
13,both_sides,both,0.08296392774705838,0.576,0.0,158.17054881996182,160.91641212441675,1.749790993072763,1.7949135089344286
14,source_only,unweighted,0.0904469935985368,0.276,0.0,180.0,180.0,1.0,1.0
14,source_only,source,0.07623620884039714,0.816,0.0,171.57778742936614,180.0,1.3649767125450771,1.0
14,source_only,target,0.08019716114334638,0.702,0.0,180.0,175.80611274686544,1.0,1.479611018423809
14,source_only,both,0.0665255218782389,0.97,0.0,171.57778742936614,175.80611274686544,1.3649767125450771,1.479611018423809
14,target_only,unweighted,0.12916183222831884,0.002,1.0,180.0,180.0,1.0,1.0
14,target_only,source,0.11888255431467554,0.002,1.0,172.4249219576399,180.0,1.6716741256767784,1.0
14,target_only,target,0.09256146302908132,0.232,0.0,180.0,163.05131358381513,1.0,1.7537535200974157
14,target_only,both,0.08249481857678582,0.586,0.0,172.4249219576399,163.05131358381513,1.6716741256767784,1.7537535200974157
14,both_sides,unweighted,0.14775911065386377,0.002,1.0,180.0,180.0,1.0,1.0
14,both_sides,source,0.12829316780498234,0.002,1.0,155.00431653030424,180.0,1.6969641371255844,1.0
14,both_sides,target,0.09756290391750683,0.108,0.0,180.0,150.666768800929,1.0,2.0282756121880654
14,both_sides,both,0.07650341399519833,0.79,0.0,155.00431653030424,150.666768800929,1.6969641371255844,2.0282756121880654
15,source_only,unweighted,0.10788560147081239,0.014,1.0,180.0,180.0,1.0,1.0
15,source_only,source,0.08553337462444191,0.478,0.0,165.82231696869758,180.0,1.539924136576506,1.0
15,source_only,target,0.09368694546304038,0.21,0.0,180.0,174.15392665225872,1.0,1.3924763354337797
15,source_only,both,0.07199925002693944,0.912,0.0,165.82231696869758,174.15392665225872,1.539924136576506,1.3924763354337797
15,target_only,unweighted,0.12589627152873037,0.002,1.0,180.0,180.0,1.0,1.0
15,target_only,source,0.11859995162060014,0.006,1.0,176.1133949716034,180.0,1.4008335406602122,1.0
15,target_only,target,0.09999483090404035,0.074,0.0,180.0,170.6185723807722,1.0,1.4040134792721521
15,target_only,both,0.09263643273682368,0.212,0.0,176.1133949716034,170.6185723807722,1.4008335406602122,1.4040134792721521
15,both_sides,unweighted,0.13961087200884012,0.002,1.0,180.0,180.0,1.0,1.0
15,both_sides,source,0.11597139977231408,0.004,1.0,153.033301682084,180.0,1.8014982561558983,1.0
15,both_sides,target,0.09346712229908001,0.228,0.0,180.0,153.14019623066017,1.0,1.7501032818380335
15,both_sides,both,0.0690167266540097,0.932,0.0,153.033301682084,153.14019623066017,1.8014982561558983,1.7501032818380335
16,source_only,unweighted,0.11810767318244171,0.004,1.0,180.0,180.0,1.0,1.0
16,source_only,source,0.09180528540649366,0.28,0.0,161.3779445785866,180.0,1.642163409822781,1.0
16,source_only,target,0.10227501918389659,0.07,0.0,180.0,171.09984503161223,1.0,1.655201093705693
16,source_only,both,0.07720733055667978,0.806,0.0,161.3779445785866,171.09984503161223,1.642163409822781,1.655201093705693
16,target_only,unweighted,0.13529909788904132,0.002,1.0,180.0,180.0,1.0,1.0
16,target_only,source,0.1220788988652872,0.002,1.0,171.2977798057929,180.0,1.4877524694793354,1.0
16,target_only,target,0.10254294557304176,0.04,1.0,180.0,165.01736795679327,1.0,1.636588161186874
16,target_only,both,0.08928431031309117,0.332,0.0,171.2977798057929,165.01736795679327,1.4877524694793354,1.636588161186874
16,both_sides,unweighted,0.15820429336229233,0.002,1.0,180.0,180.0,1.0,1.0
16,both_sides,source,0.12806781048225224,0.002,1.0,148.33856480286127,180.0,1.8997220654396998,1.0
16,both_sides,target,0.1130393121749045,0.008,1.0,180.0,151.20522296851334,1.0,1.9641349986293037
16,both_sides,both,0.0800138048988863,0.676,0.0,148.33856480286127,151.20522296851334,1.8997220654396998,1.9641349986293037
17,source_only,unweighted,0.09972187357110196,0.06,0.0,180.0,180.0,1.0,1.0
17,source_only,source,0.07891141364357412,0.722,0.0,167.61710331738,180.0,1.5836344950541414,1.0
17,source_only,target,0.08694772440149709,0.406,0.0,180.0,173.81281136324301,1.0,1.5338976331569663
17,source_only,both,0.0673425134166376,0.96,0.0,167.61710331738,173.81281136324301,1.5836344950541414,1.5338976331569663
17,target_only,unweighted,0.12628849260783417,0.002,1.0,180.0,180.0,1.0,1.0
17,target_only,source,0.11463032148998023,0.006,1.0,174.67467559288647,180.0,1.466533741969338,1.0
17,target_only,target,0.09848954284331107,0.084,0.0,180.0,167.79648552884046,1.0,1.5997834273309774
17,target_only,both,0.08750212015654546,0.368,0.0,174.67467559288647,167.79648552884046,1.466533741969338,1.5997834273309774
17,both_sides,unweighted,0.15760349698978815,0.002,1.0,180.0,180.0,1.0,1.0
17,both_sides,source,0.1337003697989951,0.002,1.0,155.17967003871755,180.0,1.8794556166340652,1.0
17,both_sides,target,0.11232848149622926,0.01,1.0,180.0,153.08006315498136,1.0,1.9338302573231048
17,both_sides,both,0.0880469891923458,0.344,0.0,155.17967003871755,153.08006315498136,1.8794556166340652,1.9338302573231048
18,source_only,unweighted,0.1079914428059747,0.01,1.0,180.0,180.0,1.0,1.0
18,source_only,source,0.08119325759685644,0.624,0.0,164.0514272833791,180.0,1.6768409116568022,1.0
18,source_only,target,0.09534786938583188,0.128,0.0,180.0,173.84891902723504,1.0,1.5727173163335373
18,source_only,both,0.06935818323617564,0.954,0.0,164.0514272833791,173.84891902723504,1.6768409116568022,1.5727173163335373
18,target_only,unweighted,0.13317329103795153,0.002,1.0,180.0,180.0,1.0,1.0
18,target_only,source,0.12260678340617953,0.002,1.0,174.54290255313015,180.0,1.4692870542453897,1.0
18,target_only,target,0.10500364768264668,0.024,1.0,180.0,169.23342191526413,1.0,1.4833949612935793
18,target_only,both,0.09465054733133718,0.17,0.0,174.54290255313015,169.23342191526413,1.4692870542453897,1.4833949612935793
18,both_sides,unweighted,0.16389447873799726,0.002,1.0,180.0,180.0,1.0,1.0
18,both_sides,source,0.1315189266391397,0.002,1.0,148.6686191212107,180.0,2.0054347578481906,1.0
18,both_sides,target,0.12080842227742467,0.004,1.0,180.0,151.87501281077223,1.0,1.860423017220204
18,both_sides,both,0.08584788687708295,0.454,0.0,148.6686191212107,151.87501281077223,2.0054347578481906,1.860423017220204
19,source_only,unweighted,0.10094628867550678,0.064,0.0,180.0,180.0,1.0,1.0
19,source_only,source,0.0793141814875459,0.676,0.0,167.4911023484491,180.0,1.6045975770519287,1.0
19,source_only,target,0.08934426923894359,0.342,0.0,180.0,174.4318864717604,1.0,1.3871687559953185
19,source_only,both,0.068786474155347,0.948,0.0,167.4911023484491,174.4318864717604,1.6045975770519287,1.3871687559953185
19,target_only,unweighted,0.14237862273281512,0.002,1.0,180.0,180.0,1.0,1.0
19,target_only,source,0.13321841596676254,0.002,1.0,172.84160713044722,180.0,1.58118232981353,1.0
19,target_only,target,0.10252694149912114,0.056,0.0,180.0,161.59107377775845,1.0,1.5951522416369521
19,target_only,both,0.09341788194542669,0.242,0.0,172.84160713044722,161.59107377775845,1.58118232981353,1.5951522416369521
19,both_sides,unweighted,0.15710098879743942,0.002,1.0,180.0,180.0,1.0,1.0
19,both_sides,source,0.13031753803956964,0.002,1.0,150.8021768919752,180.0,1.9916913640189957,1.0
19,both_sides,target,0.10682230244908027,0.032,1.0,180.0,147.84654970681953,1.0,1.8626800345185788
19,both_sides,both,0.0781805637942628,0.726,0.0,150.8021768919752,147.84654970681953,1.9916913640189957,1.8626800345185788
20,source_only,unweighted,0.09759054736320683,0.112,0.0,180.0,180.0,1.0,1.0
20,source_only,source,0.07755172373441141,0.772,0.0,168.46553174686014,180.0,1.4905482901492804,1.0
20,source_only,target,0.08618559566949531,0.46,0.0,180.0,174.8484799202195,1.0,1.4266464914756094
20,source_only,both,0.06694980637888026,0.962,0.0,168.46553174686014,174.8484799202195,1.4905482901492804,1.4266464914756094
20,target_only,unweighted,0.12505175468678556,0.002,1.0,180.0,180.0,1.0,1.0
20,target_only,source,0.11743884918751171,0.002,1.0,175.62659115103546,180.0,1.447285401222556,1.0
20,target_only,target,0.09903779067030169,0.088,0.0,180.0,171.00074195545128,1.0,1.47068072049843
20,target_only,both,0.09160637733612144,0.25,0.0,175.62659115103546,171.00074195545128,1.447285401222556,1.47068072049843
20,both_sides,unweighted,0.1475605357415028,0.002,1.0,180.0,180.0,1.0,1.0
20,both_sides,source,0.1212262008916772,0.002,1.0,155.15897076140868,180.0,1.7669784105130024,1.0
20,both_sides,target,0.10582813626773976,0.028,1.0,180.0,155.52487483367386,1.0,1.8100908846994523
20,both_sides,both,0.07852855889249996,0.728,0.0,155.15897076140868,155.52487483367386,1.7669784105130024,1.8100908846994523
21,source_only,unweighted,0.11376888431641519,0.002,1.0,180.0,180.0,1.0,1.0
21,source_only,source,0.08300631041571395,0.558,0.0,157.13137997261586,180.0,1.8199586496373383,1.0
21,source_only,target,0.09769906930975605,0.118,0.0,180.0,170.9229801600772,1.0,1.6869550958162558
21,source_only,both,0.06806537598123187,0.952,0.0,157.13137997261586,170.9229801600772,1.8199586496373383,1.6869550958162558
21,target_only,unweighted,0.13475571844993142,0.002,1.0,180.0,180.0,1.0,1.0
21,target_only,source,0.12364173813787613,0.002,1.0,173.01975894446647,180.0,1.6369889124848331,1.0
21,target_only,target,0.10090397635174894,0.078,0.0,180.0,165.36481685052013,1.0,1.638302011157261
21,target_only,both,0.09034569412666799,0.284,0.0,173.01975894446647,165.36481685052013,1.6369889124848331,1.638302011157261
21,both_sides,unweighted,0.17560955361225422,0.002,1.0,180.0,180.0,1.0,1.0
21,both_sides,source,0.14234266720479666,0.002,1.0,145.15068590401836,180.0,2.09411317189885,1.0
21,both_sides,target,0.12386728955939413,0.002,1.0,180.0,145.7280244310864,1.0,2.0724963511964454
21,both_sides,both,0.08658765085395007,0.44,0.0,145.15068590401836,145.7280244310864,2.09411317189885,2.0724963511964454
22,source_only,unweighted,0.08838461934156377,0.374,0.0,180.0,180.0,1.0,1.0
22,source_only,source,0.07201922039533834,0.922,0.0,170.67959366652286,180.0,1.4256956043057867,1.0
22,source_only,target,0.0786852353682107,0.758,0.0,180.0,175.72565758045423,1.0,1.452954714763374
22,source_only,both,0.06286353300212474,0.994,0.0,170.67959366652286,175.72565758045423,1.4256956043057867,1.452954714763374
22,target_only,unweighted,0.1226070035055632,0.002,1.0,180.0,180.0,1.0,1.0
22,target_only,source,0.11640702475626485,0.002,1.0,176.10683985510266,180.0,1.3610106897206002,1.0
22,target_only,target,0.09290316292136362,0.222,0.0,180.0,168.63721938677654,1.0,1.5684758885254653
22,target_only,both,0.08657506170901572,0.448,0.0,176.10683985510266,168.63721938677654,1.3610106897206002,1.5684758885254653
22,both_sides,unweighted,0.13332252133821065,0.002,1.0,180.0,180.0,1.0,1.0
22,both_sides,source,0.11211713360765052,0.01,1.0,158.2185218279405,180.0,1.697782063646609,1.0
22,both_sides,target,0.09073201175252138,0.312,0.0,180.0,156.45470082551458,1.0,1.8573226327949852
22,both_sides,both,0.06860280532714944,0.946,0.0,158.2185218279405,156.45470082551458,1.697782063646609,1.8573226327949852
23,source_only,unweighted,0.10018436785550983,0.066,0.0,180.0,180.0,1.0,1.0
23,source_only,source,0.066427381863244,0.954,0.0,154.887400914102,180.0,1.8526587353255486,1.0
23,source_only,target,0.08545160562504489,0.472,0.0,180.0,170.76237396171132,1.0,1.5482264211171033
23,source_only,both,0.05324323316691193,0.998,0.0,154.887400914102,170.76237396171132,1.8526587353255486,1.5482264211171033
23,target_only,unweighted,0.1264590439719555,0.002,1.0,180.0,180.0,1.0,1.0
23,target_only,source,0.11447599668371973,0.004,1.0,171.1296841951737,180.0,1.6447413151401575,1.0
23,target_only,target,0.09512481788379046,0.158,0.0,180.0,164.94400693860663,1.0,1.5782453443457387
23,target_only,both,0.08347208073682416,0.574,0.0,171.1296841951737,164.94400693860663,1.6447413151401575,1.5782453443457387
23,both_sides,unweighted,0.1559916295153178,0.002,1.0,180.0,180.0,1.0,1.0
23,both_sides,source,0.11547197240735843,0.004,1.0,139.43209777033002,180.0,2.167905056610235,1.0
23,both_sides,target,0.11132022363692216,0.016,1.0,180.0,148.96810736604962,1.0,1.913144585799137
23,both_sides,both,0.06743649784643635,0.946,0.0,139.43209777033002,148.96810736604962,2.167905056610235,1.913144585799137
24,source_only,unweighted,0.11226204751562262,0.004,1.0,180.0,180.0,1.0,1.0
24,source_only,source,0.08352817220974759,0.6,0.0,156.2481768571078,180.0,1.8877304020820198,1.0
24,source_only,target,0.09545442153160627,0.2,0.0,180.0,169.64736607680234,1.0,1.7327179816886211
24,source_only,both,0.06764206963521649,0.952,0.0,156.2481768571078,169.64736607680234,1.8877304020820198,1.7327179816886211
24,target_only,unweighted,0.12343378295991464,0.002,1.0,180.0,180.0,1.0,1.0
24,target_only,source,0.11302389855399546,0.004,1.0,173.00465898891792,180.0,1.6105071250482588,1.0
24,target_only,target,0.09156517111201662,0.24,0.0,180.0,166.0159771227227,1.0,1.6813193191005638
24,target_only,both,0.08147180428867916,0.62,0.0,173.00465898891792,166.0159771227227,1.6105071250482588,1.6813193191005638
24,both_sides,unweighted,0.16870097831885383,0.002,1.0,180.0,180.0,1.0,1.0
24,both_sides,source,0.13707456675564497,0.002,1.0,142.3575640122459,180.0,2.2030349389966726,1.0
24,both_sides,target,0.11705030080324665,0.002,1.0,180.0,146.25827274223298,1.0,2.1468994802648056
24,both_sides,both,0.08175859663311433,0.62,0.0,142.3575640122459,146.25827274223298,2.2030349389966726,2.1468994802648056
25,source_only,unweighted,0.08945376085962506,0.33,0.0,180.0,180.0,1.0,1.0
25,source_only,source,0.07286912768830262,0.874,0.0,169.46579260383768,180.0,1.389247073982088,1.0
25,source_only,target,0.0799427107329598,0.694,0.0,180.0,175.7899885444464,1.0,1.447863823757871
25,source_only,both,0.06392067134531965,0.988,0.0,169.46579260383768,175.7899885444464,1.389247073982088,1.447863823757871
25,target_only,unweighted,0.13575584990855052,0.002,1.0,180.0,180.0,1.0,1.0
25,target_only,source,0.12609070713738407,0.002,1.0,172.66277677211852,180.0,1.6424731559184034,1.0
25,target_only,target,0.09453453716596935,0.192,0.0,180.0,161.14020002857748,1.0,1.7268802278467643
25,target_only,both,0.08520999576494061,0.522,0.0,172.66277677211852,161.14020002857748,1.6424731559184034,1.7268802278467643
25,both_sides,unweighted,0.15725950788751714,0.002,1.0,180.0,180.0,1.0,1.0
25,both_sides,source,0.1371358870319619,0.002,1.0,149.9610698023816,180.0,1.7443163941378685,1.0
25,both_sides,target,0.09902958570344528,0.104,0.0,180.0,146.4066246781234,1.0,2.0450260193541205
25,both_sides,both,0.07618988811192556,0.798,0.0,149.9610698023816,146.4066246781234,1.7443163941378685,2.0450260193541205
26,source_only,unweighted,0.12385532693187015,0.002,1.0,180.0,180.0,1.0,1.0
26,source_only,source,0.09469230448235627,0.178,0.0,161.94215436871656,180.0,1.83024580594469,1.0
26,source_only,target,0.10888869465947057,0.016,1.0,180.0,171.59011052595173,1.0,1.564057329988093
26,source_only,both,0.0811698087685841,0.642,0.0,161.94215436871656,171.59011052595173,1.83024580594469,1.564057329988093
26,target_only,unweighted,0.15820048106233808,0.002,1.0,180.0,180.0,1.0,1.0
26,target_only,source,0.14732279882283178,0.002,1.0,171.46413573793188,180.0,1.7692019201803744,1.0
26,target_only,target,0.11317661422677269,0.002,1.0,180.0,157.100463749984,1.0,1.750436934501315
26,target_only,both,0.10273937285700367,0.054,0.0,171.46413573793188,157.100463749984,1.7692019201803744,1.750436934501315
26,both_sides,unweighted,0.17185419238683128,0.002,1.0,180.0,180.0,1.0,1.0
26,both_sides,source,0.14341641986936474,0.002,1.0,145.45286794793103,180.0,2.2334301089351842,1.0
26,both_sides,target,0.11298664799867104,0.01,1.0,180.0,142.08485309962472,1.0,2.075083630613067
26,both_sides,both,0.08356941035614303,0.576,0.0,145.45286794793103,142.08485309962472,2.2334301089351842,2.075083630613067
27,source_only,unweighted,0.09440021528730376,0.172,0.0,180.0,180.0,1.0,1.0
27,source_only,source,0.06771001063065533,0.96,0.0,163.61125325841482,180.0,1.7196690084673159,1.0
27,source_only,target,0.08295287708449436,0.562,0.0,180.0,173.8914790010058,1.0,1.5927578676761875
27,source_only,both,0.05748063210231236,1.0,0.0,163.61125325841482,173.8914790010058,1.7196690084673159,1.5927578676761875
27,target_only,unweighted,0.1256065157750343,0.002,1.0,180.0,180.0,1.0,1.0
27,target_only,source,0.11607659575411758,0.006,1.0,173.43711304451222,180.0,1.5670548598688026,1.0
27,target_only,target,0.09606084861620862,0.158,0.0,180.0,168.39304137300633,1.0,1.6488356271431812
27,target_only,both,0.08660843347917957,0.436,0.0,173.43711304451222,168.39304137300633,1.5670548598688026,1.6488356271431812
27,both_sides,unweighted,0.14722522386069198,0.002,1.0,180.0,180.0,1.0,1.0
27,both_sides,source,0.1156428067658597,0.012,1.0,146.07648753922408,180.0,2.0954656435301864,1.0
27,both_sides,target,0.10382489547060558,0.05,0.0,180.0,152.65885874837906,1.0,2.0648273531191967
27,both_sides,both,0.07167505568948637,0.912,0.0,146.07648753922408,152.65885874837906,2.0954656435301864,2.0648273531191967
28,source_only,unweighted,0.12184446444901692,0.002,1.0,180.0,180.0,1.0,1.0
28,source_only,source,0.09107012559513485,0.278,0.0,160.29891726445473,180.0,1.6872589840052477,1.0
28,source_only,target,0.10617952877858172,0.02,1.0,180.0,171.0828235585008,1.0,1.6810094468653578
28,source_only,both,0.07654051479655477,0.77,0.0,160.29891726445473,171.0828235585008,1.6872589840052477,1.6810094468653578
28,target_only,unweighted,0.1347771490626429,0.002,1.0,180.0,180.0,1.0,1.0
28,target_only,source,0.1231721159111456,0.002,1.0,172.98843259144084,180.0,1.472069612145993,1.0
28,target_only,target,0.10369804242471108,0.038,1.0,180.0,166.73559631993044,1.0,1.667451677508743
28,target_only,both,0.09191374612680918,0.26,0.0,172.98843259144084,166.73559631993044,1.472069612145993,1.667451677508743
28,both_sides,unweighted,0.16658870789513797,0.002,1.0,180.0,180.0,1.0,1.0
28,both_sides,source,0.13595455164770293,0.002,1.0,147.6306051201938,180.0,1.94438482990173,1.0
28,both_sides,target,0.12082291830916905,0.002,1.0,180.0,150.89004963038906,1.0,2.049312805155455
28,both_sides,both,0.08720322089813967,0.416,0.0,147.6306051201938,150.89004963038906,1.94438482990173,2.049312805155455
29,source_only,unweighted,0.09825013622161256,0.08,0.0,180.0,180.0,1.0,1.0
29,source_only,source,0.07201362822222249,0.892,0.0,162.674703309051,180.0,1.6852098782162,1.0
29,source_only,target,0.08659597635329894,0.422,0.0,180.0,173.3437850591757,1.0,1.5199074041975136
29,source_only,both,0.06171672094695475,0.992,0.0,162.674703309051,173.3437850591757,1.6852098782162,1.5199074041975136
29,target_only,unweighted,0.13397754343850024,0.002,1.0,180.0,180.0,1.0,1.0
29,target_only,source,0.1251272400331029,0.002,1.0,173.7407822608932,180.0,1.5321543890268179,1.0
29,target_only,target,0.09650410379396981,0.134,0.0,180.0,163.73177911120126,1.0,1.620524398444311
29,target_only,both,0.08789759855747623,0.388,0.0,173.7407822608932,163.73177911120126,1.5321543890268179,1.620524398444311
29,both_sides,unweighted,0.1510356062338058,0.002,1.0,180.0,180.0,1.0,1.0
29,both_sides,source,0.12354046904780329,0.004,1.0,147.70518521063906,180.0,2.014663795818249,1.0
29,both_sides,target,0.09896740880806539,0.108,0.0,180.0,147.3730205758266,1.0,1.9649542750328337
29,both_sides,both,0.06949810026236826,0.924,0.0,147.70518521063906,147.3730205758266,2.014663795818249,1.9649542750328337
30,source_only,unweighted,0.12865106595793324,0.002,1.0,180.0,180.0,1.0,1.0
30,source_only,source,0.09429497982636764,0.174,0.0,156.48049105202134,180.0,1.8908331231899935,1.0
30,source_only,target,0.10839241950385707,0.012,1.0,180.0,168.7092309358031,1.0,1.6641361398295462
30,source_only,both,0.07562333930625503,0.812,0.0,156.48049105202134,168.7092309358031,1.8908331231899935,1.6641361398295462
30,target_only,unweighted,0.1475818158436214,0.002,1.0,180.0,180.0,1.0,1.0
30,target_only,source,0.13378486970969122,0.002,1.0,169.74722428286083,180.0,1.7180150083760317,1.0
30,target_only,target,0.10494019484006731,0.038,1.0,180.0,158.8715040848786,1.0,1.7348999321192815
30,target_only,both,0.09071834383754847,0.294,0.0,169.74722428286083,158.8715040848786,1.7180150083760317,1.7348999321192815
30,both_sides,unweighted,0.17070579180003048,0.002,1.0,180.0,180.0,1.0,1.0
30,both_sides,source,0.14136799817963447,0.002,1.0,143.20798964049234,180.0,2.1988226209894237,1.0
30,both_sides,target,0.11221235271727113,0.016,1.0,180.0,143.143107340168,1.0,2.074627897890667
30,both_sides,both,0.08000198010569468,0.704,0.0,143.20798964049234,143.143107340168,2.1988226209894237,2.074627897890667
31,source_only,unweighted,0.12461089487120865,0.002,1.0,180.0,180.0,1.0,1.0
31,source_only,source,0.0925585881401589,0.25,0.0,150.783995924206,180.0,1.9090225106155496,1.0
31,source_only,target,0.10205301195184599,0.062,0.0,180.0,166.65786685711046,1.0,1.6541864432357818
31,source_only,both,0.07109592072258736,0.902,0.0,150.783995924206,166.65786685711046,1.9090225106155496,1.6541864432357818
31,target_only,unweighted,0.13812620789513796,0.002,1.0,180.0,180.0,1.0,1.0
31,target_only,source,0.12643833927284182,0.002,1.0,169.92233496763382,180.0,1.6439796573903347,1.0
31,target_only,target,0.09868424737806478,0.092,0.0,180.0,161.31827138911038,1.0,1.6097803821668568
31,target_only,both,0.08623584527832763,0.486,0.0,169.92233496763382,161.31827138911038,1.6439796573903347,1.6097803821668568
31,both_sides,unweighted,0.16695531359548849,0.002,1.0,180.0,180.0,1.0,1.0
31,both_sides,source,0.1328896436190019,0.002,1.0,141.97309529688275,180.0,2.1150451218169506,1.0
31,both_sides,target,0.11595107312322166,0.004,1.0,180.0,145.10086590767014,1.0,1.9537219964624284
31,both_sides,both,0.07727588178773524,0.82,0.0,141.97309529688275,145.10086590767014,2.1150451218169506,1.9537219964624284
32,source_only,unweighted,0.10737563538332572,0.016,1.0,180.0,180.0,1.0,1.0
32,source_only,source,0.0817418386909152,0.58,0.0,162.3440809724091,180.0,1.6289278539203573,1.0
32,source_only,target,0.09158760779369343,0.226,0.0,180.0,171.40750245957975,1.0,1.5501445212795595
32,source_only,both,0.0669521642084808,0.972,0.0,162.3440809724091,171.40750245957975,1.6289278539203573,1.5501445212795595
32,target_only,unweighted,0.14498411732205457,0.002,1.0,180.0,180.0,1.0,1.0
32,target_only,source,0.132363667389076,0.002,1.0,170.67082191223574,180.0,1.58107121058365,1.0
32,target_only,target,0.10482062657547639,0.044,1.0,180.0,160.34325121369673,1.0,1.6969990047428813
32,target_only,both,0.0921887336006752,0.226,0.0,170.67082191223574,160.34325121369673,1.58107121058365,1.6969990047428813
32,both_sides,unweighted,0.17280118312757203,0.002,1.0,180.0,180.0,1.0,1.0
32,both_sides,source,0.14444429550080332,0.002,1.0,144.84369914836876,180.0,1.9931566709106145,1.0
32,both_sides,target,0.11228608251991573,0.008,1.0,180.0,140.37183073620304,1.0,2.089695077794776
32,both_sides,both,0.08053116391868526,0.624,0.0,144.84369914836876,140.37183073620304,1.9931566709106145,2.089695077794776
33,source_only,unweighted,0.10165570225575368,0.052,0.0,180.0,180.0,1.0,1.0
33,source_only,source,0.0751277723110248,0.864,0.0,161.8240672281311,180.0,1.6411433680867344,1.0
33,source_only,target,0.0858149027424493,0.486,0.0,180.0,170.95364378387015,1.0,1.6355594631456576
33,source_only,both,0.06078521847125647,0.99,0.0,161.8240672281311,170.95364378387015,1.6411433680867344,1.6355594631456576
33,target_only,unweighted,0.12241093583295229,0.002,1.0,180.0,180.0,1.0,1.0
33,target_only,source,0.11181312712299152,0.002,1.0,172.65708227222103,180.0,1.4581441737318925,1.0
33,target_only,target,0.08951658348342906,0.322,0.0,180.0,166.2635438731934,1.0,1.533821320125196
33,target_only,both,0.07884435657587074,0.706,0.0,172.65708227222103,166.2635438731934,1.4581441737318925,1.533821320125196
33,both_sides,unweighted,0.14813182155921356,0.002,1.0,180.0,180.0,1.0,1.0
33,both_sides,source,0.11793955356804506,0.002,1.0,151.6891918155153,180.0,1.8469964579339855,1.0
33,both_sides,target,0.10619623586754057,0.026,1.0,180.0,154.027998619195,1.0,1.8043717669334915
33,both_sides,both,0.07411627975229229,0.85,0.0,151.6891918155153,154.027998619195,1.8469964579339855,1.8043717669334915
34,source_only,unweighted,0.13621163599298886,0.002,1.0,180.0,180.0,1.0,1.0
34,source_only,source,0.10219240784436917,0.054,0.0,148.82752828455963,180.0,1.9291707327672034,1.0
34,source_only,target,0.1082819034266091,0.018,1.0,180.0,163.17767850566972,1.0,1.7812191704070608
34,source_only,both,0.0752066632070722,0.854,0.0,148.82752828455963,163.17767850566972,1.9291707327672034,1.7812191704070608
34,target_only,unweighted,0.1483013355433623,0.002,1.0,180.0,180.0,1.0,1.0
34,target_only,source,0.13483916342503557,0.002,1.0,169.57219872723263,180.0,1.605818789439815,1.0
34,target_only,target,0.10396769716548693,0.054,0.0,180.0,156.75728755141125,1.0,1.7725710716602308
34,target_only,both,0.09085714420242692,0.294,0.0,169.57219872723263,156.75728755141125,1.605818789439815,1.7725710716602308
34,both_sides,unweighted,0.19373837067520194,0.002,1.0,180.0,180.0,1.0,1.0
34,both_sides,source,0.1609709447440875,0.002,1.0,135.78953154581737,180.0,2.2308268824968596,1.0
34,both_sides,target,0.13122507371109676,0.002,1.0,180.0,134.54089301366878,1.0,2.227767705969437
34,both_sides,both,0.09265668392799724,0.278,0.0,135.78953154581737,134.54089301366878,2.2308268824968596,2.227767705969437
35,source_only,unweighted,0.09656467764060356,0.122,0.0,180.0,180.0,1.0,1.0
35,source_only,source,0.08691183131029635,0.406,0.0,176.35072055423137,180.0,1.2427901008622337,1.0
35,source_only,target,0.08971638835307652,0.304,0.0,180.0,178.186231216591,1.0,1.3008799358925884
35,source_only,both,0.08029851839904982,0.658,0.0,176.35072055423137,178.186231216591,1.2427901008622337,1.3008799358925884
35,target_only,unweighted,0.14175020957171164,0.002,1.0,180.0,180.0,1.0,1.0
35,target_only,source,0.13607551907557325,0.002,1.0,175.16252359675295,180.0,1.3505261185946322,1.0
35,target_only,target,0.10539980429691892,0.034,1.0,180.0,165.79560871543973,1.0,1.6560948963288
35,target_only,both,0.09979316636711655,0.108,0.0,175.16252359675295,165.79560871543973,1.3505261185946322,1.6560948963288
35,both_sides,unweighted,0.1546135621475385,0.002,1.0,180.0,180.0,1.0,1.0
35,both_sides,source,0.13936885261016232,0.002,1.0,159.96787296479937,180.0,1.6213322611985381,1.0
35,both_sides,target,0.10455669336534552,0.052,0.0,180.0,154.0662993664845,1.0,1.9050537417426605
35,both_sides,both,0.08821737594337074,0.376,0.0,159.96787296479937,154.0662993664845,1.6213322611985381,1.9050537417426605
36,source_only,unweighted,0.11395245484682213,0.002,1.0,180.0,180.0,1.0,1.0
36,source_only,source,0.08474740960477128,0.516,0.0,159.7665916449309,180.0,1.7020449943210885,1.0
36,source_only,target,0.10084568027065431,0.066,0.0,180.0,172.31650168145995,1.0,1.5288629109562315
36,source_only,both,0.07271417972393188,0.886,0.0,159.7665916449309,172.31650168145995,1.7020449943210885,1.5288629109562315
36,target_only,unweighted,0.14224656302392927,0.002,1.0,180.0,180.0,1.0,1.0
36,target_only,source,0.13224244104696628,0.002,1.0,172.29978082223877,180.0,1.478531062728248,1.0
36,target_only,target,0.10759575664289142,0.024,1.0,180.0,165.60269630663512,1.0,1.576962228790676
36,target_only,both,0.09710248695479454,0.122,0.0,172.29978082223877,165.60269630663512,1.478531062728248,1.576962228790676
36,both_sides,unweighted,0.16517380163084894,0.002,1.0,180.0,180.0,1.0,1.0
36,both_sides,source,0.13328274360928077,0.002,1.0,143.4607071514099,180.0,2.02392579865129,1.0
36,both_sides,target,0.1166830342667328,0.002,1.0,180.0,148.0475178668337,1.0,1.9685045314807412
36,both_sides,both,0.08108177578029084,0.656,0.0,143.4607071514099,148.0475178668337,2.02392579865129,1.9685045314807412
37,source_only,unweighted,0.09302323292943149,0.21,0.0,180.0,180.0,1.0,1.0
37,source_only,source,0.07587676003763061,0.792,0.0,167.4282795711693,180.0,1.5789705900132234,1.0
37,source_only,target,0.07948003793996014,0.664,0.0,180.0,173.82180579281788,1.0,1.4803709726997902
37,source_only,both,0.06288990821398421,0.99,0.0,167.4282795711693,173.82180579281788,1.5789705900132234,1.4803709726997902
37,target_only,unweighted,0.144274325560128,0.002,1.0,180.0,180.0,1.0,1.0
37,target_only,source,0.13185860966343305,0.002,1.0,168.66953532015665,180.0,1.6514137581147146,1.0
37,target_only,target,0.10011732623484094,0.08,0.0,180.0,157.70324573478482,1.0,1.7922746567306733
37,target_only,both,0.08713487628272114,0.368,0.0,168.66953532015665,157.70324573478482,1.6514137581147146,1.7922746567306733
37,both_sides,unweighted,0.17690609377381497,0.002,1.0,180.0,180.0,1.0,1.0
37,both_sides,source,0.15445847165127186,0.002,1.0,148.13510680929534,180.0,2.0342580835616553,1.0
37,both_sides,target,0.1188979785220941,0.002,1.0,180.0,143.28540394828931,1.0,2.0823942444393686
37,both_sides,both,0.09294475063234398,0.198,0.0,148.13510680929534,143.28540394828931,2.0342580835616553,2.0823942444393686
38,source_only,unweighted,0.11140633859167809,0.006,1.0,180.0,180.0,1.0,1.0
38,source_only,source,0.09126300198946169,0.314,0.0,168.3405790514721,180.0,1.5296331861221704,1.0
38,source_only,target,0.09944075740147737,0.114,0.0,180.0,175.2000081052435,1.0,1.4253224102201674
38,source_only,both,0.08009122971178459,0.69,0.0,168.3405790514721,175.2000081052435,1.5296331861221704,1.4253224102201674
38,target_only,unweighted,0.13732678993293704,0.002,1.0,180.0,180.0,1.0,1.0
38,target_only,source,0.12856580222698152,0.002,1.0,174.4916029104478,180.0,1.4672570119047643,1.0
38,target_only,target,0.10685084484566457,0.026,1.0,180.0,167.49667721482552,1.0,1.566278489275865
38,target_only,both,0.09791031312290556,0.116,0.0,174.4916029104478,167.49667721482552,1.4672570119047643,1.566278489275865
38,both_sides,unweighted,0.15310787132296905,0.002,1.0,180.0,180.0,1.0,1.0
38,both_sides,source,0.12297600727036229,0.002,1.0,152.73919863706874,180.0,1.8673320737088828,1.0
38,both_sides,target,0.11171087383104661,0.008,1.0,180.0,154.1606329379652,1.0,1.8633115447095532
38,both_sides,both,0.08035991878407386,0.7,0.0,152.73919863706874,154.1606329379652,1.8673320737088828,1.8633115447095532
39,source_only,unweighted,0.11112502190976986,0.012,1.0,180.0,180.0,1.0,1.0
39,source_only,source,0.08125157888911425,0.638,0.0,159.41143151242085,180.0,1.7608464522436085,1.0
39,source_only,target,0.0969278057608216,0.13,0.0,180.0,171.93090564744264,1.0,1.6002398660378934
39,source_only,both,0.06775168265428579,0.952,0.0,159.41143151242085,171.93090564744264,1.7608464522436085,1.6002398660378934
39,target_only,unweighted,0.14191261335924404,0.002,1.0,180.0,180.0,1.0,1.0
39,target_only,source,0.12703183341996024,0.002,1.0,169.4292335932859,180.0,1.6513641127961467,1.0
39,target_only,target,0.1007204760050238,0.088,0.0,180.0,159.04548992550616,1.0,1.6328963103033627
39,target_only,both,0.08579668643038801,0.478,0.0,169.4292335932859,159.04548992550616,1.6513641127961467,1.6328963103033627
39,both_sides,unweighted,0.17376205227861607,0.002,1.0,180.0,180.0,1.0,1.0
39,both_sides,source,0.13898276999147272,0.002,1.0,142.791032734208,180.0,2.12488008138441,1.0
39,both_sides,target,0.12228838424265943,0.006,1.0,180.0,143.925718387193,1.0,1.9301186408668103
39,both_sides,both,0.08414690776670762,0.538,0.0,142.791032734208,143.925718387193,2.12488008138441,1.9301186408668103
40,source_only,unweighted,0.10032768156531016,0.05,0.0,180.0,180.0,1.0,1.0
40,source_only,source,0.06726669347623834,0.976,0.0,156.42296583262714,180.0,1.7024105621292542,1.0
40,source_only,target,0.08565501270153787,0.474,0.0,180.0,169.6985743728973,1.0,1.665106924971294
40,source_only,both,0.054955332753025166,1.0,0.0,156.42296583262714,169.6985743728973,1.7024105621292542,1.665106924971294
40,target_only,unweighted,0.13002107815119646,0.002,1.0,180.0,180.0,1.0,1.0
40,target_only,source,0.11625921769857972,0.002,1.0,169.31315626017675,180.0,1.5344253388099374,1.0
40,target_only,target,0.08953327810746212,0.36,0.0,180.0,159.41504073815096,1.0,1.7678699759610625
40,target_only,both,0.07591110028485487,0.832,0.0,169.31315626017675,159.41504073815096,1.5344253388099374,1.7678699759610625
40,both_sides,unweighted,0.16884922458466695,0.002,1.0,180.0,180.0,1.0,1.0
40,both_sides,source,0.13395546153838672,0.002,1.0,140.1183055433091,180.0,2.0162350365833364,1.0
40,both_sides,target,0.11446819755935432,0.004,1.0,180.0,142.01893766317983,1.0,2.1480353093007434
40,both_sides,both,0.07665202682200549,0.78,0.0,140.1183055433091,142.01893766317983,2.0162350365833364,2.1480353093007434
41,source_only,unweighted,0.10524971326779456,0.036,1.0,180.0,180.0,1.0,1.0
41,source_only,source,0.07519566304169197,0.814,0.0,159.57432658042015,180.0,1.732133345510439,1.0
41,source_only,target,0.09004279182335886,0.292,0.0,180.0,171.35097164457375,1.0,1.521447041869872
41,source_only,both,0.06148637631607888,0.994,0.0,159.57432658042015,171.35097164457375,1.732133345510439,1.521447041869872
41,target_only,unweighted,0.1274862654320988,0.002,1.0,180.0,180.0,1.0,1.0
41,target_only,source,0.11874746961612008,0.002,1.0,175.4311350074744,180.0,1.4478887868352845,1.0
41,target_only,target,0.09974115546031695,0.08,0.0,180.0,169.35284722873615,1.0,1.479991114940294
41,target_only,both,0.09131940077291381,0.274,0.0,175.4311350074744,169.35284722873615,1.4478887868352845,1.479991114940294
41,both_sides,unweighted,0.1529940938881268,0.002,1.0,180.0,180.0,1.0,1.0
41,both_sides,source,0.12611117031511354,0.002,1.0,147.09577881468894,180.0,1.996137679345362,1.0
41,both_sides,target,0.10359005659267043,0.044,1.0,180.0,150.98979532394662,1.0,1.8652707531349222
41,both_sides,both,0.07493593013006163,0.82,0.0,147.09577881468894,150.98979532394662,1.996137679345362,1.8652707531349222
42,source_only,unweighted,0.09062760249961896,0.268,0.0,180.0,180.0,1.0,1.0
42,source_only,source,0.0673831529323093,0.974,0.0,165.83404273221183,180.0,1.6851559514964904,1.0
42,source_only,target,0.0789249004894293,0.744,0.0,180.0,173.06430313355594,1.0,1.561107135739328
42,source_only,both,0.05682182890189291,1.0,0.0,165.83404273221183,173.06430313355594,1.6851559514964904,1.561107135739328
42,target_only,unweighted,0.1287356891098918,0.002,1.0,180.0,180.0,1.0,1.0
42,target_only,source,0.11383861396304454,0.01,1.0,171.13123127988703,180.0,1.6587439291865627,1.0
42,target_only,target,0.09666368733371357,0.17,0.0,180.0,163.16325238884292,1.0,1.7296401176844973
42,target_only,both,0.08256831231857029,0.632,0.0,171.13123127988703,163.16325238884292,1.6587439291865627,1.7296401176844973
42,both_sides,unweighted,0.15236369551135498,0.002,1.0,180.0,180.0,1.0,1.0
42,both_sides,source,0.12617679420098085,0.002,1.0,149.61879144120132,180.0,2.065268647115117,1.0
42,both_sides,target,0.10437696100488592,0.054,0.0,180.0,150.1074617348532,1.0,2.0392384100770498
42,both_sides,both,0.07696565251053368,0.776,0.0,149.61879144120132,150.1074617348532,2.065268647115117,2.0392384100770498
43,source_only,unweighted,0.09182881325255296,0.262,0.0,180.0,180.0,1.0,1.0
43,source_only,source,0.07081958298981694,0.938,0.0,165.76762859901604,180.0,1.6128914124554339,1.0
43,source_only,target,0.07977408342056368,0.712,0.0,180.0,174.1142116490654,1.0,1.442800683509492
43,source_only,both,0.06000861826732934,0.996,0.0,165.76762859901604,174.1142116490654,1.6128914124554339,1.442800683509492
43,target_only,unweighted,0.12112188309708885,0.004,1.0,180.0,180.0,1.0,1.0
43,target_only,source,0.11326345716030023,0.008,1.0,174.22981138443348,180.0,1.4813472446552536,1.0
43,target_only,target,0.08812610098885419,0.414,0.0,180.0,166.81231032500594,1.0,1.5362581078626099
43,target_only,both,0.0805239793732794,0.708,0.0,174.22981138443348,166.81231032500594,1.4813472446552536,1.5362581078626099
43,both_sides,unweighted,0.15032586305441245,0.002,1.0,180.0,180.0,1.0,1.0
43,both_sides,source,0.12243398085558942,0.002,1.0,150.8657073215296,180.0,1.9413583887675823,1.0
43,both_sides,target,0.1005580926550581,0.098,0.0,180.0,149.89904892980547,1.0,1.8689933067338889
43,both_sides,both,0.07120004339888954,0.912,0.0,150.8657073215296,149.89904892980547,1.9413583887675823,1.8689933067338889
44,source_only,unweighted,0.09903995579942082,0.092,0.0,180.0,180.0,1.0,1.0
44,source_only,source,0.07296149617069628,0.878,0.0,164.09168892029666,180.0,1.629157859416404,1.0
44,source_only,target,0.0874718985146627,0.4,0.0,180.0,173.38302369719224,1.0,1.4848555273635078
44,source_only,both,0.06248946826707374,0.986,0.0,164.09168892029666,173.38302369719224,1.629157859416404,1.4848555273635078
44,target_only,unweighted,0.13209931222374638,0.002,1.0,180.0,180.0,1.0,1.0
44,target_only,source,0.12338007772116982,0.002,1.0,173.8373257821269,180.0,1.48714042730896,1.0
44,target_only,target,0.10208129929940081,0.068,0.0,180.0,168.6598581224272,1.0,1.5170213171799467
44,target_only,both,0.09330340960538698,0.24,0.0,173.8373257821269,168.6598581224272,1.48714042730896,1.5170213171799467
44,both_sides,unweighted,0.15523482605547934,0.002,1.0,180.0,180.0,1.0,1.0
44,both_sides,source,0.12454078624171262,0.002,1.0,150.77917958653492,180.0,1.9121076520407694,1.0
44,both_sides,target,0.1119443382927717,0.016,1.0,180.0,152.520146991587,1.0,1.863574472145228
44,both_sides,both,0.08026689567131151,0.694,0.0,150.77917958653492,152.520146991587,1.9121076520407694,1.863574472145228
45,source_only,unweighted,0.10220684918457554,0.05,0.0,180.0,180.0,1.0,1.0
45,source_only,source,0.07854915885467782,0.742,0.0,165.52487972813717,180.0,1.5845387053865345,1.0
45,source_only,target,0.09150824364371539,0.27,0.0,180.0,174.63572164821736,1.0,1.4052416734187898
45,source_only,both,0.0687597499831288,0.95,0.0,165.52487972813717,174.63572164821736,1.5845387053865345,1.4052416734187898
45,target_only,unweighted,0.12275233196159122,0.002,1.0,180.0,180.0,1.0,1.0
45,target_only,source,0.1151332829621074,0.002,1.0,176.06172039259016,180.0,1.3678584189873881,1.0
45,target_only,target,0.09902332644216888,0.104,0.0,180.0,171.85554346823858,1.0,1.3938679593291974
45,target_only,both,0.09119822934064553,0.26,0.0,176.06172039259016,171.85554346823858,1.3678584189873881,1.3938679593291974
45,both_sides,unweighted,0.13883231786313063,0.002,1.0,180.0,180.0,1.0,1.0
45,both_sides,source,0.11070998730558242,0.012,1.0,153.76196435524776,180.0,1.8282099156963711,1.0
45,both_sides,target,0.10034902019978575,0.082,0.0,180.0,157.86396527425072,1.0,1.7132849959950767
45,both_sides,both,0.07112985465029265,0.91,0.0,153.76196435524776,157.86396527425072,1.8282099156963711,1.7132849959950767
46,source_only,unweighted,0.10383383821063863,0.038,1.0,180.0,180.0,1.0,1.0
46,source_only,source,0.08159627473703908,0.574,0.0,164.27935466904336,180.0,1.6387441656386526,1.0
46,source_only,target,0.0886210304894734,0.346,0.0,180.0,172.14618549284572,1.0,1.5016539009523389
46,source_only,both,0.06731532690005426,0.944,0.0,164.27935466904336,172.14618549284572,1.6387441656386526,1.5016539009523389
46,target_only,unweighted,0.12376381077579639,0.002,1.0,180.0,180.0,1.0,1.0
46,target_only,source,0.11642003016115882,0.004,1.0,175.9107909546096,180.0,1.4543819800475706,1.0
46,target_only,target,0.09675131142468738,0.148,0.0,180.0,169.61957114379035,1.0,1.4743712131715379
46,target_only,both,0.08954636101039576,0.318,0.0,175.9107909546096,169.61957114379035,1.4543819800475706,1.4743712131715379
46,both_sides,unweighted,0.1443649929507697,0.002,1.0,180.0,180.0,1.0,1.0
46,both_sides,source,0.12093133327934617,0.002,1.0,153.86419471882581,180.0,1.8708210468651114,1.0
46,both_sides,target,0.10023583311608626,0.076,0.0,180.0,154.28054052972746,1.0,1.8136380733320705
46,both_sides,both,0.07565032852450757,0.804,0.0,153.86419471882581,154.28054052972746,1.8708210468651114,1.8136380733320705
47,source_only,unweighted,0.0928647633744856,0.198,0.0,180.0,180.0,1.0,1.0
47,source_only,source,0.07289190455023167,0.904,0.0,167.7775729409543,180.0,1.6516628501696529,1.0
47,source_only,target,0.08239930801983829,0.558,0.0,180.0,174.6624900851708,1.0,1.488728289477176
47,source_only,both,0.06347449084957228,0.988,0.0,167.7775729409543,174.6624900851708,1.6516628501696529,1.488728289477176
47,target_only,unweighted,0.1371373875933547,0.002,1.0,180.0,180.0,1.0,1.0
47,target_only,source,0.12827797683392772,0.002,1.0,172.61324517620193,180.0,1.6348121585662492,1.0
47,target_only,target,0.10116321419765638,0.058,0.0,180.0,164.17998193537844,1.0,1.6577076659922572
47,target_only,both,0.09207982966325558,0.258,0.0,172.61324517620193,164.17998193537844,1.6348121585662492,1.6577076659922572
47,both_sides,unweighted,0.15435114216582838,0.002,1.0,180.0,180.0,1.0,1.0
47,both_sides,source,0.13107854316705791,0.004,1.0,152.93528863122202,180.0,2.0157747549502556,1.0
47,both_sides,target,0.10680333816868366,0.016,1.0,180.0,151.34405734196122,1.0,1.9408459832871598
47,both_sides,both,0.08179131699945577,0.626,0.0,152.93528863122202,151.34405734196122,2.0157747549502556,1.9408459832871598
48,source_only,unweighted,0.10632698616826702,0.02,1.0,180.0,180.0,1.0,1.0
48,source_only,source,0.08585703644112838,0.472,0.0,165.48662919476968,180.0,1.594616910489121,1.0
48,source_only,target,0.09218856615544196,0.25,0.0,180.0,173.30226152900295,1.0,1.439600442095732
48,source_only,both,0.07252610681877021,0.86,0.0,165.48662919476968,173.30226152900295,1.594616910489121,1.439600442095732
48,target_only,unweighted,0.14224706504343848,0.002,1.0,180.0,180.0,1.0,1.0
48,target_only,source,0.12923711342296657,0.002,1.0,169.75645240756035,180.0,1.6322800640542403,1.0
48,target_only,target,0.10153888051750606,0.058,0.0,180.0,158.54118371623764,1.0,1.684985885539978
48,target_only,both,0.08857001710196342,0.35,0.0,169.75645240756035,158.54118371623764,1.6322800640542403,1.684985885539978
48,both_sides,unweighted,0.1574485215668343,0.002,1.0,180.0,180.0,1.0,1.0
48,both_sides,source,0.13391742008032517,0.002,1.0,151.1311310191772,180.0,1.9136331118093226,1.0
48,both_sides,target,0.10592813658568159,0.038,1.0,180.0,148.50164569683037,1.0,1.8691260643064367
48,both_sides,both,0.08114373257387762,0.614,0.0,151.1311310191772,148.50164569683037,1.9136331118093226,1.8691260643064367
49,source_only,unweighted,0.1321973136716964,0.002,1.0,180.0,180.0,1.0,1.0
49,source_only,source,0.10375743274481096,0.048,1.0,156.86045393264834,180.0,1.7180264473886964,1.0
49,source_only,target,0.10920935619417382,0.014,1.0,180.0,167.60035046233082,1.0,1.727693570745937
49,source_only,both,0.08149137808833812,0.654,0.0,156.86045393264834,167.60035046233082,1.7180264473886964,1.727693570745937
49,target_only,unweighted,0.16225631763450693,0.002,1.0,180.0,180.0,1.0,1.0
49,target_only,source,0.14643699881247701,0.002,1.0,166.85330579568222,180.0,1.6480359548077799,1.0
49,target_only,target,0.11444568757543468,0.006,1.0,180.0,152.96333006430487,1.0,1.917912083713402
49,target_only,both,0.09801703481031313,0.106,0.0,166.85330579568222,152.96333006430487,1.6480359548077799,1.917912083713402
49,both_sides,unweighted,0.1780339639536656,0.002,1.0,180.0,180.0,1.0,1.0
49,both_sides,source,0.14614648395588986,0.002,1.0,141.60461544400536,180.0,2.031206504343993,1.0
49,both_sides,target,0.12353327699830947,0.004,1.0,180.0,141.97199002898546,1.0,2.193660198168579
49,both_sides,both,0.08826082911937144,0.382,0.0,141.60461544400536,141.97199002898546,2.031206504343993,2.193660198168579
50,source_only,unweighted,0.10704966754305748,0.024,1.0,180.0,180.0,1.0,1.0
50,source_only,source,0.08078117963628,0.644,0.0,160.5960671514527,180.0,1.6183530644540491,1.0
50,source_only,target,0.08802017809576143,0.372,0.0,180.0,169.65983277420165,1.0,1.801241338375665
50,source_only,both,0.06260761375681996,0.996,0.0,160.5960671514527,169.65983277420165,1.6183530644540491,1.801241338375665
50,target_only,unweighted,0.1323751324112178,0.002,1.0,180.0,180.0,1.0,1.0
50,target_only,source,0.12433601775934428,0.002,1.0,172.97939102306563,180.0,1.417378095320048,1.0
50,target_only,target,0.09389051525568132,0.196,0.0,180.0,162.89323956966226,1.0,1.585856489484871
50,target_only,both,0.08548789588645242,0.464,0.0,172.97939102306563,162.89323956966226,1.417378095320048,1.585856489484871
50,both_sides,unweighted,0.16570811995122692,0.002,1.0,180.0,180.0,1.0,1.0
50,both_sides,source,0.13539588001227185,0.002,1.0,146.46983930430025,180.0,1.8872952370771785,1.0
50,both_sides,target,0.1151548764970998,0.004,1.0,180.0,146.6743771481948,1.0,1.9182915307130435
50,both_sides,both,0.08224703122900028,0.568,0.0,146.46983930430025,146.6743771481948,1.8872952370771785,1.9182915307130435
51,source_only,unweighted,0.12650661103490324,0.004,1.0,180.0,180.0,1.0,1.0
51,source_only,source,0.09280760096239085,0.242,0.0,153.95188839290773,180.0,1.821215544805599,1.0
51,source_only,target,0.10833812308800587,0.026,1.0,180.0,168.8396184932821,1.0,1.7259644323449272
51,source_only,both,0.07619737320270287,0.806,0.0,153.95188839290773,168.8396184932821,1.821215544805599,1.7259644323449272
51,target_only,unweighted,0.14999554088553574,0.002,1.0,180.0,180.0,1.0,1.0
51,target_only,source,0.13618420314090135,0.002,1.0,169.00869026996762,180.0,1.6940087068384466,1.0
51,target_only,target,0.10868931188185409,0.018,1.0,180.0,157.82621685451713,1.0,1.7217881382080564
51,target_only,both,0.09440550954134287,0.204,0.0,169.00869026996762,157.82621685451713,1.6940087068384466,1.7217881382080564
51,both_sides,unweighted,0.17357107338820302,0.002,1.0,180.0,180.0,1.0,1.0
51,both_sides,source,0.1438728954686003,0.002,1.0,137.35231323913527,180.0,2.1850630326175424,1.0
51,both_sides,target,0.11465301974243866,0.012,1.0,180.0,140.38638636971743,1.0,2.087760247967298
51,both_sides,both,0.08057718462752761,0.664,0.0,137.35231323913527,140.38638636971743,2.1850630326175424,2.087760247967298
52,source_only,unweighted,0.1172806851089773,0.002,1.0,180.0,180.0,1.0,1.0
52,source_only,source,0.08533135195458326,0.496,0.0,158.11636103243157,180.0,1.723044071518236,1.0
52,source_only,target,0.0997069773237343,0.094,0.0,180.0,169.60405485769996,1.0,1.606592257368207
52,source_only,both,0.06914240526420203,0.944,0.0,158.11636103243157,169.60405485769996,1.723044071518236,1.606592257368207
52,target_only,unweighted,0.1338155330742265,0.002,1.0,180.0,180.0,1.0,1.0
52,target_only,source,0.12130305845107822,0.002,1.0,170.69531462447387,180.0,1.6601003351320505,1.0
52,target_only,target,0.09286924765489446,0.254,0.0,180.0,160.6393415873678,1.0,1.5748709162873475
52,target_only,both,0.08059004411237908,0.668,0.0,170.69531462447387,160.6393415873678,1.6601003351320505,1.5748709162873475
52,both_sides,unweighted,0.168123872123152,0.002,1.0,180.0,180.0,1.0,1.0
52,both_sides,source,0.13552202355741313,0.002,1.0,140.58461677897864,180.0,2.0842012968885903,1.0
52,both_sides,target,0.11132017812515163,0.006,1.0,180.0,141.2097792040879,1.0,1.928130505818198
52,both_sides,both,0.07468802888687108,0.83,0.0,140.58461677897864,141.2097792040879,2.0842012968885903,1.928130505818198
53,source_only,unweighted,0.10658393347050754,0.026,1.0,180.0,180.0,1.0,1.0
53,source_only,source,0.0795137846953963,0.678,0.0,162.13311585173733,180.0,1.701211913239215,1.0
53,source_only,target,0.09350097702437316,0.176,0.0,180.0,173.68043043383304,1.0,1.6164857364570193
53,source_only,both,0.06757633045876875,0.962,0.0,162.13311585173733,173.68043043383304,1.701211913239215,1.6164857364570193
53,target_only,unweighted,0.14735929069501602,0.002,1.0,180.0,180.0,1.0,1.0
53,target_only,source,0.13153226303758947,0.002,1.0,167.69996391122177,180.0,1.7261713130096474,1.0
53,target_only,target,0.10628542234822336,0.032,1.0,180.0,158.89072791968553,1.0,1.8618524979701772
53,target_only,both,0.09038325259828398,0.304,0.0,167.69996391122177,158.89072791968553,1.7261713130096474,1.8618524979701772
53,both_sides,unweighted,0.16369825102880659,0.002,1.0,180.0,180.0,1.0,1.0
53,both_sides,source,0.13220046715194275,0.002,1.0,143.70047623478052,180.0,2.094893502133415,1.0
53,both_sides,target,0.11389909669480251,0.01,1.0,180.0,147.82952235470327,1.0,2.1366400223676503
53,both_sides,both,0.08054384459670838,0.63,0.0,143.70047623478052,147.82952235470327,2.094893502133415,2.1366400223676503
54,source_only,unweighted,0.11778920800944978,0.002,1.0,180.0,180.0,1.0,1.0
54,source_only,source,0.08617506547486448,0.454,0.0,155.19806415121934,180.0,1.7119914013044053,1.0
54,source_only,target,0.10234825007665847,0.05,0.0,180.0,170.46777114652676,1.0,1.5856018086239232
54,source_only,both,0.0715844405183501,0.884,0.0,155.19806415121934,170.46777114652676,1.7119914013044053,1.5856018086239232
54,target_only,unweighted,0.1531864311842707,0.002,1.0,180.0,180.0,1.0,1.0
54,target_only,source,0.13812849580159225,0.002,1.0,167.57471350146142,180.0,1.6322115600964564,1.0
54,target_only,target,0.10895699904878976,0.016,1.0,180.0,154.93756830875054,1.0,1.773656033878615
54,target_only,both,0.09256272806635342,0.222,0.0,167.57471350146142,154.93756830875054,1.6322115600964564,1.773656033878615
54,both_sides,unweighted,0.1827641546639232,0.002,1.0,180.0,180.0,1.0,1.0
54,both_sides,source,0.14716526115487985,0.002,1.0,138.33446529308378,180.0,2.0571703692251755,1.0
54,both_sides,target,0.12748630435339192,0.002,1.0,180.0,140.62531527858465,1.0,2.106685774469393
54,both_sides,both,0.08655102045423575,0.442,0.0,138.33446529308378,140.62531527858465,2.0571703692251755,2.106685774469393
55,source_only,unweighted,0.11246753734186862,0.008,1.0,180.0,180.0,1.0,1.0
55,source_only,source,0.0846077615096366,0.486,0.0,159.96052763729614,180.0,1.6509633187987458,1.0
55,source_only,target,0.09469361821540029,0.156,0.0,180.0,169.75291064752523,1.0,1.6405786725709912
55,source_only,both,0.06820452021774939,0.946,0.0,159.96052763729614,169.75291064752523,1.6509633187987458,1.6405786725709912
55,target_only,unweighted,0.1530406197607072,0.002,1.0,180.0,180.0,1.0,1.0
55,target_only,source,0.14353045949715504,0.002,1.0,171.42055399589714,180.0,1.5373354586663515,1.0
55,target_only,target,0.11058810822261907,0.006,1.0,180.0,159.01097112563545,1.0,1.7639951284861513
55,target_only,both,0.10098613329535051,0.07,0.0,171.42055399589714,159.01097112563545,1.5373354586663515,1.7639951284861513
55,both_sides,unweighted,0.1685548954046639,0.002,1.0,180.0,180.0,1.0,1.0
55,both_sides,source,0.14227850693155628,0.002,1.0,144.96075538082712,180.0,1.9531200863748677,1.0
55,both_sides,target,0.11166223715082388,0.018,1.0,180.0,143.10710783257196,1.0,2.106291877627407
55,both_sides,both,0.08291742772918051,0.556,0.0,144.96075538082712,143.10710783257196,1.9531200863748677,2.106291877627407
56,source_only,unweighted,0.11207368731900624,0.004,1.0,180.0,180.0,1.0,1.0
56,source_only,source,0.08804627264756357,0.402,0.0,163.5453702295445,180.0,1.6578500688595146,1.0
56,source_only,target,0.09549917455494905,0.188,0.0,180.0,171.47968536324294,1.0,1.637885513915727
56,source_only,both,0.07258351466391469,0.9,0.0,163.5453702295445,171.47968536324294,1.6578500688595146,1.637885513915727
56,target_only,unweighted,0.13423036789361378,0.002,1.0,180.0,180.0,1.0,1.0
56,target_only,source,0.1259744511307222,0.002,1.0,173.32442288787712,180.0,1.503092143634831,1.0
56,target_only,target,0.1010937528548347,0.058,0.0,180.0,166.06282563399316,1.0,1.6664219990353093
56,target_only,both,0.09262106330376729,0.224,0.0,173.32442288787712,166.06282563399316,1.503092143634831,1.6664219990353093
56,both_sides,unweighted,0.16232419981710106,0.002,1.0,180.0,180.0,1.0,1.0
56,both_sides,source,0.13646561442954677,0.002,1.0,152.08495333322261,180.0,1.9137555777941102,1.0
56,both_sides,target,0.11714462842892592,0.004,1.0,180.0,152.33174177284977,1.0,1.9934462611792183
56,both_sides,both,0.08906970581233786,0.34,0.0,152.08495333322261,152.33174177284977,1.9137555777941102,1.9934462611792183
57,source_only,unweighted,0.10790160608139004,0.01,1.0,180.0,180.0,1.0,1.0
57,source_only,source,0.08707462493640773,0.4,0.0,166.81252081093947,180.0,1.6211916158127708,1.0
57,source_only,target,0.09406053146026287,0.162,0.0,180.0,174.2304463362567,1.0,1.555538406913644
57,source_only,both,0.07395481914510127,0.858,0.0,166.81252081093947,174.2304463362567,1.6211916158127708,1.555538406913644
57,target_only,unweighted,0.1433234329751562,0.002,1.0,180.0,180.0,1.0,1.0
57,target_only,source,0.13379135674960624,0.002,1.0,173.36422599461227,180.0,1.5704417840335696,1.0
57,target_only,target,0.10551915165034045,0.026,1.0,180.0,162.98818714263894,1.0,1.7303745369959371
57,target_only,both,0.09571399013075053,0.14,0.0,173.36422599461227,162.98818714263894,1.5704417840335696,1.7303745369959371
57,both_sides,unweighted,0.16637714525224812,0.002,1.0,180.0,180.0,1.0,1.0
57,both_sides,source,0.1393784209041269,0.002,1.0,149.55918482220747,180.0,2.010531853569605,1.0
57,both_sides,target,0.1150585605635974,0.008,1.0,180.0,148.6386238393813,1.0,2.066527437318808
57,both_sides,both,0.08526838612786004,0.506,0.0,149.55918482220747,148.6386238393813,2.010531853569605,2.066527437318808
58,source_only,unweighted,0.0980903911370218,0.08,0.0,180.0,180.0,1.0,1.0
58,source_only,source,0.08035383491109585,0.708,0.0,168.88791372582455,180.0,1.5337760856324434,1.0
58,source_only,target,0.08522570355426146,0.51,0.0,180.0,174.67088007321985,1.0,1.44834688833368
58,source_only,both,0.06846984377458433,0.97,0.0,168.88791372582455,174.67088007321985,1.5337760856324434,1.44834688833368
58,target_only,unweighted,0.1265653454122847,0.002,1.0,180.0,180.0,1.0,1.0
58,target_only,source,0.11691276568282755,0.002,1.0,173.75421219272022,180.0,1.50991417141142,1.0
58,target_only,target,0.0945736849378986,0.19,0.0,180.0,165.845684226441,1.0,1.6145951854964424
58,target_only,both,0.08526092643179367,0.5,0.0,173.75421219272022,165.845684226441,1.50991417141142,1.6145951854964424
58,both_sides,unweighted,0.14885298449169335,0.002,1.0,180.0,180.0,1.0,1.0
58,both_sides,source,0.1243737200859798,0.002,1.0,154.38918604987563,180.0,1.8672780838663603,1.0
58,both_sides,target,0.10276343346481487,0.048,1.0,180.0,153.41147083485495,1.0,1.8840279323652231
58,both_sides,both,0.07726832965952918,0.776,0.0,154.38918604987563,153.41147083485495,1.8672780838663603,1.8840279323652231
59,source_only,unweighted,0.11614333657216888,0.004,1.0,180.0,180.0,1.0,1.0
59,source_only,source,0.0909198634052567,0.264,0.0,163.61201995572483,180.0,1.6201155529149134,1.0
59,source_only,target,0.10021337305005448,0.066,0.0,180.0,172.7621817310299,1.0,1.5372685606506662
59,source_only,both,0.07599417544986836,0.82,0.0,163.61201995572483,172.7621817310299,1.6201155529149134,1.5372685606506662
59,target_only,unweighted,0.1320933003734187,0.002,1.0,180.0,180.0,1.0,1.0
59,target_only,source,0.1202858841790093,0.002,1.0,173.40601110457527,180.0,1.4671682104688404,1.0
59,target_only,target,0.10364269382051029,0.044,1.0,180.0,168.08685257220196,1.0,1.565858534552919
59,target_only,both,0.09180371956236463,0.292,0.0,173.40601110457527,168.08685257220196,1.4671682104688404,1.565858534552919
59,both_sides,unweighted,0.14674532750342933,0.002,1.0,180.0,180.0,1.0,1.0
59,both_sides,source,0.11648919689535417,0.002,1.0,152.415209627467,180.0,1.8518249934310962,1.0
59,both_sides,target,0.1081290576024146,0.012,1.0,180.0,156.83237120379286,1.0,1.8527205298192189
59,both_sides,both,0.07776807591371243,0.78,0.0,152.415209627467,156.83237120379286,1.8518249934310962,1.8527205298192189
60,source_only,unweighted,0.11504366617131534,0.002,1.0,180.0,180.0,1.0,1.0
60,source_only,source,0.0855408693349215,0.478,0.0,155.67574823517958,180.0,1.743207047922947,1.0
60,source_only,target,0.09662289822589099,0.12,0.0,180.0,169.7886239882472,1.0,1.5714964003169671
60,source_only,both,0.06809358033371221,0.944,0.0,155.67574823517958,169.7886239882472,1.743207047922947,1.5714964003169671
60,target_only,unweighted,0.13780370846669715,0.002,1.0,180.0,180.0,1.0,1.0
60,target_only,source,0.12526465569961245,0.002,1.0,166.9006326331913,180.0,1.6454427562016634,1.0
60,target_only,target,0.09379250682311702,0.188,0.0,180.0,156.75809307040737,1.0,1.6622815808940976
60,target_only,both,0.08014905298197493,0.666,0.0,166.9006326331913,156.75809307040737,1.6454427562016634,1.6622815808940976
60,both_sides,unweighted,0.17171857281664382,0.002,1.0,180.0,180.0,1.0,1.0
60,both_sides,source,0.14649890132656568,0.002,1.0,141.72357958882105,180.0,2.033418353935516,1.0
60,both_sides,target,0.11568495159396461,0.002,1.0,180.0,144.4081355791855,1.0,1.894533884874801
60,both_sides,both,0.08566893066593656,0.48,0.0,141.72357958882105,144.4081355791855,2.033418353935516,1.894533884874801
61,source_only,unweighted,0.10973716944825485,0.008,1.0,180.0,180.0,1.0,1.0
61,source_only,source,0.08988504691492881,0.34,0.0,166.48560925179794,180.0,1.542139800579911,1.0
61,source_only,target,0.09386830903618704,0.21,0.0,180.0,172.74882415516635,1.0,1.4786822954094694
61,source_only,both,0.07480144530725338,0.86,0.0,166.48560925179794,172.74882415516635,1.542139800579911,1.4786822954094694
61,target_only,unweighted,0.13640324169333942,0.002,1.0,180.0,180.0,1.0,1.0
61,target_only,source,0.12789075859705512,0.002,1.0,174.0983455079781,180.0,1.4362264707421055,1.0
61,target_only,target,0.10204506163516514,0.062,0.0,180.0,166.0661152986318,1.0,1.5738570073345246
61,target_only,both,0.09348155064232386,0.212,0.0,174.0983455079781,166.0661152986318,1.4362264707421055,1.5738570073345246
61,both_sides,unweighted,0.15761550354366713,0.002,1.0,180.0,180.0,1.0,1.0
61,both_sides,source,0.13125707094949574,0.002,1.0,150.39182890012157,180.0,1.877527787038556,1.0
61,both_sides,target,0.10858217209717846,0.018,1.0,180.0,149.72651242259715,1.0,1.9291665592041571
61,both_sides,both,0.0800260744877761,0.676,0.0,150.39182890012157,149.72651242259715,1.877527787038556,1.9291665592041571
62,source_only,unweighted,0.11606645614235635,0.004,1.0,180.0,180.0,1.0,1.0
62,source_only,source,0.08624147530676729,0.464,0.0,159.02561206600288,180.0,1.709596298420138,1.0
62,source_only,target,0.09945053578345742,0.076,0.0,180.0,170.31891478732766,1.0,1.556115421529909
62,source_only,both,0.07046548059345517,0.938,0.0,159.02561206600288,170.31891478732766,1.709596298420138,1.556115421529909
62,target_only,unweighted,0.1467036398795915,0.002,1.0,180.0,180.0,1.0,1.0
62,target_only,source,0.13635646010775812,0.002,1.0,171.96671757887918,180.0,1.5451324830903252,1.0
62,target_only,target,0.10872392199370481,0.016,1.0,180.0,162.3588837910972,1.0,1.6322599387225358
62,target_only,both,0.09804602574284313,0.102,0.0,171.96671757887918,162.3588837910972,1.5451324830903252,1.6322599387225358
62,both_sides,unweighted,0.16761817939338514,0.002,1.0,180.0,180.0,1.0,1.0
62,both_sides,source,0.13871022649423093,0.002,1.0,146.62020919484434,180.0,1.966308728515815,1.0
62,both_sides,target,0.11963568882816752,0.004,1.0,180.0,149.2025249695032,1.0,1.916797166599309
62,both_sides,both,0.08781205555283216,0.384,0.0,146.62020919484434,149.2025249695032,1.966308728515815,1.916797166599309
63,source_only,unweighted,0.1052279530559366,0.016,1.0,180.0,180.0,1.0,1.0
63,source_only,source,0.08351073495289738,0.548,0.0,164.9406266870657,180.0,1.5875046821557761,1.0
63,source_only,target,0.09078035406210197,0.266,0.0,180.0,173.63140621183095,1.0,1.4546234977119776
63,source_only,both,0.0698367992871714,0.932,0.0,164.9406266870657,173.63140621183095,1.5875046821557761,1.4546234977119776
63,target_only,unweighted,0.1359144785474775,0.002,1.0,180.0,180.0,1.0,1.0
63,target_only,source,0.125428196598846,0.004,1.0,173.0339341139175,180.0,1.4808086428554679,1.0
63,target_only,target,0.10230043154247409,0.048,1.0,180.0,166.06237255149827,1.0,1.5591713728732195
63,target_only,both,0.09224001224875322,0.222,0.0,173.0339341139175,166.06237255149827,1.4808086428554679,1.5591713728732195
63,both_sides,unweighted,0.1585978680841335,0.002,1.0,180.0,180.0,1.0,1.0
63,both_sides,source,0.12959068431798984,0.002,1.0,151.49458633535028,180.0,1.8673331140169613,1.0
63,both_sides,target,0.11218370424216617,0.014,1.0,180.0,152.05718773705817,1.0,1.8372980375690604
63,both_sides,both,0.08072054335257503,0.638,0.0,151.49458633535028,152.05718773705817,1.8673331140169613,1.8372980375690604
64,source_only,unweighted,0.11614089220393231,0.004,1.0,180.0,180.0,1.0,1.0
64,source_only,source,0.09481290888755649,0.21,0.0,164.7113480980146,180.0,1.6592491233999802,1.0
64,source_only,target,0.09884652959030417,0.108,0.0,180.0,171.96705712162307,1.0,1.5295715375266952
64,source_only,both,0.07863437893842629,0.74,0.0,164.7113480980146,171.96705712162307,1.6592491233999802,1.5295715375266952
64,target_only,unweighted,0.1473260869151044,0.002,1.0,180.0,180.0,1.0,1.0
64,target_only,source,0.13767758557332932,0.002,1.0,172.28303007247297,180.0,1.561530424032068,1.0
64,target_only,target,0.10849459705505833,0.022,1.0,180.0,162.38902227098626,1.0,1.660509163185161
64,target_only,both,0.09847717239989938,0.108,0.0,172.28303007247297,162.38902227098626,1.561530424032068,1.660509163185161
64,both_sides,unweighted,0.16256900148605397,0.002,1.0,180.0,180.0,1.0,1.0
64,both_sides,source,0.13579223127809562,0.002,1.0,150.08408746129476,180.0,2.0032871244240056,1.0
64,both_sides,target,0.11055180480852117,0.012,1.0,180.0,146.79998292103542,1.0,1.9859487516340237
64,both_sides,both,0.0811656498440381,0.64,0.0,150.08408746129476,146.79998292103542,2.0032871244240056,1.9859487516340237
65,source_only,unweighted,0.10727788637402834,0.028,1.0,180.0,180.0,1.0,1.0
65,source_only,source,0.0848423434809677,0.504,0.0,164.37932204704293,180.0,1.599044156172802,1.0
65,source_only,target,0.0912212618929669,0.292,0.0,180.0,172.28954343160223,1.0,1.6133669656580303
65,source_only,both,0.06934448609294165,0.956,0.0,164.37932204704293,172.28954343160223,1.599044156172802,1.6133669656580303
65,target_only,unweighted,0.13502832933241884,0.002,1.0,180.0,180.0,1.0,1.0
65,target_only,source,0.12197567732923184,0.002,1.0,170.33748618434714,180.0,1.564285070301294,1.0
65,target_only,target,0.09534167364935558,0.168,0.0,180.0,159.73504299770536,1.0,1.7244305421079547
65,target_only,both,0.08203834854290287,0.614,0.0,170.33748618434714,159.73504299770536,1.564285070301294,1.7244305421079547
65,both_sides,unweighted,0.16169335467154397,0.002,1.0,180.0,180.0,1.0,1.0
65,both_sides,source,0.12978697190859687,0.002,1.0,147.38027886259778,180.0,1.9461323293098347,1.0
65,both_sides,target,0.11416857702417302,0.008,1.0,180.0,148.70199248366944,1.0,1.9922895514112997
65,both_sides,both,0.08027988630137166,0.668,0.0,147.38027886259778,148.70199248366944,1.9461323293098347,1.9922895514112997
66,source_only,unweighted,0.10836787932479805,0.01,1.0,180.0,180.0,1.0,1.0
66,source_only,source,0.08438304362485052,0.47,0.0,162.52992352588365,180.0,1.6113289452319342,1.0
66,source_only,target,0.09158727304012579,0.232,0.0,180.0,170.3050903162906,1.0,1.6793557210262247
66,source_only,both,0.06896450900423125,0.956,0.0,162.52992352588365,170.3050903162906,1.6113289452319342,1.6793557210262247
66,target_only,unweighted,0.1493789875781131,0.002,1.0,180.0,180.0,1.0,1.0
66,target_only,source,0.1394258809531292,0.002,1.0,170.35572822767048,180.0,1.5477675116917373,1.0
66,target_only,target,0.10402251716298967,0.04,1.0,180.0,156.6204999074086,1.0,1.8760499467180238
66,target_only,both,0.09357879708826891,0.226,0.0,170.35572822767048,156.6204999074086,1.5477675116917373,1.8760499467180238
66,both_sides,unweighted,0.16377511812223744,0.002,1.0,180.0,180.0,1.0,1.0
66,both_sides,source,0.1378025209480066,0.002,1.0,145.83800142997413,180.0,1.9523646558370826,1.0
66,both_sides,target,0.10715292598244629,0.02,1.0,180.0,143.33902084907348,1.0,2.1889889808608425
66,both_sides,both,0.07951218032661163,0.652,0.0,145.83800142997413,143.33902084907348,1.9523646558370826,2.1889889808608425
67,source_only,unweighted,0.13290347889041304,0.002,1.0,180.0,180.0,1.0,1.0
67,source_only,source,0.0927422215451651,0.222,0.0,146.3208721271844,180.0,1.9033181415929195,1.0
67,source_only,target,0.11299851098257532,0.006,1.0,180.0,167.58656797617795,1.0,1.7100660925712061
67,source_only,both,0.07425760061872319,0.832,0.0,146.3208721271844,167.58656797617795,1.9033181415929195,1.7100660925712061
67,target_only,unweighted,0.13614589239445207,0.002,1.0,180.0,180.0,1.0,1.0
67,target_only,source,0.12513842116140228,0.002,1.0,171.75347349188618,180.0,1.512290316104828,1.0
67,target_only,target,0.10241557018814149,0.074,0.0,180.0,164.24952814228172,1.0,1.595074864343549
67,target_only,both,0.09115188722988761,0.266,0.0,171.75347349188618,164.24952814228172,1.512290316104828,1.595074864343549
67,both_sides,unweighted,0.1626559823197683,0.002,1.0,180.0,180.0,1.0,1.0
67,both_sides,source,0.12053335598293843,0.002,1.0,138.88363556755607,180.0,2.066630905394289,1.0
67,both_sides,target,0.11934136997661515,0.002,1.0,180.0,147.91173094557072,1.0,1.9700426930894903
67,both_sides,both,0.07428856538968301,0.858,0.0,138.88363556755607,147.91173094557072,2.066630905394289,1.9700426930894903
68,source_only,unweighted,0.13538836781740587,0.002,1.0,180.0,180.0,1.0,1.0
68,source_only,source,0.1001967645050825,0.088,0.0,153.02984412661073,180.0,2.0247041228168694,1.0
68,source_only,target,0.11210963496838373,0.008,1.0,180.0,163.59401683924963,1.0,1.7721828269256397
68,source_only,both,0.0783661108005391,0.734,0.0,153.02984412661073,163.59401683924963,2.0247041228168694,1.7721828269256397
68,target_only,unweighted,0.15342401787075138,0.002,1.0,180.0,180.0,1.0,1.0
68,target_only,source,0.13943433290042556,0.002,1.0,170.5902789362348,180.0,1.740971451519434,1.0
68,target_only,target,0.11176916811569808,0.016,1.0,180.0,158.46255866660275,1.0,1.7168881259108084
68,target_only,both,0.09828790931274355,0.124,0.0,170.5902789362348,158.46255866660275,1.740971451519434,1.7168881259108084
68,both_sides,unweighted,0.18136954065691208,0.002,1.0,180.0,180.0,1.0,1.0
68,both_sides,source,0.14627123165829614,0.002,1.0,144.62995883652277,180.0,2.2615392962400183,1.0
68,both_sides,target,0.12637210875991414,0.002,1.0,180.0,140.5551827648228,1.0,2.093489134237498
68,both_sides,both,0.08860136581772643,0.386,0.0,144.62995883652277,140.5551827648228,2.2615392962400183,2.093489134237498
69,source_only,unweighted,0.10803011640755983,0.014,1.0,180.0,180.0,1.0,1.0
69,source_only,source,0.08650597704902781,0.444,0.0,169.28083722684408,180.0,1.5277666127426386,1.0
69,source_only,target,0.09835524198599147,0.114,0.0,180.0,175.96958253454798,1.0,1.4096773249185075
69,source_only,both,0.07741841025666428,0.784,0.0,169.28083722684408,175.96958253454798,1.5277666127426386,1.4096773249185075
69,target_only,unweighted,0.1165685909160189,0.004,1.0,180.0,180.0,1.0,1.0
69,target_only,source,0.11119463683486065,0.016,1.0,177.5931419026898,180.0,1.3125799341943656,1.0
69,target_only,target,0.09696650112853517,0.132,0.0,180.0,174.4216142886375,1.0,1.3704905865449426
69,target_only,both,0.09158427522879398,0.26,0.0,177.5931419026898,174.4216142886375,1.3125799341943656,1.3704905865449426
69,both_sides,unweighted,0.1414266803840878,0.002,1.0,180.0,180.0,1.0,1.0
69,both_sides,source,0.11784417212696718,0.006,1.0,156.55216836511042,180.0,1.8120780698978844,1.0
69,both_sides,target,0.10384261210755931,0.05,0.0,180.0,160.0262937151614,1.0,1.7611410176440738
69,both_sides,both,0.08002532929314828,0.702,0.0,156.55216836511042,160.0262937151614,1.8120780698978844,1.7611410176440738
70,source_only,unweighted,0.10694026253619873,0.014,1.0,180.0,180.0,1.0,1.0
70,source_only,source,0.08706802845987671,0.426,0.0,166.3681482238436,180.0,1.5660869614210142,1.0
70,source_only,target,0.09497245776126348,0.158,0.0,180.0,174.64534718688319,1.0,1.6018859243668995
70,source_only,both,0.07575000144152748,0.81,0.0,166.3681482238436,174.64534718688319,1.5660869614210142,1.6018859243668995
70,target_only,unweighted,0.13909843488035362,0.002,1.0,180.0,180.0,1.0,1.0
70,target_only,source,0.12956472328274354,0.002,1.0,171.66266856487562,180.0,1.554582265121302,1.0
70,target_only,target,0.10047298042958094,0.066,0.0,180.0,162.92099409354677,1.0,1.6443552950790692
70,target_only,both,0.09094301736172089,0.324,0.0,171.66266856487562,162.92099409354677,1.554582265121302,1.6443552950790692
70,both_sides,unweighted,0.1620029778235025,0.002,1.0,180.0,180.0,1.0,1.0
70,both_sides,source,0.13708725605474745,0.002,1.0,149.20376512011381,180.0,1.938029080182193,1.0
70,both_sides,target,0.112509557155076,0.012,1.0,180.0,149.472865035067,1.0,1.9170655891837858
70,both_sides,both,0.08511144122331618,0.548,0.0,149.20376512011381,149.472865035067,1.938029080182193,1.9170655891837858
71,source_only,unweighted,0.1126636669333943,0.002,1.0,180.0,180.0,1.0,1.0
71,source_only,source,0.08345181828097627,0.562,0.0,159.24752776490294,180.0,1.7403682863613297,1.0
71,source_only,target,0.09643676691707151,0.116,0.0,180.0,171.54245573591302,1.0,1.6823587706122276
71,source_only,both,0.06873600491829585,0.958,0.0,159.24752776490294,171.54245573591302,1.7403682863613297,1.6823587706122276
71,target_only,unweighted,0.13175821711629326,0.002,1.0,180.0,180.0,1.0,1.0
71,target_only,source,0.12095260158434085,0.002,1.0,172.4606703462642,180.0,1.5701199246788364,1.0
71,target_only,target,0.09549979263212771,0.16,0.0,180.0,163.9447568347131,1.0,1.7487017284523476
71,target_only,both,0.08470756307488506,0.5,0.0,172.4606703462642,163.9447568347131,1.5701199246788364,1.7487017284523476
71,both_sides,unweighted,0.16162463134430727,0.002,1.0,180.0,180.0,1.0,1.0
71,both_sides,source,0.12750025408755963,0.002,1.0,143.1325538660978,180.0,2.0767187897888286,1.0
71,both_sides,target,0.11064273583162659,0.01,1.0,180.0,147.39125265571357,1.0,2.141108029483448
71,both_sides,both,0.07517202245273501,0.818,0.0,143.1325538660978,147.39125265571357,2.0767187897888286,2.141108029483448
72,source_only,unweighted,0.12405356652949245,0.002,1.0,180.0,180.0,1.0,1.0
72,source_only,source,0.08964703269696844,0.376,0.0,157.1323335377576,180.0,1.8154529190784394,1.0
72,source_only,target,0.10750469988665527,0.022,1.0,180.0,170.2547278539169,1.0,1.6825805103211322
72,source_only,both,0.07437422086941396,0.824,0.0,157.1323335377576,170.2547278539169,1.8154529190784394,1.6825805103211322
72,target_only,unweighted,0.15845545076969975,0.002,1.0,180.0,180.0,1.0,1.0
72,target_only,source,0.14296089445094495,0.002,1.0,167.15737714732276,180.0,1.7592693717864114,1.0
72,target_only,target,0.11243954846063492,0.01,1.0,180.0,154.45182526843118,1.0,1.9090218025704624
72,target_only,both,0.09629418006465029,0.158,0.0,167.15737714732276,154.45182526843118,1.7592693717864114,1.9090218025704624
72,both_sides,unweighted,0.16772639746227708,0.002,1.0,180.0,180.0,1.0,1.0
72,both_sides,source,0.13057296024756945,0.002,1.0,135.6905194597365,180.0,2.272346332978326,1.0
72,both_sides,target,0.11216291008272267,0.01,1.0,180.0,139.77751753264332,1.0,2.283344928280136
72,both_sides,both,0.07085564561398573,0.886,0.0,135.6905194597365,139.77751753264332,2.272346332978326,2.283344928280136
73,source_only,unweighted,0.12205404187623839,0.002,1.0,180.0,180.0,1.0,1.0
73,source_only,source,0.09317655622447302,0.206,0.0,160.21800699301852,180.0,1.7069349613520897,1.0
73,source_only,target,0.10276336731072999,0.044,1.0,180.0,169.34695094563295,1.0,1.6429133727708607
73,source_only,both,0.07537850197073213,0.816,0.0,160.21800699301852,169.34695094563295,1.7069349613520897,1.6429133727708607
73,target_only,unweighted,0.14213353337905807,0.002,1.0,180.0,180.0,1.0,1.0
73,target_only,source,0.13129045607726778,0.002,1.0,172.10656415514035,180.0,1.5638829885637635,1.0
73,target_only,target,0.10456870398693183,0.03,1.0,180.0,162.58912764154428,1.0,1.6995107211293436
73,target_only,both,0.09367187692804808,0.22,0.0,172.10656415514035,162.58912764154428,1.5638829885637635,1.6995107211293436
73,both_sides,unweighted,0.16441653139765278,0.002,1.0,180.0,180.0,1.0,1.0
73,both_sides,source,0.1328696077821261,0.002,1.0,145.1765454765486,180.0,2.0332561810254237,1.0
73,both_sides,target,0.11186883195925017,0.008,1.0,180.0,144.01146177312663,1.0,2.103367806007128
73,both_sides,both,0.07880428013041935,0.702,0.0,145.1765454765486,144.01146177312663,2.0332561810254237,2.103367806007128
74,source_only,unweighted,0.09485190614997713,0.18,0.0,180.0,180.0,1.0,1.0
74,source_only,source,0.07573536947139796,0.834,0.0,167.58021804240894,180.0,1.5843599045701569,1.0
74,source_only,target,0.08164551032963419,0.636,0.0,180.0,173.9816998497505,1.0,1.5644766942152115
74,source_only,both,0.06311557075931144,0.988,0.0,167.58021804240894,173.9816998497505,1.5843599045701569,1.5644766942152115
74,target_only,unweighted,0.13381579980185948,0.002,1.0,180.0,180.0,1.0,1.0
74,target_only,source,0.12181246187310925,0.002,1.0,173.24836115638246,180.0,1.5189145214141457,1.0
74,target_only,target,0.09958471105787813,0.104,0.0,180.0,164.51270661008533,1.0,1.6728576410826232
74,target_only,both,0.08807246772520899,0.392,0.0,173.24836115638246,164.51270661008533,1.5189145214141457,1.6728576410826232
74,both_sides,unweighted,0.1633520595183661,0.002,1.0,180.0,180.0,1.0,1.0
74,both_sides,source,0.13870010766140736,0.002,1.0,151.1757890237605,180.0,1.9722258464362008,1.0
74,both_sides,target,0.11158853974300408,0.014,1.0,180.0,147.92328011779728,1.0,2.0325948233391866
74,both_sides,both,0.08531483613236465,0.486,0.0,151.1757890237605,147.92328011779728,1.9722258464362008,2.0325948233391866
75,source_only,unweighted,0.10441493388965098,0.032,1.0,180.0,180.0,1.0,1.0
75,source_only,source,0.0849316929336277,0.52,0.0,165.8080557096161,180.0,1.5655136150778048,1.0
75,source_only,target,0.08869240411157817,0.396,0.0,180.0,171.42706650134835,1.0,1.6272257048546912
75,source_only,both,0.07028461710425103,0.924,0.0,165.8080557096161,171.42706650134835,1.5655136150778048,1.6272257048546912
75,target_only,unweighted,0.1661780702255754,0.002,1.0,180.0,180.0,1.0,1.0
75,target_only,source,0.15240755569621578,0.002,1.0,167.29784066777265,180.0,1.6630534755957274,1.0
75,target_only,target,0.1096445793656356,0.024,1.0,180.0,147.08634534239562,1.0,2.00778523685164
75,target_only,both,0.09434771745104249,0.224,0.0,167.29784066777265,147.08634534239562,1.6630534755957274,2.00778523685164
75,both_sides,unweighted,0.19013219974089318,0.002,1.0,180.0,180.0,1.0,1.0
75,both_sides,source,0.16729963202745007,0.002,1.0,148.5734316495824,180.0,1.9637322223470237,1.0
75,both_sides,target,0.12635540117590063,0.002,1.0,180.0,137.10940838240816,1.0,2.232338012582798
75,both_sides,both,0.09840119135492098,0.15,0.0,148.5734316495824,137.10940838240816,1.9637322223470237,2.232338012582798
76,source_only,unweighted,0.11139954084743178,0.008,1.0,180.0,180.0,1.0,1.0
76,source_only,source,0.08684250244813913,0.434,0.0,165.56407968323373,180.0,1.6672604900809667,1.0
76,source_only,target,0.09846887215862296,0.098,0.0,180.0,173.1492437753974,1.0,1.5139159223088032
76,source_only,both,0.07502160113904827,0.848,0.0,165.56407968323373,173.1492437753974,1.6672604900809667,1.5139159223088032
76,target_only,unweighted,0.1573967926002134,0.002,1.0,180.0,180.0,1.0,1.0
76,target_only,source,0.1433147313257613,0.002,1.0,167.68430325998116,180.0,1.769439548633949,1.0
76,target_only,target,0.10795475442455468,0.02,1.0,180.0,152.26807622382745,1.0,1.880375102804428
76,target_only,both,0.09318524675396192,0.234,0.0,167.68430325998116,152.26807622382745,1.769439548633949,1.880375102804428
76,both_sides,unweighted,0.18084089887212315,0.002,1.0,180.0,180.0,1.0,1.0
76,both_sides,source,0.1505184405706963,0.002,1.0,143.6262918931037,180.0,2.185913206971348,1.0
76,both_sides,target,0.12225869231306044,0.002,1.0,180.0,138.91597496896887,1.0,2.1787728101341197
76,both_sides,both,0.08780923438616588,0.366,0.0,143.6262918931037,138.91597496896887,2.185913206971348,2.1787728101341197
77,source_only,unweighted,0.10457731290961744,0.036,1.0,180.0,180.0,1.0,1.0
77,source_only,source,0.08072168166703714,0.692,0.0,165.47336914556158,180.0,1.5798502779290426,1.0
77,source_only,target,0.09288578590462337,0.266,0.0,180.0,174.34766629305776,1.0,1.451400296955032
77,source_only,both,0.06981772147841217,0.952,0.0,165.47336914556158,174.34766629305776,1.5798502779290426,1.451400296955032
77,target_only,unweighted,0.12491736015851242,0.002,1.0,180.0,180.0,1.0,1.0
77,target_only,source,0.11643065222199155,0.004,1.0,175.28562724790297,180.0,1.3943706300651444,1.0
77,target_only,target,0.09949585601553806,0.102,0.0,180.0,170.54889864399425,1.0,1.4593086484966604
77,target_only,both,0.09090678198425411,0.33,0.0,175.28562724790297,170.54889864399425,1.3943706300651444,1.4593086484966604
77,both_sides,unweighted,0.1412577989254687,0.002,1.0,180.0,180.0,1.0,1.0
77,both_sides,source,0.11162199398616658,0.014,1.0,153.91607835374407,180.0,1.822249894463692,1.0
77,both_sides,target,0.10470987937630324,0.046,1.0,180.0,157.22865198428696,1.0,1.7732438303054274
77,both_sides,both,0.07416415587425709,0.852,0.0,153.91607835374407,157.22865198428696,1.822249894463692,1.7732438303054274
78,source_only,unweighted,0.11986727537722908,0.002,1.0,180.0,180.0,1.0,1.0
78,source_only,source,0.08667113125389077,0.464,0.0,153.70528954749918,180.0,1.7695464407646448,1.0
78,source_only,target,0.0993259350535435,0.088,0.0,180.0,167.5603695463471,1.0,1.6935999626480183
78,source_only,both,0.0679295091118578,0.966,0.0,153.70528954749918,167.5603695463471,1.7695464407646448,1.6935999626480183
78,target_only,unweighted,0.1552990359701265,0.002,1.0,180.0,180.0,1.0,1.0
78,target_only,source,0.14054246949074256,0.002,1.0,164.42809845538025,180.0,1.6921734640246378,1.0
78,target_only,target,0.10329816801052638,0.054,0.0,180.0,149.85149434259864,1.0,1.906334574410992
78,target_only,both,0.08695637336200068,0.462,0.0,164.42809845538025,149.85149434259864,1.6921734640246378,1.906334574410992
78,both_sides,unweighted,0.18113079275262917,0.002,1.0,180.0,180.0,1.0,1.0
78,both_sides,source,0.15149315589137047,0.002,1.0,139.24276702814174,180.0,2.0728673152869135,1.0
78,both_sides,target,0.1204922766568364,0.004,1.0,180.0,137.93205843876999,1.0,2.16829019870796
78,both_sides,both,0.08538895800770896,0.502,0.0,139.24276702814174,137.93205843876999,2.0728673152869135,2.16829019870796
79,source_only,unweighted,0.10419086362597163,0.034,1.0,180.0,180.0,1.0,1.0
79,source_only,source,0.08358221338197439,0.538,0.0,167.85385579980343,180.0,1.5541899935048942,1.0
79,source_only,target,0.09120443080347358,0.266,0.0,180.0,174.35500826205782,1.0,1.4631464410431505
79,source_only,both,0.07110753579571903,0.93,0.0,167.85385579980343,174.35500826205782,1.5541899935048942,1.4631464410431505
79,target_only,unweighted,0.1561012555250724,0.002,1.0,180.0,180.0,1.0,1.0
79,target_only,source,0.14410942687708958,0.002,1.0,169.92291585393752,180.0,1.6374973475461203,1.0
79,target_only,target,0.11110555833142122,0.014,1.0,180.0,156.76933098842554,1.0,1.7899804642228327
79,target_only,both,0.09907052426673253,0.1,0.0,169.92291585393752,156.76933098842554,1.6374973475461203,1.7899804642228327
79,both_sides,unweighted,0.16593982148300565,0.002,1.0,180.0,180.0,1.0,1.0
79,both_sides,source,0.1414289327476865,0.002,1.0,149.00733528951702,180.0,1.976882855674241,1.0
79,both_sides,target,0.10858565710983463,0.02,1.0,180.0,145.10547533688512,1.0,2.0317802809084062
79,both_sides,both,0.08188410157425648,0.642,0.0,149.00733528951702,145.10547533688512,1.976882855674241,2.0317802809084062
80,source_only,unweighted,0.11245904587715287,0.01,1.0,180.0,180.0,1.0,1.0
80,source_only,source,0.08284682759870596,0.592,0.0,162.94974674395232,180.0,1.5849798095146461,1.0
80,source_only,target,0.0989989839196237,0.084,0.0,180.0,172.65440787108204,1.0,1.5268611382070152
80,source_only,both,0.07053807761696515,0.952,0.0,162.94974674395232,172.65440787108204,1.5849798095146461,1.5268611382070152
80,target_only,unweighted,0.12965845240816948,0.002,1.0,180.0,180.0,1.0,1.0
80,target_only,source,0.12250358474297973,0.002,1.0,175.63087043035986,180.0,1.3434879074437571,1.0
80,target_only,target,0.10262510826943926,0.06,0.0,180.0,170.5727632937833,1.0,1.5003408354834897
80,target_only,both,0.09532360327572278,0.178,0.0,175.63087043035986,170.5727632937833,1.3434879074437571,1.5003408354834897
80,both_sides,unweighted,0.1581388984148758,0.002,1.0,180.0,180.0,1.0,1.0
80,both_sides,source,0.1271841396019873,0.002,1.0,148.71296733199932,180.0,1.8492684613955879,1.0
80,both_sides,target,0.11691071642760589,0.002,1.0,180.0,154.76093546361167,1.0,1.899897694729385
80,both_sides,both,0.08447042927652362,0.54,0.0,148.71296733199932,154.76093546361167,1.8492684613955879,1.899897694729385
81,source_only,unweighted,0.09753225880201188,0.084,0.0,180.0,180.0,1.0,1.0
81,source_only,source,0.08057040930017553,0.646,0.0,170.63847961300212,180.0,1.4757375038558258,1.0
81,source_only,target,0.08528582901286323,0.46,0.0,180.0,175.17446304096347,1.0,1.3871580469912284
81,source_only,both,0.06910451108133206,0.94,0.0,170.63847961300212,175.17446304096347,1.4757375038558258,1.3871580469912284
81,target_only,unweighted,0.12982363397347965,0.002,1.0,180.0,180.0,1.0,1.0
81,target_only,source,0.12218120297447951,0.004,1.0,174.70268791161058,180.0,1.423320957385639,1.0
81,target_only,target,0.09602179367573538,0.126,0.0,180.0,166.6440649771695,1.0,1.5384341032605822
81,target_only,both,0.08836703868025086,0.366,0.0,174.70268791161058,166.6440649771695,1.423320957385639,1.5384341032605822
81,both_sides,unweighted,0.1427985310928212,0.002,1.0,180.0,180.0,1.0,1.0
81,both_sides,source,0.12048879110382124,0.002,1.0,155.68754918984857,180.0,1.8181018746953226,1.0
81,both_sides,target,0.09688442638831796,0.146,0.0,180.0,152.8371563266269,1.0,1.8344981072030002
81,both_sides,both,0.07332289251823204,0.868,0.0,155.68754918984857,152.8371563266269,1.8181018746953226,1.8344981072030002
82,source_only,unweighted,0.11918351051668952,0.002,1.0,180.0,180.0,1.0,1.0
82,source_only,source,0.0883522329360886,0.388,0.0,155.67358570170492,180.0,1.790800282375109,1.0
82,source_only,target,0.10071528984601778,0.082,0.0,180.0,169.16009218720103,1.0,1.6643804307691286
82,source_only,both,0.07053313395270017,0.916,0.0,155.67358570170492,169.16009218720103,1.790800282375109,1.6643804307691286
82,target_only,unweighted,0.1386080027815882,0.002,1.0,180.0,180.0,1.0,1.0
82,target_only,source,0.1278435003644091,0.002,1.0,172.85013013386973,180.0,1.5279571615138345,1.0
82,target_only,target,0.10469836783614603,0.04,1.0,180.0,164.495470846851,1.0,1.6458906972650835
82,target_only,both,0.09406680191345022,0.218,0.0,172.85013013386973,164.495470846851,1.5279571615138345,1.6458906972650835
82,both_sides,unweighted,0.16027202884468833,0.002,1.0,180.0,180.0,1.0,1.0
82,both_sides,source,0.1289972637739129,0.002,1.0,144.0438910144932,180.0,2.043085609478741,1.0
82,both_sides,target,0.1097538479121325,0.018,1.0,180.0,146.72971645838467,1.0,2.028106366849977
82,both_sides,both,0.07636730369075129,0.794,0.0,144.0438910144932,146.72971645838467,2.043085609478741,2.028106366849977
83,source_only,unweighted,0.10514782712238988,0.028,1.0,180.0,180.0,1.0,1.0
83,source_only,source,0.0757384631606046,0.802,0.0,158.1946535408482,180.0,1.6625882403132506,1.0
83,source_only,target,0.08848739841745154,0.37,0.0,180.0,171.12291446750098,1.0,1.6588944303609823
83,source_only,both,0.06001501381047761,0.99,0.0,158.1946535408482,171.12291446750098,1.6625882403132506,1.6588944303609823
83,target_only,unweighted,0.13524305936595032,0.002,1.0,180.0,180.0,1.0,1.0
83,target_only,source,0.12082343957355739,0.004,1.0,167.05356338081947,180.0,1.6853128663948769,1.0
83,target_only,target,0.0895842000985548,0.378,0.0,180.0,155.41168597372845,1.0,1.8407360709356309
83,target_only,both,0.0746080494010522,0.904,0.0,167.05356338081947,155.41168597372845,1.6853128663948769,1.8407360709356309
83,both_sides,unweighted,0.16318315996037192,0.002,1.0,180.0,180.0,1.0,1.0
83,both_sides,source,0.1332649792190377,0.002,1.0,142.51696692915755,180.0,1.9638511098393434,1.0
83,both_sides,target,0.10816125831676807,0.018,1.0,180.0,143.59684272852485,1.0,2.1298985412390166
83,both_sides,both,0.07321535995231779,0.888,0.0,142.51696692915755,143.59684272852485,1.9638511098393434,2.1298985412390166
84,source_only,unweighted,0.11971647138393537,0.006,1.0,180.0,180.0,1.0,1.0
84,source_only,source,0.09557956480281127,0.182,0.0,163.2112936481276,180.0,1.6806024163363786,1.0
84,source_only,target,0.1029300125278508,0.058,0.0,180.0,170.23117863966772,1.0,1.7051867497087103
84,source_only,both,0.07960379693569623,0.718,0.0,163.2112936481276,170.23117863966772,1.6806024163363786,1.7051867497087103
84,target_only,unweighted,0.16420118408017073,0.002,1.0,180.0,180.0,1.0,1.0
84,target_only,source,0.14717697524776435,0.002,1.0,164.7680010652788,180.0,1.7754878961390346,1.0
84,target_only,target,0.11521188243156559,0.004,1.0,180.0,149.57011810811022,1.0,2.0007471441597935
84,target_only,both,0.09772620351682197,0.112,0.0,164.7680010652788,149.57011810811022,1.7754878961390346,2.0007471441597935
84,both_sides,unweighted,0.1698678736092059,0.002,1.0,180.0,180.0,1.0,1.0
84,both_sides,source,0.14154750277879435,0.002,1.0,149.7879573736642,180.0,2.000618009673115,1.0
84,both_sides,target,0.11699891271793217,0.002,1.0,180.0,142.80887459456207,1.0,2.1640232095649035
84,both_sides,both,0.08633670845668129,0.454,0.0,149.7879573736642,142.80887459456207,2.000618009673115,2.1640232095649035
85,source_only,unweighted,0.12113980909922269,0.002,1.0,180.0,180.0,1.0,1.0
85,source_only,source,0.09037812369384711,0.292,0.0,159.95090244942577,180.0,1.7639175564300529,1.0
85,source_only,target,0.10814941969662936,0.018,1.0,180.0,172.1870487804026,1.0,1.5214530000162019
85,source_only,both,0.07834852641591106,0.734,0.0,159.95090244942577,172.1870487804026,1.7639175564300529,1.5214530000162019
85,target_only,unweighted,0.1529752190976985,0.002,1.0,180.0,180.0,1.0,1.0
85,target_only,source,0.14289245294923553,0.002,1.0,171.075734021567,180.0,1.6279538284841906,1.0
85,target_only,target,0.11572136778307834,0.004,1.0,180.0,162.43402567828932,1.0,1.6204382464635143
85,target_only,both,0.10547662468096063,0.034,1.0,171.075734021567,162.43402567828932,1.6279538284841906,1.6204382464635143
85,both_sides,unweighted,0.16241848136716963,0.002,1.0,180.0,180.0,1.0,1.0
85,both_sides,source,0.13316603970224236,0.004,1.0,147.10114306387788,180.0,2.054886797894137,1.0
85,both_sides,target,0.11414510552075043,0.006,1.0,180.0,148.15674955756552,1.0,1.9065745868255042
85,both_sides,both,0.0832742318942595,0.588,0.0,147.10114306387788,148.15674955756552,2.054886797894137,1.9065745868255042
86,source_only,unweighted,0.12590570035055632,0.002,1.0,180.0,180.0,1.0,1.0
86,source_only,source,0.09115352055925668,0.288,0.0,154.57916481225672,180.0,1.8127125086995317,1.0
86,source_only,target,0.10822246789452604,0.012,1.0,180.0,170.0683378268241,1.0,1.6600541444406718
86,source_only,both,0.07450109543706657,0.852,0.0,154.57916481225672,170.0683378268241,1.8127125086995317,1.6600541444406718
86,target_only,unweighted,0.13114513317329674,0.002,1.0,180.0,180.0,1.0,1.0
86,target_only,source,0.1240130320821862,0.002,1.0,176.2796235013446,180.0,1.3399619596766037,1.0
86,target_only,target,0.10614164798319248,0.018,1.0,180.0,171.73344681967694,1.0,1.4530448809122964
86,target_only,both,0.09900541747416991,0.076,0.0,176.2796235013446,171.73344681967694,1.3399619596766037,1.4530448809122964
86,both_sides,unweighted,0.15821960162322818,0.002,1.0,180.0,180.0,1.0,1.0
86,both_sides,source,0.11927647559663522,0.002,1.0,142.80061983047315,180.0,2.058828641683003,1.0
86,both_sides,target,0.10835599050663935,0.012,1.0,180.0,145.91207085857673,1.0,2.022405245884377
86,both_sides,both,0.06572441101453322,0.97,0.0,142.80061983047315,145.91207085857673,2.058828641683003,2.022405245884377
87,source_only,unweighted,0.09783516137021794,0.104,0.0,180.0,180.0,1.0,1.0
87,source_only,source,0.06761643538788734,0.968,0.0,160.62179641479358,180.0,1.7005817987962768,1.0
87,source_only,target,0.08564826097419645,0.466,0.0,180.0,172.42619647203767,1.0,1.5730511589850051
87,source_only,both,0.05695321613937584,0.998,0.0,160.62179641479358,172.42619647203767,1.7005817987962768,1.5730511589850051
87,target_only,unweighted,0.10898342383020881,0.01,1.0,180.0,180.0,1.0,1.0
87,target_only,source,0.10040274031374741,0.06,0.0,175.30740595600503,180.0,1.4184174509526548,1.0
87,target_only,target,0.08524461053614522,0.514,0.0,180.0,171.1136995709996,1.0,1.4767316918710185
87,target_only,both,0.0768666341403617,0.794,0.0,175.30740595600503,171.1136995709996,1.4184174509526548,1.4767316918710185
87,both_sides,unweighted,0.13926654187623838,0.002,1.0,180.0,180.0,1.0,1.0
87,both_sides,source,0.10764528901880974,0.024,1.0,152.32740349397423,180.0,1.8746243061585754,1.0
87,both_sides,target,0.10289094172988579,0.056,0.0,180.0,157.23014866319338,1.0,1.8175594841705995
87,both_sides,both,0.07113195454319922,0.91,0.0,152.32740349397423,157.23014866319338,1.8746243061585754,1.8175594841705995
88,source_only,unweighted,0.11271161789361378,0.01,1.0,180.0,180.0,1.0,1.0
88,source_only,source,0.08845955866711411,0.358,0.0,164.63943674238104,180.0,1.6644327520505902,1.0
88,source_only,target,0.10072716374269514,0.07,0.0,180.0,174.22525269666986,1.0,1.5109928556474392
88,source_only,both,0.07710925099342303,0.758,0.0,164.63943674238104,174.22525269666986,1.6644327520505902,1.5109928556474392
88,target_only,unweighted,0.1372159112559061,0.002,1.0,180.0,180.0,1.0,1.0
88,target_only,source,0.12714344593995852,0.002,1.0,173.05899820053853,180.0,1.541571373074158,1.0
88,target_only,target,0.10568839558974921,0.022,1.0,180.0,167.16837077070755,1.0,1.5896127323881575
88,target_only,both,0.095418121410113,0.166,0.0,173.05899820053853,167.16837077070755,1.541571373074158,1.5896127323881575
88,both_sides,unweighted,0.15386728871361072,0.002,1.0,180.0,180.0,1.0,1.0
88,both_sides,source,0.1214192659873165,0.002,1.0,150.49937848729317,180.0,1.9728532622860062,1.0
88,both_sides,target,0.11447897007483206,0.008,1.0,180.0,153.97286454700077,1.0,1.9060013547353611
88,both_sides,both,0.08091954969074822,0.664,0.0,150.49937848729317,153.97286454700077,1.9728532622860062,1.9060013547353611
89,source_only,unweighted,0.08332452941624752,0.508,0.0,180.0,180.0,1.0,1.0
89,source_only,source,0.06858557838245667,0.938,0.0,174.54792247061474,180.0,1.3777794488209938,1.0
89,source_only,target,0.07804209585876479,0.732,0.0,180.0,178.16163015746088,1.0,1.3257428094182981
89,source_only,both,0.06374238780426267,0.988,0.0,174.54792247061474,178.16163015746088,1.3777794488209938,1.3257428094182981
89,target_only,unweighted,0.12906838991769548,0.002,1.0,180.0,180.0,1.0,1.0
89,target_only,source,0.11837608312264428,0.006,1.0,174.60974243898377,180.0,1.4438173479706053,1.0
89,target_only,target,0.1027212604707321,0.06,0.0,180.0,170.00073329256577,1.0,1.5544983381366777
89,target_only,both,0.09223219285201914,0.24,0.0,174.60974243898377,170.00073329256577,1.4438173479706053,1.5544983381366777
89,both_sides,unweighted,0.13086778025453435,0.002,1.0,180.0,180.0,1.0,1.0
89,both_sides,source,0.106002255981157,0.034,1.0,158.11141239224747,180.0,1.791036158442767,1.0
89,both_sides,target,0.09478674383898658,0.178,0.0,180.0,159.74494817393358,1.0,1.8311973081493778
89,both_sides,both,0.07033923736604196,0.932,0.0,158.11141239224747,159.74494817393358,1.791036158442767,1.8311973081493778
90,source_only,unweighted,0.11514336419753085,0.004,1.0,180.0,180.0,1.0,1.0
90,source_only,source,0.09099128956748763,0.284,0.0,165.6808155614586,180.0,1.6299700099102388,1.0
90,source_only,target,0.10290812805576673,0.032,1.0,180.0,174.68006155431763,1.0,1.410323057493456
90,source_only,both,0.07935597353010802,0.706,0.0,165.6808155614586,174.68006155431763,1.6299700099102388,1.410323057493456
90,target_only,unweighted,0.13364273929279075,0.002,1.0,180.0,180.0,1.0,1.0
90,target_only,source,0.12646824520580954,0.002,1.0,176.079435832932,180.0,1.4219684397141734,1.0
90,target_only,target,0.1046159099606169,0.05,0.0,180.0,169.4996401787168,1.0,1.4394226768297673
90,target_only,both,0.09727014536222581,0.144,0.0,176.079435832932,169.4996401787168,1.4219684397141734,1.4394226768297673
90,both_sides,unweighted,0.1598970136031093,0.002,1.0,180.0,180.0,1.0,1.0
90,both_sides,source,0.1307976931200106,0.002,1.0,152.37250099873776,180.0,1.9255801337003913,1.0
90,both_sides,target,0.11522078943369415,0.01,1.0,180.0,153.22778644466504,1.0,1.7805373244861535
90,both_sides,both,0.08446870477859354,0.548,0.0,152.37250099873776,153.22778644466504,1.9255801337003913,1.7805373244861535
91,source_only,unweighted,0.10775616426611798,0.018,1.0,180.0,180.0,1.0,1.0
91,source_only,source,0.08436155264125651,0.528,0.0,163.0030742450255,180.0,1.6897267651031114,1.0
91,source_only,target,0.09273528246851856,0.252,0.0,180.0,171.97980234044684,1.0,1.5037563374145448
91,source_only,both,0.07042463732841682,0.94,0.0,163.0030742450255,171.97980234044684,1.6897267651031114,1.5037563374145448
91,target_only,unweighted,0.12648775434385004,0.002,1.0,180.0,180.0,1.0,1.0
91,target_only,source,0.11431312858280734,0.008,1.0,173.20561264423898,180.0,1.5342337497817025,1.0
91,target_only,target,0.09519300951633951,0.144,0.0,180.0,165.63068969080007,1.0,1.5739336977051077
91,target_only,both,0.08375971059578007,0.532,0.0,173.20561264423898,165.63068969080007,1.5342337497817025,1.5739336977051077
91,both_sides,unweighted,0.15062327389117514,0.002,1.0,180.0,180.0,1.0,1.0
91,both_sides,source,0.12291855159691503,0.002,1.0,149.67061628571622,180.0,1.99307287535243,1.0
91,both_sides,target,0.10281890635654356,0.052,0.0,180.0,148.75150859895814,1.0,1.904910714187869
91,both_sides,both,0.0738136413043709,0.846,0.0,149.67061628571622,148.75150859895814,1.99307287535243,1.904910714187869
92,source_only,unweighted,0.11397854652491998,0.004,1.0,180.0,180.0,1.0,1.0
92,source_only,source,0.08785409560077442,0.402,0.0,164.83388933554733,180.0,1.6021525532639347,1.0
92,source_only,target,0.1019215418837156,0.052,0.0,180.0,173.47328574720987,1.0,1.5605929011841366
92,source_only,both,0.07615530546440723,0.808,0.0,164.83388933554733,173.47328574720987,1.6021525532639347,1.5605929011841366
92,target_only,unweighted,0.1326196616369456,0.002,1.0,180.0,180.0,1.0,1.0
92,target_only,source,0.12485734288491375,0.002,1.0,176.03831119018255,180.0,1.3793654423869282,1.0
92,target_only,target,0.10734399225700911,0.018,1.0,180.0,170.8020955083303,1.0,1.4244817003786894
92,target_only,both,0.09938839095733343,0.086,0.0,176.03831119018255,170.8020955083303,1.3793654423869282,1.4244817003786894
92,both_sides,unweighted,0.16043998914037494,0.002,1.0,180.0,180.0,1.0,1.0
92,both_sides,source,0.13064558328618925,0.002,1.0,151.86501516902447,180.0,1.8715283822710571,1.0
92,both_sides,target,0.12080030043994326,0.002,1.0,180.0,155.1259118499834,1.0,1.772026823253886
92,both_sides,both,0.0890794712063179,0.368,0.0,151.86501516902447,155.1259118499834,1.8715283822710571,1.772026823253886
93,source_only,unweighted,0.09193513660265204,0.208,0.0,180.0,180.0,1.0,1.0
93,source_only,source,0.06639106619621331,0.982,0.0,164.8210038235765,180.0,1.683019907178308,1.0
93,source_only,target,0.08073227401791569,0.626,0.0,180.0,173.6391447702021,1.0,1.4907240459567066
93,source_only,both,0.056392923686978014,0.998,0.0,164.8210038235765,173.6391447702021,1.683019907178308,1.4907240459567066
93,target_only,unweighted,0.14063508802011887,0.002,1.0,180.0,180.0,1.0,1.0
93,target_only,source,0.130362746916011,0.002,1.0,170.2847537271438,180.0,1.6931827298659279,1.0
93,target_only,target,0.09612862865321188,0.172,0.0,180.0,158.66538716370928,1.0,1.7290311679743338
93,target_only,both,0.0858669300562597,0.478,0.0,170.2847537271438,158.66538716370928,1.6931827298659279,1.7290311679743338
93,both_sides,unweighted,0.16504773281511964,0.002,1.0,180.0,180.0,1.0,1.0
93,both_sides,source,0.13890090536351452,0.002,1.0,144.76445880201538,180.0,2.1306692331362935,1.0
93,both_sides,target,0.10578069518313354,0.036,1.0,180.0,143.88117209229773,1.0,2.0337165249468963
93,both_sides,both,0.07792413092993278,0.72,0.0,144.76445880201538,143.88117209229773,2.1306692331362935,2.0337165249468963
94,source_only,unweighted,0.09982788446883098,0.07,0.0,180.0,180.0,1.0,1.0
94,source_only,source,0.08429299337747453,0.542,0.0,172.44576150750808,180.0,1.4071612383947052,1.0
94,source_only,target,0.09036985753192664,0.304,0.0,180.0,176.72044494206241,1.0,1.3462894412367197
94,source_only,both,0.07522653264103556,0.844,0.0,172.44576150750808,176.72044494206241,1.4071612383947052,1.3462894412367197
94,target_only,unweighted,0.1468392508763908,0.002,1.0,180.0,180.0,1.0,1.0
94,target_only,source,0.13915152396182592,0.002,1.0,173.93251612091618,180.0,1.462647735718884,1.0
94,target_only,target,0.10713463752161556,0.018,1.0,180.0,163.0602995668207,1.0,1.6270856528512136
94,target_only,both,0.09904513215807101,0.096,0.0,173.93251612091618,163.0602995668207,1.462647735718884,1.6270856528512136
94,both_sides,unweighted,0.1571856919676879,0.002,1.0,180.0,180.0,1.0,1.0
94,both_sides,source,0.1350859223026144,0.002,1.0,154.68870823629155,180.0,1.8104355560026173,1.0
94,both_sides,target,0.10472614275024893,0.032,1.0,180.0,150.7054473478041,1.0,1.8843179211570962
94,both_sides,both,0.08137071889979715,0.626,0.0,154.68870823629155,150.7054473478041,1.8104355560026173,1.8843179211570962
95,source_only,unweighted,0.08878685794848346,0.324,0.0,180.0,180.0,1.0,1.0
95,source_only,source,0.0637325827083419,0.982,0.0,164.4781304385672,180.0,1.765985972752191,1.0
95,source_only,target,0.0766741891681249,0.786,0.0,180.0,173.11514036346463,1.0,1.584989092089759
95,source_only,both,0.05291631863679853,1.0,0.0,164.4781304385672,173.11514036346463,1.765985972752191,1.584989092089759
95,target_only,unweighted,0.13198823064319465,0.002,1.0,180.0,180.0,1.0,1.0
95,target_only,source,0.12256451949514309,0.002,1.0,173.161164148211,180.0,1.6817829631364967,1.0
95,target_only,target,0.09319462887877143,0.226,0.0,180.0,162.67664335904175,1.0,1.703356530839536
95,target_only,both,0.08415304595601913,0.54,0.0,173.161164148211,162.67664335904175,1.6817829631364967,1.703356530839536
95,both_sides,unweighted,0.15820533264746228,0.002,1.0,180.0,180.0,1.0,1.0
95,both_sides,source,0.13549589613727642,0.002,1.0,150.24682273098546,180.0,2.113308890995471,1.0
95,both_sides,target,0.10491799044541017,0.034,1.0,180.0,148.8335436924536,1.0,2.02391355740118
95,both_sides,both,0.07938535900549425,0.72,0.0,150.24682273098546,148.8335436924536,2.113308890995471,2.02391355740118
96,source_only,unweighted,0.13055826379362903,0.002,1.0,180.0,180.0,1.0,1.0
96,source_only,source,0.09531364420915847,0.186,0.0,151.52648237864776,180.0,1.8399428491494374,1.0
96,source_only,target,0.10921325858343535,0.02,1.0,180.0,165.304881716607,1.0,1.7859428383182172
96,source_only,both,0.0753467437908667,0.806,0.0,151.52648237864776,165.304881716607,1.8399428491494374,1.7859428383182172
96,target_only,unweighted,0.15465960028959,0.002,1.0,180.0,180.0,1.0,1.0
96,target_only,source,0.1396782245761229,0.002,1.0,166.14998201654973,180.0,1.685534507477355,1.0
96,target_only,target,0.10623045730753218,0.03,1.0,180.0,152.80440823586662,1.0,1.8026938132343295
96,target_only,both,0.09015761335077922,0.334,0.0,166.14998201654973,152.80440823586662,1.685534507477355,1.8026938132343295
96,both_sides,unweighted,0.16899213915561653,0.002,1.0,180.0,180.0,1.0,1.0
96,both_sides,source,0.13425064396028744,0.002,1.0,139.50125527502348,180.0,2.1029714823246812,1.0
96,both_sides,target,0.11400286473691355,0.004,1.0,180.0,140.65837959699596,1.0,2.072561916478366
96,both_sides,both,0.07551308549296351,0.826,0.0,139.50125527502348,140.65837959699596,2.1029714823246812,2.072561916478366
97,source_only,unweighted,0.11046930631763452,0.01,1.0,180.0,180.0,1.0,1.0
97,source_only,source,0.08806832229846798,0.39,0.0,165.56927595660414,180.0,1.603921687313139,1.0
97,source_only,target,0.09689629003680356,0.134,0.0,180.0,173.01265873619747,1.0,1.5350072105285673
97,source_only,both,0.07526840892214737,0.836,0.0,165.56927595660414,173.01265873619747,1.603921687313139,1.5350072105285673
97,target_only,unweighted,0.15070127838744093,0.002,1.0,180.0,180.0,1.0,1.0
97,target_only,source,0.14340099567574857,0.002,1.0,173.6140380014271,180.0,1.5025924649896523,1.0
97,target_only,target,0.10956047182481493,0.006,1.0,180.0,162.57308399655253,1.0,1.6633304197608085
97,target_only,both,0.10180451006322629,0.058,0.0,173.6140380014271,162.57308399655253,1.5025924649896523,1.6633304197608085
97,both_sides,unweighted,0.17048067367779302,0.002,1.0,180.0,180.0,1.0,1.0
97,both_sides,source,0.14723712763126115,0.002,1.0,152.05207816297883,180.0,1.9136737203861032,1.0
97,both_sides,target,0.11697137063389301,0.006,1.0,180.0,147.2960426769692,1.0,1.9771538003298084
97,both_sides,both,0.09162635260430892,0.318,0.0,152.05207816297883,147.2960426769692,1.9136737203861032,1.9771538003298084
98,source_only,unweighted,0.12979953513183967,0.002,1.0,180.0,180.0,1.0,1.0
98,source_only,source,0.09868847636326865,0.128,0.0,158.0978411586449,180.0,1.7859718488563192,1.0
98,source_only,target,0.11252041228438063,0.01,1.0,180.0,170.21805145238895,1.0,1.574353675395472
98,source_only,both,0.08251891515692719,0.56,0.0,158.0978411586449,170.21805145238895,1.7859718488563192,1.574353675395472
98,target_only,unweighted,0.15154075598231978,0.002,1.0,180.0,180.0,1.0,1.0
98,target_only,source,0.13694122930106647,0.002,1.0,168.21162972088692,180.0,1.6767653376906178,1.0
98,target_only,target,0.1111751885896606,0.016,1.0,180.0,158.64197763901686,1.0,1.699599768205947
98,target_only,both,0.095350487179853,0.186,0.0,168.21162972088692,158.64197763901686,1.6767653376906178,1.699599768205947
98,both_sides,unweighted,0.17302537913427832,0.002,1.0,180.0,180.0,1.0,1.0
98,both_sides,source,0.13987171770641177,0.002,1.0,140.72048201095816,180.0,2.1642854172110035,1.0
98,both_sides,target,0.12080245651968197,0.006,1.0,180.0,143.53376882634808,1.0,2.028703819875921
98,both_sides,both,0.08434622341614523,0.512,0.0,140.72048201095816,143.53376882634808,2.1642854172110035,2.028703819875921
99,source_only,unweighted,0.12132992779301935,0.002,1.0,180.0,180.0,1.0,1.0
99,source_only,source,0.0822116276534974,0.646,0.0,149.49862661279764,180.0,1.8783572131677846,1.0
99,source_only,target,0.10368896576925424,0.054,0.0,180.0,164.61685191178276,1.0,1.82292247018501
99,source_only,both,0.06661043009338852,0.956,0.0,149.49862661279764,164.61685191178276,1.8783572131677846,1.82292247018501
99,target_only,unweighted,0.13949879210486205,0.002,1.0,180.0,180.0,1.0,1.0
99,target_only,source,0.12937927029526916,0.002,1.0,171.83236486305083,180.0,1.5082603035263358,1.0
99,target_only,target,0.1010690733201367,0.064,0.0,180.0,160.40585597705976,1.0,1.7079021204888134
99,target_only,both,0.09090313904681079,0.312,0.0,171.83236486305083,160.40585597705976,1.5082603035263358,1.7079021204888134
99,both_sides,unweighted,0.17061287532388358,0.002,1.0,180.0,180.0,1.0,1.0
99,both_sides,source,0.13831600636356425,0.002,1.0,141.5299871409711,180.0,2.0682907494237384,1.0
99,both_sides,target,0.11746187573607798,0.004,1.0,180.0,141.45229655949774,1.0,2.131972343636498
99,both_sides,both,0.0827378924409957,0.57,0.0,141.5299871409711,141.45229655949774,2.0682907494237384,2.131972343636498
