run,off_support_fraction,effect,p_unweighted,s_unweighted,auc_logreg,p_logreg/source/0.25,ds_logreg/source/0.25,ess_src_logreg/source/0.25,ess_tgt_logreg/source/0.25,p_logreg/source/0.5,ds_logreg/source/0.5,ess_src_logreg/source/0.5,ess_tgt_logreg/source/0.5,p_logreg/source/0.75,ds_logreg/source/0.75,ess_src_logreg/source/0.75,ess_tgt_logreg/source/0.75,p_logreg/target/0.25,ds_logreg/target/0.25,ess_src_logreg/target/0.25,ess_tgt_logreg/target/0.25,p_logreg/target/0.5,ds_logreg/target/0.5,ess_src_logreg/target/0.5,ess_tgt_logreg/target/0.5,p_logreg/target/0.75,ds_logreg/target/0.75,ess_src_logreg/target/0.75,ess_tgt_logreg/target/0.75,p_logreg/both/0.25,ds_logreg/both/0.25,ess_src_logreg/both/0.25,ess_tgt_logreg/both/0.25,p_logreg/both/0.5,ds_logreg/both/0.5,ess_src_logreg/both/0.5,ess_tgt_logreg/both/0.5,p_logreg/both/0.75,ds_logreg/both/0.75,ess_src_logreg/both/0.75,ess_tgt_logreg/both/0.75,auc_rf_cal,p_rf_cal/source/0.25,ds_rf_cal/source/0.25,ess_src_rf_cal/source/0.25,ess_tgt_rf_cal/source/0.25,p_rf_cal/source/0.5,ds_rf_cal/source/0.5,ess_src_rf_cal/source/0.5,ess_tgt_rf_cal/source/0.5,p_rf_cal/source/0.75,ds_rf_cal/source/0.75,ess_src_rf_cal/source/0.75,ess_tgt_rf_cal/source/0.75,p_rf_cal/target/0.25,ds_rf_cal/target/0.25,ess_src_rf_cal/target/0.25,ess_tgt_rf_cal/target/0.25,p_rf_cal/target/0.5,ds_rf_cal/target/0.5,ess_src_rf_cal/target/0.5,ess_tgt_rf_cal/target/0.5,p_rf_cal/target/0.75,ds_rf_cal/target/0.75,ess_src_rf_cal/target/0.75,ess_tgt_rf_cal/target/0.75,p_rf_cal/both/0.25,ds_rf_cal/both/0.25,ess_src_rf_cal/both/0.25,ess_tgt_rf_cal/both/0.25,p_rf_cal/both/0.5,ds_rf_cal/both/0.5,ess_src_rf_cal/both/0.5,ess_tgt_rf_cal/both/0.5,p_rf_cal/both/0.75,ds_rf_cal/both/0.75,ess_src_rf_cal/both/0.75,ess_tgt_rf_cal/both/0.75,auc_hgb_cal,p_hgb_cal/source/0.25,ds_hgb_cal/source/0.25,ess_src_hgb_cal/source/0.25,ess_tgt_hgb_cal/source/0.25,p_hgb_cal/source/0.5,ds_hgb_cal/source/0.5,ess_src_hgb_cal/source/0.5,ess_tgt_hgb_cal/source/0.5,p_hgb_cal/source/0.75,ds_hgb_cal/source/0.75,ess_src_hgb_cal/source/0.75,ess_tgt_hgb_cal/source/0.75,p_hgb_cal/target/0.25,ds_hgb_cal/target/0.25,ess_src_hgb_cal/target/0.25,ess_tgt_hgb_cal/target/0.25,p_hgb_cal/target/0.5,ds_hgb_cal/target/0.5,ess_src_hgb_cal/target/0.5,ess_tgt_hgb_cal/target/0.5,p_hgb_cal/target/0.75,ds_hgb_cal/target/0.75,ess_src_hgb_cal/target/0.75,ess_tgt_hgb_cal/target/0.75,p_hgb_cal/both/0.25,ds_hgb_cal/both/0.25,ess_src_hgb_cal/both/0.25,ess_tgt_hgb_cal/both/0.25,p_hgb_cal/both/0.5,ds_hgb_cal/both/0.5,ess_src_hgb_cal/both/0.5,ess_tgt_hgb_cal/both/0.5,p_hgb_cal/both/0.75,ds_hgb_cal/both/0.75,ess_src_hgb_cal/both/0.75,ess_tgt_hgb_cal/both/0.75
0,0.0,0.0,0.57,0.8109661756099832,0.3941666666666666,0.514,0.1491935598582257,179.71989349707195,180.0,0.528,0.1104239896936503,179.8761848132028,180.0,0.549,0.054155770046905,179.96907217480913,180.0,0.499,0.1919221037148434,180.0,179.61468931719315,0.522,0.1269121124822193,180.0,179.83315939976296,0.559,0.0281136362089136,180.0,179.95896475615118,0.429,0.4099842715525582,179.71989349707195,179.61468931719315,0.471,0.2752348594393207,179.8761848132028,179.83315939976296,0.52,0.1324502960236493,179.96907217480913,179.95896475615118,0.5180401234567902,0.63,-0.1443899093351749,176.9938129954142,180.0,0.608,-0.0931094043914816,178.67416819030177,180.0,0.579,-0.0226014289371326,179.66689771437325,180.0,0.537,0.0860398310666911,180.0,177.56723369324175,0.55,0.0515303006400817,180.0,178.9370695225734,0.565,0.0127110517495538,180.0,179.7362725662139,0.578,-0.0201075734485748,176.9938129954142,177.56723369324175,0.571,-0.0025288263107388,178.67416819030177,178.9370695225734,0.573,-0.0075732197048008,179.66689771437325,179.7362725662139,0.5172222222222222,0.643,-0.1738568182758435,176.09486826576793,180.0,0.623,-0.128270243971898,178.27732336776197,180.0,0.597,-0.0667690122127011,179.55753518805307,180.0,0.532,0.0995356735509142,180.0,176.30333032344336,0.548,0.056786026091577,180.0,178.45335621705766,0.564,0.0152667566533104,180.0,179.62423555329235,0.584,-0.0350064498279132,176.09486826576793,176.30333032344336,0.581,-0.0275762443524248,178.27732336776197,178.45335621705766,0.575,-0.0126000367796336,179.55753518805307,179.62423555329235
1,0.0,0.0,0.894,0.1616532634787692,0.4999074074074073,0.746,0.26109920092808,178.66094934037528,180.0,0.795,0.1693199710115999,179.43183140307607,180.0,0.843,0.0847422002412355,179.8627094160726,180.0,0.785,0.1875821774043284,180.0,179.0294944755194,0.823,0.1193824007616921,180.0,179.56228004855663,0.87,0.0392594304472271,180.0,179.88761449611485,0.589,0.6020071973528571,178.66094934037528,179.0294944755194,0.709,0.3344892039438017,179.43183140307607,179.56228004855663,0.803,0.1548748436660032,179.8627094160726,179.88761449611485,0.5081944444444444,0.903,-0.0144511562975404,179.25332213962392,180.0,0.9,-0.0096501700337193,179.6717828888491,180.0,0.896,-0.0032239008742863,179.91855390185418,180.0,0.893,0.0016146560620948,180.0,179.20740504592732,0.895,-0.001612850968301,180.0,179.64173574988257,0.895,-0.001612850968301,180.0,179.9085918966426,0.897,-0.0048331537359434,179.25332213962392,179.20740504592732,0.898,-0.0064406135578292,179.6717828888491,179.64173574988257,0.896,-0.0032239008742863,179.91855390185418,179.9085918966426,0.4983487654320988,0.87,0.0392594304472271,177.64068577855545,180.0,0.879,0.0244116660399137,178.93074759830552,180.0,0.882,0.0194961756257971,179.72292411673303,180.0,0.869,0.0409186543689176,180.0,178.0278164145334,0.884,0.0162284617918861,180.0,179.10560245286436,0.892,0.003231121263013,180.0,179.76816492568096,0.836,0.096771889102435,177.64068577855545,178.0278164145334,0.853,0.0677290898650276,178.93074759830552,179.10560245286436,0.874,0.0326415516827194,179.72292411673303,179.76816492568096
2,0.0,0.0,0.929,0.106249498279434,0.3925308641975309,0.925,0.0062252309789784,179.79170633219155,180.0,0.926,0.0046664031224165,179.9072249375194,180.0,0.924,0.0077857449665953,179.9766890661271,180.0,0.924,0.0077857449665953,180.0,179.83747737740836,0.928,0.0015537912550807,180.0,179.92890792796015,0.933,-0.0061984844691058,180.0,179.9824784259652,0.917,0.0187568627875985,179.79170633219155,179.83747737740836,0.92,0.0140447354382776,179.9072249375194,179.92890792796015,0.923,0.0093479487368786,179.9766890661271,179.9824784259652,0.5353240740740741,0.92,0.0140447354382776,178.90468821782193,180.0,0.923,0.0093479487368786,179.51032114039916,180.0,0.926,0.0046664031224165,179.87622676422174,180.0,0.952,-0.0352829769252904,180.0,179.04123547857566,0.947,-0.0276858290857319,180.0,179.5674434412687,0.94,-0.0169821601823466,180.0,179.8897161425568,0.94,-0.0169821601823466,178.90468821782193,179.04123547857566,0.937,-0.0123704512765339,179.51032114039916,179.5674434412687,0.934,-0.007743953327009,179.87622676422174,179.8897161425568,0.4918827160493827,0.931,-0.0031025711761408,178.96536933143906,180.0,0.93,-0.0015521196127408,179.52425988504825,180.0,0.929,0.0,179.8749141245171,180.0,0.944,-0.0231082629791882,180.0,178.99896295314997,0.941,-0.0185161263458837,180.0,179.56812907379512,0.937,-0.0123704512765339,180.0,179.89388522141238,0.948,-0.029208462515606,178.96536933143906,178.99896295314997,0.939,-0.0154465612711214,179.52425988504825,179.56812907379512,0.933,-0.0061984844691058,179.8749141245171,179.89388522141238
3,0.0,0.0,0.858,0.2209504471625414,0.4640432098765432,0.811,0.0812757332822724,179.61128948492643,180.0,0.829,0.0496055460037952,179.8292102770737,180.0,0.849,0.0152130939465071,179.95734301549157,180.0,0.803,0.095577659982231,180.0,179.66152337664772,0.829,0.0496055460037952,180.0,179.85190366382213,0.849,0.0152130939465071,180.0,179.96339361295966,0.731,0.2311062415471082,179.61128948492643,179.66152337664772,0.78,0.1375035237499348,179.8292102770737,179.85190366382213,0.824,0.0583333103163272,179.95734301549157,179.96339361295966,0.5463117283950617,0.842,0.0271574144331495,176.83647945419156,180.0,0.85,0.0135148064744815,178.571703437538,180.0,0.854,0.0067415778790552,179.6328034069141,180.0,0.878,-0.0332432920358126,180.0,177.2495945635315,0.876,-0.0299532221016278,180.0,178.8372940123924,0.87,-0.020037753236545,180.0,179.7208006901703,0.857,0.0016824433870457,176.83647945419156,177.2495945635315,0.856,0.0033668510983986,178.571703437538,178.8372940123924,0.854,0.0067415778790552,179.6328034069141,179.7208006901703,0.483966049382716,0.841,0.0288718472444013,179.1444606639729,180.0,0.85,0.0135148064744815,179.61829114892646,180.0,0.853,0.0084319061812554,179.90267038566128,180.0,0.856,0.0033668510983986,180.0,179.3794223290893,0.859,-0.0016804836389179,180.0,179.73133849082416,0.86,-0.0033590120899147,180.0,179.93423018744878,0.836,0.0374747054186628,179.1444606639729,179.3794223290893,0.844,0.0237346487923604,179.61829114892646,179.73133849082416,0.853,0.0084319061812554,179.90267038566128,179.93423018744878
4,0.0,0.0,0.932,0.1015981400078067,0.4353086419753087,0.912,0.0312961304895385,179.73954099712893,180.0,0.922,0.0155632042249422,179.8894840024359,180.0,0.929,0.0046513582716273,179.97345762851404,180.0,0.931,0.0015487870954865,180.0,179.82575998432978,0.932,0.0,180.0,179.92478990998646,0.934,-0.0030925950553816,180.0,179.98166896439713,0.907,0.0392274041257578,179.73954099712893,179.82575998432978,0.918,0.0218358012404722,179.8894840024359,179.92478990998646,0.928,0.0062051495267081,179.97345762851404,179.98166896439713,0.4733487654320987,0.934,-0.0030925950553816,179.65957594072987,180.0,0.932,0.0,179.85007254433157,180.0,0.932,0.0,179.96274832826109,180.0,0.934,-0.0030925950553816,180.0,179.70267362618915,0.935,-0.0046364101207187,180.0,179.86770327318882,0.936,-0.0061785749291242,180.0,179.96680407528183,0.934,-0.0030925950553816,179.65957594072987,179.70267362618915,0.931,0.0015487870954865,179.85007254433157,179.86770327318882,0.931,0.0015487870954865,179.96274832826109,179.96680407528183,0.4477006172839506,0.934,-0.0030925950553816,179.4447944371619,180.0,0.932,0.0,179.75911052228344,180.0,0.933,-0.0015471261974784,179.9407923814235,180.0,0.934,-0.0030925950553816,180.0,179.15678163337603,0.934,-0.0030925950553816,180.0,179.62296443690772,0.935,-0.0046364101207187,180.0,179.90461225739642,0.935,-0.0046364101207187,179.4447944371619,179.15678163337603,0.933,-0.0015471261974784,179.75911052228344,179.62296443690772,0.933,-0.0015471261974784,179.9407923814235,179.90461225739642
5,0.0,0.0,0.215,2.217591435072627,0.5407407407407407,0.536,-1.3178963408683124,177.9882011691361,180.0,0.406,-0.9171430675957162,179.1237409305321,180.0,0.303,-0.4949811338834906,179.78238718388656,180.0,0.458,-1.0910109385074838,180.0,177.8006372387513,0.37,-0.783188610926852,180.0,179.0347879952789,0.297,-0.4661262712113057,180.0,179.75807411425103,0.755,-1.812139984622981,177.9882011691361,177.8006372387513,0.594,-1.4661262712113057,179.1237409305321,179.0347879952789,0.379,-0.8178611885816316,179.78238718388656,179.75807411425103,0.4200308641975309,0.21,0.0339473319233376,179.3603466199933,180.0,0.209,0.0408337175085775,179.72386730212412,180.0,0.209,0.0408337175085775,179.9325981603385,180.0,0.217,-0.013358382855019,180.0,179.3855785774833,0.218,-0.0199914751874663,180.0,179.7275208581724,0.221,-0.0397097098019716,180.0,179.93151167471916,0.202,0.0899813668376654,179.3603466199933,179.3855785774833,0.206,0.061692322406242,179.72386730212412,179.7275208581724,0.21,0.0339473319233376,179.9325981603385,179.93151167471916,0.4389351851851852,0.218,-0.0199914751874663,179.42556783622118,180.0,0.219,-0.0265942100117131,179.74038154759674,180.0,0.217,-0.013358382855019,179.93371119003385,180.0,0.22,-0.0331668639351994,180.0,179.57280855307826,0.223,-0.0527070503308446,180.0,179.81193352059458,0.225,-0.0655883416275768,180.0,179.9532056728402,0.217,-0.013358382855019,179.42556783622118,179.57280855307826,0.219,-0.0265942100117131,179.74038154759674,179.81193352059458,0.214,0.0067258631883131,179.93371119003385,179.9532056728402
6,0.0,0.0,0.009,6.795859283219775,0.5475925925925926,0.08,-3.15200309344505,176.74481165429023,180.0,0.042,-2.2223924213364485,178.58768789185962,180.0,0.022,-1.2895066171949852,179.64803565604925,180.0,0.061,-2.7608123361205736,180.0,177.3912571151928,0.034,-1.917537839808027,180.0,178.86307683111428,0.019,-1.078002512001273,180.0,179.7150632576147,0.311,-5.11084576868829,176.74481165429023,177.3912571151928,0.107,-3.571541984958835,178.58768789185962,178.86307683111428,0.035,-1.9593580155026544,179.64803565604925,179.7150632576147,0.507608024691358,0.017,-0.917537839808027,175.99788045676615,180.0,0.012,-0.4150374992788439,178.24337715562925,180.0,0.01,-0.1520030934450504,179.55672505348065,180.0,0.013,-0.5305147166987796,180.0,176.3655960411619,0.012,-0.4150374992788439,180.0,178.37810102954973,0.012,-0.4150374992788439,180.0,179.5838206285568,0.023,-1.353636954614701,175.99788045676615,176.3655960411619,0.017,-0.917537839808027,178.24337715562925,178.37810102954973,0.012,-0.4150374992788439,179.55672505348065,179.5838206285568,0.4549691358024691,0.012,-0.4150374992788439,178.33078082547038,180.0,0.012,-0.4150374992788439,179.2592743875491,180.0,0.011,-0.2895066171949851,179.81030774818382,180.0,0.017,-0.917537839808027,180.0,178.63969258864918,0.014,-0.6374299206152916,180.0,179.41704398001946,0.012,-0.4150374992788439,180.0,179.85738562453903,0.023,-1.353636954614701,178.33078082547038,178.63969258864918,0.015,-0.7369655941662066,179.2592743875491,179.41704398001946,0.012,-0.4150374992788439,179.81030774818382,179.85738562453903
7,0.0,0.0,0.093,3.4266254735540556,0.4987962962962963,0.181,-0.9606870759751738,178.65434535651272,180.0,0.149,-0.6800097093541302,179.40474753775288,180.0,0.113,-0.2810201513071564,179.8496753577409,180.0,0.224,-1.2681961109495727,180.0,178.67201350544866,0.168,-0.8531586116707288,180.0,179.4195263694622,0.128,-0.4608411888919685,180.0,179.85488675033324,0.342,-1.8786937037778664,178.65434535651272,178.67201350544866,0.246,-1.4033556942312084,179.40474753775288,179.4195263694622,0.154,-0.72762772958687,179.8496753577409,179.85488675033324,0.5270987654320988,0.092,0.0155968550510188,177.81502734755458,180.0,0.093,0.0,179.044290577418,180.0,0.093,0.0,179.76341947887465,180.0,0.117,-0.3312059084753729,180.0,177.94701127180434,0.111,-0.2552570552420743,180.0,179.07791764078638,0.103,-0.1473417160751866,180.0,179.76530994750598,0.114,-0.2937312030567103,177.81502734755458,177.94701127180434,0.106,-0.1887616434551677,179.044290577418,179.07791764078638,0.1,-0.1046973786666933,179.76341947887465,179.76530994750598,0.5207407407407407,0.103,-0.1473417160751866,178.99637091361032,180.0,0.098,-0.0755510330071769,179.5673903870349,180.0,0.093,0.0,179.89377234929486,180.0,0.122,-0.3915785264548548,180.0,178.60710181943068,0.11,-0.242200902416628,180.0,179.3953828183831,0.107,-0.2023081752931155,180.0,179.84975402424442,0.124,-0.4150374992788439,178.99637091361032,178.60710181943068,0.11,-0.242200902416628,179.5673903870349,179.3953828183831,0.104,-0.1612809070330607,179.89377234929486,179.84975402424442
8,0.0,0.0,0.53,0.9159357352115256,0.3905555555555556,0.536,-0.016240641007211,179.82168418303615,180.0,0.534,-0.0108473822369924,179.92204397984108,180.0,0.53,0.0,179.98079268653865,180.0,0.535,-0.0135465318379478,180.0,179.83169845375187,0.539,-0.024292913301944,180.0,179.9253995837335,0.54,-0.0269670476002694,180.0,179.98135041281773,0.53,0.0,179.82168418303615,179.83169845375187,0.531,-0.0027195013535921,179.92204397984108,179.9253995837335,0.53,0.0,179.98079268653865,179.98135041281773,0.5444753086419752,0.48,0.142957953842043,176.61222214453727,180.0,0.493,0.10440471307265,178.49089288538426,180.0,0.507,0.064006612447221,179.61610527466885,180.0,0.582,-0.1350267934577221,180.0,176.44477487165608,0.564,-0.0897028029482318,180.0,178.42742437896558,0.553,-0.0612871207841455,180.0,179.60218319728116,0.528,0.0054544300921079,176.61222214453727,176.44477487165608,0.526,0.0109295601582591,178.49089288538426,178.42742437896558,0.525,0.0136749368970765,179.61610527466885,179.60218319728116,0.573858024691358,0.492,0.1073340441113216,175.52703538658034,180.0,0.503,0.0754339596450344,177.942737678567,180.0,0.515,0.0414199273799807,179.43088701979755,180.0,0.539,-0.024292913301944,180.0,175.21675591545215,0.54,-0.0269670476002694,180.0,178.12329534270611,0.544,-0.0376142917997779,180.0,179.55404298840247,0.494,0.1014813178658838,175.52703538658034,175.21675591545215,0.51,0.0554951125917035,177.942737678567,178.12329534270611,0.515,0.0414199273799807,179.43088701979755,179.55404298840247
9,0.0,0.0,0.28,1.8365012677171204,0.502253086419753,0.43,-0.6189098326444937,179.176177534467,180.0,0.377,-0.4291376963236977,179.63691403374213,180.0,0.321,-0.1971464701773364,179.9093025340015,180.0,0.501,-0.8393837762502417,180.0,179.1020842255598,0.426,-0.6054266032808715,180.0,179.59622388012093,0.359,-0.3585570168780847,180.0,179.89725989311404,0.64,-1.1926450779423958,179.176177534467,179.1020842255598,0.523,-0.9013841193019748,179.63691403374213,179.59622388012093,0.393,-0.4891024853136398,179.9093025340015,179.89725989311404,0.5499845679012346,0.321,-0.1971464701773364,177.50520931124626,180.0,0.305,-0.123382415505282,178.8669112819732,180.0,0.296,-0.0801703486839831,179.7092391510335,180.0,0.329,-0.2326607567902749,180.0,177.87329176682664,0.314,-0.1653377319466604,180.0,179.05592192330667,0.303,-0.1138909665279841,180.0,179.7629309885347,0.362,-0.3705628701382386,177.50520931124626,177.87329176682664,0.336,-0.2630344058337936,178.8669112819732,179.05592192330667,0.304,-0.1186444964986188,179.7092391510335,179.7629309885347,0.4855864197530864,0.292,-0.0605415419350505,179.1350016433771,180.0,0.288,-0.0406419844973455,179.62101732729425,180.0,0.284,-0.0204641025597152,179.90607222444672,180.0,0.328,-0.2282689876731172,180.0,179.29588240592062,0.312,-0.1561192019172816,180.0,179.6878593658827,0.303,-0.1138909665279841,180.0,179.92173452819424,0.327,-0.2238638085531159,179.1350016433771,179.29588240592062,0.309,-0.142180010959408,179.62101732729425,179.6878593658827,0.294,-0.0703893278913976,179.90607222444672,179.92173452819424
10,0.0,0.0,0.397,1.3327890875191293,0.5555246913580247,0.175,1.1817840853106292,176.762222007142,180.0,0.225,0.8192140059259208,178.58827865204978,180.0,0.31,0.3568707918687201,179.6455137420374,180.0,0.112,1.8256402750853535,180.0,175.80371931331564,0.187,1.0861007372553213,180.0,178.11933584850675,0.283,0.4883369543110756,180.0,179.51301729738327,0.029,3.775014202015386,176.762222007142,175.80371931331564,0.081,2.293145194258333,178.58827865204978,178.11933584850675,0.203,0.9676592799577812,179.6455137420374,179.51301729738327,0.4548456790123457,0.393,0.0146096948843512,179.69350100877688,180.0,0.395,0.0072863540784924,179.8640191524311,180.0,0.395,0.0072863540784924,179.96597977688214,180.0,0.411,-0.0499993865387251,180.0,179.64165182301656,0.411,-0.0499993865387251,180.0,179.83992370577653,0.411,-0.0499993865387251,180.0,179.95967031127583,0.394,0.0109433776865814,179.69350100877688,179.64165182301656,0.394,0.0109433776865814,179.8640191524311,179.83992370577653,0.395,0.0072863540784924,179.96597977688214,179.95967031127583,0.4931327160493827,0.419,-0.0778112365563938,179.44603484535014,180.0,0.409,-0.0429618357987908,179.7505296599204,180.0,0.403,-0.0216408313850096,179.9360918049742,180.0,0.418,-0.074363934937925,180.0,179.45543736147343,0.416,-0.0674445209981342,180.0,179.75602060242514,0.413,-0.0570027742764875,180.0,179.93806837700274,0.432,-0.1218923050205107,179.44603484535014,179.45543736147343,0.415,-0.0639723290913292,179.7505296599204,179.75602060242514,0.41,-0.0464849023624882,179.9360918049742,179.93806837700274
11,0.0,0.0,0.767,0.3827015171591535,0.5167283950617284,0.634,0.2747437373635262,179.30842853018183,180.0,0.675,0.1843390755647401,179.69323532460484,180.0,0.723,0.0852309305518157,179.92311340071953,180.0,0.63,0.2838747491156547,180.0,179.22818749837663,0.678,0.1779413043665895,180.0,179.67252790754657,0.731,0.0693551715504961,180.0,179.92093519006946,0.464,0.7251017723753613,179.30842853018183,179.22818749837663,0.577,0.4106552588574511,179.69323532460484,179.67252790754657,0.671,0.1929138113027498,179.92311340071953,179.92093519006946,0.4742901234567901,0.762,0.0094355800096114,179.46744993166314,180.0,0.762,0.0094355800096114,179.76474748885963,180.0,0.76,0.0132271591719856,179.9412631600077,180.0,0.763,0.0075435206684029,180.0,179.37215756449575,0.765,0.0037668299229193,180.0,179.72125262080846,0.769,-0.003757020458893,180.0,179.92998617654544,0.759,0.0151266920874671,179.46744993166314,179.37215756449575,0.759,0.0151266920874671,179.76474748885963,179.72125262080846,0.761,0.011330123999388,179.9412631600077,179.92998617654544,0.5359259259259259,0.806,-0.071553261025034,176.81757624622404,180.0,0.791,-0.0444511169698584,178.6695576417463,180.0,0.78,-0.0242475462466772,179.6759660280348,180.0,0.813,-0.0840287745720941,180.0,177.45675778244828,0.798,-0.0571621687194123,180.0,178.86717499403264,0.787,-0.0371370580045529,180.0,179.708396379285,0.853,-0.1533191638153566,176.81757624622404,177.45675778244828,0.825,-0.1051675416302446,178.6695576417463,178.86717499403264,0.792,-0.0462738525766762,179.6759660280348,179.708396379285
12,0.0,0.0,0.509,0.9742624385863916,0.4894444444444444,0.382,0.4140930180399466,179.34486632484075,180.0,0.424,0.2636013915124963,179.72249071255766,180.0,0.474,0.1027785971774363,179.9332612555152,180.0,0.362,0.49167595899249,180.0,179.19677289923305,0.422,0.2704226573685103,180.0,179.64667296504106,0.483,0.0756424672399221,180.0,179.9114930730051,0.239,1.0906550380949471,179.34486632484075,179.19677289923305,0.318,0.67863889079134,179.72249071255766,179.64667296504106,0.416,0.2910821279346033,179.9332612555152,179.9114930730051,0.5296604938271605,0.563,-0.1454692660045341,175.51528132405218,180.0,0.54,-0.0852937509751357,177.96433127047774,180.0,0.523,-0.0391452901712461,179.47227797430315,180.0,0.598,-0.2324798281224096,180.0,175.22412170058223,0.573,-0.1708694826812093,180.0,177.8851743462658,0.543,-0.0932865417286663,180.0,179.46727390305594,0.631,-0.3099743489068537,175.51528132405218,175.22412170058223,0.598,-0.2324798281224096,177.96433127047774,177.8851743462658,0.549,-0.1091404929295034,179.47227797430315,179.46727390305594,0.4594444444444444,0.549,-0.1091404929295034,178.7531434023853,180.0,0.539,-0.0826196166768102,179.44504231604333,180.0,0.52,-0.0308459669527592,179.85910678693926,180.0,0.548,-0.1065102368848315,180.0,179.0461623084196,0.54,-0.0852937509751357,180.0,179.5660686164256,0.531,-0.0610462047284583,180.0,179.88800315048007,0.582,-0.1933534968325884,178.7531434023853,179.0461623084196,0.559,-0.1351826267674949,179.44504231604333,179.5660686164256,0.53,-0.0583267033748662,179.85910678693926,179.88800315048007
13,0.0,0.0,0.153,2.7083964419694353,0.5432098765432098,0.372,-1.2817709684153795,177.08223474540725,180.0,0.28,-0.8718951742523149,178.67983525858497,180.0,0.208,-0.4430518754484405,179.6561733581509,180.0,0.54,-1.8194277543581792,180.0,176.64849202301028,0.387,-1.3388019134517586,180.0,178.50845795685348,0.254,-0.7312968440795142,180.0,179.61970655760285,0.764,-2.320040985343097,177.08223474540725,176.64849202301028,0.567,-1.889817082249577,178.67983525858497,178.50845795685348,0.325,-1.086908065223165,179.6561733581509,179.61970655760285,0.5410802469135803,0.127,0.2687031559204857,178.1022779975192,180.0,0.133,0.2021054071914618,179.1504985368057,180.0,0.137,0.1593557597321249,179.78538498883046,180.0,0.141,0.1178364902938584,180.0,178.01457348366722,0.146,0.0675632838126345,180.0,179.11159719706242,0.156,-0.0280143761695965,180.0,179.7754239145772,0.101,0.599176359940857,178.1022779975192,178.01457348366722,0.113,0.4372088802774638,179.1504985368057,179.11159719706242,0.131,0.2239648411552015,179.78538498883046,179.7754239145772,0.5355401234567901,0.125,0.2916035580305647,178.93300772909888,180.0,0.131,0.2239648411552015,179.53082574467678,180.0,0.139,0.138446769969144,179.88322580768457,180.0,0.125,0.2916035580305647,180.0,178.4335068418301,0.133,0.2021054071914618,180.0,179.3271988912436,0.147,0.0577154978562872,180.0,179.83509407436486,0.094,0.7027989910150145,178.93300772909888,178.4335068418301,0.109,0.4892035179157252,179.53082574467678,179.3271988912436,0.129,0.2461605872693977,179.88322580768457,179.83509407436486
14,0.0,0.0,0.515,0.9573556625915064,0.5174691358024692,0.387,0.4122388659261704,179.2230730722478,180.0,0.43,0.2602357724811204,179.65276078651877,180.0,0.472,0.1257855727087395,179.9117033540955,180.0,0.38,0.4385730137396328,180.0,179.2236311080285,0.443,0.2172657335155623,180.0,179.65775018073933,0.482,0.0955392858406192,180.0,179.91445230440738,0.224,1.2010737000129763,179.2230730722478,179.2236311080285,0.327,0.6552817965724982,179.65276078651877,179.65775018073933,0.432,0.2535411199071122,179.9117033540955,179.91445230440738,0.5363888888888889,0.491,0.0688494077558876,177.95068304367126,180.0,0.498,0.0484266900024998,179.09980824396567,180.0,0.508,0.0197439352984148,179.77634501416318,180.0,0.521,-0.0167109402079275,180.0,177.9554047713897,0.523,-0.0222385141763606,180.0,179.0835994049463,0.528,-0.0359654972878727,180.0,179.76792668046886,0.483,0.0925492432348076,177.95068304367126,177.9554047713897,0.495,0.0571439071036088,179.09980824396567,179.0835994049463,0.507,0.0225866850672402,179.77634501416318,179.76792668046886,0.4857870370370369,0.515,0.0,179.6168201488204,180.0,0.512,0.0084286220705807,179.83029493488434,180.0,0.514,0.0028040728767025,179.95756448879948,180.0,0.555,-0.1079153391668876,180.0,179.4687313253617,0.548,-0.089603460889946,180.0,179.76171556089503,0.539,-0.0657128406819248,180.0,179.93947249918014,0.536,-0.0576605683871918,179.6168201488204,179.4687313253617,0.529,-0.038695290043445,179.83029493488434,179.76171556089503,0.522,-0.0194773744993037,179.95756448879948,179.93947249918014
15,0.0,0.0,0.645,0.6326289343514705,0.5275925925925926,0.345,0.9027027986450852,177.84543021811297,180.0,0.44,0.551795636785957,179.05097992573656,180.0,0.537,0.2643770723252038,179.76031152084184,180.0,0.404,0.6749438675588216,180.0,178.05456387118767,0.488,0.4024180127477302,180.0,179.1228520073313,0.574,0.1682484236349288,180.0,179.7753116914642,0.155,2.057030945036379,177.84543021811297,178.05456387118767,0.27,1.2563397532597858,179.05097992573656,179.1228520073313,0.457,0.4971049952525467,179.76031152084184,179.7753116914642,0.4693055555555556,0.658,-0.0287884234246249,179.07832398313425,180.0,0.655,-0.0221957461141961,179.592412991092,180.0,0.652,-0.015572803920461,179.8982148266632,180.0,0.621,0.0547058920901351,180.0,179.2692408681776,0.638,0.015742736545747,180.0,179.67682215531912,0.648,-0.0066946525740082,180.0,179.9193165784434,0.625,0.0454429707611672,179.07832398313425,179.2692408681776,0.633,0.0270936608822751,179.592412991092,179.67682215531912,0.642,0.0067258631883133,179.8982148266632,179.9193165784434,0.4337345679012345,0.633,0.0270936608822751,179.338994397957,180.0,0.64,0.0112272554232542,179.71093421223662,180.0,0.643,0.0044804229826691,179.92858372979742,180.0,0.655,-0.0221957461141961,180.0,179.475869356656,0.657,-0.0265942100117131,180.0,179.7661017765996,0.659,-0.0309793046974352,180.0,179.94108309784227,0.637,0.0180057880543161,179.338994397957,179.475869356656,0.64,0.0112272554232542,179.71093421223662,179.7661017765996,0.644,0.0022384721959994,179.92858372979742,179.94108309784227
16,0.0,0.0,0.811,0.3022261804448139,0.4508333333333333,0.799,0.0215064112892962,179.87218479947705,180.0,0.802,0.0160996777623527,179.9434693705732,180.0,0.807,0.0071332409394926,179.98589590181933,180.0,0.798,0.0233131679949272,180.0,179.8334349645131,0.801,0.0178996718085629,180.0,179.927806733059,0.813,-0.0035534378577545,180.0,179.98235664331213,0.775,0.0655056040556731,179.87218479947705,179.8334349645131,0.788,0.0415062847608967,179.9434693705732,179.927806733059,0.8,0.0197019144425483,179.98589590181933,179.98235664331213,0.529783950617284,0.813,-0.0035534378577545,179.52875673505392,180.0,0.815,-0.0070981449011666,179.79476916476742,180.0,0.813,-0.0035534378577545,179.94946909518114,180.0,0.815,-0.0070981449011666,180.0,179.5676154102588,0.817,-0.0106341639284102,180.0,179.80981449083478,0.819,-0.0141615374237354,180.0,179.9527309192649,0.81,0.0017800064452859,179.52875673505392,179.5676154102588,0.81,0.0017800064452859,179.79476916476742,179.80981449083478,0.815,-0.0070981449011666,179.94946909518114,179.9527309192649,0.5204938271604937,0.825,-0.0246922049159049,178.82735380395536,180.0,0.819,-0.0141615374237354,179.4848484584855,180.0,0.815,-0.0070981449011666,179.87142760338776,180.0,0.808,0.0053466214654783,180.0,178.9873135924723,0.81,0.0017800064452859,180.0,179.54406352327274,0.817,-0.0106341639284102,180.0,179.88335702656104,0.815,-0.0070981449011666,178.82735380395536,178.9873135924723,0.811,0.0,179.4848484584855,179.54406352327274,0.811,0.0,179.87142760338776,179.88335702656104
17,0.0,0.0,0.756,0.4035418604410143,0.4253086419753086,0.739,0.0328118700749217,179.8877417303786,180.0,0.743,0.0250240236824764,179.95000596581798,180.0,0.745,0.0211458088715487,179.98746339631774,180.0,0.751,0.0095733267068008,180.0,179.89847188407967,0.758,-0.003811613950019,180.0,179.9548798103756,0.762,-0.0114047632722493,180.0,179.98871173091996,0.727,0.0564308703014783,179.8877417303786,179.89847188407967,0.74,0.0308609637047605,179.95000596581798,179.9548798103756,0.745,0.0211458088715487,179.98746339631774,179.98871173091996,0.5085648148148149,0.748,0.0153479643334359,177.09814666644007,180.0,0.752,0.0076535725434352,178.6813407504083,180.0,0.749,0.0134205157623216,179.6602462918217,180.0,0.772,-0.0302146130470077,180.0,177.47647077012417,0.771,-0.0283446256939616,180.0,178.89274476401243,0.767,-0.0208403432818607,180.0,179.7244095246074,0.751,0.0095733267068008,177.09814666644007,177.47647077012417,0.755,0.0019095900086313,178.6813407504083,178.89274476401243,0.756,0.0,179.6602462918217,179.7244095246074,0.4443518518518518,0.759,-0.0057136511943936,179.33984855700538,180.0,0.754,0.0038217109524084,179.70735970997487,180.0,0.752,0.0076535725434352,179.92646545527458,180.0,0.768,-0.0227200765000835,180.0,179.33358398663137,0.766,-0.0189581577038844,180.0,179.7032380317229,0.764,-0.015186403814676,180.0,179.92513669288255,0.759,-0.0057136511943936,179.33984855700538,179.33358398663137,0.757,-0.0019070657646589,179.70735970997487,179.7032380317229,0.757,-0.0019070657646589,179.92646545527458,179.92513669288255
18,0.0,0.0,0.61,0.7131188522118385,0.4648765432098766,0.689,-0.1756947402540426,179.6927101760898,180.0,0.666,-0.1267129346210136,179.86379829411783,180.0,0.635,-0.0579473492092796,179.96589877226415,180.0,0.708,-0.2149401176327487,180.0,179.62686403867377,0.685,-0.1672947453976405,180.0,179.8365951395114,0.654,-0.1004813930478339,180.0,179.95952644009975,0.77,-0.3360492031320151,179.6927101760898,179.62686403867377,0.721,-0.2411900167905738,179.86379829411783,179.8365951395114,0.672,-0.1396519903285118,179.96589877226415,179.95952644009975,0.5029629629629631,0.631,-0.0488307625323004,178.78981823935706,180.0,0.625,-0.0350469470992007,179.46542261476824,180.0,0.618,-0.0187975954541259,179.86633284165816,180.0,0.636,-0.0602175228341067,180.0,178.85450880753842,0.63,-0.0465425859370302,180.0,179.4849076980003,0.628,-0.0419553164413784,180.0,179.8690090044649,0.65,-0.0916304754655683,178.78981823935706,178.85450880753842,0.637,-0.0624841298060517,179.46542261476824,179.4849076980003,0.623,-0.0304229205737532,179.86633284165816,179.8690090044649,0.5242129629629629,0.654,-0.1004813930478339,176.05942394477088,180.0,0.645,-0.0804899178603679,178.19200830277802,180.0,0.62,-0.023458972823989,179.51818653182005,180.0,0.658,-0.1092783412849929,180.0,176.36391201018952,0.638,-0.0647471813146208,180.0,178.38544954891302,0.629,-0.0442507744290405,180.0,179.5816769696579,0.698,-0.1944177937594036,176.05942394477088,176.36391201018952,0.663,-0.1201996276623392,178.19200830277802,178.38544954891302,0.631,-0.0488307625323004,179.51818653182005,179.5816769696579
19,0.0,0.0,0.356,1.4900508536956891,0.4581172839506173,0.427,-0.2623588286540925,179.63396942871816,180.0,0.397,-0.15726176617656,179.8376987015987,180.0,0.375,-0.0750133544168454,179.95935294125408,180.0,0.461,-0.3728895094629403,180.0,179.60791041082726,0.427,-0.2623588286540925,180.0,179.82701865901348,0.395,-0.1499754120980676,180.0,179.95695284686937,0.549,-0.6249289080388011,179.63396942871816,179.60791041082726,0.471,-0.4038498186463854,179.8376987015987,179.82701865901348,0.402,-0.1753182602125309,179.95935294125408,179.95695284686937,0.5460339506172839,0.33,0.1094112167205818,176.8119549743659,180.0,0.338,0.0748539946842132,178.53680557561688,180.0,0.348,0.0327899351176694,179.6169937204889,180.0,0.371,-0.0595419456544055,180.0,176.2121910601038,0.369,-0.0517435750939982,180.0,178.33732536975333,0.365,-0.0360192228009819,180.0,179.5846604784833,0.335,0.0877161456212627,176.8119549743659,176.2121910601038,0.351,0.020406210661837,178.53680557561688,178.33732536975333,0.352,0.0163018123291005,179.6169937204889,179.5846604784833,0.5524537037037036,0.324,0.1358834280817729,177.4532699804477,180.0,0.335,0.0877161456212627,178.8277672683821,180.0,0.347,0.0369415783881368,179.6900625228714,180.0,0.348,0.0327899351176694,180.0,176.6499806833359,0.351,0.020406210661837,180.0,178.52285446587643,0.357,-0.0040468330627019,180.0,179.6300804419763,0.297,0.2614143101656319,177.4532699804477,176.6499806833359,0.316,0.1719526827892947,178.8277672683821,178.52285446587643,0.341,0.0621055019422251,179.6900625228714,179.6300804419763
20,0.0,0.0,0.621,0.6873348264416056,0.5353395061728394,0.835,-0.4271829291409331,177.50213439292403,180.0,0.782,-0.3325753390868708,178.90030523198587,180.0,0.699,-0.1706991871549549,179.72477745294057,180.0,0.823,-0.4062991622011441,180.0,178.0548585986633,0.783,-0.3344190390705592,180.0,179.1360414555885,0.701,-0.1748211757901416,180.0,179.7816320562151,0.947,-0.6087711572479034,177.50213439292403,178.0548585986633,0.88,-0.5029102553041782,178.90030523198587,179.1360414555885,0.78,-0.3288808555291292,179.72477745294057,179.7816320562151,0.4924691358024691,0.579,0.1010299202312449,178.38804033049263,180.0,0.596,0.0592809377583198,179.29420606965652,180.0,0.606,0.0352754747475305,179.82535841755103,180.0,0.637,-0.0367001040358189,180.0,178.67300870302617,0.634,-0.0298895719189258,180.0,179.4045384144436,0.634,-0.0298895719189258,180.0,179.84903953859853,0.597,0.0568623369556764,178.38804033049263,178.67300870302617,0.605,0.0376581260585245,179.29420606965652,179.4045384144436,0.613,0.0187061945297,179.82535841755103,179.84903953859853,0.4852777777777777,0.525,0.2422758456669964,177.7391038637014,180.0,0.556,0.1595083854969738,178.99255591218895,180.0,0.589,0.0763256343900208,179.74471995909315,180.0,0.596,0.0592809377583198,180.0,177.9453720577843,0.607,0.0328967519647993,180.0,179.07263671815446,0.619,0.0046538590062168,180.0,179.76169642455648,0.494,0.3300822266358038,177.7391038637014,177.9453720577843,0.536,0.2123602677627089,178.99255591218895,179.07263671815446,0.579,0.1010299202312449,179.74471995909315,179.76169642455648
21,0.0,0.0,0.092,3.4422223286050744,0.533858024691358,0.288,-1.6463630453852995,177.8174062708717,180.0,0.206,-1.1629385711262057,179.0344084589859,180.0,0.137,-0.5744701269035142,179.75644411071238,180.0,0.323,-1.8118283986369124,180.0,177.44103085793932,0.236,-1.3590810933048283,180.0,178.8774092629737,0.151,-0.7148427832680664,180.0,179.71711295863997,0.594,-2.690757164743753,177.8174062708717,177.44103085793932,0.405,-2.1382161417149748,179.0344084589859,178.8774092629737,0.215,-1.2246308935324477,179.75644411071238,179.71711295863997,0.5407253086419752,0.11,-0.2577977574676469,177.38873223663785,180.0,0.103,-0.1629385711262054,178.85192396857096,180.0,0.096,-0.0614005446641434,179.71369780888477,180.0,0.108,-0.231325546106456,180.0,177.18538008070357,0.105,-0.1906835616091098,180.0,178.75662716001045,0.099,-0.1057946640225968,180.0,179.68800333872193,0.127,-0.4651227307151533,177.38873223663785,177.18538008070357,0.114,-0.3093280581077291,178.85192396857096,178.75662716001045,0.102,-0.148863385914483,179.71369780888477,179.68800333872193,0.5414197530864198,0.117,-0.3468027635263917,178.3014897754307,180.0,0.108,-0.231325546106456,179.26490772982743,180.0,0.099,-0.1057946640225968,179.81860833204593,180.0,0.134,-0.5425272344007599,180.0,177.942991118777,0.122,-0.4071753815058736,180.0,179.07460019890436,0.108,-0.231325546106456,180.0,179.76214952916743,0.161,-0.8073549220576042,178.3014897754307,177.942991118777,0.13,-0.4988058569714417,179.26490772982743,179.07460019890436,0.112,-0.2837929660005915,179.81860833204593,179.76214952916743
22,0.0,0.0,0.831,0.2670796178917426,0.5097839506172839,0.685,0.2787444889224553,178.8784893620858,180.0,0.741,0.1653749344645106,179.5041714911542,180.0,0.784,0.0839948226551361,179.87584359289644,180.0,0.671,0.3085357105701608,180.0,178.8949526223043,0.745,0.1576080514208205,180.0,179.51884491013996,0.794,0.0657094696273865,180.0,179.8809241308629,0.495,0.7474199518033725,178.8784893620858,178.8949526223043,0.617,0.4295779876209266,179.5041714911542,179.51884491013996,0.739,0.1692741126241935,179.87584359289644,179.8809241308629,0.5659413580246915,0.859,-0.0478096543681191,176.84502046542954,180.0,0.847,-0.0275134925618541,178.6189549541891,180.0,0.838,-0.0121017669290071,179.65687799528007,180.0,0.804,0.0476529755914157,180.0,177.03528087879303,0.822,0.0157100830886616,180.0,178.64400504705256,0.829,0.0034763752745941,180.0,179.6478331974984,0.837,-0.0103791457799992,176.84502046542954,177.03528087879303,0.832,-0.0017350513707476,178.6189549541891,178.64400504705256,0.83,0.0017371405360573,179.65687799528007,179.6478331974984,0.5836265432098766,0.818,0.0227476338285956,177.077468128917,180.0,0.821,0.0174662549925397,178.71489342855548,180.0,0.829,0.0034763752745941,179.6772624958749,180.0,0.793,0.0675276110663659,180.0,176.9415242200903,0.806,0.0440686382423769,180.0,178.59697978677343,0.822,0.0157100830886616,180.0,179.63226672721507,0.771,0.1081176168553101,177.077468128917,176.9415242200903,0.797,0.0602687527798725,178.71489342855548,178.59697978677343,0.811,0.0351465625530713,179.6772624958749,179.63226672721507
23,0.0,0.0,0.262,1.9323612831246368,0.5070987654320988,0.451,-0.7835606217179305,179.04887172891537,180.0,0.384,-0.5515394991837057,179.5702320582522,180.0,0.329,-0.3285207721977912,179.8900285339882,180.0,0.482,-0.8794663346925111,180.0,178.95480490801614,0.416,-0.6670167166036416,180.0,179.53588136869587,0.355,-0.4382522128545938,180.0,179.88316391703185,0.64,-1.288505093349912,179.04887172891537,178.95480490801614,0.511,-0.963756479400171,179.5702320582522,179.53588136869587,0.391,-0.577601795769902,179.8900285339882,179.88316391703185,0.5368518518518518,0.251,0.0618794475866784,176.67511138654845,180.0,0.25,0.0676387168753633,178.50915794675575,180.0,0.25,0.0676387168753633,179.62157675766312,180.0,0.359,-0.4544170322856009,180.0,176.45273332884622,0.33,-0.3328992127083654,180.0,178.41237298172078,0.308,-0.2333635391574509,180.0,179.59858640317864,0.332,-0.3416164298094744,176.67511138654845,176.45273332884622,0.311,-0.2473477685931522,178.50915794675575,178.41237298172078,0.292,-0.1564015573425667,179.62157675766312,179.59858640317864,0.5643672839506173,0.279,-0.0906983102917373,176.46653536295756,180.0,0.269,-0.0380393610191738,178.4414173254223,180.0,0.261,0.0055170049675659,179.60778041323078,180.0,0.335,-0.3545942838076845,180.0,176.0407354148059,0.314,-0.2611977473541766,180.0,178.21880320294994,0.298,-0.185745518924711,180.0,179.54105051568982,0.34,-0.3759679346002513,176.46653536295756,176.0407354148059,0.308,-0.2333635391574509,178.4414173254223,178.21880320294994,0.283,-0.1112352412944317,179.60778041323078,179.54105051568982
24,0.0,0.0,0.358,1.4819685073978306,0.4358024691358025,0.388,-0.1160970649228712,179.91538310113367,180.0,0.377,-0.0746049360044078,179.9622285847912,180.0,0.367,-0.0358204755789564,179.9905079305454,180.0,0.395,-0.1418930658002088,180.0,179.9181783889515,0.391,-0.1272090200430959,180.0,179.96391355283654,0.381,-0.0898314102290656,180.0,179.99103985763662,0.412,-0.2026847499189619,179.91538310113367,179.9181783889515,0.397,-0.1491794198787013,179.9622285847912,179.96391355283654,0.378,-0.0784266469568162,179.9905079305454,179.99103985763662,0.4421141975308642,0.337,0.0872109960823979,178.11428248748976,180.0,0.345,0.053363225598725,179.14441066099377,180.0,0.351,0.0284885569596957,179.7797272472211,180.0,0.376,-0.0707730744133809,180.0,177.65371328743285,0.376,-0.0707730744133809,180.0,178.98296013131375,0.371,-0.0514595993565467,180.0,179.75014721465692,0.339,0.0786743141279124,178.11428248748976,177.65371328743285,0.347,0.0450239246859955,179.14441066099377,178.98296013131375,0.353,0.0202914039930761,179.7797272472211,179.75014721465692,0.4060956790123457,0.36,-0.0080373190654181,179.2055766589499,180.0,0.361,-0.0120392496229144,179.64667054550168,180.0,0.358,0.0,179.91101931265842,180.0,0.404,-0.1743957054875384,180.0,179.3257041910528,0.397,-0.1491794198787013,180.0,179.7092229975613,0.385,-0.1048988583180072,180.0,179.9290260778486,0.394,-0.1382360421921198,179.2055766589499,179.3257041910528,0.381,-0.0898314102290656,179.64667054550168,179.7092229975613,0.374,-0.0630786826233802,179.91101931265842,179.9290260778486
25,0.0,0.0,0.473,1.080087911322692,0.5147530864197531,0.786,-0.7326891289192115,177.78932009551727,180.0,0.671,-0.5044725828607886,179.01361028572177,180.0,0.585,-0.3065964411313717,179.7477753080778,180.0,0.757,-0.6784531166463366,180.0,178.27788716284772,0.661,-0.4828100881682967,180.0,179.21783118865517,0.586,-0.3090604810828528,180.0,179.79823161197731,0.93,-0.9753905326559988,177.78932009551727,178.27788716284772,0.842,-0.831980049727001,179.01361028572177,179.21783118865517,0.668,-0.4980079191346572,179.7477753080778,179.79823161197731,0.5601388888888889,0.479,-0.0181854723967851,179.66518184552424,180.0,0.474,-0.0030468755588639,179.85069188286565,180.0,0.47,0.0091794267743954,179.96245484766277,180.0,0.483,-0.030183005496378,180.0,179.58187143733494,0.488,-0.0450409642234912,180.0,179.81460286778434,0.489,-0.0479942816128386,180.0,179.9536289006589,0.475,-0.006087329878915,179.66518184552424,179.58187143733494,0.475,-0.006087329878915,179.85069188286565,179.81460286778434,0.474,-0.0030468755588639,179.96245484766277,179.9536289006589,0.4619598765432098,0.463,0.0308279900791585,179.56609412586886,180.0,0.469,0.0122522608240185,179.80723921061357,180.0,0.467,0.018417633629733,179.95169002094195,180.0,0.508,-0.1029883134327708,180.0,179.49704382104275,0.501,-0.0829704198558133,180.0,179.77713489988693,0.496,-0.0684999370474801,180.0,179.94423141281243,0.488,-0.0450409642234912,179.56609412586886,179.49704382104275,0.484,-0.0331668639351994,179.80723921061357,179.77713489988693,0.478,-0.0151704346413534,179.95169002094195,179.94423141281243
26,0.0,0.0,0.163,2.61705613043101,0.4295061728395061,0.131,0.3153051526936274,179.7906158915922,180.0,0.139,0.22978708150757,179.90734111014137,180.0,0.152,0.1008006407874924,179.97688718046922,180.0,0.143,0.1888568174526885,180.0,179.7653740649131,0.151,0.1103234149059986,180.0,179.89653631108465,0.161,0.0178112761164608,180.0,179.97420524223094,0.108,0.5938406520676089,179.7906158915922,179.7653740649131,0.125,0.3829438695689906,179.90734111014137,179.89653631108465,0.143,0.1888568174526885,179.97688718046922,179.97420524223094,0.5613117283950617,0.199,-0.2878964663125711,177.10768726633106,180.0,0.19,-0.2211274540998702,178.69974148357915,180.0,0.175,-0.1024829576012509,179.66848695172698,180.0,0.165,-0.0175940600147384,180.0,177.13459765609673,0.169,-0.0521512820511067,180.0,178.7040250544215,0.171,-0.0691243606548202,180.0,179.6679316846704,0.195,-0.2586021595185332,177.10768726633106,177.13459765609673,0.187,-0.1981663056565588,178.69974148357915,178.7040250544215,0.173,-0.0859000734056469,179.66848695172698,179.6679316846704,0.5786574074074075,0.182,-0.1590664859676187,177.39943579260364,180.0,0.174,-0.0942153416176503,178.88215401297936,180.0,0.169,-0.0521512820511067,179.72482865494243,180.0,0.165,-0.0175940600147384,180.0,177.79382090152868,0.169,-0.0521512820511067,180.0,179.02566606916318,0.169,-0.0521512820511067,180.0,179.7532720614091,0.172,-0.0775366004710202,177.39943579260364,177.79382090152868,0.172,-0.0775366004710202,178.88215401297936,179.02566606916318,0.168,-0.0435892685476826,179.72482865494243,179.7532720614091
27,0.0,0.0,0.196,2.351074440546878,0.4729012345679012,0.254,-0.3739748426569576,179.79224686194422,180.0,0.242,-0.3041533931593863,179.90970711400473,180.0,0.213,-0.1199997761106299,179.97783550883892,180.0,0.274,-0.4833222388453184,180.0,179.74698254788092,0.254,-0.3739748426569576,180.0,179.8871001415092,0.229,-0.2244939439817357,180.0,179.97153149585887,0.336,-0.7776075786635519,179.79224686194422,179.74698254788092,0.283,-0.5299483987166738,179.90970711400473,179.8871001415092,0.243,-0.3101026594905725,179.97783550883892,179.97153149585887,0.4903395061728396,0.177,0.1471042940322111,177.50899693475475,180.0,0.184,0.0911478880581957,178.91231089644418,180.0,0.187,0.0678153842275719,179.72953704944257,180.0,0.206,-0.0717906830680097,180.0,177.72528189610583,0.207,-0.0787771133841168,180.0,179.00075382730645,0.206,-0.0717906830680097,180.0,179.75011311846217,0.182,0.1069152039165119,177.50899693475475,177.72528189610583,0.187,0.0678153842275719,178.91231089644418,179.00075382730645,0.192,0.0297473433940522,179.72953704944257,179.75011311846217,0.506496913580247,0.21,-0.099535673550914,179.0492689173424,180.0,0.204,-0.0577154978562872,179.5769682017066,180.0,0.199,-0.0219147764284404,179.8924295862852,180.0,0.22,-0.1666498694094511,180.0,178.91082933279657,0.215,-0.1334830054742517,180.0,179.5327499269696,0.21,-0.099535673550914,180.0,179.88587929060688,0.224,-0.1926450779423958,179.0492689173424,178.91082933279657,0.217,-0.1468413883292707,179.5769682017066,179.5327499269696,0.204,-0.0577154978562872,179.8924295862852,179.88587929060688
28,0.0,0.0,0.445,1.168122758808327,0.4562962962962963,0.545,-0.2924508938105287,179.53525180125266,180.0,0.511,-0.1995179550838612,179.7934938905716,180.0,0.476,-0.0971562374541834,179.94796717977695,180.0,0.572,-0.3622098109246292,180.0,179.4857325199251,0.529,-0.2494623862602657,180.0,179.77884889492705,0.5,-0.1681227588083269,180.0,179.94604618666853,0.654,-0.5554852996443225,179.53525180125266,179.4857325199251,0.58,-0.3822475641611742,179.7934938905716,179.77884889492705,0.514,-0.207963023340118,179.94796717977695,179.94604618666853,0.5571759259259259,0.517,-0.2163589444611745,175.38138671018507,180.0,0.496,-0.1565347845331151,177.9357521693017,180.0,0.467,-0.0696172138559019,179.47581741269028,180.0,0.413,0.1076635544343147,180.0,175.3607000697395,0.426,0.0629519056279219,180.0,177.96263794807302,0.443,0.0064986372987416,180.0,179.49198772912155,0.473,-0.0880348474856349,175.38138671018507,175.3607000697395,0.463,-0.0572068574064763,177.9357521693017,177.96263794807302,0.454,-0.0288869614371549,179.47581741269028,179.49198772912155,0.5562654320987654,0.518,-0.2191467618327938,174.55702123087283,180.0,0.5,-0.1681227588083269,177.67803109504462,180.0,0.475,-0.0941221773645499,179.42323633331463,180.0,0.401,0.1502030993988397,180.0,172.7161866691232,0.411,0.1146669421720771,180.0,176.56806686551153,0.426,0.0629519056279219,180.0,179.05661407663877,0.475,-0.0941221773645499,174.55702123087283,172.7161866691232,0.456,-0.0352284883109816,177.67803109504462,176.56806686551153,0.445,0.0,179.42323633331463,179.05661407663877
29,0.0,0.0,0.643,0.6371093573341396,0.482037037037037,0.758,-0.2373791108431443,179.42482489295406,180.0,0.721,-0.165180521912875,179.75434406267794,180.0,0.688,-0.0975898273741504,179.94036760071396,180.0,0.763,-0.2468643195065831,180.0,179.48373293131647,0.729,-0.1811000769989896,180.0,179.77240586988268,0.695,-0.1121942402829222,180.0,179.94300786732282,0.843,-0.3907138936141348,179.42482489295406,179.48373293131647,0.784,-0.2860349167872609,179.75434406267794,179.77240586988268,0.722,-0.1671800995592235,179.94036760071396,179.94300786732282,0.465679012345679,0.62,0.0525505220537098,179.4513321358953,180.0,0.627,0.0363532945259084,179.75379100484133,180.0,0.635,0.0180621456684191,179.93769857724527,180.0,0.674,-0.0679298538539111,180.0,179.55129229212804,0.666,-0.0507034397433148,180.0,179.8013452004408,0.659,-0.0354597276801044,180.0,179.9504355063906,0.631,0.0271787323453983,179.4513321358953,179.55129229212804,0.635,0.0180621456684191,179.75379100484133,179.8013452004408,0.64,0.006746832440585,179.93769857724527,179.9504355063906,0.5304166666666666,0.628,0.0340541784363204,178.825742045407,180.0,0.634,0.0203358971885401,179.4880807293204,180.0,0.637,0.013525365071647,179.87255251819298,180.0,0.633,0.022613237899606,180.0,178.9078061889111,0.635,0.0180621456684191,180.0,179.50835599925554,0.645,-0.0044804229826691,180.0,179.87402991435928,0.608,0.0807474138843619,178.825742045407,178.9078061889111,0.621,0.0502254691074659,179.4880807293204,179.50835599925554,0.633,0.022613237899606,179.87255251819298,179.87402991435928
30,0.0,0.0,0.666,0.5864059175908248,0.5240432098765433,0.461,0.5307554266419242,178.292988493058,180.0,0.532,0.3240959315700725,179.2407891528081,180.0,0.595,0.1626325088759563,179.8069753880575,180.0,0.368,0.8558164110142493,180.0,177.4646023184342,0.496,0.425182056684387,180.0,178.9440982694214,0.585,0.1870855526004954,180.0,179.74376253097444,0.19,1.8095227587403144,178.292988493058,177.4646023184342,0.32,1.0574502721838996,179.2407891528081,178.9440982694214,0.514,0.373753817877384,179.8069753880575,179.74376253097444,0.413641975308642,0.672,-0.0129390557074982,179.35317187016906,180.0,0.669,-0.0064840335701987,179.7130441898424,180.0,0.668,-0.00432592540279,179.92814545559946,180.0,0.681,-0.032132620940809,180.0,179.46630900381442,0.678,-0.0257630960650817,180.0,179.7647273324712,0.678,-0.0257630960650817,180.0,179.9414849984252,0.684,-0.0384741478146357,179.35317187016906,179.46630900381442,0.676,-0.0215010692109222,179.7130441898424,179.7647273324712,0.671,-0.0107905891289213,179.92814545559946,179.9414849984252,0.5473611111111111,0.675,-0.0193653248669311,177.32649994213236,180.0,0.671,-0.0107905891289213,178.8336443336954,180.0,0.67,-0.0086389182738726,179.70400157037585,180.0,0.757,-0.1847711229144694,180.0,177.76036360149746,0.727,-0.1264331868483321,180.0,179.03980269146433,0.705,-0.0821010802148936,180.0,179.76102607244258,0.762,-0.1942688204220598,177.32649994213236,177.76036360149746,0.728,-0.128416273127434,178.8336443336954,179.03980269146433,0.697,-0.0656364787971608,179.70400157037585,179.76102607244258
31,0.0,0.0,0.053,4.237863830098888,0.5073148148148148,0.105,-0.9863250631029236,179.36204723624624,180.0,0.078,-0.5574817642990495,179.71894556693636,180.0,0.065,-0.2944473584652556,179.9299044465832,180.0,0.11,-1.0534392589614607,180.0,179.3057892925808,0.089,-0.7478129764031989,180.0,179.69470256869602,0.069,-0.3806040022149703,180.0,179.9240041177446,0.187,-1.8189740053244376,179.36204723624624,179.3057892925808,0.124,-1.2262758558236766,179.71894556693636,179.69470256869602,0.082,-0.629631550054885,179.9299044465832,179.9240041177446,0.4651851851851852,0.042,0.335603031784438,178.5905862245187,180.0,0.044,0.2684888359259014,179.37268713836613,180.0,0.046,0.2043584985061857,179.84195809275124,180.0,0.061,-0.202816882999687,180.0,178.45194277221287,0.059,-0.1547225947986428,180.0,179.2992030759471,0.059,-0.1547225947986428,180.0,179.82024174917828,0.049,0.1132106104479904,178.5905862245187,178.45194277221287,0.05,0.0840642647884744,179.37268713836613,179.2992030759471,0.048,0.1429579538420426,179.84195809275124,179.82024174917828,0.4183333333333333,0.048,0.1429579538420426,179.23889331121734,180.0,0.05,0.0840642647884744,179.66777338313892,180.0,0.049,0.1132106104479904,179.91780297893854,180.0,0.056,-0.0794344674944049,180.0,179.36026751870972,0.057,-0.1049695596015425,180.0,179.70895078508735,0.057,-0.1049695596015425,180.0,179.92498280076413,0.05,0.0840642647884744,179.23889331121734,179.36026751870972,0.052,0.027480736422107,179.66777338313892,179.70895078508735,0.051,0.0554951125917035,179.91780297893854,179.92498280076413
32,0.0,0.0,0.381,1.392137097168765,0.446574074074074,0.324,0.2337971846086972,179.7641531279656,180.0,0.349,0.1265639612836699,179.89695365127113,180.0,0.368,0.0500852314363091,179.97457488530335,180.0,0.333,0.1942688204220597,180.0,179.75154379634932,0.356,0.0979137565269243,180.0,179.89120155356943,0.378,0.0114047632722493,180.0,179.97311924542512,0.277,0.4599050214441336,179.7641531279656,179.75154379634932,0.314,0.2790264386016949,179.89695365127113,179.89120155356943,0.345,0.1431946358277906,179.97457488530335,179.97311924542512,0.5095679012345679,0.336,0.1813297647145617,176.22606295932866,180.0,0.352,0.1142155688560249,178.31540423093838,180.0,0.366,0.0579473492092796,179.57051468460605,180.0,0.4,-0.0702090022814028,180.0,176.45879868206788,0.395,-0.0520616555711432,180.0,178.43124204871185,0.391,-0.0373776098140303,180.0,179.60410148326244,0.338,0.1727677512111376,176.22606295932866,176.45879868206788,0.349,0.1265639612836699,178.31540423093838,178.43124204871185,0.371,0.0383718108725188,179.57051468460605,179.60410148326244,0.450108024691358,0.361,0.0777921606061511,179.08631140588963,180.0,0.374,0.0267527276056853,179.59209569050145,180.0,0.379,0.0075931493222303,179.89675069650204,180.0,0.378,0.0114047632722493,180.0,179.22925909281977,0.385,-0.0150674480889416,180.0,179.6638252803021,0.388,-0.0262656546938055,180.0,179.91681749978002,0.341,0.1600192584691495,179.08631140588963,179.22925909281977,0.357,0.0938669234642224,179.59209569050145,179.6638252803021,0.375,0.0229004021100789,179.89675069650204,179.91681749978002
33,0.0,0.0,0.592,0.7563309190331373,0.4269753086419753,0.53,0.1596048161783881,179.82618983299963,180.0,0.551,0.103544857057792,179.92201357646746,180.0,0.567,0.0622484406867209,179.98025559756735,180.0,0.545,0.1193409459646609,180.0,179.83767516485395,0.561,0.0775964050201567,180.0,179.9288915320491,0.587,0.0122366725188975,180.0,179.98242345630754,0.471,0.3298701160161665,179.82618983299963,179.83767516485395,0.506,0.2264597909346396,179.92201357646746,179.9288915320491,0.551,0.103544857057792,179.98025559756735,179.98242345630754,0.4974537037037037,0.597,-0.0121337556358552,178.19340998590496,180.0,0.594,-0.0048657551718159,179.1974430568612,180.0,0.592,0.0,179.7973980252295,180.0,0.574,0.044546438953262,180.0,177.96180488637128,0.584,0.0196288067489326,180.0,179.10056706740343,0.597,-0.0121337556358552,180.0,179.77465859126363,0.569,0.0571685233223678,178.19340998590496,177.96180488637128,0.577,0.0370258569834673,179.1974430568612,179.10056706740343,0.576,0.0395283641866375,179.7973980252295,179.77465859126363,0.4856327160493827,0.559,0.0827488927857594,178.8193360310467,180.0,0.565,0.0673463083263997,179.45142304133316,180.0,0.575,0.0420352197972122,179.85412433628534,180.0,0.58,0.0295442756140154,180.0,178.29981106920073,0.587,0.0122366725188975,180.0,179.26578293939687,0.596,-0.0097151548332118,180.0,179.8187825337982,0.533,0.1514616428697738,178.8193360310467,178.29981106920073,0.552,0.1009289088507805,179.45142304133316,179.26578293939687,0.566,0.0647951227970675,179.85412433628534,179.8187825337982
34,0.0,0.0,0.827,0.2740407654908124,0.5324074074074073,0.568,0.5419963996665926,177.34384837077397,180.0,0.676,0.2908640828890902,178.8305589302926,180.0,0.76,0.1218879108403268,179.70336725632748,180.0,0.523,0.6610763829243331,180.0,177.0647869645758,0.652,0.3430153649401971,180.0,178.65631680212758,0.76,0.1218879108403268,180.0,179.64497261587795,0.262,1.6583205176338245,177.34384837077397,177.0647869645758,0.44,0.9103838056466153,178.8305589302926,178.65631680212758,0.656,0.3341915145531909,179.70336725632748,179.64497261587795,0.5227469135802469,0.788,0.0696916997148983,177.98432287013262,180.0,0.799,0.0496918262432977,179.09771904775522,180.0,0.808,0.0335320364194798,179.77101697121392,180.0,0.802,0.0442850927163542,180.0,178.0091787817703,0.816,0.0193181771997791,180.0,179.1132920424959,0.829,-0.0034847723244756,180.0,179.77638166919706,0.754,0.1333228059026103,177.98432287013262,178.0091787817703,0.781,0.0825647810292952,179.09771904775522,179.1132920424959,0.805,0.0388985461692952,179.77101697121392,179.77638166919706,0.5200617283950617,0.792,0.0623868990916649,178.4074972441955,180.0,0.805,0.0388985461692952,179.28209469436527,180.0,0.812,0.0264076019860983,179.8131154389288,180.0,0.814,0.0228585349050277,180.0,178.4178934956291,0.823,0.006994898749649,180.0,179.32801115302297,0.83,-0.0052240070630124,180.0,179.83562468812374,0.77,0.1030288835890109,178.4074972441955,178.4178934956291,0.792,0.0623868990916649,179.28209469436527,179.32801115302297,0.808,0.0335320364194798,179.8131154389288,179.83562468812374
35,0.0,0.0,0.844,0.2446850959549019,0.4566666666666666,0.751,0.1684300911929133,179.1622463120408,180.0,0.783,0.1082306914161443,179.6288330268234,180.0,0.822,0.0381046050255022,179.90692348419688,180.0,0.748,0.1742047288195484,180.0,179.14301528330952,0.795,0.0862881385354673,180.0,179.62305904594788,0.826,0.0311012172877397,180.0,179.90609896140813,0.621,0.4426497304867036,179.1622463120408,179.14301528330952,0.714,0.2413189246780854,179.6288330268234,179.62305904594788,0.788,0.0990473692508087,179.90692348419688,179.90609896140813,0.4608333333333333,0.85,-0.0102198423178789,179.4827075841638,180.0,0.849,-0.0085215548458533,179.768490432561,180.0,0.845,-0.0017083424623615,179.94157820362625,180.0,0.867,-0.0387889945146499,180.0,179.58668104147975,0.864,-0.0337883134562834,180.0,179.81783738965083,0.857,-0.0220522054053147,180.0,179.9547620417274,0.864,-0.0337883134562834,179.4827075841638,179.58668104147975,0.858,-0.0237346487923604,179.768490432561,179.81783738965083,0.853,-0.015302742611105,179.94157820362625,179.9547620417274,0.4475771604938272,0.851,-0.0119161329787775,179.27335860642262,180.0,0.848,-0.006821265856014,179.6736382667794,180.0,0.845,-0.0017083424623615,179.91716323943808,180.0,0.861,-0.0287702386896588,180.0,179.3698704481775,0.859,-0.0254151324312784,180.0,179.72649479232683,0.855,-0.018681421066075,180.0,179.93294151183545,0.861,-0.0287702386896588,179.27335860642262,179.3698704481775,0.854,-0.0169930709133052,179.6736382667794,179.72649479232683,0.851,-0.0119161329787775,179.91716323943808,179.93294151183545
36,0.0,0.0,0.211,2.244685095954902,0.5162345679012346,0.367,-0.7985370641360277,179.10439706953255,180.0,0.305,-0.5315662437430635,179.60406494321862,180.0,0.26,-0.3012686243212694,179.90078178506778,180.0,0.413,-0.9688987827122602,180.0,178.9517870255501,0.341,-0.6925287403169873,180.0,179.54027282259176,0.28,-0.4081838282377814,180.0,179.8857184559323,0.568,-1.4286479307974966,179.10439706953255,178.9517870255501,0.445,-1.076562337146575,179.60406494321862,179.54027282259176,0.313,-0.5689196582254332,179.90078178506778,179.8857184559323,0.4841358024691358,0.218,-0.0470851360697412,178.39878566060094,180.0,0.212,-0.006821265856014,179.3181901033794,180.0,0.208,0.0206594705660929,179.83558311081484,180.0,0.232,-0.1368818064203871,180.0,178.4851973325903,0.231,-0.1306498527088724,180.0,179.30177639554762,0.227,-0.1054492985837298,180.0,179.817696023217,0.229,-0.1181045993897589,178.39878566060094,178.4851973325903,0.216,-0.0337883134562835,179.3181901033794,179.30177639554762,0.215,-0.0270936608822749,179.83558311081484,179.817696023217,0.5076234567901234,0.265,-0.3287493607433764,175.51064077539525,180.0,0.24,-0.1857914069013331,178.11146895083013,180.0,0.217,-0.0404520437372939,179.54030808399068,180.0,0.295,-0.4834719555420184,180.0,176.3810173209101,0.274,-0.3769328942533416,180.0,178.38210033865028,0.248,-0.2330971216796902,180.0,179.58050298931806,0.345,-0.7093533629583462,175.51064077539525,176.3810173209101,0.291,-0.4637761542010985,178.11146895083013,178.38210033865028,0.248,-0.2330971216796902,179.54030808399068,179.58050298931806
37,0.0,0.0,0.599,0.7393720918733014,0.4024691358024692,0.611,-0.0286163770299439,179.78245453878975,180.0,0.608,-0.0215153206547998,179.9053953555336,180.0,0.604,-0.0119925465362932,179.97672843894458,180.0,0.615,-0.0380304074378166,180.0,179.76133382804264,0.612,-0.0309756499038661,180.0,179.89587158919977,0.611,-0.0286163770299439,180.0,179.97438117980536,0.62,-0.0497122124854519,179.78245453878975,179.76133382804264,0.612,-0.0309756499038661,179.9053953555336,179.89587158919977,0.607,-0.0191405134668964,179.97672843894458,179.97438117980536,0.5423765432098766,0.568,0.0766650732841036,179.43026029344682,180.0,0.576,0.0564871913464734,179.745921172364,180.0,0.584,0.0365876339087685,179.93597362625522,180.0,0.624,-0.0589900260734627,180.0,179.4623672119986,0.62,-0.0497122124854519,180.0,179.76132558673623,0.613,-0.0333310709019958,180.0,179.9401106685167,0.581,0.0440178393842568,179.43026029344682,179.4623672119986,0.584,0.0365876339087685,179.745921172364,179.76132558673623,0.591,0.0193978726112532,179.93597362625522,179.9401106685167,0.5349537037037037,0.551,0.1205036842176279,178.40578281950755,180.0,0.565,0.0843051354862356,179.2956434484262,180.0,0.586,0.0316553383665377,179.8222483144409,180.0,0.592,0.0169588271598358,180.0,179.1210859970824,0.597,0.0048250715239805,180.0,179.6053568737364,0.605,-0.0143791393731712,180.0,179.89984846351538,0.544,0.1389493515384461,178.40578281950755,179.1210859970824,0.566,0.0817539499569034,179.2956434484262,179.6053568737364,0.584,0.0365876339087685,179.8222483144409,179.89984846351538
38,0.0,0.0,0.145,2.7858751946471525,0.4831172839506172,0.189,-0.3823333342061379,179.70125761357397,180.0,0.166,-0.1951303413319904,179.87475027739322,180.0,0.154,-0.086877450679967,179.9701563135097,180.0,0.219,-0.5948779695862387,180.0,179.50371393748452,0.196,-0.4348007541002738,180.0,179.78817025132886,0.171,-0.2379434248709633,180.0,179.94858670575294,0.257,-0.8257154591789435,179.70125761357397,179.50371393748452,0.218,-0.588275234761992,179.87475027739322,179.78817025132886,0.176,-0.2795225286223628,179.9701563135097,179.94858670575294,0.4570679012345679,0.145,0.0,178.80549151736503,180.0,0.143,0.0200377532365454,179.4738974124978,180.0,0.142,0.0301619705102527,179.86843731919168,180.0,0.136,0.0924462487645949,180.0,178.77036536082164,0.141,0.0403577376161412,180.0,179.45234690701884,0.147,-0.0197632548214299,180.0,179.86171603070773,0.125,0.2141248053528475,178.80549151736503,178.77036536082164,0.13,0.1575412769864801,179.4738974124978,179.45234690701884,0.139,0.0609680172914268,179.86843731919168,179.86171603070773,0.5505246913580247,0.152,-0.0680184234286507,179.15238856022935,180.0,0.148,-0.0295442756140151,179.62259601027918,180.0,0.147,-0.0197632548214299,179.90432083365607,180.0,0.171,-0.2379434248709633,180.0,179.10488728395583,0.161,-0.1510077880996823,180.0,179.60601619635912,0.156,-0.1054931288473137,180.0,179.9011300772664,0.17,-0.2294818461227672,179.15238856022935,179.10488728395583,0.164,-0.1776429146031493,179.62259601027918,179.60601619635912,0.151,-0.0584956493101445,179.90432083365607,179.9011300772664
39,0.0,0.0,0.698,0.5187010584524349,0.5271913580246913,0.516,0.435855970786398,178.9238512863421,180.0,0.579,0.2696636882204156,179.53135956856897,180.0,0.63,0.1478752078223734,179.8842485393881,180.0,0.522,0.4191772296397676,180.0,178.82809022310065,0.59,0.2425120819604486,180.0,179.4864799872068,0.643,0.1184082988817047,180.0,179.87248589588748,0.314,1.152462477318025,178.9238512863421,178.82809022310065,0.447,0.6429522050263344,179.53135956856897,179.4864799872068,0.58,0.2671741361947178,179.8842485393881,179.87248589588748,0.4976388888888889,0.719,-0.0427647342296455,177.23174232623376,180.0,0.708,-0.0205223238733451,178.7843527231124,180.0,0.702,-0.0082439940949083,179.69558266053195,180.0,0.687,0.0229169373915519,180.0,177.0022393563186,0.698,0.0,180.0,178.64644016124765,0.705,-0.0143962210765036,180.0,179.65211419084417,0.706,-0.0164411470615279,177.23174232623376,177.0022393563186,0.703,-0.0102976528628829,178.7843527231124,178.64644016124765,0.698,0.0,179.69558266053195,179.65211419084417,0.4676697530864197,0.702,-0.0082439940949083,176.84810799405716,180.0,0.704,-0.0123483924276449,178.60291408012085,180.0,0.699,-0.0020654191657841,179.64320393047657,180.0,0.73,-0.0646694275577273,180.0,175.8695321115044,0.723,-0.0507686107414655,180.0,178.12709399470313,0.716,-0.0367325510546041,180.0,179.50895530398108,0.727,-0.0587283277099421,176.84810799405716,175.8695321115044,0.72,-0.0447698701200224,178.60291408012085,178.12709399470313,0.705,-0.0143962210765036,179.64320393047657,179.50895530398108
40,0.0,0.0,0.867,0.205896101440252,0.5476851851851852,0.574,0.5949812565461473,175.16532672380657,180.0,0.68,0.3504972470841331,177.94367224964734,180.0,0.781,0.1507094450798556,179.48398363221676,180.0,0.55,0.6566003748098129,180.0,176.10082049178675,0.684,0.342035668335937,180.0,178.25316409414532,0.785,0.1433393394428456,180.0,179.54751934230208,0.193,2.1674311459537545,175.16532672380657,176.10082049178675,0.411,1.076893599540152,177.94367224964734,178.25316409414532,0.678,0.354746720085491,179.48398363221676,179.54751934230208,0.409074074074074,0.891,-0.039393438300087,179.17508952115347,180.0,0.883,-0.026381444426631,179.63665754520667,180.0,0.872,-0.0082961415550913,179.90969002797962,180.0,0.88,-0.0214715303028246,180.0,179.03810189208795,0.877,-0.016544849222898,180.0,179.57008644681449,0.877,-0.016544849222898,180.0,179.89153152194933,0.899,-0.0522891222926123,179.17508952115347,179.03810189208795,0.888,-0.0345276831282709,179.63665754520667,179.57008644681449,0.877,-0.016544849222898,179.90969002797962,179.89153152194933,0.4684567901234567,0.873,-0.009949660407605,179.5576522997114,180.0,0.868,-0.0016630492226443,179.8054649998897,180.0,0.867,0.0,179.9516261560295,180.0,0.871,-0.0066407253770295,180.0,179.33625011322374,0.874,-0.0116012862787633,180.0,179.71336656952545,0.875,-0.0132510234978561,180.0,179.93006211418847,0.861,0.010018755824991,179.5576522997114,179.33625011322374,0.863,0.00667143404288,179.8054649998897,179.71336656952545,0.866,0.0016649684951101,179.9516261560295,179.93006211418847
41,0.0,0.0,0.967,0.0484122051852458,0.5653703703703703,0.7,0.4661609676445124,172.45804178959725,180.0,0.826,0.2273741080573958,176.62841176214724,180.0,0.915,0.0797441463054363,179.11723636149162,180.0,0.736,0.3938101234198283,180.0,173.75823795374126,0.85,0.1860530484517771,180.0,177.23171269502993,0.931,0.0547347219180473,180.0,179.28615212468742,0.208,2.216932361335749,172.45804178959725,173.75823795374126,0.55,0.8140842710648191,176.62841176214724,177.23171269502993,0.833,0.2151993941112936,179.11723636149162,179.28615212468742,0.4222376543209877,0.963,0.0059800916333818,179.17938182374513,180.0,0.965,0.0029869473213984,179.6399572852169,180.0,0.966,0.001492700641068,179.9107471085774,180.0,0.97,-0.0044688575976488,180.0,179.17780073345995,0.969,-0.0029807759382398,180.0,179.63200846511967,0.969,-0.0029807759382398,180.0,179.90678775760418,0.965,0.0029869473213984,179.17938182374513,179.17780073345995,0.965,0.0029869473213984,179.6399572852169,179.63200846511967,0.967,0.0,179.9107471085774,179.90678775760418,0.4594753086419753,0.953,0.0210396755668993,178.46733052214427,180.0,0.96,0.0104814838683226,179.33535321906834,180.0,0.962,0.0074789957067992,179.83563283710777,180.0,0.954,0.0195266234713296,180.0,178.41118072067258,0.959,0.0119850744587103,180.0,179.30504713989637,0.966,0.001492700641068,180.0,179.8265999349085,0.919,0.0734510281878065,178.46733052214427,178.41118072067258,0.94,0.0408551329118415,179.33535321906834,179.30504713989637,0.959,0.0119850744587103,179.83563283710777,179.8265999349085
42,0.0,0.0,0.993,0.0101343771337131,0.5416358024691358,0.908,0.1291014202374588,175.49114627166452,180.0,0.962,0.0457568237583319,177.9516319779552,180.0,0.978,0.0219592525761401,179.45947235409628,180.0,0.946,0.0699535341889787,180.0,176.95897567536608,0.972,0.030837403922593,180.0,178.64943218626638,0.984,0.013135402189134,180.0,179.65673163583446,0.703,0.4982690284558387,175.49114627166452,176.95897567536608,0.874,0.1841604380277754,177.9516319779552,178.64943218626638,0.967,0.0382778280515327,179.45947235409628,179.65673163583446,0.4790123456790123,0.994,-0.0014521340339122,178.51313394569704,180.0,0.994,-0.0014521340339122,179.3374501076545,180.0,0.994,-0.0014521340339122,179.83328360129246,180.0,0.994,-0.0014521340339122,180.0,178.93715348732613,0.994,-0.0014521340339122,180.0,179.52384755226132,0.994,-0.0014521340339122,180.0,179.8795914616755,0.996,-0.004352024539707,178.51313394569704,178.93715348732613,0.995,-0.0029028079026373,179.3374501076545,179.52384755226132,0.994,-0.0014521340339122,179.83328360129246,179.8795914616755,0.5766512345679011,0.997,-0.005799786869822,174.86590861119186,180.0,0.996,-0.004352024539707,177.64235561430712,180.0,0.994,-0.0014521340339122,179.37191189230305,180.0,1.0,-0.0101343771337131,180.0,174.73329522024778,0.999,-0.0086909602640444,180.0,177.55614347111737,0.997,-0.005799786869822,180.0,179.3483250579133,1.0,-0.0101343771337131,174.86590861119186,174.73329522024778,1.0,-0.0101343771337131,177.64235561430712,177.55614347111737,0.997,-0.005799786869822,179.37191189230305,179.3483250579133
43,0.0,0.0,0.193,2.373327247394007,0.4209567901234567,0.237,-0.296286211630179,179.74760260987946,180.0,0.215,-0.1557358123213799,179.88866874137724,180.0,0.2,-0.0513991525066446,179.97220975319786,180.0,0.238,-0.3023607260398631,180.0,179.74229636493828,0.224,-0.2148978847895239,180.0,179.887571197122,0.21,-0.1217884803980422,180.0,179.97228093687573,0.281,-0.541969282952846,179.74760260987946,179.74229636493828,0.247,-0.3559101943165972,179.88866874137724,179.887571197122,0.212,-0.135463417295119,179.97220975319786,179.97228093687573,0.5676234567901235,0.256,-0.4075429627319198,173.3507598043346,180.0,0.223,-0.2084428626522245,176.9385025600467,180.0,0.204,-0.0799683047034154,179.19625331567113,180.0,0.212,-0.135463417295119,180.0,172.97001291957986,0.205,-0.0870230622373657,180.0,176.85399445847966,0.2,-0.0513991525066446,180.0,179.19820614002094,0.274,-0.5055750456924466,173.3507598043346,172.97001291957986,0.237,-0.296286211630179,176.9385025600467,176.85399445847966,0.209,-0.1149020948128023,179.19625331567113,179.19820614002094,0.5135956790123457,0.201,-0.0585946539108483,176.23012012269788,180.0,0.197,-0.0295947821882962,178.25123690892332,180.0,0.195,-0.0148732764815306,179.53234061684992,180.0,0.23,-0.253033013676295,180.0,176.53486234921797,0.216,-0.1624304648953884,180.0,178.49805355640055,0.205,-0.0870230622373657,180.0,179.62409374022565,0.232,-0.2655239578594921,176.23012012269788,176.53486234921797,0.215,-0.1557358123213799,178.25123690892332,178.49805355640055,0.205,-0.0870230622373657,179.53234061684992,179.62409374022565
44,0.0,0.0,0.338,1.5649048483799026,0.4437962962962962,0.471,-0.4787038133305987,179.36523083701718,180.0,0.433,-0.3573437784445405,179.72062054426445,180.0,0.385,-0.1878351993000793,179.93027217670968,180.0,0.458,-0.4383243518147595,180.0,179.53974169188993,0.421,-0.3167969867842115,180.0,179.79551118338955,0.391,-0.210145361025168,180.0,179.94863019031072,0.585,-0.7914133781885824,179.36523083701718,179.53974169188993,0.502,-0.5706641176685876,179.72062054426445,179.79551118338955,0.417,-0.3030241371624791,179.93027217670968,179.94863019031072,0.4891203703703703,0.291,0.2160040933739007,177.71497474538052,180.0,0.304,0.1529519228385989,178.98148877841237,180.0,0.32,0.0789513413948219,179.74129724696266,180.0,0.374,-0.1460150236054522,180.0,177.807007806555,0.363,-0.1029463017135663,180.0,179.02446864844777,0.36,-0.0909736600474901,180.0,179.75340369050735,0.304,0.1529519228385989,177.71497474538052,177.807007806555,0.317,0.0925404061427772,178.98148877841237,179.02446864844777,0.326,0.0521512820511067,179.74129724696266,179.75340369050735,0.4727314814814815,0.292,0.2110548774021672,179.1656101569724,180.0,0.307,0.1387845909120051,179.63172583204562,180.0,0.321,0.0744499491598813,179.90776650502673,180.0,0.364,-0.1069152039165117,180.0,179.20669426169508,0.361,-0.0949755906049865,180.0,179.65129238843673,0.356,-0.0748539946842132,180.0,179.91280574452264,0.309,0.1294164083778097,179.1656101569724,179.20669426169508,0.318,0.087996480997829,179.63172583204562,179.65129238843673,0.331,0.0301920294749666,179.90776650502673,179.91280574452264
45,0.0,0.0,0.873,0.195946441032647,0.5212345679012346,0.753,0.2133317889575119,178.95229588705627,180.0,0.812,0.1045019264442637,179.53272631141647,180.0,0.843,0.0504490226873578,179.8819721153739,180.0,0.745,0.2287412282799161,180.0,179.02537555311108,0.807,0.1134129803516596,180.0,179.57440014432646,0.85,0.0385188126043759,180.0,179.8947264550662,0.548,0.6718057606689132,178.95229588705627,179.02537555311108,0.678,0.364696380493096,179.53272631141647,179.57440014432646,0.807,0.1134129803516596,179.8819721153739,179.8947264550662,0.5778858024691358,0.9,-0.043943347587597,174.86186665419817,180.0,0.893,-0.0326785214917828,177.67974142586758,180.0,0.884,-0.0180647157619915,179.40097398282484,180.0,0.859,0.0233235224909765,180.0,174.8816988990006,0.867,0.009949660407605,180.0,177.68938202096365,0.872,0.0016535188525136,180.0,179.4053362366758,0.875,-0.0033013630902511,174.86186665419817,174.8816988990006,0.878,-0.0082392859059181,177.67974142586758,177.68938202096365,0.878,-0.0082392859059181,179.40097398282484,179.4053362366758,0.4812345679012346,0.866,0.0116146289027151,178.13563732552265,180.0,0.868,0.0082866111849607,179.16674848622213,180.0,0.869,0.0066254768150398,179.7830388960824,180.0,0.903,-0.0487443338514182,180.0,178.69397620677083,0.895,-0.0359060285221787,180.0,179.44027342176125,0.892,-0.0310620562908646,180.0,179.86289845112586,0.89,-0.02782368222432,178.13563732552265,178.69397620677083,0.886,-0.0213250449255782,179.16674848622213,179.44027342176125,0.878,-0.0082392859059181,179.7830388960824,179.86289845112586
46,0.0,0.0,0.036,4.795859283219775,0.5008641975308642,0.094,-1.384663850235325,178.5491520151842,180.0,0.067,-0.8961641890154604,179.40632942751932,180.0,0.048,-0.4150374992788439,179.86020065508794,180.0,0.084,-1.222392421336448,180.0,179.1166234717445,0.07,-0.9593580155026542,180.0,179.61010172180525,0.048,-0.4150374992788439,180.0,179.9025233594008,0.185,-2.3614564590739997,178.5491520151842,179.1166234717445,0.104,-1.53051471669878,179.40632942751932,179.61010172180525,0.065,-0.8524428115861422,179.86020065508794,179.9025233594008,0.5401234567901234,0.038,-0.078002512001273,176.79345255966183,180.0,0.038,-0.078002512001273,178.55529256681262,180.0,0.038,-0.078002512001273,179.6300956188994,180.0,0.058,-0.6880559936852597,180.0,176.9602756248525,0.052,-0.5305147166987796,180.0,178.6653567718677,0.044,-0.2895066171949851,180.0,179.66582708466646,0.067,-0.8961641890154604,176.79345255966183,176.9602756248525,0.056,-0.6374299206152916,178.55529256681262,178.6653567718677,0.043,-0.2563397532597857,179.6300956188994,179.66582708466646,0.5033641975308643,0.032,0.1699250014423121,179.4858387578983,180.0,0.033,0.1255308820838587,179.77967529941378,180.0,0.034,0.082462160191973,179.94617071038633,180.0,0.041,-0.1876270031757716,180.0,179.5313598865214,0.039,-0.1154772174199365,180.0,179.79660088284157,0.038,-0.078002512001273,180.0,179.95003107184215,0.036,0.0,179.4858387578983,179.5313598865214,0.035,0.0406419844973457,179.77967529941378,179.79660088284157,0.035,0.0406419844973457,179.94617071038633,179.95003107184215
47,0.0,0.0,0.794,0.3327890875191291,0.5287962962962963,0.611,0.3779666273242283,178.36348061295126,180.0,0.683,0.2172534288528673,179.2771305920228,180.0,0.744,0.0938363860349265,179.81817917603718,180.0,0.534,0.5722992654554039,180.0,177.98621058147396,0.649,0.2909205291438193,180.0,179.11134015028415,0.735,0.1113947574192311,180.0,179.7764192533609,0.287,1.4680882704672702,178.36348061295126,177.98621058147396,0.475,0.7412114939246478,179.2771305920228,179.11134015028415,0.665,0.2557846667544058,179.81817917603718,179.7764192533609,0.4820370370370371,0.794,0.0,178.40111780849026,180.0,0.793,0.0018181414389793,179.28642911450447,180.0,0.792,0.0036385770633481,179.8195587459182,180.0,0.795,-0.0018158530287599,180.0,178.4197439132304,0.798,-0.0072497390793879,180.0,179.29646136644942,0.798,-0.0072497390793879,180.0,179.82278005047235,0.79,0.0072863540784925,178.40111780849026,178.4197439132304,0.791,0.0054613126701659,179.28642911450447,179.29646136644942,0.79,0.0072863540784925,179.8195587459182,179.82278005047235,0.4892438271604938,0.825,-0.0552551119902202,177.45674124337478,180.0,0.814,-0.035889787123289,178.8661016984426,180.0,0.805,-0.0198497758590215,179.708172115432,180.0,0.815,-0.0376610519754819,180.0,177.53872097410647,0.811,-0.0305629070743152,180.0,178.88154626080654,0.804,-0.0180564940359708,180.0,179.70985390335588,0.831,-0.0657094696273865,177.45674124337478,177.53872097410647,0.821,-0.0482432146348468,178.8661016984426,178.88154626080654,0.808,-0.0252162856088369,179.708172115432,179.70985390335588
48,0.0,0.0,0.266,1.9105018491608976,0.4453703703703703,0.239,0.1544156275204413,179.9033789399083,180.0,0.247,0.1069152039165122,179.95740103550335,180.0,0.257,0.0496578863073116,179.98942254022603,180.0,0.24,0.1483918398926713,180.0,179.85643809109763,0.258,0.0440551800779354,180.0,179.9362534319551,0.266,0.0,180.0,179.9840388140364,0.201,0.404230744322261,179.9033789399083,179.85643809109763,0.222,0.2608665691510838,179.95740103550335,179.9362534319551,0.243,0.1304699318954087,179.98942254022603,179.9840388140364,0.4849845679012345,0.229,0.2160786474042455,179.0048703243603,180.0,0.242,0.1364191982265949,179.55846520104515,180.0,0.25,0.0894981508391026,179.88933801646434,180.0,0.26,0.032914622472735,180.0,178.86961154488623,0.268,-0.0108067549565828,180.0,179.4992831767137,0.271,-0.026866605852682,180.0,179.87470695985368,0.216,0.3003949333377209,179.0048703243603,178.86961154488623,0.235,0.1787654889361898,179.55846520104515,179.4992831767137,0.25,0.0894981508391026,179.88933801646434,179.87470695985368,0.5090123456790124,0.193,0.4628253982331094,178.17202177653786,180.0,0.215,0.3070895859117295,179.1978422600134,180.0,0.24,0.1483918398926713,179.79870908049577,180.0,0.275,-0.0480053729108325,180.0,178.30008047542796,0.273,-0.0374747054186628,180.0,179.24390818777906,0.273,-0.0374747054186628,180.0,179.8083235783583,0.199,0.4186578149575408,178.17202177653786,178.30008047542796,0.223,0.2543825355808848,179.1978422600134,179.24390818777906,0.243,0.1304699318954087,179.79870908049577,179.8083235783583
49,0.0,0.0,0.858,0.2209504471625414,0.5233024691358025,0.592,0.5353804718705959,177.7307748774098,180.0,0.682,0.3312059084753729,178.99821082328864,180.0,0.781,0.1356550993575662,179.7468806700324,180.0,0.659,0.3806991824914937,180.0,177.82309883687822,0.737,0.2193130284044759,180.0,179.05166952612976,0.81,0.0830557397275584,180.0,179.76333931557912,0.336,1.352516414720785,177.7307748774098,177.82309883687822,0.536,0.6787446470417731,178.99821082328864,179.05166952612976,0.703,0.2874529584270104,179.7468806700324,179.76333931557912,0.433179012345679,0.87,-0.020037753236545,179.53123441280596,180.0,0.862,-0.0067102215895525,179.791909887193,180.0,0.861,-0.0050355898972983,179.9479721874501,180.0,0.86,-0.0033590120899147,180.0,179.6148173569709,0.861,-0.0050355898972983,180.0,179.82990696851857,0.862,-0.0067102215895525,180.0,179.9576952645329,0.862,-0.0067102215895525,179.53123441280596,179.6148173569709,0.861,-0.0050355898972983,179.791909887193,179.82990696851857,0.861,-0.0050355898972983,179.9479721874501,179.9576952645329,0.4391203703703703,0.849,0.0152130939465071,179.2374124123044,180.0,0.851,0.0118185158135829,179.66231524343803,180.0,0.854,0.0067415778790552,179.91527933680274,180.0,0.846,0.0203199843795958,180.0,179.32084598978884,0.852,0.0101242172737073,180.0,179.69385843851842,0.86,-0.0033590120899147,180.0,179.92183347192093,0.833,0.042661152133998,179.2374124123044,179.32084598978884,0.837,0.0357500249492018,179.66231524343803,179.69385843851842,0.849,0.0152130939465071,179.91527933680274,179.92183347192093
0,0.1,0.0,0.003,8.380821783940931,0.5853395061728395,0.128,-5.415037499278844,165.32484454771813,180.0,0.053,-4.142957953842043,172.5054679584847,180.0,0.012,-2.0,177.60882986534293,180.0,0.269,-6.486499861835468,180.0,165.98526606657242,0.106,-5.142957953842043,180.0,173.02009522782112,0.024,-3.0,180.0,177.83941147071832,0.893,-8.217553864400067,165.32484454771813,165.98526606657242,0.471,-7.294620748891627,172.5054679584847,173.02009522782112,0.09,-4.906890595608519,177.60882986534293,177.83941147071832,0.5369135802469136,0.006,-1.0,175.70671096650864,180.0,0.003,0.0,178.0511403234475,180.0,0.003,0.0,179.4958211486315,180.0,0.009,-1.584962500721156,180.0,176.17074938665942,0.005,-0.7369655941662066,180.0,178.33276842010468,0.004,-0.4150374992788439,180.0,179.58651764379027,0.011,-1.8744691179161412,175.70671096650864,176.17074938665942,0.008,-1.415037499278844,178.0511403234475,178.33276842010468,0.005,-0.7369655941662066,179.4958211486315,179.58651764379027,0.5461265432098765,0.01,-1.7369655941662066,173.22799777248133,180.0,0.007,-1.2223924213364477,176.8994393596435,180.0,0.004,-0.4150374992788439,179.1771337006035,180.0,0.01,-1.7369655941662066,180.0,174.20914899331703,0.007,-1.2223924213364477,180.0,177.55867831864293,0.004,-0.4150374992788439,180.0,179.40507513843335,0.036,-3.584962500721156,173.22799777248133,174.20914899331703,0.015,-2.321928094887362,176.8994393596435,177.55867831864293,0.007,-1.2223924213364477,179.1771337006035,179.40507513843335
1,0.1,0.0,0.02,5.643856189774724,0.5807716049382716,0.289,-3.852997587613316,167.00738903947754,180.0,0.15,-2.9068905956085183,173.60210291467084,180.0,0.058,-1.5360529002402092,178.053857448047,180.0,0.551,-4.783980413683795,180.0,167.4557605484716,0.298,-3.8972404255747986,180.0,173.76909354099277,0.113,-2.498250867527825,180.0,178.06674079333493,0.955,-5.577428828035749,167.00738903947754,167.4557605484716,0.718,-5.165911938935689,173.60210291467084,173.76909354099277,0.249,-3.6380738371807184,178.053857448047,178.06674079333493,0.5780246913580248,0.029,-0.5360529002402092,173.16936708623268,180.0,0.025,-0.3219280948873617,176.85608962308171,180.0,0.022,-0.1375035237499347,179.17828726524036,180.0,0.049,-1.2927817492278455,180.0,172.7881217198095,0.038,-0.9259994185562226,180.0,176.69649379351486,0.027,-0.4329594072761056,180.0,179.14138639666345,0.064,-1.6780719051126374,173.16936708623268,172.7881217198095,0.045,-1.1699250014423122,176.85608962308171,176.69649379351486,0.027,-0.4329594072761056,179.17828726524036,179.14138639666345,0.5370216049382717,0.041,-1.0356239097307212,175.30397588611277,180.0,0.032,-0.6780719051126374,177.8403646002208,180.0,0.023,-0.2016338611696504,179.42776905470157,180.0,0.049,-1.2927817492278455,180.0,176.12372761225808,0.038,-0.9259994185562226,180.0,178.31722673286092,0.027,-0.4329594072761056,180.0,179.5807789654242,0.093,-2.217230716220669,175.30397588611277,176.12372761225808,0.054,-1.4329594072761056,177.8403646002208,178.31722673286092,0.035,-0.8073549220576037,179.42776905470157,179.5807789654242
2,0.1,0.0,0.06,4.058893689053568,0.5545061728395062,0.473,-2.9788057777308765,169.87118768062317,180.0,0.3,-2.3219280948873617,174.80626501146466,180.0,0.158,-1.3968901525685844,178.35844724597706,180.0,0.705,-3.554588851677637,180.0,169.8366764724334,0.495,-3.0443941193584534,180.0,174.7905203834148,0.252,-2.0703893278913976,180.0,178.3543769395651,0.967,-4.010481483868323,169.87118768062317,169.8366764724334,0.803,-3.742365581908796,174.80626501146466,174.7905203834148,0.436,-2.8612937291684073,178.35844724597706,178.3543769395651,0.4797222222222222,0.079,-0.3968901525685844,179.027849056756,180.0,0.072,-0.2630344058337934,179.5690381999041,180.0,0.066,-0.1375035237499347,179.89188676552865,180.0,0.078,-0.3785116232537295,180.0,179.01436886613132,0.074,-0.3025627700204309,180.0,179.5592680212962,0.071,-0.242856523896163,180.0,179.88851432327016,0.09,-0.5849625007211561,179.027849056756,179.01436886613132,0.08,-0.4150374992788435,179.5690381999041,179.5592680212962,0.07,-0.2223924213364476,179.89188676552865,179.88851432327016,0.4341203703703704,0.091,-0.6009040445901777,178.93952192905834,180.0,0.08,-0.4150374992788435,179.5298550312579,180.0,0.069,-0.2016338611696504,179.88119532293584,180.0,0.074,-0.3025627700204309,180.0,178.62537684117223,0.072,-0.2630344058337934,180.0,179.40412022216546,0.07,-0.2223924213364476,180.0,179.8524474596002,0.093,-0.6322682154995127,178.93952192905834,178.62537684117223,0.088,-0.5525410230287786,179.5298550312579,179.40412022216546,0.073,-0.2829339632714984,179.88119532293584,179.8524474596002
3,0.1,0.0,0.018,5.795859283219775,0.5944444444444444,0.411,-4.513069582239371,163.093717495608,180.0,0.196,-3.444784842672896,171.34332552456,180.0,0.069,-1.938599455335857,177.13767617869593,180.0,0.666,-5.20945336562895,180.0,162.9902342156302,0.375,-4.380821783940931,180.0,171.17040468396684,0.117,-2.700439718141092,180.0,177.08678620693357,0.984,-5.772589503896928,163.093717495608,162.9902342156302,0.834,-5.5339785720023515,171.34332552456,171.17040468396684,0.334,-4.21377929103174,177.13767617869593,177.08678620693357,0.5667283950617285,0.03,-0.7369655941662066,172.6672631989777,180.0,0.027,-0.5849625007211561,176.67793670393766,180.0,0.023,-0.3536369546147009,179.14282933118378,180.0,0.068,-1.9175378398080272,180.0,173.4576821562554,0.044,-1.2895066171949852,180.0,177.0715311307117,0.034,-0.917537839808027,180.0,179.2518724519497,0.118,-2.712718047919529,172.6672631989777,173.4576821562554,0.066,-1.8744691179161412,176.67793670393766,177.0715311307117,0.037,-1.039528364186637,179.14282933118378,179.2518724519497,0.5447376543209876,0.039,-1.1154772174199366,175.64370080684813,180.0,0.032,-0.8300749985576878,178.06567886936207,180.0,0.022,-0.2895066171949851,179.4993047342677,180.0,0.066,-1.8744691179161412,180.0,176.0828507290713,0.048,-1.415037499278844,180.0,178.117526064215,0.032,-0.8300749985576878,180.0,179.47103763258906,0.141,-2.969626350956481,175.64370080684813,176.0828507290713,0.075,-2.0588936890535687,178.06567886936207,178.117526064215,0.039,-1.1154772174199366,179.4993047342677,179.47103763258906
4,0.1,0.0,0.074,3.7563309190331378,0.5877469135802469,0.655,-3.145897730795863,163.25103692962665,180.0,0.461,-2.6391695748003885,170.8896579254827,180.0,0.228,-1.623436648535792,176.81435289744303,180.0,0.908,-3.617095121661966,180.0,162.41520276625624,0.713,-3.2683049008149383,180.0,171.10066465165426,0.37,-2.321928094887362,180.0,177.08293342714006,0.997,-3.751996328769246,163.25103692962665,162.41520276625624,0.97,-3.71238757144554,170.8896579254827,171.10066465165426,0.684,-3.208399149256948,176.81435289744303,177.08293342714006,0.5571604938271605,0.13,-0.8129144473995047,176.6892912729216,180.0,0.105,-0.5047921520371728,178.51156334999274,180.0,0.087,-0.2334901302197782,179.62097517495,180.0,0.143,-0.9504179711494394,180.0,176.1380084778161,0.118,-0.6731896837328915,180.0,178.25383846686583,0.096,-0.3755091350922064,180.0,179.55356831082975,0.197,-1.4125984538274268,176.6892912729216,176.1380084778161,0.147,-0.9902189792074148,178.51156334999274,178.25383846686583,0.109,-0.5587309591479768,179.62097517495,179.55356831082975,0.6095987654320988,0.132,-0.8349407537295037,172.76308268341762,180.0,0.107,-0.5320136207721973,176.81896673935594,180.0,0.089,-0.2662800653374479,179.18498721969155,180.0,0.257,-1.7961711835649283,180.0,171.12923544118215,0.188,-1.3451354860486875,180.0,175.88851731321506,0.133,-0.8458290698722402,180.0,178.90201513316975,0.372,-2.3297054454790818,172.76308268341762,171.12923544118215,0.254,-1.7792313211432162,176.81896673935594,175.88851731321506,0.148,-1.0,179.18498721969155,178.90201513316975
5,0.1,0.0,0.001,9.965784284662089,0.6342592592592593,0.006,-2.584962500721156,157.48006860675923,180.0,0.001,0.0,168.17729140042232,180.0,0.001,0.0,175.7674995211502,180.0,0.096,-6.584962500721156,180.0,151.85965778320352,0.012,-3.584962500721156,180.0,164.15911349758093,0.002,-1.0,180.0,173.86029670887427,0.809,-9.659995892429976,157.48006860675923,151.85965778320352,0.243,-7.92481250360578,168.17729140042232,164.15911349758093,0.005,-2.321928094887362,175.7674995211502,173.86029670887427,0.5662345679012346,0.001,0.0,176.31458975116846,180.0,0.001,0.0,178.39565055919755,180.0,0.001,0.0,179.6023908409599,180.0,0.001,0.0,180.0,176.66045004855383,0.001,0.0,180.0,178.49348959209036,0.001,0.0,180.0,179.61278536113574,0.001,0.0,176.31458975116846,176.66045004855383,0.001,0.0,178.39565055919755,178.49348959209036,0.001,0.0,179.6023908409599,179.61278536113574,0.6122376543209878,0.001,0.0,173.7177370498196,180.0,0.001,0.0,177.47147255069132,180.0,0.001,0.0,179.39140833804774,180.0,0.001,0.0,180.0,171.69987782663642,0.001,0.0,180.0,175.63173071380658,0.001,0.0,180.0,178.60096795296516,0.004,-2.0,173.7177370498196,171.69987782663642,0.001,0.0,177.47147255069132,175.63173071380658,0.001,0.0,179.39140833804774,178.60096795296516
6,0.1,0.0,0.001,9.965784284662089,0.6172530864197531,0.042,-5.392317422778761,159.97904785689113,180.0,0.008,-3.0,169.93873001820754,180.0,0.001,0.0,176.76117900067928,180.0,0.064,-6.0,180.0,159.86326536037342,0.016,-4.0,180.0,169.38489510679327,0.003,-1.584962500721156,180.0,176.34480773967226,0.783,-9.61286849729104,159.97904785689113,159.86326536037342,0.248,-7.954196310386875,169.93873001820754,169.38489510679327,0.016,-4.0,176.76117900067928,176.34480773967226,0.5302777777777778,0.001,0.0,175.74612091832452,180.0,0.001,0.0,178.12949874171824,180.0,0.001,0.0,179.53090156691167,180.0,0.001,0.0,180.0,176.46261103480376,0.001,0.0,180.0,178.42074380420885,0.001,0.0,180.0,179.59784487405895,0.001,0.0,175.74612091832452,176.46261103480376,0.001,0.0,178.12949874171824,178.42074380420885,0.001,0.0,179.53090156691167,179.59784487405895,0.5277623456790124,0.001,0.0,174.96764002838094,180.0,0.001,0.0,177.60438099186618,180.0,0.001,0.0,179.33971150053,180.0,0.001,0.0,180.0,175.70793740689643,0.001,0.0,180.0,178.182314776433,0.001,0.0,180.0,179.54688302741656,0.006,-2.584962500721156,174.96764002838094,175.70793740689643,0.002,-1.0,177.60438099186618,178.182314776433,0.001,0.0,179.33971150053,179.54688302741656
7,0.1,0.0,0.003,8.380821783940931,0.5875925925925927,0.125,-5.380821783940931,164.59701644581222,180.0,0.035,-3.5443205162238103,172.14826029669453,180.0,0.01,-1.7369655941662066,177.46947464317157,180.0,0.189,-5.977279923499916,180.0,164.924356763381,0.07,-4.54432051622381,180.0,172.24663774610423,0.019,-2.662965012722429,180.0,177.37064090926128,0.823,-8.09978611970047,164.59701644581222,164.924356763381,0.439,-7.193114628814202,172.14826029669453,172.24663774610423,0.068,-4.502500340529183,177.46947464317157,177.37064090926128,0.5643827160493827,0.004,-0.4150374992788439,175.07074734195567,180.0,0.004,-0.4150374992788439,177.78319815646998,180.0,0.003,0.0,179.4347687522119,180.0,0.006,-1.0,180.0,175.1889685208049,0.005,-0.7369655941662066,180.0,177.81530866019196,0.004,-0.4150374992788439,180.0,179.4370130222688,0.008,-1.415037499278844,175.07074734195567,175.1889685208049,0.006,-1.0,177.78319815646998,177.81530866019196,0.004,-0.4150374992788439,179.4347687522119,179.4370130222688,0.5615586419753087,0.005,-0.7369655941662066,176.110349482731,180.0,0.004,-0.4150374992788439,178.2351782491354,180.0,0.004,-0.4150374992788439,179.53739026673446,180.0,0.007,-1.2223924213364477,180.0,176.4596939564796,0.005,-0.7369655941662066,180.0,178.44191998071742,0.005,-0.7369655941662066,180.0,179.60772175259868,0.011,-1.8744691179161412,176.110349482731,176.4596939564796,0.008,-1.415037499278844,178.2351782491354,178.44191998071742,0.005,-0.7369655941662066,179.53739026673446,179.60772175259868
8,0.1,0.0,0.002,8.965784284662087,0.5613888888888889,0.047,-4.554588851677638,170.15014776908515,180.0,0.022,-3.4594316186372973,175.0802713636106,180.0,0.006,-1.584962500721156,178.5102979172504,180.0,0.173,-6.434628227636725,180.0,169.40785664381244,0.064,-5.0,180.0,174.7580573400915,0.014,-2.8073549220576037,180.0,178.42985200751033,0.658,-8.361943773735241,170.15014776908515,169.40785664381244,0.24,-6.906890595608518,175.0802713636106,174.7580573400915,0.041,-4.357552004618084,178.5102979172504,178.42985200751033,0.5853395061728395,0.002,0.0,173.75498133711466,180.0,0.002,0.0,177.16266505773203,180.0,0.002,0.0,179.26316995063706,180.0,0.005,-1.3219280948873626,180.0,173.19237750688387,0.004,-1.0,180.0,176.98811677188226,0.002,0.0,180.0,179.2366289901984,0.005,-1.3219280948873626,173.75498133711466,173.19237750688387,0.003,-0.5849625007211561,177.16266505773203,176.98811677188226,0.002,0.0,179.26316995063706,179.2366289901984,0.591574074074074,0.004,-1.0,172.995633953447,180.0,0.002,0.0,176.6810448568875,180.0,0.002,0.0,179.06453203803193,180.0,0.008,-2.0,180.0,172.55599233681653,0.005,-1.3219280948873626,180.0,176.89554929325365,0.003,-0.5849625007211561,180.0,179.21653574883138,0.018,-3.169925001442312,172.995633953447,172.55599233681653,0.007,-1.8073549220576035,176.6810448568875,176.89554929325365,0.004,-1.0,179.06453203803193,179.21653574883138
9,0.1,0.0,0.001,9.965784284662089,0.6286728395061729,0.009,-3.169925001442312,153.08258164980535,180.0,0.002,-1.0,165.16921300792436,180.0,0.001,0.0,174.4041915931776,180.0,0.132,-7.044394119358453,180.0,152.93130986075244,0.023,-4.523561956057013,180.0,164.10083471563487,0.002,-1.0,180.0,173.80054835380102,0.918,-9.842350343413807,153.08258164980535,152.93130986075244,0.394,-8.622051819456376,165.16921300792436,164.10083471563487,0.017,-4.087462841250339,174.4041915931776,173.80054835380102,0.6610493827160495,0.001,0.0,158.33026962278612,180.0,0.001,0.0,169.49154186821315,180.0,0.001,0.0,177.07176061208318,180.0,0.001,0.0,180.0,161.05576141787606,0.001,0.0,180.0,170.97768354616068,0.001,0.0,180.0,177.51196413866737,0.004,-2.0,158.33026962278612,161.05576141787606,0.001,0.0,169.49154186821315,170.97768354616068,0.001,0.0,177.07176061208318,177.51196413866737,0.6671913580246914,0.001,0.0,153.77919749154023,180.0,0.001,0.0,164.74307604375164,180.0,0.001,0.0,173.75799091929815,180.0,0.002,-1.0,180.0,155.892681804914,0.001,0.0,180.0,168.53069642901053,0.001,0.0,180.0,176.11957041597915,0.071,-6.149747119504681,153.77919749154023,155.892681804914,0.007,-2.8073549220576037,164.74307604375164,168.53069642901053,0.001,0.0,173.75799091929815,176.11957041597915
10,0.1,0.0,0.02,5.643856189774724,0.5579012345679013,0.31,-3.954196310386875,166.41610646075196,180.0,0.167,-3.0617761975866897,172.4833110381688,180.0,0.085,-2.087462841250339,177.3891800506722,180.0,0.519,-4.697662633470518,180.0,167.84833459261952,0.27,-3.754887502163468,180.0,173.68895104508246,0.103,-2.3645724322958555,180.0,177.92086601415824,0.945,-5.562242424221072,166.41610646075196,167.84833459261952,0.717,-5.163901213814542,172.4833110381688,173.68895104508246,0.257,-3.6836964543065154,177.3891800506722,177.92086601415824,0.5368827160493828,0.027,-0.4329594072761056,178.23265384640908,180.0,0.025,-0.3219280948873617,179.21026504441326,180.0,0.024,-0.2630344058337934,179.8003841868854,180.0,0.028,-0.4854268271702411,180.0,178.22439540166516,0.027,-0.4329594072761056,180.0,179.20227873815986,0.026,-0.3785116232537291,180.0,179.79756587288068,0.038,-0.9259994185562226,178.23265384640908,178.22439540166516,0.029,-0.5360529002402092,179.21026504441326,179.20227873815986,0.026,-0.3785116232537291,179.8003841868854,179.79756587288068,0.5564043209876544,0.068,-1.765534746362977,172.98447696771672,180.0,0.048,-1.2630344058337934,176.74006566577788,180.0,0.031,-0.6322682154995123,179.0983278777393,180.0,0.035,-0.8073549220576037,180.0,174.52438435306283,0.031,-0.6322682154995123,180.0,177.5823096730302,0.028,-0.4854268271702411,180.0,179.37461557973143,0.102,-2.350497247084133,172.98447696771672,174.52438435306283,0.064,-1.6780719051126374,176.74006566577788,177.5823096730302,0.04,-1.0,179.0983278777393,179.37461557973143
11,0.1,0.0,0.035,4.836501267717121,0.5610493827160493,0.363,-3.3745427210507843,169.70582371427471,180.0,0.2,-2.5145731728297585,174.96967260179247,180.0,0.103,-1.5572175102382515,178.45047220003198,180.0,0.51,-3.865070419913891,180.0,171.394094239139,0.313,-3.160735829987652,180.0,175.64504042292467,0.137,-1.9687490660155604,180.0,178.67113374190308,0.918,-4.713067326468842,169.70582371427471,171.394094239139,0.669,-4.2565793836964945,174.96967260179247,175.64504042292467,0.274,-2.9687490660155604,178.45047220003198,178.67113374190308,0.4544753086419753,0.033,0.0848888975865129,179.370255692936,180.0,0.033,0.0848888975865129,179.72157314174416,180.0,0.034,0.0418201756946272,179.93063807378505,180.0,0.042,-0.2630344058337943,180.0,179.36220493486593,0.039,-0.1561192019172823,180.0,179.7174824400075,0.039,-0.1561192019172823,180.0,179.92946972787402,0.035,0.0,179.370255692936,179.36220493486593,0.035,0.0,179.72157314174416,179.7174824400075,0.035,0.0,179.93063807378505,179.92946972787402,0.4159876543209877,0.034,0.0418201756946272,179.22313245841303,180.0,0.034,0.0418201756946272,179.65812881310336,180.0,0.035,0.0,179.91491626645353,180.0,0.036,-0.0406419844973457,180.0,179.09602965226597,0.037,-0.0801703486839828,180.0,179.60186008468392,0.038,-0.1186444964986188,180.0,179.90085061579703,0.032,0.1292830169449663,179.22313245841303,179.09602965226597,0.034,0.0418201756946272,179.65812881310336,179.60186008468392,0.035,0.0,179.91491626645353,179.90085061579703
12,0.1,0.0,0.023,5.442222328605074,0.5689814814814815,0.267,-3.5371339756305407,165.70494610193973,180.0,0.152,-2.724365557386572,172.3220438479172,180.0,0.072,-1.646363045385299,177.39991785215426,180.0,0.574,-4.6413449706186745,180.0,165.69573479757372,0.318,-3.7893209992273422,180.0,172.78456752468395,0.112,-2.283792966000591,180.0,177.75342566136575,0.969,-5.396790899358068,165.70494610193973,165.69573479757372,0.718,-4.964278077766038,172.3220438479172,172.78456752468395,0.263,-3.515357033235289,177.39991785215426,177.75342566136575,0.5357098765432099,0.028,-0.2837929660005907,178.94923839441935,180.0,0.028,-0.2837929660005907,179.53135346151848,180.0,0.025,-0.1202942337177113,179.88207591463794,180.0,0.038,-0.7243655573865722,180.0,178.96981893877648,0.033,-0.5208321633014403,180.0,179.53783576467433,0.028,-0.2837929660005907,180.0,179.8830493138418,0.044,-0.9358696625802844,178.94923839441935,178.96981893877648,0.036,-0.6463630453852991,179.53135346151848,179.53783576467433,0.028,-0.2837929660005907,179.88207591463794,179.8830493138418,0.563858024691358,0.048,-1.061400544664143,175.31315951335037,180.0,0.036,-0.6463630453852991,177.88197204527853,180.0,0.028,-0.2837929660005907,179.44211057729018,180.0,0.07,-1.6057210608879533,180.0,175.59187657113168,0.058,-1.3344190390705588,180.0,178.05564331070977,0.039,-0.7618402628052356,180.0,179.49327418575615,0.129,-2.487665299366241,175.31315951335037,175.59187657113168,0.078,-1.7618402628052352,177.88197204527853,178.05564331070977,0.045,-0.9682911402726616,179.44211057729018,179.49327418575615
13,0.1,0.0,0.001,9.965784284662089,0.6476234567901233,0.045,-5.491853096329675,150.04582089252108,180.0,0.009,-3.169925001442312,161.98869209974333,180.0,0.002,-1.0,172.1098051502943,180.0,0.234,-7.870364719583405,180.0,151.45791468721134,0.034,-5.087462841250339,180.0,163.9038352854921,0.002,-1.0,180.0,173.5931379515133,0.965,-9.914385132155443,150.04582089252108,151.45791468721134,0.632,-9.303780748177102,161.98869209974333,163.9038352854921,0.058,-5.857980995127572,172.1098051502943,173.5931379515133,0.5053549382716049,0.001,0.0,179.3769759342954,180.0,0.001,0.0,179.72040484008988,180.0,0.001,0.0,179.92920278416065,180.0,0.001,0.0,180.0,179.3100980381044,0.001,0.0,180.0,179.69539932060428,0.001,0.0,180.0,179.9240959917222,0.001,0.0,179.3769759342954,179.3100980381044,0.001,0.0,179.72040484008988,179.69539932060428,0.001,0.0,179.92920278416065,179.9240959917222,0.5726851851851851,0.001,0.0,171.2334563625263,180.0,0.001,0.0,175.74787513744403,180.0,0.001,0.0,178.75044047639855,180.0,0.001,0.0,180.0,172.52624546652,0.001,0.0,180.0,176.40080209713415,0.001,0.0,180.0,178.9761849642301,0.004,-2.0,171.2334563625263,172.52624546652,0.002,-1.0,175.74787513744403,176.40080209713415,0.001,0.0,178.75044047639855,178.9761849642301
14,0.1,0.0,0.008,6.965784284662087,0.5726234567901234,0.255,-4.994353436858858,166.7277260404076,180.0,0.101,-3.658211482751794,173.24394559997114,180.0,0.034,-2.087462841250339,177.83612646725268,180.0,0.333,-5.379378367071262,180.0,167.93937757166432,0.14,-4.129283016944966,180.0,173.80446735813922,0.049,-2.6147098441152083,180.0,177.99320916408456,0.911,-6.83130724380205,166.7277260404076,167.93937757166432,0.594,-6.2143191208007655,173.24394559997114,173.80446735813922,0.142,-4.149747119504681,177.83612646725268,177.99320916408456,0.5695061728395061,0.012,-0.5849625007211561,175.60881809218472,180.0,0.009,-0.1699250014423121,178.03259860519336,180.0,0.008,0.0,179.50004568219563,180.0,0.018,-1.1699250014423122,180.0,175.45217619451913,0.014,-0.8073549220576037,180.0,177.9596745681409,0.01,-0.3219280948873626,180.0,179.48242792970393,0.021,-1.3923174227787607,175.60881809218472,175.45217619451913,0.019,-1.2479275134435852,178.03259860519336,177.9596745681409,0.009,-0.1699250014423121,179.50004568219563,179.48242792970393,0.5364814814814814,0.018,-1.1699250014423122,177.84318265713725,180.0,0.016,-1.0,179.0511494284112,180.0,0.009,-0.1699250014423121,179.7619688365586,180.0,0.02,-1.3219280948873626,180.0,178.09325315113608,0.017,-1.087462841250339,180.0,179.16610167781462,0.011,-0.4594316186372973,180.0,179.7929487221848,0.032,-2.0,177.84318265713725,178.09325315113608,0.022,-1.459431618637297,179.0511494284112,179.16610167781462,0.015,-0.9068905956085188,179.7619688365586,179.7929487221848
15,0.1,0.0,0.013,6.265344566520995,0.5616975308641975,0.226,-4.119739244274096,170.10351335664416,180.0,0.115,-3.1450503328032835,175.04145651303423,180.0,0.046,-1.823122237915921,178.47386061302106,180.0,0.388,-4.899473124046036,180.0,170.1935482302968,0.198,-3.9289169019385177,180.0,175.1906853293965,0.063,-2.2768402053588246,180.0,178.56721785573387,0.876,-6.074347341460082,170.10351335664416,170.1935482302968,0.559,-5.426264754702099,175.04145651303423,175.1906853293965,0.171,-3.717412796744806,178.47386061302106,178.56721785573387,0.5463271604938271,0.027,-1.0544477840223765,174.50652061911435,180.0,0.016,-0.2995602818589082,177.527844260841,180.0,0.014,-0.1069152039165119,179.36387878669387,180.0,0.023,-0.8231222379159213,180.0,174.70911110101082,0.02,-0.6214883767462709,180.0,177.67159861304802,0.015,-0.2064508774674269,180.0,179.4126976057633,0.045,-1.791413378188583,174.50652061911435,174.70911110101082,0.032,-1.2995602818589085,177.527844260841,177.67159861304802,0.016,-0.2995602818589082,179.36387878669387,179.4126976057633,0.5759104938271605,0.04,-1.6214883767462709,175.48850696929824,180.0,0.023,-0.8231222379159213,177.96670634431166,180.0,0.015,-0.2064508774674269,179.47714635954748,180.0,0.03,-1.206450877467427,180.0,175.32881281722618,0.023,-0.8231222379159213,180.0,177.99378260098462,0.015,-0.2064508774674269,180.0,179.5084025110588,0.071,-2.44930740136359,175.48850696929824,175.32881281722618,0.041,-1.657112286476992,177.96670634431166,177.99378260098462,0.021,-0.691877704637669,179.47714635954748,179.5084025110588
16,0.1,0.0,0.003,8.380821783940931,0.5754012345679012,0.192,-6.0,164.0721657184563,180.0,0.068,-4.502500340529183,171.4658199182582,180.0,0.02,-2.7369655941662066,177.0990676946388,180.0,0.38,-6.984893107609792,180.0,164.5942925098271,0.163,-5.763765653509921,180.0,171.66108652262778,0.041,-3.772589503896928,180.0,177.0788901555061,0.94,-8.291554445843843,164.0721657184563,164.5942925098271,0.642,-7.741466986401147,171.4658199182582,171.66108652262778,0.153,-5.672425341971495,177.0990676946388,177.0788901555061,0.5808333333333332,0.015,-2.321928094887362,171.8031638436213,180.0,0.012,-2.0,176.18579320263535,180.0,0.005,-0.7369655941662066,178.9857915660957,180.0,0.009,-1.584962500721156,180.0,173.7846019548387,0.007,-1.2223924213364477,180.0,177.2119390184223,0.004,-0.4150374992788439,180.0,179.2864501761578,0.028,-3.2223924213364477,171.8031638436213,173.7846019548387,0.019,-2.662965012722429,176.18579320263535,177.2119390184223,0.008,-1.415037499278844,178.9857915660957,179.2864501761578,0.5966666666666667,0.045,-3.9068905956085183,165.04195424665627,180.0,0.024,-3.0,172.06027053060492,180.0,0.012,-2.0,177.29938828048105,180.0,0.026,-3.1154772174199357,180.0,170.5283983278851,0.015,-2.321928094887362,180.0,175.49293605824113,0.008,-1.415037499278844,180.0,178.69546667100548,0.183,-5.930737337562887,165.04195424665627,170.5283983278851,0.077,-4.681824039973746,172.06027053060492,175.49293605824113,0.022,-2.8744691179161412,177.29938828048105,178.69546667100548
17,0.1,0.0,0.001,9.965784284662089,0.634537037037037,0.303,-8.24317398347295,151.68322095833167,180.0,0.091,-6.507794640198696,164.7623297378501,180.0,0.015,-3.9068905956085183,174.5011486653735,180.0,0.272,-8.087462841250339,180.0,157.72369715349683,0.087,-6.442943495848728,180.0,167.7160496135604,0.016,-4.0,180.0,175.27369060788277,0.984,-9.94251450533924,151.68322095833167,157.72369715349683,0.759,-9.567956075415466,164.7623297378501,167.7160496135604,0.164,-7.357552004618084,174.5011486653735,175.27369060788277,0.6171450617283951,0.003,-1.584962500721156,165.6459790845954,180.0,0.001,0.0,173.35917436062468,180.0,0.001,0.0,178.2448622675394,180.0,0.005,-2.321928094887362,180.0,166.60363650756224,0.002,-1.0,180.0,173.7809075969551,0.001,0.0,180.0,178.34813850588822,0.022,-4.459431618637297,165.6459790845954,166.60363650756224,0.004,-2.0,173.35917436062468,173.7809075969551,0.002,-1.0,178.2448622675394,178.34813850588822,0.6436882716049384,0.027,-4.754887502163468,162.66494775398823,180.0,0.007,-2.8073549220576037,171.62453628211037,180.0,0.002,-1.0,177.49694309436205,180.0,0.014,-3.807354922057604,180.0,165.93528835855972,0.004,-2.0,180.0,173.79717310214525,0.002,-1.0,180.0,178.3744726063551,0.202,-7.658211482751795,162.66494775398823,165.93528835855972,0.055,-5.78135971352466,171.62453628211037,173.79717310214525,0.006,-2.584962500721156,177.49694309436205,178.3744726063551
18,0.1,0.0,0.005,7.643856189774724,0.5947222222222223,0.249,-5.638073837180718,162.9404253817478,180.0,0.11,-4.459431618637296,171.05790466327338,180.0,0.036,-2.8479969065549495,176.9498221172947,180.0,0.649,-7.020146573111776,180.0,161.77834639952806,0.351,-6.133399125417198,180.0,170.1903664358684,0.093,-4.217230716220669,180.0,176.58725620164654,0.988,-7.626439136697315,162.9404253817478,161.77834639952806,0.829,-7.373300196608388,171.05790466327338,170.1903664358684,0.288,-5.8479969065549495,176.9498221172947,176.58725620164654,0.6336882716049383,0.019,-1.9259994185562224,166.13981791385405,180.0,0.016,-1.6780719051126374,173.54313590307595,180.0,0.008,-0.6780719051126374,178.2806360489047,180.0,0.059,-3.560714954474479,180.0,167.24532041334555,0.033,-2.7224660244710908,180.0,174.11232666637005,0.014,-1.485426827170241,180.0,178.43935022428633,0.126,-4.655351828612554,166.13981791385405,167.24532041334555,0.053,-3.405992359675836,173.54313590307595,174.11232666637005,0.021,-2.070389327891398,178.2806360489047,178.43935022428633,0.6441203703703704,0.027,-2.4329594072761056,162.914277793648,180.0,0.019,-1.9259994185562224,171.59928371614325,180.0,0.01,-1.0,177.5521115219327,180.0,0.141,-4.81762325751143,180.0,161.85996349110843,0.074,-3.887525270741587,180.0,171.4955516451074,0.029,-2.5360529002402092,180.0,177.59718725567703,0.335,-6.066089190457772,162.914277793648,161.85996349110843,0.141,-4.81762325751143,171.59928371614325,171.4955516451074,0.042,-3.070389327891398,177.5521115219327,177.59718725567703
19,0.1,0.0,0.005,7.643856189774724,0.5983333333333334,0.202,-5.336283387864432,160.1504223856126,180.0,0.068,-3.765534746362977,169.30942219979863,180.0,0.019,-1.9259994185562224,176.17172963862242,180.0,0.437,-6.449561374613236,180.0,162.43916058214197,0.199,-5.314696525656286,180.0,170.49657161830729,0.042,-3.070389327891398,180.0,176.64330564660688,0.959,-7.583458910130768,160.1504223856126,162.43916058214197,0.7,-7.129283016944966,169.30942219979863,170.49657161830729,0.178,-5.153805336079035,176.17172963862242,176.64330564660688,0.4491358024691358,0.005,0.0,179.36892704341446,180.0,0.005,0.0,179.71164602840463,180.0,0.005,0.0,179.92549311514236,180.0,0.005,0.0,180.0,179.2940442277275,0.005,0.0,180.0,179.69164374831553,0.005,0.0,180.0,179.9239392166706,0.004,0.3219280948873626,179.36892704341446,179.2940442277275,0.004,0.3219280948873626,179.71164602840463,179.69164374831553,0.005,0.0,179.92549311514236,179.9239392166706,0.5204475308641975,0.007,-0.4854268271702411,177.3341635133333,180.0,0.005,0.0,178.7471071589541,180.0,0.005,0.0,179.6584295035474,180.0,0.008,-0.6780719051126374,180.0,177.18027009900268,0.005,0.0,180.0,178.766735655283,0.005,0.0,180.0,179.68975181404824,0.021,-2.070389327891398,177.3341635133333,177.18027009900268,0.011,-1.137503523749935,178.7471071589541,178.766735655283,0.005,0.0,179.6584295035474,179.68975181404824
20,0.1,0.0,0.001,9.965784284662089,0.6463271604938271,0.207,-7.693486957499325,151.92191762725912,180.0,0.055,-5.78135971352466,164.62219679371788,180.0,0.009,-3.169925001442312,174.3213949663211,180.0,0.624,-9.285402218862249,180.0,151.87925871145666,0.25,-7.965784284662087,180.0,164.19975408586456,0.039,-5.285402218862249,180.0,173.98332475540764,0.997,-9.961449694398196,151.92191762725912,151.87925871145666,0.851,-9.733015321685963,164.62219679371788,164.19975408586456,0.227,-7.826548487290915,174.3213949663211,173.98332475540764,0.4991820987654322,0.001,0.0,177.48287505552844,180.0,0.001,0.0,178.87795325936008,180.0,0.001,0.0,179.71534171204476,180.0,0.001,0.0,180.0,177.38607584614255,0.001,0.0,180.0,178.84231743762328,0.001,0.0,180.0,179.70947210394647,0.003,-1.584962500721156,177.48287505552844,177.38607584614255,0.001,0.0,178.87795325936008,178.84231743762328,0.001,0.0,179.71534171204476,179.70947210394647,0.5636574074074074,0.004,-2.0,173.03148889124458,180.0,0.002,-1.0,176.7393650996077,180.0,0.001,0.0,179.1113363490121,180.0,0.01,-3.321928094887362,180.0,172.69781836500067,0.003,-1.584962500721156,180.0,176.51366849324427,0.001,0.0,180.0,179.0188303313592,0.062,-5.954196310386875,173.03148889124458,172.69781836500067,0.013,-3.700439718141092,176.7393650996077,176.51366849324427,0.003,-1.584962500721156,179.1113363490121,179.0188303313592
21,0.1,0.0,0.002,8.965784284662087,0.6074074074074074,0.072,-5.169925001442312,162.45754711827584,180.0,0.014,-2.8073549220576037,171.0849748259921,180.0,0.004,-1.0,177.05411834241804,180.0,0.259,-7.016808287686554,180.0,158.99343943592297,0.085,-5.409390936137702,180.0,168.61337908647835,0.01,-2.321928094887362,180.0,175.9575856339055,0.923,-8.850186837645774,162.45754711827584,158.99343943592297,0.499,-7.96289600533726,171.0849748259921,168.61337908647835,0.067,-5.066089190457772,177.05411834241804,175.9575856339055,0.6280401234567901,0.003,-0.5849625007211561,165.60918602425434,180.0,0.002,0.0,173.39635867565502,180.0,0.002,0.0,178.25948061466352,180.0,0.004,-1.0,180.0,165.62521251580975,0.003,-0.5849625007211561,180.0,173.46517639333317,0.002,0.0,180.0,178.2864273524663,0.009,-2.169925001442312,165.60918602425434,165.62521251580975,0.004,-1.0,173.39635867565502,173.46517639333317,0.003,-0.5849625007211561,178.25948061466352,178.2864273524663,0.601141975308642,0.005,-1.3219280948873626,169.46156525169556,180.0,0.004,-1.0,175.3916995771158,180.0,0.002,0.0,178.82087677162318,180.0,0.012,-2.584962500721156,180.0,168.35791473595992,0.005,-1.3219280948873626,180.0,174.45052755154052,0.003,-0.5849625007211561,180.0,178.43933275855133,0.104,-5.700439718141093,169.46156525169556,168.35791473595992,0.026,-3.700439718141092,175.3916995771158,174.45052755154052,0.004,-1.0,178.82087677162318,178.43933275855133
22,0.1,0.0,0.03,5.058893689053568,0.5533333333333332,0.315,-3.39231742277876,168.89549364642468,180.0,0.191,-2.67053823242723,174.15919941335147,180.0,0.105,-1.8073549220576035,178.10802937514333,180.0,0.744,-4.632268215499512,180.0,168.38413352911866,0.482,-4.005998740621443,180.0,174.1179086919066,0.194,-2.693022246578609,180.0,178.15249173620683,0.961,-5.001502025165232,168.89549364642468,168.38413352911866,0.806,-4.747745432919449,174.15919941335147,174.1179086919066,0.369,-3.620586410451877,178.10802937514333,178.15249173620683,0.605679012345679,0.088,-1.5525410230287786,172.49108477064442,180.0,0.067,-1.1591985948492538,176.68247809701444,180.0,0.047,-0.6476982560691189,179.1642963171313,180.0,0.069,-1.2016338611696504,180.0,171.7904484816862,0.055,-0.8744691179161412,180.0,176.12057896331146,0.039,-0.37851162325373,180.0,178.95383934504656,0.158,-2.3968901525685844,172.49108477064442,171.7904484816862,0.096,-1.6780719051126374,176.68247809701444,176.12057896331146,0.059,-0.9757524537533228,179.1642963171313,178.95383934504656,0.6338734567901234,0.114,-1.925999418556223,168.6674645523638,180.0,0.078,-1.3785116232537296,174.88424828823443,180.0,0.052,-0.793549122532573,178.63588254013493,180.0,0.136,-2.180572245641821,180.0,166.47040143879727,0.101,-1.751320887143276,180.0,173.3626516541221,0.068,-1.1805722456418208,180.0,178.0601926674993,0.297,-3.307428525192247,168.6674645523638,166.47040143879727,0.197,-2.7151612238478577,174.88424828823443,173.3626516541221,0.103,-1.7796099315746994,178.63588254013493,178.0601926674993
23,0.1,0.0,0.001,9.965784284662089,0.6220061728395063,0.172,-7.426264754702098,156.47192344274615,180.0,0.064,-6.0,166.6160833764746,180.0,0.01,-3.321928094887362,175.02733661676092,180.0,0.534,-9.060695931687556,180.0,155.85036959822816,0.213,-7.734709620225838,180.0,166.64364783157126,0.037,-5.209453365628949,180.0,174.99488549521553,0.993,-9.955649907528374,156.47192344274615,155.85036959822816,0.826,-9.689997971419444,166.6160833764746,166.64364783157126,0.21,-7.714245517666122,175.02733661676092,174.99488549521553,0.6032870370370371,0.003,-1.584962500721156,166.25223755256476,180.0,0.002,-1.0,173.54629747640965,180.0,0.002,-1.0,178.2697043086844,180.0,0.008,-3.0,180.0,166.1357072962632,0.003,-1.584962500721156,180.0,173.59207711576602,0.002,-1.0,180.0,178.31884298914568,0.017,-4.087462841250339,166.25223755256476,166.1357072962632,0.007,-2.8073549220576037,173.54629747640965,173.59207711576602,0.003,-1.584962500721156,178.2697043086844,178.31884298914568,0.641712962962963,0.009,-3.169925001442312,162.15211643307188,180.0,0.003,-1.584962500721156,171.4554208564697,180.0,0.002,-1.0,177.30961915365916,180.0,0.058,-5.857980995127572,180.0,158.40190943656657,0.021,-4.392317422778761,180.0,168.9987966677178,0.006,-2.584962500721156,180.0,176.3018531631473,0.222,-7.794415866350105,162.15211643307188,158.40190943656657,0.091,-6.507794640198696,171.4554208564697,168.9987966677178,0.015,-3.9068905956085183,177.30961915365916,176.3018531631473
24,0.1,0.0,0.001,9.965784284662089,0.586388888888889,0.075,-6.228818690495881,163.2207591383151,180.0,0.02,-4.321928094887363,170.86149931793418,180.0,0.004,-2.0,176.899657994154,180.0,0.17,-7.409390936137702,180.0,164.0592110651416,0.039,-5.285402218862249,180.0,171.55743162411514,0.006,-2.584962500721156,180.0,177.1200222479639,0.89,-9.79766152585376,163.2207591383151,164.0592110651416,0.459,-8.842350343413807,170.86149931793418,171.55743162411514,0.042,-5.392317422778761,176.899657994154,177.1200222479639,0.580108024691358,0.002,-1.0,171.0923008640351,180.0,0.002,-1.0,175.81649140898995,180.0,0.002,-1.0,178.87160423115012,180.0,0.003,-1.584962500721156,180.0,169.99758298069415,0.003,-1.584962500721156,180.0,175.49060965202756,0.002,-1.0,180.0,178.84485903888944,0.006,-2.584962500721156,171.0923008640351,169.99758298069415,0.003,-1.584962500721156,175.81649140898995,175.49060965202756,0.002,-1.0,178.87160423115012,178.84485903888944,0.5973611111111111,0.004,-2.0,169.3946128627935,180.0,0.002,-1.0,174.54534005074905,180.0,0.002,-1.0,178.31596863202842,180.0,0.003,-1.584962500721156,180.0,170.88614269615104,0.003,-1.584962500721156,180.0,176.17221286367857,0.002,-1.0,180.0,179.04790739327584,0.015,-3.9068905956085183,169.3946128627935,170.88614269615104,0.008,-3.0,174.54534005074905,176.17221286367857,0.003,-1.584962500721156,178.31596863202842,179.04790739327584
25,0.1,0.0,0.001,9.965784284662089,0.5986111111111111,0.319,-8.31741261376487,161.50146041949031,180.0,0.106,-6.727920454563199,170.3696180043303,180.0,0.022,-4.459431618637297,176.77024161614835,180.0,0.388,-8.599912842187127,180.0,163.8891559293383,0.178,-7.475733430966398,180.0,171.33862517054476,0.04,-5.321928094887363,180.0,177.06324300886376,0.971,-9.923327485419192,161.50146041949031,163.8891559293383,0.726,-9.50382573799575,170.3696180043303,171.33862517054476,0.189,-7.562242424221072,176.77024161614835,177.06324300886376,0.5589197530864198,0.005,-2.321928094887362,175.11171761502158,180.0,0.004,-2.0,177.8245344745248,180.0,0.002,-1.0,179.44953701109796,180.0,0.003,-1.584962500721156,180.0,175.55859310913928,0.002,-1.0,180.0,177.9688192874297,0.002,-1.0,180.0,179.4713211204535,0.008,-3.0,175.11171761502158,175.55859310913928,0.005,-2.321928094887362,177.8245344745248,177.9688192874297,0.003,-1.584962500721156,179.44953701109796,179.4713211204535,0.6110339506172839,0.023,-4.523561956057013,167.2987068173516,180.0,0.01,-3.321928094887362,173.4601070488446,180.0,0.004,-2.0,177.9289601140509,180.0,0.007,-2.8073549220576037,180.0,170.07688482815018,0.003,-1.584962500721156,180.0,175.5613565177755,0.002,-1.0,180.0,178.81584390531728,0.078,-6.285402218862249,167.2987068173516,170.07688482815018,0.029,-4.857980995127572,173.4601070488446,175.5613565177755,0.007,-2.8073549220576037,177.9289601140509,178.81584390531728
26,0.1,0.0,0.002,8.965784284662087,0.567253086419753,0.022,-3.4594316186372973,169.6961284323273,180.0,0.01,-2.321928094887362,174.83891370791355,180.0,0.006,-1.584962500721156,178.44863201191805,180.0,0.092,-5.523561956057012,180.0,167.15892904401971,0.025,-3.643856189774725,180.0,173.491347506303,0.008,-2.0,180.0,177.9318240667439,0.59,-8.204571144249204,169.6961284323273,167.15892904401971,0.171,-6.417852514885897,174.83891370791355,173.491347506303,0.018,-3.169925001442312,178.44863201191805,177.9318240667439,0.486327160493827,0.002,0.0,179.7192578351141,180.0,0.002,0.0,179.87659685398114,180.0,0.002,0.0,179.9694414230682,180.0,0.002,0.0,180.0,179.65166276257813,0.002,0.0,180.0,179.84497611614137,0.002,0.0,180.0,179.96111535974322,0.002,0.0,179.7192578351141,179.65166276257813,0.002,0.0,179.87659685398114,179.84497611614137,0.002,0.0,179.9694414230682,179.96111535974322,0.4860030864197531,0.002,0.0,179.42853969644625,180.0,0.002,0.0,179.75747918467815,180.0,0.002,0.0,179.94159295973557,180.0,0.003,-0.5849625007211561,180.0,179.1259594088277,0.003,-0.5849625007211561,180.0,179.63177439885533,0.002,0.0,180.0,179.9106794743023,0.003,-0.5849625007211561,179.42853969644625,179.1259594088277,0.003,-0.5849625007211561,179.75747918467815,179.63177439885533,0.002,0.0,179.94159295973557,179.9106794743023
27,0.1,0.0,0.002,8.965784284662087,0.5773148148148148,0.032,-4.0,169.03914504178266,180.0,0.014,-2.8073549220576037,174.47623883738592,180.0,0.003,-0.5849625007211561,178.26580967163653,180.0,0.153,-6.257387842692651,180.0,166.64241197440057,0.042,-4.392317422778761,180.0,173.3975824291074,0.01,-2.321928094887362,180.0,177.9810411093127,0.602,-8.233619676759702,169.03914504178266,166.64241197440057,0.199,-6.636624620543649,174.47623883738592,173.3975824291074,0.024,-3.584962500721156,178.26580967163653,177.9810411093127,0.5806327160493827,0.003,-0.5849625007211561,174.56987378604853,180.0,0.003,-0.5849625007211561,177.55287664966716,180.0,0.002,0.0,179.37329495236463,180.0,0.004,-1.0,180.0,174.95939566916502,0.003,-0.5849625007211561,180.0,177.74845979625522,0.002,0.0,180.0,179.42840425888704,0.004,-1.0,174.56987378604853,174.95939566916502,0.004,-1.0,177.55287664966716,177.74845979625522,0.003,-0.5849625007211561,179.37329495236463,179.42840425888704,0.5852623456790124,0.003,-0.5849625007211561,175.00084651513697,180.0,0.003,-0.5849625007211561,177.79544655639936,180.0,0.002,0.0,179.432458116086,180.0,0.011,-2.4594316186372973,180.0,173.1417696862066,0.006,-1.584962500721156,180.0,176.74253779587931,0.003,-0.5849625007211561,180.0,179.08932478544727,0.025,-3.643856189774725,175.00084651513697,173.1417696862066,0.01,-2.321928094887362,177.79544655639936,176.74253779587931,0.004,-1.0,179.432458116086,179.08932478544727
28,0.1,0.0,0.006,7.380821783940931,0.6006172839506172,0.094,-3.969626350956481,163.36133568268824,180.0,0.04,-2.7369655941662066,171.01490658295037,180.0,0.022,-1.8744691179161412,176.89258908145064,180.0,0.655,-6.770388595703657,180.0,158.49501529943063,0.295,-5.619608643528047,180.0,169.08863994533274,0.061,-3.3457748368417297,180.0,176.27844903760672,0.975,-7.344295907915817,163.36133568268824,158.49501529943063,0.733,-6.932706887412656,171.01490658295037,169.08863994533274,0.163,-4.763765653509921,176.89258908145064,176.27844903760672,0.6093364197530864,0.018,-1.584962500721156,168.04773573881153,180.0,0.013,-1.1154772174199357,174.45963912741226,180.0,0.01,-0.7369655941662066,178.5335557307902,180.0,0.029,-2.273018494406416,180.0,165.89336408660725,0.019,-1.6629650127224291,180.0,173.60058641246897,0.013,-1.1154772174199357,180.0,178.33853173613153,0.052,-3.1154772174199357,168.04773573881153,165.89336408660725,0.03,-2.321928094887362,174.45963912741226,173.60058641246897,0.017,-1.502500340529183,178.5335557307902,178.33853173613153,0.6275771604938272,0.022,-1.8744691179161412,165.39099469936758,180.0,0.022,-1.8744691179161412,173.4492854068799,180.0,0.012,-1.0,178.24875938400297,180.0,0.102,-4.087462841250339,180.0,157.83634277702325,0.047,-2.9696263509564815,180.0,168.69753840614192,0.021,-1.8073549220576048,180.0,176.45187285089744,0.285,-5.569855608330948,165.39099469936758,157.83634277702325,0.09,-3.9068905956085183,173.4492854068799,168.69753840614192,0.031,-2.369233809665719,178.24875938400297,176.45187285089744
29,0.1,0.0,0.006,7.380821783940931,0.5975925925925926,0.214,-5.15650448567999,161.468457002526,180.0,0.092,-3.938599455335857,170.27476094211116,180.0,0.033,-2.4594316186372973,176.68562420138946,180.0,0.499,-6.377933504616104,180.0,162.51209205833254,0.253,-5.398031073973154,180.0,170.6313673290848,0.06,-3.321928094887362,180.0,176.70626350450522,0.956,-7.315904307259593,161.468457002526,162.51209205833254,0.705,-6.876516946564999,170.27476094211116,170.6313673290848,0.209,-5.1223966313597264,176.68562420138946,176.70626350450522,0.5512191358024691,0.008,-0.4150374992788439,176.7402692527839,180.0,0.008,-0.4150374992788439,178.5256659838543,180.0,0.007,-0.2223924213364476,179.6225362454877,180.0,0.012,-1.0,180.0,177.5525380453181,0.009,-0.5849625007211561,180.0,178.90729267408983,0.009,-0.5849625007211561,180.0,179.72396761641656,0.013,-1.1154772174199357,176.7402692527839,177.5525380453181,0.01,-0.7369655941662066,178.5256659838543,178.90729267408983,0.009,-0.5849625007211561,179.6225362454877,179.72396761641656,0.5699845679012346,0.012,-1.0,175.02691501476446,180.0,0.011,-0.8744691179161412,177.6402060048125,180.0,0.009,-0.5849625007211561,179.35658113299232,180.0,0.025,-2.0588936890535683,180.0,175.86679641067735,0.017,-1.502500340529183,180.0,178.12713121003804,0.01,-0.7369655941662066,180.0,179.51278382962445,0.039,-2.7004397181410926,175.02691501476446,175.86679641067735,0.024,-2.0,177.6402060048125,178.12713121003804,0.012,-1.0,179.35658113299232,179.51278382962445
30,0.1,0.0,0.006,7.380821783940931,0.572932098765432,0.157,-4.709658248170471,167.15897432290643,180.0,0.079,-3.718818247455947,173.3105033823276,180.0,0.032,-2.415037499278844,177.80629177827618,180.0,0.671,-6.805206455479027,180.0,165.3780626369946,0.35,-5.866248611111173,180.0,172.18249106133086,0.109,-4.183221824055771,180.0,177.37923547870284,0.975,-7.344295907915817,167.15897432290643,165.3780626369946,0.758,-6.981091537449935,173.3105033823276,172.18249106133086,0.233,-5.279223643933124,177.80629177827618,177.37923547870284,0.5475308641975309,0.009,-0.5849625007211561,170.1704932031943,180.0,0.007,-0.2223924213364476,175.4943872932554,180.0,0.007,-0.2223924213364476,178.8099594542757,180.0,0.047,-2.9696263509564815,180.0,170.16456993441724,0.03,-2.321928094887362,180.0,175.4390686841514,0.018,-1.584962500721156,180.0,178.7794642256815,0.054,-3.169925001442312,170.1704932031943,170.16456993441724,0.036,-2.584962500721156,175.4943872932554,175.4390686841514,0.018,-1.584962500721156,178.8099594542757,178.7794642256815,0.5714660493827161,0.011,-0.8744691179161412,169.50031052509874,180.0,0.008,-0.4150374992788439,175.5951655856806,180.0,0.007,-0.2223924213364476,178.86216736892996,180.0,0.136,-4.502500340529183,180.0,168.2571243492596,0.089,-3.8907709302452416,180.0,173.7232394309648,0.037,-2.624490864907793,180.0,177.8741025962501,0.147,-4.614709844115208,169.50031052509874,168.2571243492596,0.089,-3.8907709302452416,175.5951655856806,173.7232394309648,0.039,-2.7004397181410926,178.86216736892996,177.8741025962501
31,0.1,0.0,0.001,9.965784284662089,0.6048765432098765,0.073,-6.189824558880018,160.877530256718,180.0,0.018,-4.169925001442312,169.707873982784,180.0,0.001,0.0,176.39533003619994,180.0,0.097,-6.599912842187128,180.0,162.75470144895712,0.021,-4.392317422778761,180.0,171.43960832903994,0.002,-1.0,180.0,177.32235798815995,0.806,-9.654636028527968,160.877530256718,162.75470144895712,0.303,-8.24317398347295,169.707873982784,171.43960832903994,0.029,-4.857980995127572,176.39533003619994,177.32235798815995,0.5152469135802469,0.001,0.0,178.27530214090885,180.0,0.001,0.0,179.2200989457488,180.0,0.001,0.0,179.7988580450961,180.0,0.001,0.0,180.0,178.07479981475524,0.001,0.0,180.0,179.14768559889336,0.001,0.0,180.0,179.7845869427897,0.001,0.0,178.27530214090885,178.07479981475524,0.001,0.0,179.2200989457488,179.14768559889336,0.001,0.0,179.7988580450961,179.7845869427897,0.5763271604938272,0.001,0.0,173.8523401908763,180.0,0.001,0.0,177.12557330093142,180.0,0.001,0.0,179.21467811389817,180.0,0.001,0.0,180.0,174.56644500891534,0.001,0.0,180.0,177.6463725807901,0.001,0.0,180.0,179.40647544915345,0.006,-2.584962500721156,173.8523401908763,174.56644500891534,0.001,0.0,177.12557330093142,177.6463725807901,0.001,0.0,179.21467811389817,179.40647544915345
32,0.1,0.0,0.006,7.380821783940931,0.5752160493827161,0.199,-5.051662119822493,167.31081590505107,180.0,0.08,-3.736965594166206,173.4043029742752,180.0,0.024,-2.0,177.89830387578044,180.0,0.378,-5.977279923499917,180.0,165.78128498991396,0.168,-4.807354922057604,180.0,172.74279023150504,0.04,-2.7369655941662066,180.0,177.66728176910112,0.923,-7.265224336924618,167.31081590505107,165.78128498991396,0.604,-6.6534422386039225,173.4043029742752,172.74279023150504,0.139,-4.5339785720023515,177.89830387578044,177.66728176910112,0.5778240740740741,0.012,-1.0,167.4016793673538,180.0,0.011,-0.8744691179161412,174.02834434187147,180.0,0.009,-0.5849625007211561,178.35904659569948,180.0,0.016,-1.415037499278844,180.0,167.79007478252433,0.01,-0.7369655941662066,180.0,174.48833888657262,0.008,-0.4150374992788439,180.0,178.56496888008218,0.03,-2.321928094887362,167.4016793673538,167.79007478252433,0.018,-1.584962500721156,174.02834434187147,174.48833888657262,0.01,-0.7369655941662066,178.35904659569948,178.56496888008218,0.583179012345679,0.02,-1.7369655941662066,172.06372108355842,180.0,0.013,-1.1154772174199357,176.35409922182308,180.0,0.009,-0.5849625007211561,179.02093928335714,180.0,0.016,-1.415037499278844,180.0,171.39456885150477,0.011,-0.8744691179161412,180.0,176.1679519686856,0.008,-0.4150374992788439,180.0,179.01032546848188,0.059,-3.2976805486406855,172.06372108355842,171.39456885150477,0.029,-2.273018494406416,176.35409922182308,176.1679519686856,0.012,-1.0,179.02093928335714,179.01032546848188
33,0.1,0.0,0.002,8.965784284662087,0.5827160493827162,0.12,-5.906890595608518,167.62916224211423,180.0,0.044,-4.459431618637297,173.83861853757858,180.0,0.015,-2.9068905956085187,178.08341842409365,180.0,0.431,-7.751544059089098,180.0,166.8851673973544,0.175,-6.451211111832329,180.0,173.24154881072448,0.037,-4.209453365628949,180.0,177.83085027319945,0.9,-8.813781191217037,167.62916224211423,166.8851673973544,0.544,-8.087462841250339,173.83861853757858,173.24154881072448,0.11,-5.78135971352466,178.08341842409365,177.83085027319945,0.4879166666666666,0.002,0.0,179.28336064949886,180.0,0.002,0.0,179.68126826051082,180.0,0.002,0.0,179.91981487754396,180.0,0.003,-0.5849625007211561,180.0,179.2483929310046,0.003,-0.5849625007211561,180.0,179.66997625126515,0.003,-0.5849625007211561,180.0,179.9181356244815,0.003,-0.5849625007211561,179.28336064949886,179.2483929310046,0.003,-0.5849625007211561,179.68126826051082,179.66997625126515,0.003,-0.5849625007211561,179.91981487754396,179.9181356244815,0.4336882716049383,0.002,0.0,179.2403289740539,180.0,0.002,0.0,179.65968790682328,180.0,0.002,0.0,179.91374323988327,180.0,0.003,-0.5849625007211561,180.0,179.25820500849127,0.003,-0.5849625007211561,180.0,179.6751869510865,0.003,-0.5849625007211561,180.0,179.91947605837436,0.002,0.0,179.2403289740539,179.25820500849127,0.002,0.0,179.65968790682328,179.6751869510865,0.002,0.0,179.91374323988327,179.91947605837436
34,0.1,0.0,0.001,9.965784284662089,0.5803086419753087,0.072,-6.169925001442312,164.73840682299902,180.0,0.019,-4.247927513443585,172.0288482345173,180.0,0.003,-1.584962500721156,177.38050885685672,180.0,0.241,-7.912889336229961,180.0,163.7676255128707,0.065,-6.022367813028454,180.0,171.38701481103806,0.011,-3.4594316186372973,180.0,177.09541426413762,0.875,-9.77313920671969,164.73840682299902,163.7676255128707,0.461,-8.848622940429339,172.0288482345173,171.38701481103806,0.048,-5.584962500721156,177.38050885685672,177.09541426413762,0.6015123456790124,0.001,0.0,172.7597307974321,180.0,0.001,0.0,176.71157322932876,180.0,0.001,0.0,179.14997069657696,180.0,0.002,-1.0,180.0,172.28335697362613,0.001,0.0,180.0,176.4776222483176,0.001,0.0,180.0,179.0861235356505,0.003,-1.584962500721156,172.7597307974321,172.28335697362613,0.002,-1.0,176.71157322932876,176.4776222483176,0.001,0.0,179.14997069657696,179.0861235356505,0.585108024691358,0.004,-2.0,167.55821316225385,180.0,0.002,-1.0,173.80490621915914,180.0,0.001,0.0,178.0966649948098,180.0,0.005,-2.321928094887362,180.0,168.833269277327,0.002,-1.0,180.0,174.9552078696816,0.001,0.0,180.0,178.62724535756126,0.043,-5.426264754702098,167.55821316225385,168.833269277327,0.012,-3.584962500721156,173.80490621915914,174.9552078696816,0.002,-1.0,178.0966649948098,178.62724535756126
35,0.1,0.0,0.012,6.380821783940931,0.5596296296296297,0.34,-4.824428435416546,168.65044322653492,180.0,0.183,-3.9307373375628862,174.25006830283465,180.0,0.084,-2.807354922057604,178.2151523752226,180.0,0.49,-5.351675438281415,180.0,169.3913086610971,0.272,-4.502500340529183,180.0,174.6339102912702,0.107,-3.156504485679991,180.0,178.32217758198183,0.946,-6.300733872618239,168.65044322653492,169.3913086610971,0.724,-5.91488338636205,174.25006830283465,174.6339102912702,0.258,-4.426264754702098,178.2151523752226,178.32217758198183,0.5415895061728395,0.02,-0.7369655941662066,177.1519319491947,180.0,0.018,-0.5849625007211561,178.72085341370163,180.0,0.014,-0.2223924213364476,179.67469006691212,180.0,0.031,-1.3692338096657188,180.0,177.07983557450132,0.021,-0.8073549220576046,180.0,178.7248494184746,0.018,-0.5849625007211561,180.0,179.6850139618269,0.038,-1.6629650127224291,177.1519319491947,177.07983557450132,0.03,-1.3219280948873626,178.72085341370163,178.7248494184746,0.018,-0.5849625007211561,179.67469006691212,179.6850139618269,0.4954320987654321,0.025,-1.0588936890535685,178.60895233863658,180.0,0.021,-0.8073549220576046,179.37455041330574,180.0,0.015,-0.3219280948873626,179.8405284239869,180.0,0.028,-1.2223924213364477,180.0,178.77894308214823,0.021,-0.8073549220576046,180.0,179.47421314643597,0.018,-0.5849625007211561,180.0,179.87179652691745,0.05,-2.0588936890535683,178.60895233863658,178.77894308214823,0.029,-1.2730184944064158,179.37455041330574,179.47421314643597,0.02,-0.7369655941662066,179.8405284239869,179.87179652691745
36,0.1,0.0,0.001,9.965784284662089,0.6190432098765433,0.176,-7.459431618637297,160.7197146540519,180.0,0.075,-6.228818690495881,169.43247712172615,180.0,0.019,-4.247927513443585,176.22818390673856,180.0,0.55,-9.103287808412022,180.0,156.25933994174306,0.235,-7.876516946564999,180.0,167.7413837236695,0.054,-5.754887502163468,180.0,175.87354975309276,0.978,-9.933690654952231,160.7197146540519,156.25933994174306,0.745,-9.541096615349524,169.43247712172615,167.7413837236695,0.18,-7.491853096329675,176.22818390673856,175.87354975309276,0.6004012345679013,0.011,-3.4594316186372973,165.43729207211246,180.0,0.007,-2.8073549220576037,173.33687375521387,180.0,0.004,-2.0,178.2489078336623,180.0,0.019,-4.247927513443585,180.0,165.3622996739617,0.012,-3.584962500721156,180.0,172.943745370121,0.009,-3.169925001442312,180.0,178.04425024335632,0.065,-6.022367813028454,165.43729207211246,165.3622996739617,0.031,-4.954196310386875,173.33687375521387,172.943745370121,0.012,-3.584962500721156,178.2489078336623,178.04425024335632,0.6120370370370372,0.035,-5.129283016944966,163.0064634884977,180.0,0.012,-3.584962500721156,172.67547841524507,180.0,0.006,-2.584962500721156,178.09189529473275,180.0,0.102,-6.672425341971495,180.0,161.28639550147994,0.048,-5.584962500721156,180.0,170.49176764552604,0.015,-3.9068905956085183,180.0,176.99523590742658,0.361,-8.49585502688717,163.0064634884977,161.28639550147994,0.128,-7.0,172.67547841524507,170.49176764552604,0.031,-4.954196310386875,178.09189529473275,176.99523590742658
37,0.1,0.0,0.001,9.965784284662089,0.6004320987654321,0.043,-5.426264754702098,163.394915468673,180.0,0.009,-3.169925001442312,171.749031988114,180.0,0.001,0.0,177.3505300723963,180.0,0.22,-7.78135971352466,180.0,161.28313748949466,0.05,-5.643856189774724,180.0,170.40620286291193,0.006,-2.584962500721156,180.0,176.9094063838573,0.86,-9.74819284958946,163.394915468673,161.28313748949466,0.374,-8.546894459887637,171.749031988114,170.40620286291193,0.03,-4.906890595608519,177.3505300723963,176.9094063838573,0.5401697530864198,0.001,0.0,177.02921869536706,180.0,0.001,0.0,178.66643089862828,180.0,0.001,0.0,179.65469507990187,180.0,0.001,0.0,180.0,176.9981612944588,0.001,0.0,180.0,178.63584927304214,0.001,0.0,180.0,179.64344097175854,0.001,0.0,177.02921869536706,176.9981612944588,0.001,0.0,178.66643089862828,178.63584927304214,0.001,0.0,179.65469507990187,179.64344097175854,0.5686574074074073,0.001,0.0,177.63446193172882,180.0,0.001,0.0,178.93815713269623,180.0,0.001,0.0,179.7275574949316,180.0,0.001,0.0,180.0,177.38094518759405,0.001,0.0,180.0,178.83880114509364,0.001,0.0,180.0,179.70621640569527,0.001,0.0,177.63446193172882,177.38094518759405,0.001,0.0,178.93815713269623,178.83880114509364,0.001,0.0,179.7275574949316,179.70621640569527
38,0.1,0.0,0.032,4.965784284662087,0.583179012345679,0.359,-3.4878400338230513,166.77230261589008,180.0,0.177,-2.467605550082997,173.4442776319892,180.0,0.079,-1.303780748177103,177.9631963167039,180.0,0.723,-4.497851836951118,180.0,165.77662975280302,0.437,-3.7714894695005983,180.0,173.07050003132565,0.156,-2.2854022188622483,180.0,177.91892997752598,0.974,-4.927777962082342,166.77230261589008,165.77662975280302,0.803,-4.649256177517315,173.4442776319892,173.07050003132565,0.338,-3.4008794362821844,177.9631963167039,177.91892997752598,0.4867592592592592,0.051,-0.6724253419714952,177.47496537572198,180.0,0.043,-0.4262647547020979,178.8815882793892,180.0,0.039,-0.2854022188622487,179.71790656040474,180.0,0.058,-0.8579809951275719,180.0,177.47158717675387,0.049,-0.6147098441152083,180.0,178.88070377424356,0.043,-0.4262647547020979,180.0,179.71814652573244,0.076,-1.2479275134435852,177.47496537572198,177.47158717675387,0.06,-0.9068905956085188,178.8815882793892,178.88070377424356,0.047,-0.5545888516776376,179.71790656040474,179.71814652573244,0.597608024691358,0.074,-1.2094533656289497,171.3072330195575,180.0,0.058,-0.8579809951275719,176.33527632637512,180.0,0.047,-0.5545888516776376,179.09645542458767,180.0,0.13,-2.0223678130284544,180.0,171.57534569334615,0.086,-1.426264754702098,180.0,176.23963695946924,0.056,-0.8073549220576037,180.0,179.02808891416632,0.29,-3.1799090900149345,171.3072330195575,171.57534569334615,0.146,-2.189824558880017,176.33527632637512,176.23963695946924,0.066,-1.0443941193584534,179.09645542458767,179.02808891416632
39,0.1,0.0,0.013,6.265344566520995,0.567067901234568,0.332,-4.674599713205833,167.94840252905527,180.0,0.163,-3.648288436089986,173.71067635179205,180.0,0.07,-2.4288432988038746,177.9657463528466,180.0,0.669,-5.685422682500369,180.0,165.8580372713386,0.392,-4.914270125974117,180.0,172.97224583494688,0.133,-3.354842717360098,180.0,177.82324828362218,0.97,-6.221401218933398,167.94840252905527,165.8580372713386,0.793,-5.930737337562887,173.71067635179205,172.97224583494688,0.315,-4.598768300246187,177.9657463528466,177.82324828362218,0.5200925925925926,0.015,-0.2064508774674269,177.91119824727528,180.0,0.014,-0.1069152039165119,179.07976872820944,180.0,0.014,-0.1069152039165119,179.77012635146335,180.0,0.024,-0.8845227825800643,180.0,177.80089646748073,0.02,-0.6214883767462709,180.0,179.0292387253429,0.017,-0.3870231231092473,180.0,179.7567378391425,0.03,-1.206450877467427,177.91119824727528,177.80089646748073,0.025,-0.9434164716336326,179.07976872820944,179.0292387253429,0.016,-0.2995602818589082,179.77012635146335,179.7567378391425,0.5898765432098766,0.054,-2.0544477840223765,171.55707724017225,180.0,0.039,-1.584962500721157,176.13671003243414,180.0,0.022,-0.7589919004962056,178.96534908680962,180.0,0.101,-2.957771764610703,180.0,171.6731328244708,0.069,-2.4080847386370774,180.0,176.07611968403396,0.037,-1.5090136474878575,180.0,178.91791732398272,0.201,-3.950611973037837,171.55707724017225,171.6731328244708,0.125,-3.2653445665209953,176.13671003243414,176.07611968403396,0.055,-2.080919995383568,178.96534908680962,178.91791732398272
40,0.1,0.0,0.017,5.878321443411748,0.56679012345679,0.359,-4.400377192572712,167.10399268134208,180.0,0.189,-3.4747795829707333,173.41839221361158,180.0,0.066,-1.9569312781081143,177.89628965144,180.0,0.57,-5.067355267801765,180.0,167.82371294537805,0.324,-4.252387161634285,180.0,173.53571532934677,0.127,-2.901221845521827,180.0,177.87819768642888,0.964,-5.825426494979623,167.10399268134208,167.82371294537805,0.771,-5.503124208664695,173.41839221361158,173.53571532934677,0.289,-4.087462841250339,177.89628965144,177.87819768642888,0.5296913580246914,0.019,-0.1604646721932461,174.66252233964968,180.0,0.019,-0.1604646721932461,177.58543343948728,180.0,0.018,-0.082462160191973,179.37765990842885,180.0,0.044,-1.3719687773869582,180.0,174.45799014583426,0.038,-1.160464672193246,180.0,177.4782360235094,0.029,-0.7705181538772328,180.0,179.34618956088482,0.046,-1.436099114806674,174.66252233964968,174.45799014583426,0.036,-1.082462160191973,177.58543343948728,177.4782360235094,0.027,-0.6674246609131291,179.37765990842885,179.34618956088482,0.5678549382716049,0.035,-1.0418201756946273,171.1921572702215,180.0,0.029,-0.7705181538772328,175.82410492782236,180.0,0.021,-0.3048545815284216,178.82625059505455,180.0,0.117,-2.7829018783330652,180.0,169.36034823294776,0.071,-2.0622842782543427,180.0,175.19617229314625,0.038,-1.160464672193246,180.0,178.7162449626253,0.168,-3.304854581528421,171.1921572702215,169.36034823294776,0.103,-2.599037685932879,175.82410492782236,175.19617229314625,0.043,-1.3388019134517588,178.82625059505455,178.7162449626253
41,0.1,0.0,0.324,1.6259342817774622,0.5105555555555557,0.678,-1.0652914602517192,175.0288091614752,180.0,0.567,-0.807354922057604,177.60625230378355,180.0,0.453,-0.4835172371616103,179.32745792332054,180.0,0.829,-1.3553782886111256,180.0,175.51484626387332,0.709,-1.1297918143548913,180.0,177.81356729009138,0.546,-0.7529071380352278,180.0,179.37940607907416,0.969,-1.5805028525304563,175.0288091614752,175.51484626387332,0.855,-1.3999306068886357,177.60625230378355,177.81356729009138,0.661,-1.0286564586230669,179.32745792332054,179.37940607907416,0.6050925925925926,0.266,0.2845675673834351,168.31399822914236,180.0,0.286,0.1799786661062354,174.82695185366416,180.0,0.305,0.0871845704343761,178.69208522639997,180.0,0.538,-0.7316123596719994,180.0,169.03315681426187,0.479,-0.5640318428515554,180.0,174.87276129545103,0.416,-0.3605897152564672,180.0,178.62559370734155,0.453,-0.4835172371616103,168.31399822914236,169.03315681426187,0.411,-0.3431445807970581,174.82695185366416,174.87276129545103,0.372,-0.1993088082234066,178.69208522639997,178.62559370734155,0.6049382716049383,0.242,0.4209867656100301,170.7459362980411,180.0,0.266,0.2845675673834351,176.0414102925052,180.0,0.294,0.1401776580482605,179.00207101336778,180.0,0.479,-0.5640318428515554,180.0,169.87214005466618,0.443,-0.4513128856703936,180.0,175.2756353688424,0.407,-0.3290349813816222,180.0,178.7075410464051,0.357,-0.1399302611444748,170.7459362980411,169.87214005466618,0.36,-0.1520030934450498,176.0414102925052,175.2756353688424,0.345,-0.0906025487809065,179.00207101336778,178.7075410464051
42,0.1,0.0,0.02,5.643856189774724,0.5635802469135803,0.395,-4.303780748177102,167.60910859759545,180.0,0.217,-3.4396231375571165,174.12025103703812,180.0,0.081,-2.017921907997262,178.30087953621765,180.0,0.56,-4.807354922057604,180.0,168.45575741392724,0.322,-4.008988783227254,180.0,173.91872291961238,0.132,-2.7224660244710908,180.0,178.0320046339113,0.971,-5.60139939053183,167.60910859759545,168.45575741392724,0.785,-5.294620748891627,174.12025103703812,173.91872291961238,0.294,-3.877744249949002,178.30087953621765,178.0320046339113,0.5522067901234567,0.026,-0.3785116232537291,175.97239615362636,180.0,0.025,-0.3219280948873617,178.17203054935044,180.0,0.021,-0.070389327891398,179.53024925458138,180.0,0.041,-1.0356239097307212,180.0,176.12213286914806,0.029,-0.5360529002402092,180.0,178.29409824031964,0.028,-0.4854268271702411,180.0,179.57474813153968,0.05,-1.3219280948873615,175.97239615362636,176.12213286914806,0.034,-0.7655347463629765,178.17203054935044,178.29409824031964,0.029,-0.5360529002402092,179.53024925458138,179.57474813153968,0.5491975308641975,0.027,-0.4329594072761056,175.05820645160148,180.0,0.024,-0.2630344058337934,177.64679971082373,180.0,0.022,-0.1375035237499347,179.35031435882104,180.0,0.087,-2.1210154009613653,180.0,174.15241569388135,0.062,-1.6322682154995125,180.0,177.33037962706345,0.04,-1.0,180.0,179.28208453007136,0.112,-2.4854268271702415,175.05820645160148,174.15241569388135,0.075,-1.9068905956085185,177.64679971082373,177.33037962706345,0.04,-1.0,179.35031435882104,179.28208453007136
43,0.1,0.0,0.001,9.965784284662089,0.5964197530864198,0.067,-6.066089190457772,163.71792431233274,180.0,0.018,-4.169925001442312,171.6576877907699,180.0,0.003,-1.584962500721156,177.28919559945098,180.0,0.372,-8.539158811108031,180.0,161.09613074582478,0.124,-6.954196310386875,180.0,169.8075717942941,0.017,-4.087462841250339,180.0,176.40660933386454,0.933,-9.86573327085176,163.71792431233274,161.09613074582478,0.554,-9.113742166049189,171.6576877907699,169.8075717942941,0.074,-6.209453365628949,177.28919559945098,176.40660933386454,0.6578858024691359,0.003,-1.584962500721156,158.2294084110552,180.0,0.003,-1.584962500721156,169.36661666648448,180.0,0.001,0.0,177.004486394665,180.0,0.001,0.0,180.0,157.44627969226656,0.001,0.0,180.0,169.0649067514543,0.001,0.0,180.0,176.9379171743196,0.021,-4.392317422778761,158.2294084110552,157.44627969226656,0.006,-2.584962500721156,169.36661666648448,169.0649067514543,0.002,-1.0,177.004486394665,176.9379171743196,0.6001080246913579,0.005,-2.321928094887362,169.54920056416202,180.0,0.003,-1.584962500721156,175.3575214147189,180.0,0.001,0.0,178.79847541207937,180.0,0.008,-3.0,180.0,169.52841994658056,0.003,-1.584962500721156,180.0,174.8709237772238,0.002,-1.0,180.0,178.50083912913286,0.063,-5.977279923499916,169.54920056416202,169.52841994658056,0.016,-4.0,175.3575214147189,174.8709237772238,0.003,-1.584962500721156,178.79847541207937,178.50083912913286
44,0.1,0.0,0.004,7.965784284662087,0.5991666666666667,0.343,-6.422064766172812,159.41466973609332,180.0,0.141,-5.139551352398794,168.9752169967162,180.0,0.037,-3.2094533656289492,176.15311810682775,180.0,0.484,-6.918863237274595,180.0,161.00881059471007,0.232,-5.857980995127573,180.0,169.71629829957843,0.058,-3.857980995127572,180.0,176.2986705137612,0.986,-7.945443836377912,159.41466973609332,161.00881059471007,0.82,-7.679480099505445,168.9752169967162,169.71629829957843,0.261,-6.027905996569885,176.15311810682775,176.2986705137612,0.4877006172839506,0.005,-0.3219280948873626,178.60022238413765,180.0,0.005,-0.3219280948873626,179.35858289528844,180.0,0.005,-0.3219280948873626,179.8331688421353,180.0,0.005,-0.3219280948873626,180.0,178.44740883378915,0.005,-0.3219280948873626,180.0,179.32325108306011,0.005,-0.3219280948873626,180.0,179.83256296397613,0.007,-0.8073549220576037,178.60022238413765,178.44740883378915,0.005,-0.3219280948873626,179.35858289528844,179.32325108306011,0.005,-0.3219280948873626,179.8331688421353,179.83256296397613,0.5335185185185185,0.011,-1.459431618637297,177.30764892451938,180.0,0.009,-1.1699250014423122,178.77617554995484,180.0,0.005,-0.3219280948873626,179.68076532819828,180.0,0.009,-1.1699250014423122,180.0,177.06989184599163,0.007,-0.8073549220576037,180.0,178.70115198808912,0.005,-0.3219280948873626,180.0,179.6695078059487,0.019,-2.247927513443585,177.30764892451938,177.06989184599163,0.012,-1.584962500721156,178.77617554995484,178.70115198808912,0.008,-1.0,179.68076532819828,179.6695078059487
45,0.1,0.0,0.004,7.965784284662087,0.605462962962963,0.401,-6.647458426454921,157.60386733464017,180.0,0.166,-5.375039431346925,167.86562603079489,180.0,0.04,-3.321928094887362,175.65037631852854,180.0,0.626,-7.290018846932618,180.0,161.42572592806138,0.316,-6.303780748177103,180.0,169.9097160385145,0.077,-4.266786540694902,180.0,176.4786024078998,0.994,-7.957102041562286,157.60386733464017,161.42572592806138,0.89,-7.79766152585376,167.86562603079489,169.9097160385145,0.342,-6.417852514885897,175.65037631852854,176.4786024078998,0.4763580246913581,0.005,-0.3219280948873626,179.25198915691558,180.0,0.004,0.0,179.66893527288693,180.0,0.004,0.0,179.9171377878354,180.0,0.005,-0.3219280948873626,180.0,179.37190386114233,0.005,-0.3219280948873626,180.0,179.72255471314872,0.005,-0.3219280948873626,180.0,179.9307271941304,0.006,-0.5849625007211561,179.25198915691558,179.37190386114233,0.005,-0.3219280948873626,179.66893527288693,179.72255471314872,0.005,-0.3219280948873626,179.9171377878354,179.9307271941304,0.5679166666666666,0.026,-2.7004397181410917,170.594447131319,180.0,0.014,-1.8073549220576035,175.16238439771254,180.0,0.011,-1.459431618637297,178.50701218446645,180.0,0.025,-2.6438561897747244,180.0,172.12849387608446,0.014,-1.8073549220576035,180.0,176.79408146004246,0.011,-1.459431618637297,180.0,179.19765148427467,0.123,-4.94251450533924,170.594447131319,172.12849387608446,0.046,-3.523561956057013,175.16238439771254,176.79408146004246,0.016,-2.0,178.50701218446645,179.19765148427467
46,0.1,0.0,0.001,9.965784284662089,0.6271913580246913,0.042,-5.392317422778761,151.23876277424037,180.0,0.01,-3.321928094887362,164.45210731252135,180.0,0.001,0.0,174.1235353733252,180.0,0.175,-7.451211111832329,180.0,156.3485017404662,0.038,-5.247927513443585,180.0,166.42659848955265,0.002,-1.0,180.0,174.86025353691124,0.958,-9.90388184573618,151.23876277424037,156.3485017404662,0.564,-9.139551352398794,164.45210731252135,166.42659848955265,0.036,-5.169925001442312,174.1235353733252,174.86025353691124,0.6346759259259258,0.001,0.0,161.97353491803636,180.0,0.001,0.0,171.30895006436782,180.0,0.001,0.0,177.5844924146933,180.0,0.001,0.0,180.0,163.31888821709416,0.001,0.0,180.0,172.29288050890838,0.001,0.0,180.0,177.93870561288176,0.006,-2.584962500721156,161.97353491803636,163.31888821709416,0.001,0.0,171.30895006436782,172.29288050890838,0.001,0.0,177.5844924146933,177.93870561288176,0.6203703703703703,0.001,0.0,159.9536992433685,180.0,0.001,0.0,168.4918309313022,180.0,0.001,0.0,175.57543493951815,180.0,0.001,0.0,180.0,165.65769104135714,0.001,0.0,180.0,173.01551350082772,0.001,0.0,180.0,177.9032354720125,0.048,-5.584962500721156,159.9536992433685,165.65769104135714,0.009,-3.169925001442312,168.4918309313022,173.01551350082772,0.001,0.0,175.57543493951815,177.9032354720125
47,0.1,0.0,0.008,6.965784284662087,0.5825925925925926,0.314,-5.294620748891627,163.36177172717578,180.0,0.171,-4.417852514885897,170.9251934166085,180.0,0.059,-2.8826430493618416,176.9167629139118,180.0,0.583,-6.187352073200496,180.0,164.1736301732136,0.314,-5.294620748891627,180.0,171.59044303229783,0.105,-3.7142455176661224,180.0,177.1789320189876,0.992,-6.954196310386875,163.36177172717578,164.1736301732136,0.818,-6.675957032941748,170.9251934166085,171.59044303229783,0.289,-5.174925682500678,176.9167629139118,177.1789320189876,0.5409104938271605,0.024,-1.584962500721156,175.61729728242145,180.0,0.016,-1.0,178.05301541734403,180.0,0.012,-0.5849625007211561,179.50717682453947,180.0,0.026,-1.7004397181410915,180.0,175.03861174651254,0.014,-0.8073549220576037,180.0,177.82579187988193,0.01,-0.3219280948873626,180.0,179.45576078007022,0.042,-2.3923174227787607,175.61729728242145,175.03861174651254,0.031,-1.954196310386875,178.05301541734403,177.82579187988193,0.015,-0.9068905956085188,179.50717682453947,179.45576078007022,0.6247222222222222,0.052,-2.7004397181410917,166.2855679142157,180.0,0.031,-1.954196310386875,173.33996447594666,180.0,0.016,-1.0,177.96311368372344,180.0,0.074,-3.2094533656289497,180.0,168.10719122185046,0.051,-2.672425341971495,180.0,174.0076042115183,0.031,-1.954196310386875,180.0,178.1264871810055,0.232,-4.857980995127573,166.2855679142157,168.10719122185046,0.127,-3.988684686772166,173.33996447594666,174.0076042115183,0.049,-2.6147098441152083,177.96311368372344,178.1264871810055
48,0.1,0.0,0.001,9.965784284662089,0.6012037037037037,0.035,-5.129283016944966,163.0139767176505,180.0,0.007,-2.8073549220576037,171.14899991863666,180.0,0.002,-1.0,176.89237076370478,180.0,0.434,-8.761551232444479,180.0,158.85965004111213,0.14,-7.129283016944966,180.0,168.655984743788,0.014,-3.807354922057604,180.0,176.04639082517636,0.921,-9.847057346091336,163.0139767176505,158.85965004111213,0.529,-9.047123912114026,171.14899991863666,168.655984743788,0.059,-5.882643049361842,176.89237076370478,176.04639082517636,0.5468055555555555,0.001,0.0,177.6893083354478,180.0,0.001,0.0,178.96139931605245,180.0,0.001,0.0,179.73567811228145,180.0,0.002,-1.0,180.0,177.22785854870511,0.002,-1.0,180.0,178.76963197943294,0.001,0.0,180.0,179.69100053806122,0.002,-1.0,177.6893083354478,177.22785854870511,0.002,-1.0,178.96139931605245,178.76963197943294,0.001,0.0,179.73567811228145,179.69100053806122,0.5170987654320989,0.001,0.0,177.6375109864124,180.0,0.001,0.0,178.9486358507403,180.0,0.001,0.0,179.73155375675574,180.0,0.003,-1.584962500721156,180.0,175.29409697078782,0.002,-1.0,180.0,177.78714209644994,0.002,-1.0,180.0,179.38677046001712,0.006,-2.584962500721156,177.6375109864124,175.29409697078782,0.003,-1.584962500721156,178.9486358507403,177.78714209644994,0.002,-1.0,179.73155375675574,179.38677046001712
49,0.1,0.0,0.069,3.857259827883918,0.5372222222222223,0.399,-2.5317204794441768,172.76870762237792,180.0,0.27,-1.9682911402726615,176.50105780265093,180.0,0.148,-1.1009289088507803,178.99606356623417,180.0,0.51,-2.8858289800806887,180.0,173.98221457088755,0.335,-2.2794928285669656,180.0,177.12462215440797,0.188,-1.446064394899468,180.0,179.19219936644694,0.89,-3.689137069075591,172.76870762237792,173.98221457088755,0.661,-3.2599820047295225,176.50105780265093,177.12462215440797,0.312,-2.176877762084079,178.99606356623417,179.19219936644694,0.5226543209876544,0.077,-0.1582620839167323,177.49109121339305,180.0,0.071,-0.0412226627265126,178.87469644499038,180.0,0.07,-0.0207585601667972,179.71429440512054,180.0,0.077,-0.1582620839167323,180.0,178.25735398204955,0.073,-0.081300102101848,180.0,179.22632976959477,0.072,-0.061400544664143,180.0,179.80578819643495,0.078,-0.1768777620840791,177.49109121339305,178.25735398204955,0.075,-0.1202942337177117,178.87469644499038,179.22632976959477,0.073,-0.081300102101848,179.71429440512054,179.80578819643495,0.5366358024691358,0.098,-0.5061853873370392,176.25853515263188,180.0,0.083,-0.2665149745687558,178.32021033524134,180.0,0.075,-0.1202942337177117,179.57204534115303,180.0,0.088,-0.3509071618591282,180.0,177.1033786711022,0.082,-0.2490275478399146,180.0,178.73803389529863,0.076,-0.139403056665416,180.0,179.68821969038845,0.116,-0.7494565383494032,176.25853515263188,177.1033786711022,0.096,-0.4764380439429869,178.32021033524134,178.73803389529863,0.076,-0.139403056665416,179.57204534115303,179.68821969038845
0,0.2,0.0,0.001,9.965784284662089,0.676604938271605,0.001,0.0,140.96063368771786,180.0,0.001,0.0,156.2757148050021,180.0,0.001,0.0,169.8743966221505,180.0,0.151,-7.2384047393250786,180.0,140.32406648591729,0.016,-4.0,180.0,155.83251896779964,0.001,0.0,180.0,169.5212077264053,0.974,-9.927777962082342,140.96063368771786,140.32406648591729,0.538,-9.071462362556623,156.2757148050021,155.83251896779964,0.01,-3.321928094887362,169.8743966221505,169.5212077264053,0.6335493827160494,0.001,0.0,164.90568984570177,180.0,0.001,0.0,172.82478577474745,180.0,0.001,0.0,178.05232502153254,180.0,0.001,0.0,180.0,164.76965022196555,0.001,0.0,180.0,172.68771058252068,0.001,0.0,180.0,177.9814677351242,0.001,0.0,164.90568984570177,164.76965022196555,0.001,0.0,172.82478577474745,172.68771058252068,0.001,0.0,178.05232502153254,177.9814677351242,0.6425154320987655,0.001,0.0,157.44555981797032,180.0,0.001,0.0,165.4849336710149,180.0,0.001,0.0,173.44598629855452,180.0,0.003,-1.584962500721156,180.0,145.9092490961919,0.002,-1.0,180.0,155.07188627472846,0.001,0.0,180.0,164.6778304454645,0.039,-5.285402218862249,157.44555981797032,145.9092490961919,0.01,-3.321928094887362,165.4849336710149,155.07188627472846,0.001,0.0,173.44598629855452,164.6778304454645
1,0.2,0.0,0.001,9.965784284662089,0.6932407407407408,0.002,-1.0,137.1628854855984,180.0,0.001,0.0,153.20100402881204,180.0,0.001,0.0,167.48809858414327,180.0,0.039,-5.285402218862249,180.0,136.0096042481139,0.002,-1.0,180.0,153.17665024991837,0.001,0.0,180.0,167.73829903419733,0.931,-9.862637357558794,137.1628854855984,136.0096042481139,0.343,-8.422064766172813,153.20100402881204,153.17665024991837,0.002,-1.0,167.48809858414327,167.73829903419733,0.6807716049382715,0.001,0.0,158.09122855236436,180.0,0.001,0.0,169.29682526388015,180.0,0.001,0.0,177.0010128474973,180.0,0.001,0.0,180.0,157.33888724859025,0.001,0.0,180.0,168.9508406621155,0.001,0.0,180.0,176.91010433185633,0.001,0.0,158.09122855236436,157.33888724859025,0.001,0.0,169.29682526388015,168.9508406621155,0.001,0.0,177.0010128474973,176.91010433185633,0.6877314814814816,0.001,0.0,147.72114374186606,180.0,0.001,0.0,161.08810644031527,180.0,0.001,0.0,171.5083005766357,180.0,0.001,0.0,180.0,141.64015706766514,0.001,0.0,180.0,154.7586697131745,0.001,0.0,180.0,165.8327723447501,0.08,-6.321928094887362,147.72114374186606,141.64015706766514,0.005,-2.321928094887362,161.08810644031527,154.7586697131745,0.001,0.0,171.5083005766357,165.8327723447501
2,0.2,0.0,0.001,9.965784284662089,0.6327777777777778,0.133,-7.05528243550119,148.58533045348616,180.0,0.041,-5.357552004618084,161.352699221885,180.0,0.005,-2.321928094887362,172.50061957626963,180.0,0.478,-8.900866807980748,180.0,153.32554345829226,0.161,-7.330916878114617,180.0,164.2143082686764,0.02,-4.321928094887363,180.0,173.57467774298755,0.997,-9.961449694398196,148.58533045348616,153.32554345829226,0.886,-9.791162888555018,161.352699221885,164.2143082686764,0.21,-7.714245517666122,172.50061957626963,173.57467774298755,0.5689814814814815,0.001,0.0,172.88767092407517,180.0,0.001,0.0,176.83665089631802,180.0,0.001,0.0,179.19650926336675,180.0,0.001,0.0,180.0,172.38969482543558,0.001,0.0,180.0,176.4934304954061,0.001,0.0,180.0,179.07448388407664,0.005,-2.321928094887362,172.88767092407517,172.38969482543558,0.002,-1.0,176.83665089631802,176.4934304954061,0.001,0.0,179.19650926336675,179.07448388407664,0.6354938271604937,0.007,-2.8073549220576037,153.20084484475174,180.0,0.004,-2.0,161.7051520434274,180.0,0.003,-1.584962500721156,170.8376630092645,180.0,0.007,-2.8073549220576037,180.0,163.10543588413816,0.002,-1.0,180.0,171.09262067766784,0.001,0.0,180.0,177.02332273899498,0.157,-7.294620748891627,153.20084484475174,163.10543588413816,0.064,-6.0,161.7051520434274,171.09262067766784,0.007,-2.8073549220576037,170.8376630092645,177.02332273899498
3,0.2,0.0,0.001,9.965784284662089,0.6738271604938271,0.064,-6.0,140.2944292806619,180.0,0.011,-3.4594316186372973,156.0968147134857,180.0,0.001,0.0,169.6277255718515,180.0,0.583,-9.187352073200495,180.0,141.44453381649674,0.147,-7.199672344836364,180.0,156.81952854966053,0.01,-3.321928094887362,180.0,170.1155958425718,0.999,-9.964340867792416,140.2944292806619,141.44453381649674,0.933,-9.86573327085176,156.0968147134857,156.81952854966053,0.158,-7.303780748177103,169.6277255718515,170.1155958425718,0.628641975308642,0.001,0.0,162.96148843491216,180.0,0.001,0.0,171.93124696509742,180.0,0.001,0.0,177.7988186270563,180.0,0.002,-1.0,180.0,163.80010405066906,0.001,0.0,180.0,172.25947546337468,0.001,0.0,180.0,177.86954446438438,0.013,-3.700439718141092,162.96148843491216,163.80010405066906,0.003,-1.584962500721156,171.93124696509742,172.25947546337468,0.001,0.0,177.7988186270563,177.86954446438438,0.6284567901234569,0.004,-2.0,152.7162801546898,180.0,0.002,-1.0,163.5918467220082,180.0,0.001,0.0,172.9034140858889,180.0,0.022,-4.459431618637297,180.0,154.38365120766716,0.007,-2.8073549220576037,180.0,165.74369950059608,0.001,0.0,180.0,174.38953285803126,0.363,-8.50382573799575,152.7162801546898,154.38365120766716,0.074,-6.209453365628949,163.5918467220082,165.74369950059608,0.007,-2.8073549220576037,172.9034140858889,174.38953285803126
4,0.2,0.0,0.001,9.965784284662089,0.6535802469135803,0.047,-5.554588851677638,145.37760533936466,180.0,0.009,-3.169925001442312,158.78836536150715,180.0,0.001,0.0,170.90620668770077,180.0,0.453,-8.823367240046235,180.0,145.320125854727,0.104,-6.700439718141093,180.0,159.68069076414957,0.008,-3.0,180.0,171.34102162922386,0.995,-9.958552715431011,145.37760533936466,145.320125854727,0.861,-9.749869427396844,158.78836536150715,159.68069076414957,0.145,-7.1799090900149345,170.90620668770077,171.34102162922386,0.6429012345679013,0.001,0.0,166.1522445283556,180.0,0.001,0.0,173.42946036875276,180.0,0.001,0.0,178.21766266344434,180.0,0.001,0.0,180.0,164.04463165732668,0.001,0.0,180.0,172.51216489967254,0.001,0.0,180.0,177.99707336808342,0.004,-2.0,166.1522445283556,164.04463165732668,0.001,0.0,173.42946036875276,172.51216489967254,0.001,0.0,178.21766266344434,177.99707336808342,0.675,0.006,-2.584962500721156,149.38776674039462,180.0,0.001,0.0,161.58284956965633,180.0,0.001,0.0,171.05933932060674,180.0,0.011,-3.4594316186372973,180.0,148.31927136702518,0.004,-2.0,180.0,162.64193426742335,0.001,0.0,180.0,173.25375506742893,0.314,-8.294620748891628,149.38776674039462,148.31927136702518,0.069,-6.108524456778169,161.58284956965633,162.64193426742335,0.005,-2.321928094887362,171.05933932060674,173.25375506742893
5,0.2,0.0,0.001,9.965784284662089,0.6976543209876543,0.001,0.0,138.59041781374768,180.0,0.001,0.0,153.79846623990585,180.0,0.001,0.0,167.4947873540996,180.0,0.086,-6.426264754702098,180.0,132.06188320523265,0.006,-2.584962500721156,180.0,149.36436796920262,0.001,0.0,180.0,164.96052636994588,0.938,-9.873444112515376,138.59041781374768,132.06188320523265,0.404,-8.658211482751796,153.79846623990585,149.36436796920262,0.003,-1.584962500721156,167.4947873540996,164.96052636994588,0.6392438271604938,0.001,0.0,166.81042391601227,180.0,0.001,0.0,173.8939814538481,180.0,0.001,0.0,178.38639184305595,180.0,0.001,0.0,180.0,167.30182809521582,0.001,0.0,180.0,174.05995662329545,0.001,0.0,180.0,178.41030688576697,0.001,0.0,166.81042391601227,167.30182809521582,0.001,0.0,173.8939814538481,174.05995662329545,0.001,0.0,178.38639184305595,178.41030688576697,0.6822222222222222,0.001,0.0,161.91548292920916,180.0,0.001,0.0,169.92590413768744,180.0,0.001,0.0,176.08684206113625,180.0,0.001,0.0,180.0,150.08415458093674,0.001,0.0,180.0,159.24011195286724,0.001,0.0,180.0,169.14015903254068,0.02,-4.321928094887363,161.91548292920916,150.08415458093674,0.001,0.0,169.92590413768744,159.24011195286724,0.001,0.0,176.08684206113625,169.14015903254068
6,0.2,0.0,0.001,9.965784284662089,0.6851851851851851,0.006,-2.584962500721156,137.35777681659425,180.0,0.001,0.0,154.86100647091504,180.0,0.001,0.0,169.21309572689142,180.0,0.044,-5.459431618637297,180.0,141.8239866759758,0.004,-2.0,180.0,156.71110937292457,0.001,0.0,180.0,169.67958652419185,0.965,-9.914385132155443,137.35777681659425,141.8239866759758,0.484,-8.918863237274595,154.86100647091504,156.71110937292457,0.011,-3.4594316186372973,169.21309572689142,169.67958652419185,0.6100154320987654,0.001,0.0,163.4059410317885,180.0,0.001,0.0,172.2959406446075,180.0,0.001,0.0,177.95230807393892,180.0,0.001,0.0,180.0,165.13227729730986,0.001,0.0,180.0,172.97544360843497,0.001,0.0,180.0,178.08593142607737,0.001,0.0,163.4059410317885,165.13227729730986,0.001,0.0,172.2959406446075,172.97544360843497,0.001,0.0,177.95230807393892,178.08593142607737,0.6316512345679013,0.001,0.0,151.745045708675,180.0,0.001,0.0,163.2497343221427,180.0,0.001,0.0,173.01129256335554,180.0,0.001,0.0,180.0,156.82577979381253,0.001,0.0,180.0,167.30837977417323,0.001,0.0,180.0,174.81372088026947,0.05,-5.643856189774724,151.745045708675,156.82577979381253,0.004,-2.0,163.2497343221427,167.30837977417323,0.001,0.0,173.01129256335554,174.81372088026947
7,0.2,0.0,0.001,9.965784284662089,0.6896604938271604,0.016,-4.0,136.13632212977103,180.0,0.001,0.0,153.37694909758767,180.0,0.001,0.0,168.32230333384675,180.0,0.116,-6.857980995127573,180.0,138.6320076939989,0.013,-3.700439718141092,180.0,153.71815949884447,0.001,0.0,180.0,167.63069018400532,0.997,-9.961449694398196,136.13632212977103,138.6320076939989,0.737,-9.52552080909507,153.37694909758767,153.71815949884447,0.042,-5.392317422778761,168.32230333384675,167.63069018400532,0.651358024691358,0.001,0.0,162.00144591903197,180.0,0.001,0.0,171.4108529418429,180.0,0.001,0.0,177.64958821294715,180.0,0.001,0.0,180.0,163.0302885883604,0.001,0.0,180.0,171.83799826223736,0.001,0.0,180.0,177.73861730160354,0.001,0.0,162.00144591903197,163.0302885883604,0.001,0.0,171.4108529418429,171.83799826223736,0.001,0.0,177.64958821294715,177.73861730160354,0.6569598765432099,0.001,0.0,149.12536661417755,180.0,0.001,0.0,157.68765819540877,180.0,0.001,0.0,167.09594828744454,180.0,0.001,0.0,180.0,160.3622228461061,0.001,0.0,180.0,168.47859128142957,0.001,0.0,180.0,175.338755191789,0.022,-4.459431618637297,149.12536661417755,160.3622228461061,0.006,-2.584962500721156,157.68765819540877,168.47859128142957,0.001,0.0,167.09594828744454,175.338755191789
8,0.2,0.0,0.001,9.965784284662089,0.656820987654321,0.005,-2.321928094887362,146.13272579518176,180.0,0.001,0.0,159.4956902757463,180.0,0.001,0.0,171.23835486942698,180.0,0.051,-5.672425341971495,180.0,145.46186023422302,0.004,-2.0,180.0,159.55022032396732,0.001,0.0,180.0,171.36397817924902,0.907,-9.824958740528524,146.13272579518176,145.46186023422302,0.336,-8.39231742277876,159.4956902757463,159.55022032396732,0.006,-2.584962500721156,171.23835486942698,171.36397817924902,0.66125,0.001,0.0,159.05897386246588,180.0,0.001,0.0,169.83637061381216,180.0,0.001,0.0,177.15185742802353,180.0,0.001,0.0,180.0,160.1225249897361,0.001,0.0,180.0,170.6880776343424,0.001,0.0,180.0,177.46105748691838,0.001,0.0,159.05897386246588,160.1225249897361,0.001,0.0,169.83637061381216,170.6880776343424,0.001,0.0,177.15185742802353,177.46105748691838,0.6731635802469136,0.001,0.0,151.7106818571098,180.0,0.001,0.0,163.63917140701668,180.0,0.001,0.0,173.04205001340588,180.0,0.001,0.0,180.0,147.914037468338,0.001,0.0,180.0,159.27961778601562,0.001,0.0,180.0,168.99311693965336,0.023,-4.523561956057013,151.7106818571098,147.914037468338,0.007,-2.8073549220576037,163.63917140701668,159.27961778601562,0.001,0.0,173.04205001340588,168.99311693965336
9,0.2,0.0,0.001,9.965784284662089,0.7304320987654321,0.001,0.0,125.3473689492494,180.0,0.001,0.0,144.21595552785251,180.0,0.001,0.0,161.75234358233172,180.0,0.156,-7.285402218862249,180.0,122.7261558877702,0.005,-2.321928094887362,180.0,141.15197109161215,0.001,0.0,180.0,160.50358955801747,0.996,-9.96000193206808,125.3473689492494,122.7261558877702,0.675,-9.398743691938192,144.21595552785251,141.15197109161215,0.005,-2.321928094887362,161.75234358233172,160.50358955801747,0.7228240740740741,0.001,0.0,145.00086158224542,180.0,0.001,0.0,161.94636395927407,180.0,0.001,0.0,174.5827710388051,180.0,0.001,0.0,180.0,146.561880297039,0.001,0.0,180.0,162.80893511690664,0.001,0.0,180.0,174.8617510763022,0.001,0.0,145.00086158224542,146.561880297039,0.001,0.0,161.94636395927407,162.80893511690664,0.001,0.0,174.5827710388051,174.8617510763022,0.7462654320987654,0.001,0.0,134.60314187115978,180.0,0.001,0.0,147.6008424102106,180.0,0.001,0.0,158.8640118549608,180.0,0.001,0.0,180.0,141.79138495320072,0.001,0.0,180.0,155.28933225050633,0.001,0.0,180.0,167.81960951833676,0.084,-6.39231742277876,134.60314187115978,141.79138495320072,0.002,-1.0,147.6008424102106,155.28933225050633,0.001,0.0,158.8640118549608,167.81960951833676
10,0.2,0.0,0.001,9.965784284662089,0.6744753086419754,0.026,-4.700439718141092,136.42213733746294,180.0,0.004,-2.0,150.89804814199053,180.0,0.001,0.0,166.21157074808846,180.0,0.208,-7.700439718141093,180.0,139.62094850878628,0.021,-4.392317422778761,180.0,154.48742742911458,0.001,0.0,180.0,167.88022999142083,0.995,-9.958552715431011,136.42213733746294,139.62094850878628,0.827,-9.691743519171274,150.89804814199053,154.48742742911458,0.111,-6.794415866350105,166.21157074808846,167.88022999142083,0.6466975308641976,0.001,0.0,161.94412154218568,180.0,0.001,0.0,171.25425055626013,180.0,0.001,0.0,177.56490650032254,180.0,0.001,0.0,180.0,161.9017462958979,0.001,0.0,180.0,171.35896848793473,0.001,0.0,180.0,177.62899892442962,0.001,0.0,161.94412154218568,161.9017462958979,0.001,0.0,171.25425055626013,171.35896848793473,0.001,0.0,177.56490650032254,177.62899892442962,0.7004012345679014,0.002,-1.0,138.36147731173853,180.0,0.001,0.0,149.4971537216468,180.0,0.001,0.0,161.06608554689564,180.0,0.001,0.0,180.0,150.5371169305249,0.001,0.0,180.0,163.51180745479203,0.001,0.0,180.0,173.2130043634397,0.245,-7.936637939002571,138.36147731173853,150.5371169305249,0.056,-5.807354922057604,149.4971537216468,163.51180745479203,0.002,-1.0,161.06608554689564,173.2130043634397
11,0.2,0.0,0.001,9.965784284662089,0.6373456790123457,0.144,-7.169925001442312,146.70995908516568,180.0,0.022,-4.459431618637297,160.61450268797162,180.0,0.002,-1.0,171.8754733775881,180.0,0.322,-8.330916878114618,180.0,154.26744607208354,0.09,-6.491853096329675,180.0,164.44526826390947,0.005,-2.321928094887362,180.0,173.53436395962837,0.991,-9.952741247186488,146.70995908516568,154.26744607208354,0.808,-9.658211482751796,160.61450268797162,164.44526826390947,0.145,-7.1799090900149345,171.8754733775881,173.53436395962837,0.543611111111111,0.001,0.0,173.5923844857144,180.0,0.001,0.0,177.0660112318092,180.0,0.001,0.0,179.23937111020612,180.0,0.001,0.0,180.0,174.52161284577346,0.001,0.0,180.0,177.5565580791694,0.001,0.0,180.0,179.38230515037765,0.001,0.0,173.5923844857144,174.52161284577346,0.001,0.0,177.0660112318092,177.5565580791694,0.001,0.0,179.23937111020612,179.38230515037765,0.6090277777777777,0.002,-1.0,153.3743042638821,180.0,0.001,0.0,161.63415946991515,180.0,0.001,0.0,170.37749055182763,180.0,0.007,-2.8073549220576037,180.0,163.6050283715136,0.002,-1.0,180.0,171.28961316855916,0.001,0.0,180.0,177.0684315479765,0.171,-7.417852514885897,153.3743042638821,163.6050283715136,0.05,-5.643856189774724,161.63415946991515,171.28961316855916,0.002,-1.0,170.37749055182763,177.0684315479765
12,0.2,0.0,0.001,9.965784284662089,0.660216049382716,0.007,-2.8073549220576037,142.92071393795197,180.0,0.001,0.0,156.211817764205,180.0,0.001,0.0,169.17754940528053,180.0,0.208,-7.700439718141093,180.0,142.43932233312876,0.033,-5.044394119358453,180.0,157.433606815159,0.001,0.0,180.0,170.48461354125524,0.964,-9.91288933622996,142.92071393795197,142.43932233312876,0.514,-9.005624549193879,156.211817764205,157.433606815159,0.031,-4.954196310386875,169.17754940528053,170.48461354125524,0.6141820987654321,0.001,0.0,172.36093619824885,180.0,0.001,0.0,176.459663096955,180.0,0.001,0.0,179.06249290019235,180.0,0.001,0.0,180.0,171.6846233632942,0.001,0.0,180.0,176.20889975247283,0.001,0.0,180.0,179.01770988356895,0.001,0.0,172.36093619824885,171.6846233632942,0.001,0.0,176.459663096955,176.20889975247283,0.001,0.0,179.06249290019235,179.01770988356895,0.6741049382716049,0.001,0.0,148.64678066198732,180.0,0.001,0.0,158.76413958453725,180.0,0.001,0.0,168.50661728963044,180.0,0.004,-2.0,180.0,150.9224406466203,0.001,0.0,180.0,162.29377148247485,0.001,0.0,180.0,171.79999463301357,0.109,-6.768184324776927,148.64678066198732,150.9224406466203,0.026,-4.700439718141092,158.76413958453725,162.29377148247485,0.001,0.0,168.50661728963044,171.79999463301357
13,0.2,0.0,0.001,9.965784284662089,0.7343209876543211,0.001,0.0,124.4654568071146,180.0,0.001,0.0,141.84045987853224,180.0,0.001,0.0,158.72593023909133,180.0,0.029,-4.857980995127572,180.0,126.2723171541475,0.002,-1.0,180.0,144.83297693173014,0.001,0.0,180.0,161.44522909211804,0.949,-9.890264277021108,124.4654568071146,126.2723171541475,0.426,-8.734709620225837,141.84045987853224,144.83297693173014,0.006,-2.584962500721156,158.72593023909133,161.44522909211804,0.6299845679012346,0.001,0.0,163.64544250805525,180.0,0.001,0.0,172.32131503565512,180.0,0.001,0.0,177.93845370671576,180.0,0.001,0.0,180.0,164.7171009422193,0.001,0.0,180.0,172.70251638527537,0.001,0.0,180.0,177.9992545138025,0.001,0.0,163.64544250805525,164.7171009422193,0.001,0.0,172.32131503565512,172.70251638527537,0.001,0.0,177.93845370671576,177.9992545138025,0.6837191358024691,0.001,0.0,141.56413834001606,180.0,0.001,0.0,152.78325357081667,180.0,0.001,0.0,163.98311934295162,180.0,0.001,0.0,180.0,147.27565737023966,0.001,0.0,180.0,156.8640081949165,0.001,0.0,180.0,166.36162275883436,0.023,-4.523561956057013,141.56413834001606,147.27565737023966,0.003,-1.584962500721156,152.78325357081667,156.8640081949165,0.001,0.0,163.98311934295162,166.36162275883436
14,0.2,0.0,0.001,9.965784284662089,0.6538271604938272,0.05,-5.643856189774724,146.04943606332768,180.0,0.009,-3.169925001442312,159.90593625098396,180.0,0.002,-1.0,171.53283641950222,180.0,0.508,-8.988684686772165,180.0,145.94123504842594,0.164,-7.357552004618084,180.0,159.57041700443472,0.016,-4.0,180.0,171.3917240731711,0.997,-9.961449694398196,146.04943606332768,145.94123504842594,0.873,-9.76983784362944,159.90593625098396,159.57041700443472,0.165,-7.366322214245816,171.53283641950222,171.3917240731711,0.6401543209876542,0.001,0.0,164.73013147734633,180.0,0.001,0.0,172.84681428426094,180.0,0.001,0.0,178.08328524256993,180.0,0.002,-1.0,180.0,163.6477541064182,0.002,-1.0,180.0,172.3635141066432,0.001,0.0,180.0,177.96988814057102,0.006,-2.584962500721156,164.73013147734633,163.6477541064182,0.002,-1.0,172.84681428426094,172.3635141066432,0.001,0.0,178.08328524256993,177.96988814057102,0.6449537037037036,0.001,0.0,159.77535894250028,180.0,0.001,0.0,169.29735800790257,180.0,0.001,0.0,176.08401279301188,180.0,0.027,-4.754887502163468,180.0,157.29076200345304,0.012,-3.584962500721156,180.0,168.02024439784378,0.002,-1.0,180.0,175.60612558084887,0.225,-7.813781191217037,159.77535894250028,157.29076200345304,0.062,-5.954196310386875,169.29735800790257,168.02024439784378,0.008,-3.0,176.08401279301188,175.60612558084887
15,0.2,0.0,0.001,9.965784284662089,0.6572222222222222,0.006,-2.584962500721156,146.32576812705673,180.0,0.001,0.0,159.96622145261512,180.0,0.001,0.0,171.41467560112423,180.0,0.235,-7.876516946564999,180.0,146.4516982961954,0.033,-5.044394119358453,180.0,159.5083688921545,0.003,-1.584962500721156,180.0,171.40264941807723,0.969,-9.92035285541508,146.32576812705673,146.4516982961954,0.518,-9.016808287686557,159.96622145261512,159.5083688921545,0.021,-4.392317422778761,171.41467560112423,171.40264941807723,0.6485493827160493,0.001,0.0,158.84482831736295,180.0,0.001,0.0,169.87134122116487,180.0,0.001,0.0,177.20040776388296,180.0,0.001,0.0,180.0,158.15679267923073,0.001,0.0,180.0,169.52339579580968,0.001,0.0,180.0,177.10821415205666,0.005,-2.321928094887362,158.84482831736295,158.15679267923073,0.001,0.0,169.87134122116487,169.52339579580968,0.001,0.0,177.20040776388296,177.10821415205666,0.6635030864197531,0.001,0.0,149.40868915864988,180.0,0.001,0.0,159.03470778831567,180.0,0.001,0.0,168.85592922189156,180.0,0.005,-2.321928094887362,180.0,152.90920362533782,0.003,-1.584962500721156,180.0,162.04174201193257,0.001,0.0,180.0,170.75857041962135,0.118,-6.882643049361841,149.40868915864988,152.90920362533782,0.032,-5.0,159.03470778831567,162.04174201193257,0.004,-2.0,168.85592922189156,170.75857041962135
16,0.2,0.0,0.001,9.965784284662089,0.6856172839506174,0.002,-1.0,135.92128470944655,180.0,0.001,0.0,152.1446035204351,180.0,0.001,0.0,167.23526713005288,180.0,0.015,-3.9068905956085183,180.0,137.1341647297049,0.002,-1.0,180.0,152.5601680720184,0.001,0.0,180.0,167.03474221491615,0.936,-9.870364719583405,135.92128470944655,137.1341647297049,0.382,-8.57742882803575,152.1446035204351,152.5601680720184,0.005,-2.321928094887362,167.23526713005288,167.03474221491615,0.6592283950617284,0.001,0.0,154.41980189176846,180.0,0.001,0.0,167.28606406211497,180.0,0.001,0.0,176.34639184209283,180.0,0.001,0.0,180.0,159.7451495549068,0.001,0.0,180.0,170.0981904591211,0.001,0.0,180.0,177.17732685936213,0.001,0.0,154.41980189176846,159.7451495549068,0.001,0.0,167.28606406211497,170.0981904591211,0.001,0.0,176.34639184209283,177.17732685936213,0.6804938271604939,0.001,0.0,134.88060746990655,180.0,0.001,0.0,144.34379911251102,180.0,0.001,0.0,154.2356759711859,180.0,0.001,0.0,180.0,157.85900240574193,0.001,0.0,180.0,165.12847708962775,0.001,0.0,180.0,173.1133971116474,0.012,-3.584962500721156,134.88060746990655,157.85900240574193,0.003,-1.584962500721156,144.34379911251102,165.12847708962775,0.001,0.0,154.2356759711859,173.1133971116474
17,0.2,0.0,0.001,9.965784284662089,0.7176543209876544,0.001,0.0,125.10899246233568,180.0,0.001,0.0,144.99217419358865,180.0,0.001,0.0,163.08507859450168,180.0,0.005,-2.321928094887362,180.0,134.87273227745135,0.001,0.0,180.0,151.13410032154462,0.001,0.0,180.0,165.38283766379692,0.93,-9.861086905995396,125.10899246233568,134.87273227745135,0.299,-8.224001674198105,144.99217419358865,151.13410032154462,0.001,0.0,163.08507859450168,165.38283766379692,0.6844444444444445,0.001,0.0,153.55251021791383,180.0,0.001,0.0,167.4409334172287,180.0,0.001,0.0,176.56588330588156,180.0,0.001,0.0,180.0,154.97653448191997,0.001,0.0,180.0,167.67375463599444,0.001,0.0,180.0,176.48911360965172,0.001,0.0,153.55251021791383,154.97653448191997,0.001,0.0,167.4409334172287,167.67375463599444,0.001,0.0,176.56588330588156,176.48911360965172,0.7175462962962963,0.001,0.0,137.48184303730488,180.0,0.001,0.0,150.32901727690142,180.0,0.001,0.0,162.1971826945389,180.0,0.001,0.0,180.0,151.7122136257328,0.001,0.0,180.0,163.54886035223754,0.001,0.0,180.0,173.07908662047225,0.004,-2.0,137.48184303730488,151.7122136257328,0.001,0.0,150.32901727690142,163.54886035223754,0.001,0.0,162.1971826945389,173.07908662047225
18,0.2,0.0,0.001,9.965784284662089,0.7024074074074074,0.001,0.0,134.84232855131717,180.0,0.001,0.0,150.68178313835142,180.0,0.001,0.0,165.55782256979228,180.0,0.114,-6.832890014164741,180.0,129.20501156729958,0.008,-3.0,180.0,146.61814319818427,0.001,0.0,180.0,163.527634407609,0.988,-9.948367231584678,134.84232855131717,129.20501156729958,0.678,-9.405141463136344,150.68178313835142,146.61814319818427,0.014,-3.807354922057604,165.55782256979228,163.527634407609,0.725493827160494,0.001,0.0,147.14814749166328,180.0,0.001,0.0,163.09799897676007,180.0,0.001,0.0,174.96383509469615,180.0,0.001,0.0,180.0,146.99693802485606,0.001,0.0,180.0,163.6658369309955,0.001,0.0,180.0,175.32260472140007,0.001,0.0,147.14814749166328,146.99693802485606,0.001,0.0,163.09799897676007,163.6658369309955,0.001,0.0,174.96383509469615,175.32260472140007,0.7402777777777778,0.001,0.0,151.27787182772718,180.0,0.001,0.0,159.27133171697844,180.0,0.001,0.0,168.7346784824083,180.0,0.01,-3.321928094887362,180.0,131.72257609228316,0.005,-2.321928094887362,180.0,141.10223652944495,0.001,0.0,180.0,151.03069029082968,0.183,-7.515699838284043,151.27787182772718,131.72257609228316,0.071,-6.149747119504681,159.27133171697844,141.10223652944495,0.006,-2.584962500721156,168.7346784824083,151.03069029082968
19,0.2,0.0,0.001,9.965784284662089,0.6776851851851851,0.004,-2.0,140.86554160123686,180.0,0.002,-1.0,155.1263018322429,180.0,0.001,0.0,168.55533419877628,180.0,0.382,-8.57742882803575,180.0,138.25351436008302,0.078,-6.285402218862249,180.0,153.59829323541223,0.005,-2.321928094887362,180.0,167.71812997995255,0.995,-9.958552715431011,140.86554160123686,138.25351436008302,0.819,-9.677719641641009,155.1263018322429,153.59829323541223,0.081,-6.339850002884624,168.55533419877628,167.71812997995255,0.5749228395061728,0.001,0.0,176.08018137104713,180.0,0.001,0.0,178.1591221189497,180.0,0.001,0.0,179.51020191843946,180.0,0.001,0.0,180.0,175.2973236302858,0.001,0.0,180.0,177.88692640060253,0.001,0.0,180.0,179.46298048319755,0.001,0.0,176.08018137104713,175.2973236302858,0.001,0.0,178.1591221189497,177.88692640060253,0.001,0.0,179.51020191843946,179.46298048319755,0.6112500000000001,0.001,0.0,158.20479739316622,180.0,0.001,0.0,167.0807194162554,180.0,0.001,0.0,174.22299649227165,180.0,0.014,-3.807354922057604,180.0,149.65733991271568,0.004,-2.0,180.0,158.79181086659986,0.001,0.0,180.0,168.47510392288004,0.196,-7.614709844115208,158.20479739316622,149.65733991271568,0.049,-5.614709844115208,167.0807194162554,158.79181086659986,0.003,-1.584962500721156,174.22299649227165,168.47510392288004
20,0.2,0.0,0.001,9.965784284662089,0.731358024691358,0.001,0.0,127.37407882423275,180.0,0.001,0.0,145.79711058825035,180.0,0.001,0.0,162.96444550225988,180.0,0.149,-7.219168520462162,180.0,124.30878904798138,0.007,-2.8073549220576037,180.0,143.2459892000742,0.001,0.0,180.0,161.5160003296792,0.984,-9.94251450533924,127.37407882423275,124.30878904798138,0.652,-9.348728154231075,145.79711058825035,143.2459892000742,0.014,-3.807354922057604,162.96444550225988,161.5160003296792,0.638533950617284,0.001,0.0,164.23097394822526,180.0,0.001,0.0,172.59664418082073,180.0,0.001,0.0,178.00071153586012,180.0,0.001,0.0,180.0,162.4269506112959,0.001,0.0,180.0,171.44179118448218,0.001,0.0,180.0,177.60181031755675,0.001,0.0,164.23097394822526,162.4269506112959,0.001,0.0,172.59664418082073,171.44179118448218,0.001,0.0,178.00071153586012,177.60181031755675,0.694537037037037,0.001,0.0,149.786594846094,180.0,0.001,0.0,158.75379224803007,180.0,0.001,0.0,168.13753120534818,180.0,0.001,0.0,180.0,141.21606133142464,0.001,0.0,180.0,150.87989328909046,0.001,0.0,180.0,161.5061893100911,0.127,-6.9886846867721655,149.786594846094,141.21606133142464,0.018,-4.169925001442312,158.75379224803007,150.87989328909046,0.001,0.0,168.13753120534818,161.5061893100911
21,0.2,0.0,0.001,9.965784284662089,0.6764506172839506,0.007,-2.8073549220576037,141.82898148741842,180.0,0.002,-1.0,157.13978728920853,180.0,0.001,0.0,170.03890101232483,180.0,0.17,-7.409390936137702,180.0,138.922208127435,0.017,-4.087462841250339,180.0,154.48410703657726,0.002,-1.0,180.0,168.46705225410705,0.983,-9.94104760634058,141.82898148741842,138.922208127435,0.585,-9.192292814470768,157.13978728920853,154.48410703657726,0.019,-4.247927513443585,170.03890101232483,168.46705225410705,0.6946296296296296,0.001,0.0,153.62521492384948,180.0,0.001,0.0,167.40004229111648,180.0,0.001,0.0,176.51530892082516,180.0,0.001,0.0,180.0,154.05648637406762,0.001,0.0,180.0,167.22051209566644,0.001,0.0,180.0,176.32631688445466,0.002,-1.0,153.62521492384948,154.05648637406762,0.001,0.0,167.40004229111648,167.22051209566644,0.001,0.0,176.51530892082516,176.32631688445466,0.6688117283950616,0.001,0.0,156.16604033901277,180.0,0.001,0.0,165.4404016404756,180.0,0.001,0.0,173.86848793094947,180.0,0.005,-2.321928094887362,180.0,146.06834081019056,0.002,-1.0,180.0,157.801177040562,0.001,0.0,180.0,168.60524785975502,0.091,-6.507794640198696,156.16604033901277,146.06834081019056,0.02,-4.321928094887363,165.4404016404756,157.801177040562,0.002,-1.0,173.86848793094947,168.60524785975502
22,0.2,0.0,0.001,9.965784284662089,0.6697530864197532,0.12,-6.906890595608518,138.73979866644672,180.0,0.032,-5.0,153.3121286207537,180.0,0.005,-2.321928094887362,167.81850046545824,180.0,0.678,-9.405141463136344,180.0,141.2097930206824,0.26,-8.022367813028454,180.0,155.80610931746438,0.015,-3.9068905956085183,180.0,169.23048804317725,1.0,-9.965784284662089,138.73979866644672,141.2097930206824,0.984,-9.94251450533924,153.3121286207537,155.80610931746438,0.375,-8.550746785383243,167.81850046545824,169.23048804317725,0.711929012345679,0.001,0.0,152.39052107786762,180.0,0.001,0.0,166.70974287226068,180.0,0.001,0.0,176.35655377954825,180.0,0.002,-1.0,180.0,154.6263858398631,0.002,-1.0,180.0,166.88158261346402,0.001,0.0,180.0,176.05776672847298,0.038,-5.247927513443585,152.39052107786762,154.6263858398631,0.007,-2.8073549220576037,166.70974287226068,166.88158261346402,0.001,0.0,176.35655377954825,176.05776672847298,0.7145216049382715,0.005,-2.321928094887362,147.03625701725966,180.0,0.002,-1.0,158.59592213135798,180.0,0.001,0.0,169.78301305294596,180.0,0.221,-7.787902559391432,180.0,135.07732573408202,0.151,-7.2384047393250786,180.0,147.46600253557463,0.065,-6.022367813028454,180.0,158.82359989543565,0.839,-9.712527000439824,147.03625701725966,135.07732573408202,0.721,-9.493855449240822,158.59592213135798,147.46600253557463,0.31,-8.276124405274238,169.78301305294596,158.82359989543565
23,0.2,0.0,0.001,9.965784284662089,0.7012345679012346,0.017,-4.087462841250339,133.72236196541843,180.0,0.002,-1.0,149.60418199271894,180.0,0.001,0.0,165.50534042815443,180.0,0.334,-8.383704292474052,180.0,134.06824099958482,0.047,-5.554588851677638,180.0,150.87384037359936,0.001,0.0,180.0,166.35747606376995,0.998,-9.96289600533726,133.72236196541843,134.06824099958482,0.874,-9.7714894695006,149.60418199271894,150.87384037359936,0.09,-6.491853096329675,165.50534042815443,166.35747606376995,0.6941512345679013,0.001,0.0,150.68673918641178,180.0,0.001,0.0,165.53683468240325,180.0,0.001,0.0,175.8679740719925,180.0,0.001,0.0,180.0,148.23186301164915,0.001,0.0,180.0,164.10929629318574,0.001,0.0,180.0,175.47714970726892,0.004,-2.0,150.68673918641178,148.23186301164915,0.001,0.0,165.53683468240325,164.10929629318574,0.001,0.0,175.8679740719925,175.47714970726892,0.7182098765432099,0.001,0.0,144.1352071597362,180.0,0.001,0.0,153.6465847916941,180.0,0.001,0.0,163.95513381350304,180.0,0.019,-4.247927513443585,180.0,142.87908786077725,0.005,-2.321928094887362,180.0,152.2312646929242,0.001,0.0,180.0,162.26040503864766,0.409,-8.67595703294175,144.1352071597362,142.87908786077725,0.163,-7.348728154231077,153.6465847916941,152.2312646929242,0.023,-4.523561956057013,163.95513381350304,162.26040503864766
24,0.2,0.0,0.001,9.965784284662089,0.6786111111111112,0.004,-2.0,138.91997758240385,180.0,0.001,0.0,153.89493487768516,180.0,0.001,0.0,168.46212615746322,180.0,0.054,-5.754887502163468,180.0,140.52528270809003,0.002,-1.0,180.0,155.99370178310437,0.001,0.0,180.0,169.41950185534432,0.96,-9.906890595608518,138.91997758240385,140.52528270809003,0.483,-8.915879378835774,153.89493487768516,155.99370178310437,0.009,-3.169925001442312,168.46212615746322,169.41950185534432,0.643425925925926,0.001,0.0,162.10006696429653,180.0,0.001,0.0,171.2728529287279,180.0,0.001,0.0,177.52085121377908,180.0,0.001,0.0,180.0,158.9796348267201,0.001,0.0,180.0,170.00601777576728,0.001,0.0,180.0,177.29745241132977,0.001,0.0,162.10006696429653,158.9796348267201,0.001,0.0,171.2728529287279,170.00601777576728,0.001,0.0,177.52085121377908,177.29745241132977,0.6728086419753085,0.001,0.0,149.03252113956074,180.0,0.001,0.0,156.4904664968909,180.0,0.001,0.0,166.02871620265108,180.0,0.001,0.0,180.0,147.2775410948896,0.001,0.0,180.0,155.92039040439784,0.001,0.0,180.0,165.61454921000174,0.055,-5.78135971352466,149.03252113956074,147.2775410948896,0.021,-4.392317422778761,156.4904664968909,155.92039040439784,0.001,0.0,166.02871620265108,165.61454921000174
25,0.2,0.0,0.001,9.965784284662089,0.6933333333333334,0.005,-2.321928094887362,133.66865510452868,180.0,0.001,0.0,151.6770298355263,180.0,0.001,0.0,167.45567133057867,180.0,0.014,-3.807354922057604,180.0,139.92652721264167,0.004,-2.0,180.0,154.58880469539992,0.001,0.0,180.0,168.5608385421971,0.941,-9.878050912728536,133.66865510452868,139.92652721264167,0.326,-8.348728154231077,151.6770298355263,154.58880469539992,0.004,-2.0,167.45567133057867,168.5608385421971,0.6384413580246915,0.001,0.0,163.81816452656918,180.0,0.001,0.0,172.3088570297705,180.0,0.001,0.0,177.92084448794293,180.0,0.001,0.0,180.0,166.4909418002541,0.001,0.0,180.0,173.58545412116,0.001,0.0,180.0,178.2597394231551,0.001,0.0,163.81816452656918,166.4909418002541,0.001,0.0,172.3088570297705,173.58545412116,0.001,0.0,177.92084448794293,178.2597394231551,0.695570987654321,0.001,0.0,139.03605017766495,180.0,0.001,0.0,148.4797363405802,180.0,0.001,0.0,159.10235639419002,180.0,0.001,0.0,180.0,159.41716200825832,0.001,0.0,180.0,167.67800315592237,0.001,0.0,180.0,174.76550531896254,0.01,-3.321928094887362,139.03605017766495,159.41716200825832,0.003,-1.584962500721156,148.4797363405802,167.67800315592237,0.001,0.0,159.10235639419002,174.76550531896254
26,0.2,0.0,0.001,9.965784284662089,0.6312345679012346,0.003,-1.584962500721156,154.96117289291416,180.0,0.001,0.0,165.5262679106927,180.0,0.001,0.0,174.48574917845178,180.0,0.155,-7.276124405274237,180.0,149.1220864445212,0.026,-4.700439718141092,180.0,162.4656541479372,0.002,-1.0,180.0,173.12934974200917,0.873,-9.76983784362944,154.96117289291416,149.1220864445212,0.34,-8.4093909361377,165.5262679106927,162.4656541479372,0.011,-3.4594316186372973,174.48574917845178,173.12934974200917,0.5151851851851852,0.001,0.0,178.89107923865416,180.0,0.001,0.0,179.5053024115538,180.0,0.001,0.0,179.87517647159643,180.0,0.001,0.0,180.0,178.75417376713747,0.001,0.0,180.0,179.45001302635893,0.001,0.0,180.0,179.8626987114252,0.001,0.0,178.89107923865416,178.75417376713747,0.001,0.0,179.5053024115538,179.45001302635893,0.001,0.0,179.87517647159643,179.8626987114252,0.5566203703703703,0.001,0.0,171.12530185807998,180.0,0.001,0.0,175.79796777533286,180.0,0.001,0.0,178.77952949260992,180.0,0.003,-1.584962500721156,180.0,161.87705086585729,0.002,-1.0,180.0,167.9521167651293,0.001,0.0,180.0,174.6065857861091,0.012,-3.584962500721156,171.12530185807998,161.87705086585729,0.003,-1.584962500721156,175.79796777533286,167.9521167651293,0.001,0.0,178.77952949260992,174.6065857861091
27,0.2,0.0,0.001,9.965784284662089,0.6396604938271606,0.013,-3.700439718141092,152.17259400201206,180.0,0.003,-1.584962500721156,163.78244554149603,180.0,0.001,0.0,173.52808332845237,180.0,0.179,-7.483815777264256,180.0,150.64505316232072,0.031,-4.954196310386875,180.0,163.86953464298404,0.003,-1.584962500721156,180.0,174.03717209581396,0.911,-9.831307243802051,152.17259400201206,150.64505316232072,0.422,-8.721099188707186,163.78244554149603,163.86953464298404,0.019,-4.247927513443585,173.52808332845237,174.03717209581396,0.6364351851851852,0.001,0.0,165.47823912923536,180.0,0.001,0.0,173.30787735225837,180.0,0.001,0.0,178.2375972617294,180.0,0.001,0.0,180.0,164.45598974027294,0.001,0.0,180.0,172.74505821681103,0.001,0.0,180.0,178.06590504116485,0.004,-2.0,165.47823912923536,164.45598974027294,0.001,0.0,173.30787735225837,172.74505821681103,0.001,0.0,178.2375972617294,178.06590504116485,0.6572067901234568,0.001,0.0,162.08303531131904,180.0,0.001,0.0,171.34363278517702,180.0,0.001,0.0,177.26784925600515,180.0,0.007,-2.8073549220576037,180.0,157.43178412680456,0.003,-1.584962500721156,180.0,167.79979806666705,0.001,0.0,180.0,175.57144930812254,0.068,-6.087462841250339,162.08303531131904,157.43178412680456,0.011,-3.4594316186372973,171.34363278517702,167.79979806666705,0.002,-1.0,177.26784925600515,175.57144930812254
28,0.2,0.0,0.001,9.965784284662089,0.675493827160494,0.002,-1.0,144.56163780865438,180.0,0.001,0.0,157.94451298559844,180.0,0.001,0.0,170.2067590859879,180.0,0.437,-8.771489469500597,180.0,135.93713218792388,0.07,-6.129283016944966,180.0,154.1234881971647,0.002,-1.0,180.0,168.70235097545267,0.992,-9.954196310386877,144.56163780865438,135.93713218792388,0.729,-9.509775004326936,157.94451298559844,154.1234881971647,0.037,-5.209453365628949,170.2067590859879,168.70235097545267,0.647824074074074,0.001,0.0,159.37647902208542,180.0,0.001,0.0,170.2710862755255,180.0,0.001,0.0,177.35711977479588,180.0,0.001,0.0,180.0,155.03578831650097,0.001,0.0,180.0,168.02365822930244,0.001,0.0,180.0,176.7230243728208,0.003,-1.584962500721156,159.37647902208542,155.03578831650097,0.001,0.0,170.2710862755255,168.02365822930244,0.001,0.0,177.35711977479588,176.7230243728208,0.7037500000000001,0.001,0.0,152.8459658000278,180.0,0.001,0.0,166.15725357706796,180.0,0.001,0.0,175.43547574451622,180.0,0.031,-4.954196310386875,180.0,136.2356632667809,0.008,-3.0,180.0,149.74613958249785,0.003,-1.584962500721156,180.0,162.57751982201006,0.423,-8.72451385311995,152.8459658000278,136.2356632667809,0.12,-6.906890595608518,166.15725357706796,149.74613958249785,0.007,-2.8073549220576037,175.43547574451622,162.57751982201006
29,0.2,0.0,0.001,9.965784284662089,0.6665432098765431,0.004,-2.0,144.05524155718305,180.0,0.001,0.0,158.23420841863737,180.0,0.001,0.0,170.38256993374128,180.0,0.442,-8.787902559391432,180.0,140.53948980155488,0.09,-6.491853096329675,180.0,155.5501173482075,0.002,-1.0,180.0,169.22014531942662,0.995,-9.958552715431011,144.05524155718305,140.53948980155488,0.765,-9.579315937580017,158.23420841863737,155.5501173482075,0.046,-5.523561956057013,170.38256993374128,169.22014531942662,0.6266512345679012,0.001,0.0,166.58024556111843,180.0,0.001,0.0,173.80739640610415,180.0,0.001,0.0,178.37334894465678,180.0,0.001,0.0,180.0,167.61757704207056,0.001,0.0,180.0,174.07266595200886,0.001,0.0,180.0,178.37348117343626,0.001,0.0,166.58024556111843,167.61757704207056,0.001,0.0,173.80739640610415,174.07266595200886,0.001,0.0,178.37334894465678,178.37348117343626,0.6172067901234568,0.001,0.0,154.6931953110054,180.0,0.001,0.0,165.5783788155937,180.0,0.001,0.0,173.74669962429095,180.0,0.022,-4.459431618637297,180.0,151.5342718353359,0.006,-2.584962500721156,180.0,159.85542094652666,0.001,0.0,180.0,169.79817053925697,0.193,-7.59245703726808,154.6931953110054,151.5342718353359,0.046,-5.523561956057013,165.5783788155937,159.85542094652666,0.002,-1.0,173.74669962429095,169.79817053925697
30,0.2,0.0,0.001,9.965784284662089,0.6639814814814814,0.001,0.0,143.38958002604872,180.0,0.001,0.0,157.3961619440922,180.0,0.001,0.0,169.88921815199328,180.0,0.156,-7.285402218862249,180.0,142.2606602323096,0.004,-2.0,180.0,156.2840691382129,0.001,0.0,180.0,169.3289460303874,0.934,-9.86727873970966,143.38958002604872,142.2606602323096,0.409,-8.67595703294175,157.3961619440922,156.2840691382129,0.003,-1.584962500721156,169.88921815199328,169.3289460303874,0.6170679012345679,0.001,0.0,164.030781451387,180.0,0.001,0.0,172.3581494943167,180.0,0.001,0.0,177.900645783331,180.0,0.001,0.0,180.0,164.20245810588713,0.001,0.0,180.0,172.59728909788717,0.001,0.0,180.0,178.00764384557803,0.001,0.0,164.030781451387,164.20245810588713,0.001,0.0,172.3581494943167,172.59728909788717,0.001,0.0,177.900645783331,178.00764384557803,0.657962962962963,0.001,0.0,146.9959887755226,180.0,0.001,0.0,155.32173194377518,180.0,0.001,0.0,165.03174653464416,180.0,0.001,0.0,180.0,150.8612476660826,0.001,0.0,180.0,158.84648281440283,0.001,0.0,180.0,168.15138707179756,0.054,-5.754887502163468,146.9959887755226,150.8612476660826,0.01,-3.321928094887362,155.32173194377518,158.84648281440283,0.001,0.0,165.03174653464416,168.15138707179756
31,0.2,0.0,0.001,9.965784284662089,0.6695679012345679,0.002,-1.0,143.17183557856006,180.0,0.001,0.0,157.29673229389294,180.0,0.001,0.0,170.05899717274914,180.0,0.096,-6.584962500721156,180.0,143.2500326037212,0.007,-2.8073549220576037,180.0,159.0323413322333,0.001,0.0,180.0,171.75960016943642,0.954,-9.897845456005513,143.17183557856006,143.2500326037212,0.45,-8.813781191217037,157.29673229389294,159.0323413322333,0.008,-3.0,170.05899717274914,171.75960016943642,0.6313734567901235,0.001,0.0,167.4077509052205,180.0,0.001,0.0,174.0680186060522,180.0,0.001,0.0,178.39533104726038,180.0,0.001,0.0,180.0,167.58674868448006,0.001,0.0,180.0,174.24093101694564,0.001,0.0,180.0,178.46418382212337,0.001,0.0,167.4077509052205,167.58674868448006,0.001,0.0,174.0680186060522,174.24093101694564,0.001,0.0,178.39533104726038,178.46418382212337,0.6648302469135803,0.001,0.0,148.78628724939009,180.0,0.001,0.0,159.0251694358513,180.0,0.001,0.0,168.21253870727116,180.0,0.001,0.0,180.0,156.4557129058763,0.001,0.0,180.0,166.96198311218555,0.001,0.0,180.0,174.90647953052948,0.038,-5.247927513443585,148.78628724939009,156.4557129058763,0.005,-2.321928094887362,159.0251694358513,166.96198311218555,0.001,0.0,168.21253870727116,174.90647953052948
32,0.2,0.0,0.001,9.965784284662089,0.6383333333333333,0.011,-3.4594316186372973,150.81601557829484,180.0,0.003,-1.584962500721156,162.67377724282005,180.0,0.002,-1.0,173.18432159097333,180.0,0.403,-8.654636028527968,180.0,148.99120713310708,0.1,-6.643856189774725,180.0,161.90148195572397,0.005,-2.321928094887362,180.0,172.6373634422545,0.981,-9.93810932621924,150.81601557829484,148.99120713310708,0.687,-9.4241662888181,162.67377724282005,161.90148195572397,0.069,-6.108524456778169,173.18432159097333,172.6373634422545,0.6266358024691359,0.001,0.0,162.22100264457674,180.0,0.001,0.0,171.5209773336641,180.0,0.001,0.0,177.66871869262516,180.0,0.002,-1.0,180.0,162.05162289078527,0.001,0.0,180.0,171.48787499536505,0.001,0.0,180.0,177.67406980891238,0.004,-2.0,162.22100264457674,162.05162289078527,0.002,-1.0,171.5209773336641,171.48787499536505,0.001,0.0,177.66871869262516,177.67406980891238,0.6289043209876543,0.003,-1.584962500721156,155.55921562484278,180.0,0.002,-1.0,164.29492188392342,180.0,0.001,0.0,172.1947048299965,180.0,0.011,-3.4594316186372973,180.0,157.46498125520714,0.008,-3.0,180.0,164.61719893703545,0.002,-1.0,180.0,172.32903126190203,0.174,-7.442943495848728,155.55921562484278,157.46498125520714,0.069,-6.108524456778169,164.29492188392342,164.61719893703545,0.009,-3.169925001442312,172.1947048299965,172.32903126190203
33,0.2,0.0,0.001,9.965784284662089,0.6521296296296295,0.064,-6.0,148.67501893712242,180.0,0.012,-3.584962500721156,161.6667999548492,180.0,0.001,0.0,172.39136727322966,180.0,0.536,-9.066089190457772,180.0,147.68059527310552,0.141,-7.139551352398794,180.0,160.9534923930667,0.007,-2.8073549220576037,180.0,172.33626212515557,0.995,-9.958552715431011,148.67501893712242,147.68059527310552,0.809,-9.659995892429976,161.6667999548492,160.9534923930667,0.118,-6.882643049361841,172.39136727322966,172.33626212515557,0.59875,0.001,0.0,170.51029013326084,180.0,0.001,0.0,175.57591556779528,180.0,0.001,0.0,178.8232048294035,180.0,0.001,0.0,180.0,169.48063190490754,0.001,0.0,180.0,175.1592317489923,0.001,0.0,180.0,178.73309384108728,0.003,-1.584962500721156,170.51029013326084,169.48063190490754,0.001,0.0,175.57591556779528,175.1592317489923,0.001,0.0,178.8232048294035,178.73309384108728,0.6445370370370371,0.002,-1.0,155.4152002534741,180.0,0.002,-1.0,163.03788778253377,180.0,0.001,0.0,170.98067991748792,180.0,0.09,-6.491853096329675,180.0,152.11434683962293,0.044,-5.459431618637297,180.0,160.1989536702879,0.008,-3.0,180.0,169.13969679002128,0.551,-9.105908508571158,155.4152002534741,152.11434683962293,0.305,-8.252665432450248,163.03788778253377,160.1989536702879,0.054,-5.754887502163468,170.98067991748792,169.13969679002128
34,0.2,0.0,0.001,9.965784284662089,0.6736111111111112,0.001,0.0,142.1158275720117,180.0,0.001,0.0,157.09190844635182,180.0,0.001,0.0,170.25842192738278,180.0,0.284,-8.149747119504681,180.0,138.80301624692498,0.032,-5.0,180.0,154.6992521847003,0.001,0.0,180.0,168.73455038869955,0.984,-9.94251450533924,142.1158275720117,138.80301624692498,0.65,-9.344295907915816,157.09190844635182,154.6992521847003,0.02,-4.321928094887363,170.25842192738278,168.73455038869955,0.6529012345679013,0.001,0.0,167.44343378528893,180.0,0.001,0.0,174.09379658390296,180.0,0.001,0.0,178.4167096694125,180.0,0.001,0.0,180.0,166.01084292312987,0.001,0.0,180.0,173.459233193865,0.001,0.0,180.0,178.26136647913856,0.001,0.0,167.44343378528893,166.01084292312987,0.001,0.0,174.09379658390296,173.459233193865,0.001,0.0,178.4167096694125,178.26136647913856,0.6341358024691357,0.001,0.0,158.93459109239328,180.0,0.001,0.0,166.8896990460025,180.0,0.001,0.0,174.37808665040868,180.0,0.001,0.0,180.0,149.06384628604764,0.001,0.0,180.0,158.56642090142634,0.001,0.0,180.0,168.03778906573132,0.111,-6.794415866350105,158.93459109239328,149.06384628604764,0.011,-3.4594316186372973,166.8896990460025,158.56642090142634,0.001,0.0,174.37808665040868,168.03778906573132
35,0.2,0.0,0.001,9.965784284662089,0.6367283950617284,0.037,-5.209453365628949,151.80640879873647,180.0,0.009,-3.169925001442312,163.89179764868624,180.0,0.002,-1.0,173.94504765962452,180.0,0.468,-8.870364719583405,180.0,151.03407239995337,0.117,-6.870364719583405,180.0,163.46034473747713,0.009,-3.169925001442312,180.0,173.74248277321493,0.995,-9.958552715431011,151.80640879873647,151.03407239995337,0.781,-9.60917873814198,163.89179764868624,163.46034473747713,0.083,-6.375039431346925,173.94504765962452,173.74248277321493,0.5757253086419754,0.001,0.0,173.36987657707726,180.0,0.001,0.0,176.93412573342226,180.0,0.001,0.0,179.19735725697433,180.0,0.001,0.0,180.0,173.69052816925196,0.001,0.0,180.0,177.17389610139156,0.001,0.0,180.0,179.2816167544754,0.001,0.0,173.36987657707726,173.69052816925196,0.001,0.0,176.93412573342226,177.17389610139156,0.001,0.0,179.19735725697433,179.2816167544754,0.5816512345679012,0.003,-1.584962500721156,161.94741134527183,180.0,0.001,0.0,168.19056093112593,180.0,0.001,0.0,174.6134381368823,180.0,0.031,-4.954196310386875,180.0,160.20603087563848,0.013,-3.700439718141092,180.0,167.08339209431014,0.001,0.0,180.0,174.12338588633224,0.224,-7.807354922057604,161.94741134527183,160.20603087563848,0.082,-6.357552004618084,168.19056093112593,167.08339209431014,0.01,-3.321928094887362,174.6134381368823,174.12338588633224
36,0.2,0.0,0.001,9.965784284662089,0.696141975308642,0.001,0.0,139.2303854956092,180.0,0.001,0.0,154.09711861369277,180.0,0.001,0.0,168.23324199843557,180.0,0.062,-5.954196310386875,180.0,134.12627413426262,0.001,0.0,180.0,153.4687045330474,0.001,0.0,180.0,168.91120986480507,0.929,-9.859534786382651,139.2303854956092,134.12627413426262,0.331,-8.370687406807217,154.09711861369277,153.4687045330474,0.002,-1.0,168.23324199843557,168.91120986480507,0.6595679012345679,0.001,0.0,156.00729853221486,180.0,0.001,0.0,168.56537737507028,180.0,0.001,0.0,176.8539764168315,180.0,0.001,0.0,180.0,156.36102547219005,0.001,0.0,180.0,168.17702322034583,0.001,0.0,180.0,176.5578582515349,0.001,0.0,156.00729853221486,156.36102547219005,0.001,0.0,168.56537737507028,168.17702322034583,0.001,0.0,176.8539764168315,176.5578582515349,0.695817901234568,0.001,0.0,145.59745050426665,180.0,0.001,0.0,161.12155903114518,180.0,0.001,0.0,172.42334735745095,180.0,0.001,0.0,180.0,145.08449585081735,0.001,0.0,180.0,159.71838327045035,0.001,0.0,180.0,170.76715475111823,0.086,-6.426264754702098,145.59745050426665,145.08449585081735,0.002,-1.0,161.12155903114518,159.71838327045035,0.001,0.0,172.42334735745095,170.76715475111823
37,0.2,0.0,0.001,9.965784284662089,0.6967901234567901,0.003,-1.584962500721156,134.2135626550929,180.0,0.001,0.0,151.77651755339716,180.0,0.001,0.0,167.08468115444603,180.0,0.04,-5.321928094887363,180.0,135.06431362477133,0.001,0.0,180.0,153.1184246282822,0.001,0.0,180.0,168.58280893966608,0.952,-9.894817763307945,134.2135626550929,135.06431362477133,0.364,-8.507794640198696,151.77651755339716,153.1184246282822,0.003,-1.584962500721156,167.08468115444603,168.58280893966608,0.6623765432098765,0.001,0.0,162.4586904684491,180.0,0.001,0.0,171.74667444349672,180.0,0.001,0.0,177.74599321706418,180.0,0.001,0.0,180.0,160.94945029675304,0.001,0.0,180.0,170.71612417858017,0.001,0.0,180.0,177.38530875863722,0.001,0.0,162.4586904684491,160.94945029675304,0.001,0.0,171.74667444349672,170.71612417858017,0.001,0.0,177.74599321706418,177.38530875863722,0.6783024691358024,0.001,0.0,146.4514055568332,180.0,0.001,0.0,156.93977689736494,180.0,0.001,0.0,166.92191093919882,180.0,0.001,0.0,180.0,154.15661421256337,0.001,0.0,180.0,166.56340685983724,0.001,0.0,180.0,175.15277722107692,0.017,-4.087462841250339,146.4514055568332,154.15661421256337,0.001,0.0,156.93977689736494,166.56340685983724,0.001,0.0,166.92191093919882,175.15277722107692
38,0.2,0.0,0.001,9.965784284662089,0.6639814814814815,0.006,-2.584962500721156,146.6130724532613,180.0,0.002,-1.0,160.2167715722762,180.0,0.001,0.0,171.61255590342063,180.0,0.267,-8.060695931687555,180.0,143.99063174660716,0.038,-5.247927513443585,180.0,159.05448457244302,0.001,0.0,180.0,171.26301935629058,0.97,-9.92184093707449,146.6130724532613,143.99063174660716,0.522,-9.027905996569883,160.2167715722762,159.05448457244302,0.024,-4.584962500721156,171.61255590342063,171.26301935629058,0.6119907407407408,0.001,0.0,168.23839903125472,180.0,0.001,0.0,174.50197245104602,180.0,0.001,0.0,178.52828562848072,180.0,0.001,0.0,180.0,168.50700697291063,0.001,0.0,180.0,174.8701357271062,0.001,0.0,180.0,178.68845308819522,0.001,0.0,168.23839903125472,168.50700697291063,0.001,0.0,174.50197245104602,174.8701357271062,0.001,0.0,178.52828562848072,178.68845308819522,0.6809413580246914,0.001,0.0,147.71754521703667,180.0,0.001,0.0,159.80581219751974,180.0,0.001,0.0,169.74274898435502,180.0,0.003,-1.584962500721156,180.0,156.37268112348292,0.001,0.0,180.0,166.45456552481178,0.001,0.0,180.0,174.6135981373392,0.152,-7.247927513443585,147.71754521703667,156.37268112348292,0.018,-4.169925001442312,159.80581219751974,166.45456552481178,0.001,0.0,169.74274898435502,174.6135981373392
39,0.2,0.0,0.001,9.965784284662089,0.639104938271605,0.024,-4.584962500721156,151.47986780181972,180.0,0.006,-2.584962500721156,162.44676654091518,180.0,0.002,-1.0,172.62941757216018,180.0,0.592,-9.20945336562895,180.0,146.1679241466383,0.208,-7.700439718141093,180.0,160.70473132644818,0.011,-3.4594316186372973,180.0,172.46711198757853,0.989,-9.94982671075911,151.47986780181972,146.1679241466383,0.802,-9.64745842645492,162.44676654091518,160.70473132644818,0.119,-6.894817763307943,172.62941757216018,172.46711198757853,0.5979475308641975,0.001,0.0,169.00565408459337,180.0,0.001,0.0,175.05881080729995,180.0,0.001,0.0,178.73244141289794,180.0,0.002,-1.0,180.0,167.96217677402157,0.001,0.0,180.0,174.3567897556789,0.001,0.0,180.0,178.484264020627,0.002,-1.0,169.00565408459337,167.96217677402157,0.002,-1.0,175.05881080729995,174.3567897556789,0.001,0.0,178.73244141289794,178.484264020627,0.6667746913580247,0.002,-1.0,157.18602294513272,180.0,0.001,0.0,168.77124049725134,180.0,0.001,0.0,176.291275328919,180.0,0.109,-6.768184324776927,180.0,148.77055058434289,0.047,-5.554588851677638,180.0,159.64303522706965,0.005,-2.321928094887362,180.0,169.68120743907917,0.382,-8.57742882803575,157.18602294513272,148.77055058434289,0.154,-7.266786540694902,168.77124049725134,159.64303522706965,0.015,-3.9068905956085183,176.291275328919,169.68120743907917
40,0.2,0.0,0.001,9.965784284662089,0.6522530864197531,0.138,-7.108524456778169,143.41186440274376,180.0,0.041,-5.357552004618084,157.9008848876068,180.0,0.007,-2.8073549220576037,170.6144260764683,180.0,0.705,-9.461479447286155,180.0,146.92733169701415,0.313,-8.290018846932618,180.0,159.27560881502043,0.046,-5.523561956057013,180.0,170.96049806749858,0.999,-9.964340867792416,143.41186440274376,146.92733169701415,0.968,-9.918863237274596,157.9008848876068,159.27560881502043,0.358,-8.483815777264256,170.6144260764683,170.96049806749858,0.6030864197530865,0.001,0.0,163.62969022611784,180.0,0.001,0.0,172.1668841232643,180.0,0.001,0.0,177.85478617159686,180.0,0.004,-2.0,180.0,165.8495148588295,0.001,0.0,180.0,173.34532326332274,0.001,0.0,180.0,178.19622399230855,0.021,-4.392317422778761,163.62969022611784,165.8495148588295,0.003,-1.584962500721156,172.1668841232643,173.34532326332274,0.001,0.0,177.85478617159686,178.19622399230855,0.6658796296296295,0.012,-3.584962500721156,140.70713347982283,180.0,0.008,-3.0,151.29714968345849,180.0,0.004,-2.0,162.34735925467334,180.0,0.104,-6.700439718141093,180.0,152.24022867868032,0.05,-5.643856189774724,180.0,163.19174785538152,0.007,-2.8073549220576037,180.0,172.56425527859966,0.622,-9.280770770130603,140.70713347982283,152.24022867868032,0.382,-8.57742882803575,151.29714968345849,163.19174785538152,0.1,-6.643856189774725,162.34735925467334,172.56425527859966
41,0.2,0.0,0.001,9.965784284662089,0.6120987654320987,0.099,-6.6293566200796095,154.9865007296216,180.0,0.027,-4.754887502163468,165.62675765916234,180.0,0.005,-2.321928094887362,174.6659710890306,180.0,0.55,-9.103287808412022,180.0,156.2329892751802,0.194,-7.599912842187128,180.0,166.28357194701005,0.021,-4.392317422778761,180.0,174.9449219405571,0.994,-9.957102041562289,154.9865007296216,156.2329892751802,0.836,-9.707359132080883,165.62675765916234,166.28357194701005,0.179,-7.483815777264256,174.6659710890306,174.9449219405571,0.6690432098765432,0.002,-1.0,155.12976081044394,180.0,0.002,-1.0,168.32761832653648,180.0,0.001,0.0,176.83597377387323,180.0,0.023,-4.523561956057013,180.0,155.8917211645105,0.01,-3.321928094887362,180.0,168.13531577252883,0.002,-1.0,180.0,176.63943566980603,0.033,-5.044394119358453,155.12976081044394,155.8917211645105,0.011,-3.4594316186372973,168.32761832653648,168.13531577252883,0.003,-1.584962500721156,176.83597377387323,176.63943566980603,0.7158179012345679,0.007,-2.8073549220576037,138.27855645617635,180.0,0.005,-2.321928094887362,153.04044253069483,180.0,0.004,-2.0,164.9162716561933,180.0,0.309,-8.271463027904375,180.0,142.7744833068069,0.23,-7.845490050944376,180.0,153.67770165770122,0.109,-6.768184324776927,180.0,164.28006993965892,0.699,-9.449148645375436,138.27855645617635,142.7744833068069,0.582,-9.184875342908285,153.04044253069483,153.67770165770122,0.348,-8.442943495848729,164.9162716561933,164.28006993965892
42,0.2,0.0,0.001,9.965784284662089,0.6924691358024692,0.012,-3.584962500721156,133.1743749344091,180.0,0.001,0.0,151.92291221858264,180.0,0.001,0.0,168.1653978913568,180.0,0.266,-8.055282435501189,180.0,137.68618354171363,0.031,-4.954196310386875,180.0,152.98044220926027,0.001,0.0,180.0,167.8138870106811,0.998,-9.96289600533726,133.1743749344091,137.68618354171363,0.795,-9.634811050171718,151.92291221858264,152.98044220926027,0.041,-5.357552004618084,168.1653978913568,167.8138870106811,0.6639197530864198,0.001,0.0,157.90087450878096,180.0,0.001,0.0,169.1377565763291,180.0,0.001,0.0,176.93782770340454,180.0,0.001,0.0,180.0,159.52965138535794,0.001,0.0,180.0,170.13955604291004,0.001,0.0,180.0,177.2643609462955,0.002,-1.0,157.90087450878096,159.52965138535794,0.001,0.0,169.1377565763291,170.13955604291004,0.001,0.0,176.93782770340454,177.2643609462955,0.688858024691358,0.001,0.0,136.12046985769825,180.0,0.001,0.0,148.15455475640957,180.0,0.001,0.0,159.33627475862446,180.0,0.003,-1.584962500721156,180.0,151.02059814365896,0.001,0.0,180.0,161.7777070332552,0.001,0.0,180.0,171.9591684889157,0.217,-7.761551232444479,136.12046985769825,151.02059814365896,0.038,-5.247927513443585,148.15455475640957,161.7777070332552,0.002,-1.0,159.33627475862446,171.9591684889157
43,0.2,0.0,0.001,9.965784284662089,0.712283950617284,0.002,-1.0,132.13407322442805,180.0,0.001,0.0,149.80638353185867,180.0,0.001,0.0,165.53802411944247,180.0,0.046,-5.523561956057013,180.0,128.46808858495746,0.001,0.0,180.0,147.111165570936,0.001,0.0,180.0,164.48132526603106,0.933,-9.86573327085176,132.13407322442805,128.46808858495746,0.332,-8.375039431346925,149.80638353185867,147.111165570936,0.002,-1.0,165.53802411944247,164.48132526603106,0.7021913580246915,0.001,0.0,144.5578133961159,180.0,0.001,0.0,161.83972517440876,180.0,0.001,0.0,174.50999597934754,180.0,0.001,0.0,180.0,144.01567788326196,0.001,0.0,180.0,161.79126562984166,0.001,0.0,180.0,174.60053649027242,0.001,0.0,144.5578133961159,144.01567788326196,0.001,0.0,161.83972517440876,161.79126562984166,0.001,0.0,174.50999597934754,174.60053649027242,0.699212962962963,0.001,0.0,143.7257923570144,180.0,0.001,0.0,153.94708982465752,180.0,0.001,0.0,164.0094655132812,180.0,0.001,0.0,180.0,142.30208715000515,0.001,0.0,180.0,151.790741789462,0.001,0.0,180.0,162.2252517102224,0.033,-5.044394119358453,143.7257923570144,142.30208715000515,0.005,-2.321928094887362,153.94708982465752,151.790741789462,0.001,0.0,164.0094655132812,162.2252517102224
44,0.2,0.0,0.001,9.965784284662089,0.6629629629629629,0.043,-5.426264754702098,140.9899802180749,180.0,0.006,-2.584962500721156,156.49637235884907,180.0,0.001,0.0,170.05680654430455,180.0,0.175,-7.451211111832329,180.0,144.24862678920536,0.031,-4.954196310386875,180.0,157.95342099303545,0.003,-1.584962500721156,180.0,170.08608701252143,0.991,-9.952741247186488,140.9899802180749,144.24862678920536,0.783,-9.61286849729104,156.49637235884907,157.95342099303545,0.06,-5.906890595608519,170.05680654430455,170.08608701252143,0.631929012345679,0.001,0.0,168.506864050807,180.0,0.001,0.0,174.62139920313058,180.0,0.001,0.0,178.5537022599256,180.0,0.001,0.0,180.0,167.52963262746766,0.001,0.0,180.0,174.26798985437398,0.001,0.0,180.0,178.49211815528102,0.002,-1.0,168.506864050807,167.52963262746766,0.001,0.0,174.62139920313058,174.26798985437398,0.001,0.0,178.5537022599256,178.49211815528102,0.6589351851851852,0.003,-1.584962500721156,153.74489766146849,180.0,0.002,-1.0,166.0951925179504,180.0,0.001,0.0,174.90992253710812,180.0,0.004,-2.0,180.0,155.15049807310527,0.001,0.0,180.0,165.97247104373176,0.001,0.0,180.0,174.40851467003174,0.154,-7.266786540694902,153.74489766146849,155.15049807310527,0.022,-4.459431618637297,166.0951925179504,165.97247104373176,0.003,-1.584962500721156,174.90992253710812,174.40851467003174
45,0.2,0.0,0.001,9.965784284662089,0.6898456790123457,0.007,-2.8073549220576037,132.49498103288747,180.0,0.002,-1.0,149.97947510614253,180.0,0.001,0.0,166.0795309667404,180.0,0.274,-8.098032082960527,180.0,139.83153749223018,0.032,-5.0,180.0,154.43701244949835,0.002,-1.0,180.0,168.09916919151937,0.991,-9.952741247186488,132.49498103288747,139.83153749223018,0.8,-9.643856189774723,149.97947510614253,154.43701244949835,0.056,-5.807354922057604,166.0795309667404,168.09916919151937,0.5789043209876543,0.001,0.0,171.68158660126235,180.0,0.001,0.0,176.1741835037477,180.0,0.001,0.0,178.99870129356427,180.0,0.001,0.0,180.0,173.4186420990839,0.001,0.0,180.0,176.9950862942064,0.001,0.0,180.0,179.2182367671938,0.001,0.0,171.68158660126235,173.4186420990839,0.001,0.0,176.1741835037477,176.9950862942064,0.001,0.0,178.99870129356427,179.2182367671938,0.6486419753086419,0.001,0.0,142.98641638846755,180.0,0.001,0.0,153.61132715290483,180.0,0.001,0.0,164.56019571349884,180.0,0.002,-1.0,180.0,156.9464631665818,0.001,0.0,180.0,166.9001987192513,0.001,0.0,180.0,174.64531839968345,0.089,-6.475733430966398,142.98641638846755,156.9464631665818,0.011,-3.4594316186372973,153.61132715290483,166.9001987192513,0.002,-1.0,164.56019571349884,174.64531839968345
46,0.2,0.0,0.001,9.965784284662089,0.6964506172839506,0.026,-4.700439718141092,130.38078295599058,180.0,0.001,0.0,149.43314903610317,180.0,0.001,0.0,165.46165501779387,180.0,0.047,-5.554588851677638,180.0,138.8837455930996,0.004,-2.0,180.0,154.0139810228714,0.001,0.0,180.0,168.2333246739024,0.993,-9.955649907528374,130.38078295599058,138.8837455930996,0.726,-9.50382573799575,149.43314903610317,154.0139810228714,0.023,-4.523561956057013,165.46165501779387,168.2333246739024,0.6909567901234568,0.001,0.0,150.43035456651106,180.0,0.001,0.0,165.38856862426044,180.0,0.001,0.0,175.84485198571528,180.0,0.001,0.0,180.0,152.3350889471008,0.001,0.0,180.0,166.31118335991405,0.001,0.0,180.0,176.06062685673805,0.001,0.0,150.43035456651106,152.3350889471008,0.001,0.0,165.38856862426044,166.31118335991405,0.001,0.0,175.84485198571528,176.06062685673805,0.6823611111111112,0.001,0.0,142.37226020172236,180.0,0.001,0.0,152.44711176064257,180.0,0.001,0.0,163.54574280334128,180.0,0.001,0.0,180.0,159.490727100055,0.001,0.0,180.0,168.8488813791634,0.001,0.0,180.0,176.03018399476474,0.087,-6.442943495848728,142.37226020172236,159.490727100055,0.006,-2.584962500721156,152.44711176064257,168.8488813791634,0.001,0.0,163.54574280334128,176.03018399476474
47,0.2,0.0,0.001,9.965784284662089,0.6495987654320988,0.032,-5.0,145.60503445104445,180.0,0.003,-1.584962500721156,158.87381198145508,180.0,0.001,0.0,171.2359486714566,180.0,0.296,-8.20945336562895,180.0,147.78363775831707,0.054,-5.754887502163468,180.0,160.94230339348036,0.002,-1.0,180.0,172.22844661208103,0.981,-9.93810932621924,145.60503445104445,147.78363775831707,0.727,-9.505811553919594,158.87381198145508,160.94230339348036,0.069,-6.108524456778169,171.2359486714566,172.22844661208103,0.6429012345679013,0.001,0.0,165.3257089855462,180.0,0.001,0.0,173.06300340935425,180.0,0.001,0.0,178.123707069944,180.0,0.001,0.0,180.0,164.42092069917825,0.001,0.0,180.0,172.7566438707513,0.001,0.0,180.0,178.06875637984277,0.001,0.0,165.3257089855462,164.42092069917825,0.001,0.0,173.06300340935425,172.7566438707513,0.001,0.0,178.123707069944,178.06875637984277,0.6854629629629629,0.001,0.0,149.2122626824491,180.0,0.001,0.0,157.79463171875625,180.0,0.001,0.0,167.28888436678443,180.0,0.009,-3.169925001442312,180.0,150.03935415992785,0.004,-2.0,180.0,159.51068540722486,0.002,-1.0,180.0,168.4480691493122,0.174,-7.442943495848728,149.2122626824491,150.03935415992785,0.1,-6.643856189774725,157.79463171875625,159.51068540722486,0.015,-3.9068905956085183,167.28888436678443,168.4480691493122
48,0.2,0.0,0.001,9.965784284662089,0.6675308641975308,0.001,0.0,145.91521025717526,180.0,0.001,0.0,160.06635926591915,180.0,0.001,0.0,171.39913583357043,180.0,0.091,-6.507794640198696,180.0,140.79708906868544,0.004,-2.0,180.0,156.4486088021015,0.001,0.0,180.0,169.8813294920546,0.866,-9.758223214726724,145.91521025717526,140.79708906868544,0.263,-8.038918989292302,160.06635926591915,156.4486088021015,0.003,-1.584962500721156,171.39913583357043,169.8813294920546,0.555354938271605,0.001,0.0,174.79803432587417,180.0,0.001,0.0,177.63866161240963,180.0,0.001,0.0,179.38911691279122,180.0,0.001,0.0,180.0,173.60616643374175,0.001,0.0,180.0,177.11513561194295,0.001,0.0,180.0,179.25898545802002,0.001,0.0,174.79803432587417,173.60616643374175,0.001,0.0,177.63866161240963,177.11513561194295,0.001,0.0,179.38911691279122,179.25898545802002,0.6150617283950619,0.001,0.0,162.03769734543582,180.0,0.001,0.0,170.38811021881213,180.0,0.001,0.0,176.570914886028,180.0,0.001,0.0,180.0,158.513626223157,0.001,0.0,180.0,167.91498370895562,0.001,0.0,180.0,175.40001599531936,0.007,-2.8073549220576037,162.03769734543582,158.513626223157,0.001,0.0,170.38811021881213,167.91498370895562,0.001,0.0,176.570914886028,175.40001599531936
49,0.2,0.0,0.001,9.965784284662089,0.6207407407407407,0.113,-6.820178962415188,152.98317254188413,180.0,0.022,-4.459431618637297,164.78713824714674,180.0,0.003,-1.584962500721156,174.3545564837142,180.0,0.137,-7.098032082960527,180.0,157.2181896058809,0.03,-4.906890595608519,180.0,167.4298006548483,0.004,-2.0,180.0,175.52643718092696,0.964,-9.91288933622996,152.98317254188413,157.2181896058809,0.603,-9.236014191900084,164.78713824714674,167.4298006548483,0.046,-5.523561956057013,174.3545564837142,175.52643718092696,0.5837191358024691,0.001,0.0,169.60486978814163,180.0,0.001,0.0,175.11190186116184,180.0,0.001,0.0,178.69645430054095,180.0,0.001,0.0,180.0,171.90064408019302,0.001,0.0,180.0,176.35349350258608,0.001,0.0,180.0,179.06803210434003,0.003,-1.584962500721156,169.60486978814163,171.90064408019302,0.001,0.0,175.11190186116184,176.35349350258608,0.001,0.0,178.69645430054095,179.06803210434003,0.6327777777777779,0.009,-3.169925001442312,153.86915358418136,180.0,0.004,-2.0,163.54178587226454,180.0,0.001,0.0,172.30563066341549,180.0,0.005,-2.321928094887362,180.0,161.64002033608082,0.001,0.0,180.0,171.62397245034882,0.001,0.0,180.0,177.44352261611962,0.077,-6.266786540694902,153.86915358418136,161.64002033608082,0.027,-4.754887502163468,163.54178587226454,171.62397245034882,0.005,-2.321928094887362,172.30563066341549,177.44352261611962
0,0.3,0.0,0.001,9.965784284662089,0.7601543209876543,0.001,0.0,114.18431952835162,180.0,0.001,0.0,134.40852260784592,180.0,0.001,0.0,156.2503453692749,180.0,0.002,-1.0,180.0,117.4290559177271,0.001,0.0,180.0,136.62432557288506,0.001,0.0,180.0,156.28567229875688,0.99,-9.951284714966972,114.18431952835162,117.4290559177271,0.563,-9.13699111208023,134.40852260784592,136.62432557288506,0.002,-1.0,156.2503453692749,156.28567229875688,0.7446759259259259,0.001,0.0,139.5633027470812,180.0,0.001,0.0,158.7873275261395,180.0,0.001,0.0,173.46601019403587,180.0,0.001,0.0,180.0,140.11647697140953,0.001,0.0,180.0,158.8301733067853,0.001,0.0,180.0,173.3698694083583,0.001,0.0,139.5633027470812,140.11647697140953,0.001,0.0,158.7873275261395,158.8301733067853,0.001,0.0,173.46601019403587,173.3698694083583,0.7406172839506173,0.001,0.0,140.01464613959757,180.0,0.001,0.0,149.2403732851421,180.0,0.001,0.0,161.4708820976249,180.0,0.001,0.0,180.0,127.39014099033987,0.001,0.0,180.0,138.08093099540287,0.001,0.0,180.0,147.84051008708153,0.03,-4.906890595608519,140.01464613959757,127.39014099033987,0.006,-2.584962500721156,149.2403732851421,138.08093099540287,0.001,0.0,161.4708820976249,147.84051008708153
1,0.3,0.0,0.001,9.965784284662089,0.7962345679012346,0.001,0.0,104.96905817649608,180.0,0.001,0.0,125.39647365557109,180.0,0.001,0.0,147.34191976073748,180.0,0.001,0.0,180.0,105.1447788881428,0.001,0.0,180.0,127.37763554993776,0.001,0.0,180.0,149.07311993332115,0.957,-9.902375114486023,104.96905817649608,105.1447788881428,0.289,-8.174925682500678,125.39647365557109,127.37763554993776,0.002,-1.0,147.34191976073748,149.07311993332115,0.7506944444444444,0.001,0.0,133.644352530816,180.0,0.001,0.0,155.086270325514,180.0,0.001,0.0,172.1697497614577,180.0,0.001,0.0,180.0,134.29387168612692,0.001,0.0,180.0,155.13962647014466,0.001,0.0,180.0,172.03545907470314,0.001,0.0,133.644352530816,134.29387168612692,0.001,0.0,155.086270325514,155.13962647014466,0.001,0.0,172.1697497614577,172.03545907470314,0.7465432098765431,0.001,0.0,127.87937774293864,180.0,0.001,0.0,144.12054514009748,180.0,0.001,0.0,159.47439695783214,180.0,0.001,0.0,180.0,128.1149118389863,0.001,0.0,180.0,143.54523405994925,0.001,0.0,180.0,158.37809306289245,0.015,-3.9068905956085183,127.87937774293864,128.1149118389863,0.001,0.0,144.12054514009748,143.54523405994925,0.001,0.0,159.47439695783214,158.37809306289245
2,0.3,0.0,0.001,9.965784284662089,0.7135802469135801,0.02,-4.321928094887363,125.64913815986706,180.0,0.004,-2.0,143.08427672276167,180.0,0.001,0.0,161.48549814311713,180.0,0.403,-8.654636028527968,180.0,131.4622167152339,0.08,-6.321928094887362,180.0,147.512997786166,0.005,-2.321928094887362,180.0,163.6284565853715,1.0,-9.965784284662089,125.64913815986706,131.4622167152339,0.981,-9.93810932621924,143.08427672276167,147.512997786166,0.269,-8.071462362556623,161.48549814311713,163.6284565853715,0.6701388888888888,0.001,0.0,154.06399284073603,180.0,0.001,0.0,167.29131555044694,180.0,0.001,0.0,176.39617363724597,180.0,0.001,0.0,180.0,153.51018072402718,0.001,0.0,180.0,166.46542081984526,0.001,0.0,180.0,175.97079032827327,0.004,-2.0,154.06399284073603,153.51018072402718,0.001,0.0,167.29131555044694,166.46542081984526,0.001,0.0,176.39617363724597,175.97079032827327,0.7391666666666666,0.002,-1.0,128.43419219292744,180.0,0.002,-1.0,137.98075305757968,180.0,0.001,0.0,148.3138915997261,180.0,0.009,-3.169925001442312,180.0,144.42695853542742,0.006,-2.584962500721156,180.0,153.97953244659277,0.001,0.0,180.0,164.9771627533111,0.624,-9.285402218862249,128.43419219292744,144.42695853542742,0.376,-8.554588851677638,137.98075305757968,153.97953244659277,0.073,-6.189824558880018,148.3138915997261,164.9771627533111
3,0.3,0.0,0.001,9.965784284662089,0.722716049382716,0.001,0.0,129.32673196298694,180.0,0.001,0.0,147.32405409616285,180.0,0.001,0.0,163.75899763360732,180.0,0.135,-7.076815597050831,180.0,123.88021165517937,0.003,-1.584962500721156,180.0,143.77861628472635,0.001,0.0,180.0,163.12461511390217,0.956,-9.900866807980748,129.32673196298694,123.88021165517937,0.351,-8.45532722030456,147.32405409616285,143.77861628472635,0.001,0.0,163.75899763360732,163.12461511390217,0.7015895061728395,0.001,0.0,148.32265522975374,180.0,0.001,0.0,164.1261123693722,180.0,0.001,0.0,175.36236430573155,180.0,0.001,0.0,180.0,147.72567354083256,0.001,0.0,180.0,163.4012951198424,0.001,0.0,180.0,175.0362212067718,0.001,0.0,148.32265522975374,147.72567354083256,0.001,0.0,164.1261123693722,163.4012951198424,0.001,0.0,175.36236430573155,175.0362212067718,0.6983179012345679,0.001,0.0,139.4000482724145,180.0,0.001,0.0,157.1166708072457,180.0,0.001,0.0,169.43694940031344,180.0,0.001,0.0,180.0,136.3716395642132,0.001,0.0,180.0,151.3521758036464,0.001,0.0,180.0,165.59990270612337,0.101,-6.658211482751795,139.4000482724145,136.3716395642132,0.002,-1.0,157.1166708072457,151.3521758036464,0.001,0.0,169.43694940031344,165.59990270612337
4,0.3,0.0,0.001,9.965784284662089,0.7409876543209876,0.003,-1.584962500721156,120.17364636305524,180.0,0.001,0.0,139.15505034858427,180.0,0.001,0.0,159.1266686093596,180.0,0.011,-3.4594316186372973,180.0,120.81159884526105,0.002,-1.0,180.0,140.6853428428972,0.001,0.0,180.0,158.9410048761065,0.991,-9.952741247186488,120.17364636305524,120.81159884526105,0.569,-9.152284842306582,139.15505034858427,140.6853428428972,0.004,-2.0,159.1266686093596,158.9410048761065,0.7346296296296296,0.001,0.0,148.7133255497018,180.0,0.001,0.0,163.76425396183834,180.0,0.001,0.0,175.1069221213595,180.0,0.001,0.0,180.0,146.48322699318797,0.001,0.0,180.0,162.9602337759359,0.001,0.0,180.0,175.00812027415836,0.001,0.0,148.7133255497018,146.48322699318797,0.001,0.0,163.76425396183834,162.9602337759359,0.001,0.0,175.1069221213595,175.00812027415836,0.7506018518518518,0.001,0.0,129.8049122384896,180.0,0.001,0.0,144.86519541233818,180.0,0.001,0.0,158.03651155650442,180.0,0.001,0.0,180.0,136.14567715464742,0.001,0.0,180.0,151.82556693527397,0.001,0.0,180.0,164.65176141778687,0.062,-5.954196310386875,129.8049122384896,136.14567715464742,0.003,-1.584962500721156,144.86519541233818,151.82556693527397,0.001,0.0,158.03651155650442,164.65176141778687
5,0.3,0.0,0.001,9.965784284662089,0.7464197530864198,0.001,0.0,122.6190918119264,180.0,0.001,0.0,141.02356639359047,180.0,0.001,0.0,159.11035077396912,180.0,0.003,-1.584962500721156,180.0,117.9861101405547,0.001,0.0,180.0,137.60900939523242,0.001,0.0,180.0,156.62541047770142,0.883,-9.786269627648466,122.6190918119264,117.9861101405547,0.197,-7.622051819456376,141.02356639359047,137.60900939523242,0.001,0.0,159.11035077396912,156.62541047770142,0.6923148148148149,0.001,0.0,156.484701495886,180.0,0.001,0.0,168.6918142529737,180.0,0.001,0.0,176.86855236575911,180.0,0.001,0.0,180.0,156.27062435870036,0.001,0.0,180.0,168.43111667244526,0.001,0.0,180.0,176.7635779981328,0.001,0.0,156.484701495886,156.27062435870036,0.001,0.0,168.6918142529737,168.43111667244526,0.001,0.0,176.86855236575911,176.7635779981328,0.7297993827160494,0.001,0.0,154.2818403504347,180.0,0.001,0.0,163.06634716958462,180.0,0.001,0.0,171.89774951974877,180.0,0.001,0.0,180.0,135.9994129822806,0.001,0.0,180.0,147.0156112204496,0.001,0.0,180.0,158.7743442628411,0.002,-1.0,154.2818403504347,135.9994129822806,0.001,0.0,163.06634716958462,147.0156112204496,0.001,0.0,171.89774951974877,158.7743442628411
6,0.3,0.0,0.001,9.965784284662089,0.7610493827160494,0.007,-2.8073549220576037,112.73985118600284,180.0,0.001,0.0,135.03321625063586,180.0,0.001,0.0,156.2524889421134,180.0,0.002,-1.0,180.0,120.40085997767356,0.001,0.0,180.0,140.0658687863052,0.001,0.0,180.0,159.08634950842983,0.985,-9.94397991434374,112.73985118600284,120.40085997767356,0.624,-9.285402218862249,135.03321625063586,140.0658687863052,0.003,-1.584962500721156,156.2524889421134,159.08634950842983,0.690462962962963,0.001,0.0,147.75395022785588,180.0,0.001,0.0,163.85719484298934,180.0,0.001,0.0,175.34928088290965,180.0,0.001,0.0,180.0,150.29895067550714,0.001,0.0,180.0,164.8446564656811,0.001,0.0,180.0,175.48281968724646,0.001,0.0,147.75395022785588,150.29895067550714,0.001,0.0,163.85719484298934,164.8446564656811,0.001,0.0,175.34928088290965,175.48281968724646,0.7104938271604939,0.001,0.0,132.5368975015761,180.0,0.001,0.0,145.00608277515923,180.0,0.001,0.0,157.8580191397091,180.0,0.001,0.0,180.0,143.6877402366057,0.001,0.0,180.0,156.7234831556411,0.001,0.0,180.0,167.12415021168732,0.063,-5.977279923499916,132.5368975015761,143.6877402366057,0.002,-1.0,145.00608277515923,156.7234831556411,0.001,0.0,157.8580191397091,167.12415021168732
7,0.3,0.0,0.001,9.965784284662089,0.7455864197530865,0.008,-3.0,119.56946826690252,180.0,0.002,-1.0,139.95013637112206,180.0,0.001,0.0,159.56672747515202,180.0,0.076,-6.247927513443585,180.0,122.67893787804282,0.003,-1.584962500721156,180.0,140.75629834615106,0.001,0.0,180.0,159.1213737226474,0.998,-9.96289600533726,119.56946826690252,122.67893787804282,0.819,-9.677719641641009,139.95013637112206,140.75629834615106,0.041,-5.357552004618084,159.56672747515202,159.1213737226474,0.6949845679012346,0.001,0.0,152.68093909014885,180.0,0.001,0.0,166.3710290816054,180.0,0.001,0.0,176.0927584401318,180.0,0.001,0.0,180.0,154.67037397719207,0.001,0.0,180.0,167.49105058776308,0.001,0.0,180.0,176.42893368877267,0.001,0.0,152.68093909014885,154.67037397719207,0.001,0.0,166.3710290816054,167.49105058776308,0.001,0.0,176.0927584401318,176.42893368877267,0.7099228395061727,0.001,0.0,136.79466992534373,180.0,0.001,0.0,145.54802427340914,180.0,0.001,0.0,156.50820713748973,180.0,0.001,0.0,180.0,151.5758323792269,0.001,0.0,180.0,159.9645356293919,0.001,0.0,180.0,169.38268210697797,0.059,-5.882643049361842,136.79466992534373,151.5758323792269,0.009,-3.169925001442312,145.54802427340914,159.9645356293919,0.001,0.0,156.50820713748973,169.38268210697797
8,0.3,0.0,0.001,9.965784284662089,0.7143827160493826,0.001,0.0,128.65203558637512,180.0,0.001,0.0,145.52445431440236,180.0,0.001,0.0,162.56252426111072,180.0,0.002,-1.0,180.0,129.3244466237651,0.001,0.0,180.0,147.34578275528247,0.001,0.0,180.0,163.83092017848534,0.859,-9.746514321138465,128.65203558637512,129.3244466237651,0.166,-7.375039431346925,145.52445431440236,147.34578275528247,0.001,0.0,162.56252426111072,163.83092017848534,0.7170216049382716,0.001,0.0,149.62449095164985,180.0,0.001,0.0,164.8086953624578,180.0,0.001,0.0,175.5739538776871,180.0,0.001,0.0,180.0,146.58458096470574,0.001,0.0,180.0,163.12903791520594,0.001,0.0,180.0,175.07135277203693,0.001,0.0,149.62449095164985,146.58458096470574,0.001,0.0,164.8086953624578,163.12903791520594,0.001,0.0,175.5739538776871,175.07135277203693,0.730895061728395,0.001,0.0,143.57000544298543,180.0,0.001,0.0,152.0260353282748,180.0,0.001,0.0,162.40024950172648,180.0,0.001,0.0,180.0,137.19298823667145,0.001,0.0,180.0,146.96558572579465,0.001,0.0,180.0,157.2859479451046,0.011,-3.4594316186372973,143.57000544298543,137.19298823667145,0.002,-1.0,152.0260353282748,146.96558572579465,0.001,0.0,162.40024950172648,157.2859479451046
9,0.3,0.0,0.001,9.965784284662089,0.793179012345679,0.001,0.0,105.79591417196214,180.0,0.001,0.0,127.21078763158415,180.0,0.001,0.0,148.9788482675165,180.0,0.01,-3.321928094887362,180.0,103.77035734238622,0.001,0.0,180.0,124.24825474410706,0.001,0.0,180.0,148.36777776787503,0.995,-9.958552715431011,105.79591417196214,103.77035734238622,0.642,-9.326429487122304,127.21078763158415,124.24825474410706,0.002,-1.0,148.9788482675165,148.36777776787503,0.7775154320987653,0.001,0.0,126.74005648534428,180.0,0.001,0.0,150.20420563012328,180.0,0.001,0.0,170.23838559265317,180.0,0.001,0.0,180.0,128.85954143642022,0.001,0.0,180.0,152.41191368578882,0.001,0.0,180.0,171.23659111857415,0.001,0.0,126.74005648534428,128.85954143642022,0.001,0.0,150.20420563012328,152.41191368578882,0.001,0.0,170.23838559265317,171.23659111857415,0.8030092592592593,0.001,0.0,119.29565359505877,180.0,0.001,0.0,133.26898185333022,180.0,0.001,0.0,145.08261376247654,180.0,0.001,0.0,180.0,126.8873118139341,0.001,0.0,180.0,140.80440268004102,0.001,0.0,180.0,156.2188246198412,0.082,-6.357552004618084,119.29565359505877,126.8873118139341,0.003,-1.584962500721156,133.26898185333022,140.80440268004102,0.001,0.0,145.08261376247654,156.2188246198412
10,0.3,0.0,0.001,9.965784284662089,0.7595061728395063,0.001,0.0,111.77045642922256,180.0,0.001,0.0,129.4622848708929,180.0,0.001,0.0,151.57627822185125,180.0,0.012,-3.584962500721156,180.0,115.41713634998798,0.001,0.0,180.0,134.8863941297486,0.001,0.0,180.0,154.59279359989122,1.0,-9.965784284662089,111.77045642922256,115.41713634998798,0.795,-9.634811050171718,129.4622848708929,134.8863941297486,0.03,-4.906890595608519,151.57627822185125,154.59279359989122,0.7490123456790123,0.001,0.0,140.79183513895973,180.0,0.001,0.0,158.95746034469437,180.0,0.001,0.0,173.35760852302366,180.0,0.001,0.0,180.0,136.6360187515258,0.001,0.0,180.0,157.17594301313997,0.001,0.0,180.0,173.03503196007247,0.001,0.0,140.79183513895973,136.6360187515258,0.001,0.0,158.95746034469437,157.17594301313997,0.001,0.0,173.35760852302366,173.03503196007247,0.7921604938271605,0.001,0.0,121.22454388995828,180.0,0.001,0.0,132.02424619594683,180.0,0.001,0.0,143.6448938915706,180.0,0.001,0.0,180.0,133.93792484876033,0.001,0.0,180.0,148.35862696603664,0.001,0.0,180.0,161.65487147755726,0.124,-6.954196310386875,121.22454388995828,133.93792484876033,0.019,-4.247927513443585,132.02424619594683,148.35862696603664,0.001,0.0,143.6448938915706,161.65487147755726
11,0.3,0.0,0.001,9.965784284662089,0.7379012345679014,0.003,-1.584962500721156,116.2022341833751,180.0,0.001,0.0,136.61960365233986,180.0,0.001,0.0,156.48292681612944,180.0,0.03,-4.906890595608519,180.0,127.7073010685201,0.002,-1.0,180.0,143.19205569980755,0.001,0.0,180.0,160.23709375220292,0.995,-9.958552715431011,116.2022341833751,127.7073010685201,0.857,-9.7431513941125,136.61960365233986,143.19205569980755,0.043,-5.426264754702098,156.48292681612944,160.23709375220292,0.6807253086419753,0.001,0.0,153.03081911827925,180.0,0.001,0.0,166.80742081903236,180.0,0.001,0.0,176.35835580795433,180.0,0.001,0.0,180.0,157.30998357140405,0.001,0.0,180.0,168.7907693203728,0.001,0.0,180.0,176.82763978238293,0.001,0.0,153.03081911827925,157.30998357140405,0.001,0.0,166.80742081903236,168.7907693203728,0.001,0.0,176.35835580795433,176.82763978238293,0.7345987654320989,0.001,0.0,127.57078122052935,180.0,0.001,0.0,137.81736054463536,180.0,0.001,0.0,149.0765164330111,180.0,0.001,0.0,180.0,148.66017349302317,0.001,0.0,180.0,158.86305204747777,0.001,0.0,180.0,169.43585215429215,0.114,-6.832890014164741,127.57078122052935,148.66017349302317,0.016,-4.0,137.81736054463536,158.86305204747777,0.001,0.0,149.0765164330111,169.43585215429215
12,0.3,0.0,0.001,9.965784284662089,0.7435802469135802,0.001,0.0,120.88722490243224,180.0,0.001,0.0,138.04867895577337,180.0,0.001,0.0,157.1486316566439,180.0,0.154,-7.266786540694902,180.0,118.58980706589564,0.004,-2.0,180.0,138.81587166545708,0.001,0.0,180.0,159.29336482383994,0.995,-9.958552715431011,120.88722490243224,118.58980706589564,0.766,-9.581200581924955,138.04867895577337,138.81587166545708,0.024,-4.584962500721156,157.1486316566439,159.29336482383994,0.7078549382716048,0.001,0.0,152.29008574589028,180.0,0.001,0.0,166.03375494818573,180.0,0.001,0.0,175.92408729660443,180.0,0.001,0.0,180.0,149.01379181232105,0.001,0.0,180.0,164.5206121794779,0.001,0.0,180.0,175.58473914158412,0.001,0.0,152.29008574589028,149.01379181232105,0.001,0.0,166.03375494818573,164.5206121794779,0.001,0.0,175.92408729660443,175.58473914158412,0.747145061728395,0.001,0.0,130.9177317627828,180.0,0.001,0.0,142.5270372089305,180.0,0.001,0.0,154.3053196598088,180.0,0.001,0.0,180.0,133.40773639891142,0.001,0.0,180.0,146.566205695972,0.001,0.0,180.0,160.35484558060077,0.244,-7.930737337562887,130.9177317627828,133.40773639891142,0.052,-5.700439718141092,142.5270372089305,146.566205695972,0.003,-1.584962500721156,154.3053196598088,160.35484558060077
13,0.3,0.0,0.001,9.965784284662089,0.7850925925925927,0.001,0.0,107.28021106579745,180.0,0.001,0.0,126.44373094205928,180.0,0.001,0.0,146.25884429798165,180.0,0.003,-1.584962500721156,180.0,112.20242884675667,0.001,0.0,180.0,131.20413909467086,0.001,0.0,180.0,150.0430260457161,0.988,-9.948367231584678,107.28021106579745,112.20242884675667,0.638,-9.31741261376487,126.44373094205928,131.20413909467086,0.007,-2.8073549220576037,146.25884429798165,150.0430260457161,0.6794135802469135,0.001,0.0,149.45492484066986,180.0,0.001,0.0,164.84549015231266,180.0,0.001,0.0,175.66343296654475,180.0,0.001,0.0,180.0,152.29569003369556,0.001,0.0,180.0,165.9763526430453,0.001,0.0,180.0,175.85980799093488,0.001,0.0,149.45492484066986,152.29569003369556,0.001,0.0,164.84549015231266,165.9763526430453,0.001,0.0,175.66343296654475,175.85980799093488,0.7275308641975309,0.001,0.0,130.2989550502889,180.0,0.001,0.0,139.1769293862881,180.0,0.001,0.0,150.4249398055246,180.0,0.001,0.0,180.0,143.8917805585386,0.001,0.0,180.0,152.2621225167074,0.001,0.0,180.0,162.39908442827144,0.007,-2.8073549220576037,130.2989550502889,143.8917805585386,0.002,-1.0,139.1769293862881,152.2621225167074,0.001,0.0,150.4249398055246,162.39908442827144
14,0.3,0.0,0.001,9.965784284662089,0.7418209876543209,0.001,0.0,121.40880272438925,180.0,0.001,0.0,140.53551328602762,180.0,0.001,0.0,159.01619399274915,180.0,0.119,-6.894817763307943,180.0,119.8191030037328,0.005,-2.321928094887362,180.0,138.39598032080303,0.001,0.0,180.0,157.56543729876796,0.992,-9.954196310386877,121.40880272438925,119.8191030037328,0.76,-9.569855608330949,140.53551328602762,138.39598032080303,0.01,-3.321928094887362,159.01619399274915,157.56543729876796,0.7059413580246914,0.001,0.0,151.78128658811494,180.0,0.001,0.0,165.86744167850335,180.0,0.001,0.0,175.89851581631552,180.0,0.001,0.0,180.0,149.7180241942353,0.001,0.0,180.0,164.92494905270786,0.001,0.0,180.0,175.68851335089312,0.001,0.0,151.78128658811494,149.7180241942353,0.001,0.0,165.86744167850335,164.92494905270786,0.001,0.0,175.89851581631552,175.68851335089312,0.722530864197531,0.001,0.0,137.9934180247297,180.0,0.001,0.0,152.63711071089375,180.0,0.001,0.0,165.05843582237017,180.0,0.001,0.0,180.0,139.3457397166455,0.001,0.0,180.0,154.25438727689368,0.001,0.0,180.0,167.49391880057777,0.122,-6.930737337562887,137.9934180247297,139.3457397166455,0.006,-2.584962500721156,152.63711071089375,154.25438727689368,0.001,0.0,165.05843582237017,167.49391880057777
15,0.3,0.0,0.001,9.965784284662089,0.7453086419753087,0.001,0.0,122.26764429038712,180.0,0.001,0.0,140.53292312818047,180.0,0.001,0.0,158.3736940172865,180.0,0.062,-5.954196310386875,180.0,118.09783815007826,0.003,-1.584962500721156,180.0,136.45241612947993,0.001,0.0,180.0,156.97754772168642,0.989,-9.94982671075911,122.26764429038712,118.09783815007826,0.555,-9.116343961237469,140.53292312818047,136.45241612947993,0.005,-2.321928094887362,158.3736940172865,156.97754772168642,0.6988888888888888,0.001,0.0,150.26871593528156,180.0,0.001,0.0,164.83716002137146,180.0,0.001,0.0,175.51527855394204,180.0,0.001,0.0,180.0,149.57012743340084,0.001,0.0,180.0,164.97732801290618,0.001,0.0,180.0,175.70587294326955,0.001,0.0,150.26871593528156,149.57012743340084,0.001,0.0,164.83716002137146,164.97732801290618,0.001,0.0,175.51527855394204,175.70587294326955,0.725648148148148,0.001,0.0,139.55305706634053,180.0,0.001,0.0,147.07402846813736,180.0,0.001,0.0,156.9073053126367,180.0,0.001,0.0,180.0,136.04312032915465,0.001,0.0,180.0,143.08815035574176,0.001,0.0,180.0,153.31400605167332,0.02,-4.321928094887363,139.55305706634053,136.04312032915465,0.006,-2.584962500721156,147.07402846813736,143.08815035574176,0.002,-1.0,156.9073053126367,153.31400605167332
16,0.3,0.0,0.001,9.965784284662089,0.7608950617283952,0.001,0.0,115.9831981571747,180.0,0.001,0.0,135.10384107739273,180.0,0.001,0.0,155.31954477049453,180.0,0.083,-6.375039431346925,180.0,113.45327054623638,0.002,-1.0,180.0,132.80423028648042,0.001,0.0,180.0,153.740901270292,0.996,-9.96000193206808,115.9831981571747,113.45327054623638,0.716,-9.483815777264256,135.10384107739273,132.80423028648042,0.008,-3.0,155.31954477049453,153.740901270292,0.7551080246913581,0.001,0.0,134.63910906767177,180.0,0.001,0.0,154.92638611297488,180.0,0.001,0.0,171.83106529842348,180.0,0.001,0.0,180.0,134.72706647244092,0.001,0.0,180.0,155.78794455554478,0.001,0.0,180.0,172.4031842678382,0.001,0.0,134.63910906767177,134.72706647244092,0.001,0.0,154.92638611297488,155.78794455554478,0.001,0.0,171.83106529842348,172.4031842678382,0.7634413580246913,0.001,0.0,120.1591080439754,180.0,0.001,0.0,130.0086027881032,180.0,0.001,0.0,140.04489438750534,180.0,0.001,0.0,180.0,138.35965012055792,0.001,0.0,180.0,148.03459921481385,0.001,0.0,180.0,161.08246386474883,0.09,-6.491853096329675,120.1591080439754,138.35965012055792,0.012,-3.584962500721156,130.0086027881032,148.03459921481385,0.001,0.0,140.04489438750534,161.08246386474883
17,0.3,0.0,0.001,9.965784284662089,0.8098456790123457,0.001,0.0,96.18853509476487,180.0,0.001,0.0,118.88910789850704,180.0,0.001,0.0,142.268933967392,180.0,0.001,0.0,180.0,106.79155878385576,0.001,0.0,180.0,124.6711511692622,0.001,0.0,180.0,143.9719935766035,0.951,-9.893301530860564,96.18853509476487,106.79155878385576,0.412,-8.686500527183219,118.88910789850704,124.6711511692622,0.002,-1.0,142.268933967392,143.9719935766035,0.7720833333333335,0.001,0.0,129.85273808678215,180.0,0.001,0.0,153.65746129976054,180.0,0.001,0.0,171.94021754739202,180.0,0.001,0.0,180.0,132.13193808263398,0.001,0.0,180.0,153.91961061984654,0.001,0.0,180.0,171.6610788508399,0.001,0.0,129.85273808678215,132.13193808263398,0.001,0.0,153.65746129976054,153.91961061984654,0.001,0.0,171.94021754739202,171.6610788508399,0.7923302469135802,0.001,0.0,116.8204455388096,180.0,0.001,0.0,128.9005260984698,180.0,0.001,0.0,141.30098176315826,180.0,0.001,0.0,180.0,139.96599203787764,0.001,0.0,180.0,150.78246537298898,0.001,0.0,180.0,162.98430048501027,0.003,-1.584962500721156,116.8204455388096,139.96599203787764,0.001,0.0,128.9005260984698,150.78246537298898,0.001,0.0,141.30098176315826,162.98430048501027
18,0.3,0.0,0.001,9.965784284662089,0.7474382716049383,0.001,0.0,122.27309687512712,180.0,0.001,0.0,140.00379154772298,180.0,0.001,0.0,157.9324847261934,180.0,0.009,-3.169925001442312,180.0,115.22976790521956,0.001,0.0,180.0,134.68368805787426,0.001,0.0,180.0,155.49401751610523,0.945,-9.884170519108435,122.27309687512712,115.22976790521956,0.304,-8.247927513443585,140.00379154772298,134.68368805787426,0.001,0.0,157.9324847261934,155.49401751610523,0.763611111111111,0.001,0.0,134.60529009000572,180.0,0.001,0.0,155.5642645222587,180.0,0.001,0.0,172.25115612934093,180.0,0.001,0.0,180.0,134.00777749378528,0.001,0.0,180.0,156.12240851869288,0.001,0.0,180.0,172.75938014504374,0.001,0.0,134.60529009000572,134.00777749378528,0.001,0.0,155.5642645222587,156.12240851869288,0.001,0.0,172.25115612934093,172.75938014504374,0.7856327160493828,0.001,0.0,141.04871453039198,180.0,0.001,0.0,150.26703408183317,180.0,0.001,0.0,161.9703184629661,180.0,0.001,0.0,180.0,120.65075822449246,0.001,0.0,180.0,130.61011949900814,0.001,0.0,180.0,141.1096452520603,0.031,-4.954196310386875,141.04871453039198,120.65075822449246,0.007,-2.8073549220576037,150.26703408183317,130.61011949900814,0.001,0.0,161.9703184629661,141.1096452520603
19,0.3,0.0,0.001,9.965784284662089,0.7187654320987654,0.001,0.0,128.68746234004814,180.0,0.001,0.0,144.86982958047818,180.0,0.001,0.0,161.856534368484,180.0,0.097,-6.599912842187128,180.0,126.63529628628602,0.007,-2.8073549220576037,180.0,143.9400937557821,0.001,0.0,180.0,161.2417432105403,0.987,-9.946906274456396,128.68746234004814,126.63529628628602,0.667,-9.381542951184583,144.86982958047818,143.9400937557821,0.012,-3.584962500721156,161.856534368484,161.2417432105403,0.6268209876543209,0.001,0.0,169.75554533656646,180.0,0.001,0.0,174.9994242873911,180.0,0.001,0.0,178.60457677142674,180.0,0.001,0.0,180.0,168.12751177376677,0.001,0.0,180.0,174.48753280585814,0.001,0.0,180.0,178.5459500976966,0.001,0.0,169.75554533656646,168.12751177376677,0.001,0.0,174.9994242873911,174.48753280585814,0.001,0.0,178.60457677142674,178.5459500976966,0.6836574074074074,0.001,0.0,146.29308819558457,180.0,0.001,0.0,156.15294247502513,180.0,0.001,0.0,166.5633542491619,180.0,0.002,-1.0,180.0,140.40163946854005,0.002,-1.0,180.0,149.47579359061345,0.001,0.0,180.0,160.45778010585363,0.152,-7.247927513443585,146.29308819558457,140.40163946854005,0.02,-4.321928094887363,156.15294247502513,149.47579359061345,0.002,-1.0,166.5633542491619,160.45778010585363
20,0.3,0.0,0.001,9.965784284662089,0.7746913580246915,0.001,0.0,114.80007468645204,180.0,0.001,0.0,134.942936900515,180.0,0.001,0.0,155.4920432394596,180.0,0.071,-6.149747119504681,180.0,110.19771480893698,0.001,0.0,180.0,131.20504478189764,0.001,0.0,180.0,153.58827029041436,0.989,-9.94982671075911,114.80007468645204,110.19771480893698,0.575,-9.167418145831736,134.942936900515,131.20504478189764,0.003,-1.584962500721156,155.4920432394596,153.58827029041436,0.6892901234567901,0.001,0.0,156.35117304335236,180.0,0.001,0.0,168.38938775968734,180.0,0.001,0.0,176.72973584833733,180.0,0.001,0.0,180.0,155.01623503086438,0.001,0.0,180.0,167.5668889084415,0.001,0.0,180.0,176.44278613035354,0.001,0.0,156.35117304335236,155.01623503086438,0.001,0.0,168.38938775968734,167.5668889084415,0.001,0.0,176.72973584833733,176.44278613035354,0.747037037037037,0.001,0.0,143.7680015399535,180.0,0.001,0.0,150.68887299143282,180.0,0.001,0.0,159.56134726911097,180.0,0.001,0.0,180.0,131.1112463094513,0.001,0.0,180.0,139.30173058247078,0.001,0.0,180.0,150.14237899743495,0.051,-5.672425341971495,143.7680015399535,131.1112463094513,0.007,-2.8073549220576037,150.68887299143282,139.30173058247078,0.001,0.0,159.56134726911097,150.14237899743495
21,0.3,0.0,0.001,9.965784284662089,0.749567901234568,0.001,0.0,119.59903593621614,180.0,0.001,0.0,139.8189695921291,180.0,0.001,0.0,158.91679343745585,180.0,0.025,-4.643856189774724,180.0,118.866525886753,0.001,0.0,180.0,137.76526047998166,0.001,0.0,180.0,157.02519425140912,0.99,-9.951284714966972,119.59903593621614,118.866525886753,0.611,-9.25502856981873,139.8189695921291,137.76526047998166,0.003,-1.584962500721156,158.91679343745585,157.02519425140912,0.7656481481481483,0.001,0.0,133.49861066027984,180.0,0.001,0.0,155.656871859476,180.0,0.001,0.0,172.46364831885538,180.0,0.001,0.0,180.0,133.42187735737338,0.001,0.0,180.0,155.1972561189434,0.001,0.0,180.0,172.11531986937393,0.001,0.0,133.49861066027984,133.42187735737338,0.001,0.0,155.656871859476,155.1972561189434,0.001,0.0,172.46364831885538,172.11531986937393,0.7256790123456789,0.001,0.0,141.66759762959714,180.0,0.001,0.0,150.75848381886553,180.0,0.001,0.0,162.62197407064275,180.0,0.001,0.0,180.0,132.3382336842021,0.001,0.0,180.0,146.24526942456586,0.001,0.0,180.0,158.35848889225264,0.056,-5.807354922057604,141.66759762959714,132.3382336842021,0.002,-1.0,150.75848381886553,146.24526942456586,0.001,0.0,162.62197407064275,158.35848889225264
22,0.3,0.0,0.001,9.965784284662089,0.7570679012345679,0.001,0.0,115.3394961064571,180.0,0.001,0.0,132.83275956579243,180.0,0.001,0.0,153.27214947933928,180.0,0.384,-8.584962500721156,180.0,116.17977985169132,0.044,-5.459431618637297,180.0,134.38017251641622,0.001,0.0,180.0,154.92646304771827,1.0,-9.965784284662089,115.3394961064571,116.17977985169132,0.991,-9.952741247186488,132.83275956579243,134.38017251641622,0.191,-7.577428828035749,153.27214947933928,154.92646304771827,0.8040432098765432,0.001,0.0,126.44766843688043,180.0,0.001,0.0,150.31421819419202,180.0,0.001,0.0,170.41396153288684,180.0,0.001,0.0,180.0,123.65205150469248,0.001,0.0,180.0,147.2464154983743,0.001,0.0,180.0,168.73695749310505,0.02,-4.321928094887363,126.44766843688043,123.65205150469248,0.001,0.0,150.31421819419202,147.2464154983743,0.001,0.0,170.41396153288684,168.73695749310505,0.7982870370370371,0.001,0.0,126.38532146014992,180.0,0.001,0.0,134.11430216551096,180.0,0.001,0.0,144.28854825780408,180.0,0.049,-5.614709844115208,180.0,122.87223717792176,0.016,-4.0,180.0,131.41368430669536,0.003,-1.584962500721156,180.0,143.23530779492577,0.9,-9.813781191217036,126.38532146014992,122.87223717792176,0.775,-9.5980525001616,134.11430216551096,131.41368430669536,0.311,-8.280770770130603,144.28854825780408,143.23530779492577
23,0.3,0.0,0.001,9.965784284662089,0.7587654320987653,0.001,0.0,118.72630503962456,180.0,0.001,0.0,136.96038803455073,180.0,0.001,0.0,156.66293676438394,180.0,0.066,-6.044394119358453,180.0,115.93743043922244,0.003,-1.584962500721156,180.0,135.31103782023595,0.001,0.0,180.0,155.26147515318195,0.999,-9.964340867792416,118.72630503962456,115.93743043922244,0.849,-9.729620743553038,136.96038803455073,135.31103782023595,0.023,-4.523561956057013,156.66293676438394,155.26147515318195,0.7605555555555557,0.001,0.0,134.64073871320795,180.0,0.001,0.0,155.88477304625172,180.0,0.001,0.0,172.5134099108025,180.0,0.001,0.0,180.0,133.5862808292226,0.001,0.0,180.0,155.4749379317465,0.001,0.0,180.0,172.514926994268,0.001,0.0,134.64073871320795,133.5862808292226,0.001,0.0,155.88477304625172,155.4749379317465,0.001,0.0,172.5134099108025,172.514926994268,0.7692901234567902,0.001,0.0,138.196514479572,180.0,0.001,0.0,145.9505742641735,180.0,0.001,0.0,155.76588004904974,180.0,0.001,0.0,180.0,133.4108951968666,0.001,0.0,180.0,141.02541987388736,0.001,0.0,180.0,151.4730162752933,0.233,-7.86418614465428,138.196514479572,133.4108951968666,0.057,-5.832890014164741,145.9505742641735,141.02541987388736,0.003,-1.584962500721156,155.76588004904974,151.4730162752933
24,0.3,0.0,0.001,9.965784284662089,0.7385185185185185,0.001,0.0,122.22471117138812,180.0,0.001,0.0,140.37967796655883,180.0,0.001,0.0,159.93835319092597,180.0,0.003,-1.584962500721156,180.0,122.7721292475504,0.001,0.0,180.0,142.00437369103113,0.001,0.0,180.0,160.3872348564227,0.963,-9.91139198784346,122.22471117138812,122.7721292475504,0.363,-8.50382573799575,140.37967796655883,142.00437369103113,0.001,0.0,159.93835319092597,160.3872348564227,0.702253086419753,0.001,0.0,152.0505297454467,180.0,0.001,0.0,165.60147756191378,180.0,0.001,0.0,175.6153684370485,180.0,0.001,0.0,180.0,146.27080363493255,0.001,0.0,180.0,163.09598236758106,0.001,0.0,180.0,175.1598288172579,0.001,0.0,152.0505297454467,146.27080363493255,0.001,0.0,165.60147756191378,163.09598236758106,0.001,0.0,175.6153684370485,175.1598288172579,0.7175617283950617,0.001,0.0,139.9384026984401,180.0,0.001,0.0,146.6508417241411,180.0,0.001,0.0,156.74700948227098,180.0,0.001,0.0,180.0,137.01225890856594,0.001,0.0,180.0,144.12373122175003,0.001,0.0,180.0,154.08458554767105,0.03,-4.906890595608519,139.9384026984401,137.01225890856594,0.003,-1.584962500721156,146.6508417241411,144.12373122175003,0.001,0.0,156.74700948227098,154.08458554767105
25,0.3,0.0,0.001,9.965784284662089,0.749320987654321,0.001,0.0,116.82436350595634,180.0,0.001,0.0,137.79628976012367,180.0,0.001,0.0,158.01393615602004,180.0,0.004,-2.0,180.0,122.99537622344818,0.001,0.0,180.0,140.31603091495154,0.001,0.0,180.0,159.15582908586902,0.984,-9.94251450533924,116.82436350595634,122.99537622344818,0.457,-8.83605035505807,137.79628976012367,140.31603091495154,0.003,-1.584962500721156,158.01393615602004,159.15582908586902,0.6951697530864196,0.001,0.0,154.96054205618046,180.0,0.001,0.0,167.52766910789876,180.0,0.001,0.0,176.4684067585135,180.0,0.001,0.0,180.0,159.06371297868932,0.001,0.0,180.0,169.7013472695077,0.001,0.0,180.0,177.10181237138687,0.001,0.0,154.96054205618046,159.06371297868932,0.001,0.0,167.52766910789876,169.7013472695077,0.001,0.0,176.4684067585135,177.10181237138687,0.7412037037037037,0.001,0.0,128.1787446982128,180.0,0.001,0.0,136.86656067628186,180.0,0.001,0.0,147.68698851748366,180.0,0.001,0.0,180.0,152.70472348642843,0.001,0.0,180.0,160.7405404370935,0.001,0.0,180.0,169.8798413106866,0.006,-2.584962500721156,128.1787446982128,152.70472348642843,0.001,0.0,136.86656067628186,160.7405404370935,0.001,0.0,147.68698851748366,169.8798413106866
26,0.3,0.0,0.001,9.965784284662089,0.7323148148148148,0.001,0.0,126.8796550657947,180.0,0.001,0.0,143.83539823946856,180.0,0.001,0.0,161.64170619006853,180.0,0.163,-7.348728154231077,180.0,119.91798399231102,0.01,-3.321928094887362,180.0,139.5670030304526,0.001,0.0,180.0,158.69383883220686,0.999,-9.964340867792416,126.8796550657947,119.91798399231102,0.731,-9.513727595952435,143.83539823946856,139.5670030304526,0.01,-3.321928094887362,161.64170619006853,158.69383883220686,0.6647376543209876,0.001,0.0,163.6011830548566,180.0,0.001,0.0,172.22395890339595,180.0,0.001,0.0,177.8955838753463,180.0,0.001,0.0,180.0,163.11060274800914,0.001,0.0,180.0,171.76847614769474,0.001,0.0,180.0,177.70796501105275,0.001,0.0,163.6011830548566,163.11060274800914,0.001,0.0,172.22395890339595,171.76847614769474,0.001,0.0,177.8955838753463,177.70796501105275,0.6847376543209875,0.001,0.0,155.5762392914662,180.0,0.001,0.0,164.73544176635554,180.0,0.001,0.0,173.53309721468335,180.0,0.005,-2.321928094887362,180.0,133.82559773660796,0.002,-1.0,180.0,141.69239484656862,0.001,0.0,180.0,152.38929036145078,0.113,-6.820178962415188,155.5762392914662,133.82559773660796,0.021,-4.392317422778761,164.73544176635554,141.69239484656862,0.002,-1.0,173.53309721468335,152.38929036145078
27,0.3,0.0,0.001,9.965784284662089,0.7251234567901235,0.002,-1.0,126.56175365157084,180.0,0.001,0.0,144.61500711104242,180.0,0.001,0.0,162.67185801495913,180.0,0.091,-6.507794640198696,180.0,126.85000960221254,0.006,-2.584962500721156,180.0,146.65375738587153,0.001,0.0,180.0,164.4561949390761,0.99,-9.951284714966972,126.56175365157084,126.85000960221254,0.726,-9.50382573799575,144.61500711104242,146.65375738587153,0.016,-4.0,162.67185801495913,164.4561949390761,0.7250308641975309,0.001,0.0,144.12221702475148,180.0,0.001,0.0,162.00079905120987,180.0,0.001,0.0,174.7735238264375,180.0,0.001,0.0,180.0,143.27398433206693,0.001,0.0,180.0,161.188708615894,0.001,0.0,180.0,174.40886002874834,0.001,0.0,144.12221702475148,143.27398433206693,0.001,0.0,162.00079905120987,161.188708615894,0.001,0.0,174.7735238264375,174.40886002874834,0.750493827160494,0.001,0.0,134.76903889435636,180.0,0.001,0.0,147.74576361650637,180.0,0.001,0.0,159.2686448127907,180.0,0.002,-1.0,180.0,140.7091042154479,0.001,0.0,180.0,156.44428303129956,0.001,0.0,180.0,168.7924842128845,0.151,-7.2384047393250786,134.76903889435636,140.7091042154479,0.016,-4.0,147.74576361650637,156.44428303129956,0.001,0.0,159.2686448127907,168.7924842128845
28,0.3,0.0,0.001,9.965784284662089,0.7546296296296295,0.001,0.0,121.56131817393656,180.0,0.001,0.0,139.08912719729545,180.0,0.001,0.0,157.6296150161766,180.0,0.009,-3.169925001442312,180.0,113.4439755753587,0.001,0.0,180.0,135.11183924061606,0.001,0.0,180.0,155.9183399214896,0.941,-9.878050912728536,121.56131817393656,113.4439755753587,0.251,-7.971543553950772,139.08912719729545,135.11183924061606,0.001,0.0,157.6296150161766,155.9183399214896,0.7219598765432098,0.001,0.0,143.1330394647976,180.0,0.001,0.0,161.3927787155932,180.0,0.001,0.0,174.48396979052563,180.0,0.001,0.0,180.0,137.1820827184533,0.001,0.0,180.0,157.726599441538,0.001,0.0,180.0,173.31620142330283,0.001,0.0,143.1330394647976,137.1820827184533,0.001,0.0,161.3927787155932,157.726599441538,0.001,0.0,174.48396979052563,173.31620142330283,0.7727469135802467,0.001,0.0,145.46636358120506,180.0,0.001,0.0,159.00188934370985,180.0,0.001,0.0,170.53965742434724,180.0,0.001,0.0,180.0,121.89119956302028,0.001,0.0,180.0,133.7707908951102,0.001,0.0,180.0,144.8463298527293,0.061,-5.930737337562886,145.46636358120506,121.89119956302028,0.005,-2.321928094887362,159.00188934370985,133.7707908951102,0.001,0.0,170.53965742434724,144.8463298527293
29,0.3,0.0,0.001,9.965784284662089,0.7421296296296296,0.001,0.0,119.76748320480064,180.0,0.001,0.0,138.4860345388017,180.0,0.001,0.0,157.70923971421988,180.0,0.051,-5.672425341971495,180.0,120.63408765656752,0.002,-1.0,180.0,139.31401459522652,0.001,0.0,180.0,158.31772899889123,0.989,-9.94982671075911,119.76748320480064,120.63408765656752,0.642,-9.326429487122304,138.4860345388017,139.31401459522652,0.005,-2.321928094887362,157.70923971421988,158.31772899889123,0.721851851851852,0.001,0.0,144.24991392073164,180.0,0.001,0.0,162.36792976691308,180.0,0.001,0.0,174.9844217990404,180.0,0.001,0.0,180.0,146.36956269908362,0.001,0.0,180.0,162.53977304683323,0.001,0.0,180.0,174.66974868049903,0.001,0.0,144.24991392073164,146.36956269908362,0.001,0.0,162.36792976691308,162.53977304683323,0.001,0.0,174.9844217990404,174.66974868049903,0.716388888888889,0.001,0.0,133.0043670410679,180.0,0.001,0.0,141.42278042896464,180.0,0.001,0.0,151.07639760133463,180.0,0.001,0.0,180.0,142.16187658396876,0.001,0.0,180.0,150.35750720413316,0.001,0.0,180.0,161.80467959035343,0.077,-6.266786540694902,133.0043670410679,142.16187658396876,0.007,-2.8073549220576037,141.42278042896464,150.35750720413316,0.001,0.0,151.07639760133463,161.80467959035343
30,0.3,0.0,0.001,9.965784284662089,0.7341666666666667,0.001,0.0,124.05027723308844,180.0,0.001,0.0,141.97506777370933,180.0,0.001,0.0,159.74527622487557,180.0,0.006,-2.584962500721156,180.0,122.91081667971667,0.001,0.0,180.0,140.7980755908728,0.001,0.0,180.0,159.44144028617046,0.95,-9.89178370321831,124.05027723308844,122.91081667971667,0.372,-8.539158811108031,141.97506777370933,140.7980755908728,0.002,-1.0,159.74527622487557,159.44144028617046,0.670138888888889,0.001,0.0,151.55127826970033,180.0,0.001,0.0,165.76505042798516,180.0,0.001,0.0,175.87385101002582,180.0,0.001,0.0,180.0,151.61981785842832,0.001,0.0,180.0,165.7573368008807,0.001,0.0,180.0,175.82797205030462,0.001,0.0,151.55127826970033,151.61981785842832,0.001,0.0,165.76505042798516,165.7573368008807,0.001,0.0,175.87385101002582,175.82797205030462,0.7080864197530865,0.001,0.0,138.7581990299243,180.0,0.001,0.0,145.38598425575768,180.0,0.001,0.0,154.78193521594363,180.0,0.001,0.0,180.0,137.98393400709296,0.001,0.0,180.0,144.23539034893253,0.001,0.0,180.0,153.8889451986701,0.022,-4.459431618637297,138.7581990299243,137.98393400709296,0.007,-2.8073549220576037,145.38598425575768,144.23539034893253,0.001,0.0,154.78193521594363,153.8889451986701
31,0.3,0.0,0.001,9.965784284662089,0.7486111111111111,0.001,0.0,123.43692695946253,180.0,0.001,0.0,141.27302625627544,180.0,0.001,0.0,159.27451014220702,180.0,0.113,-6.820178962415188,180.0,117.24398340705623,0.003,-1.584962500721156,180.0,140.37892849432396,0.001,0.0,180.0,161.74455139854908,0.991,-9.952741247186488,123.43692695946253,117.24398340705623,0.586,-9.194756854422248,141.27302625627544,140.37892849432396,0.004,-2.0,159.27451014220702,161.74455139854908,0.6878858024691359,0.001,0.0,157.0298490792712,180.0,0.001,0.0,168.4634406891406,180.0,0.001,0.0,176.65889531949463,180.0,0.001,0.0,180.0,154.05805294072238,0.001,0.0,180.0,167.18262779696354,0.001,0.0,180.0,176.36367227854203,0.001,0.0,157.0298490792712,154.05805294072238,0.001,0.0,168.4634406891406,167.18262779696354,0.001,0.0,176.65889531949463,176.36367227854203,0.7232716049382717,0.001,0.0,140.28825955926925,180.0,0.001,0.0,152.18232684207328,180.0,0.001,0.0,163.12979834640757,180.0,0.001,0.0,180.0,136.63833129624126,0.001,0.0,180.0,147.75391319489245,0.001,0.0,180.0,160.43385240401415,0.141,-7.139551352398794,140.28825955926925,136.63833129624126,0.008,-3.0,152.18232684207328,147.75391319489245,0.001,0.0,163.12979834640757,160.43385240401415
32,0.3,0.0,0.001,9.965784284662089,0.7248765432098765,0.001,0.0,126.18773272879484,180.0,0.001,0.0,144.20927899641197,180.0,0.001,0.0,162.95141740547794,180.0,0.127,-6.9886846867721655,180.0,126.80182677326664,0.004,-2.0,180.0,145.23976149335596,0.001,0.0,180.0,162.86021429316173,0.996,-9.96000193206808,126.18773272879484,126.80182677326664,0.707,-9.4655664048094,144.20927899641197,145.23976149335596,0.011,-3.4594316186372973,162.95141740547794,162.86021429316173,0.7212037037037037,0.001,0.0,136.16949813905387,180.0,0.001,0.0,156.82115237057127,180.0,0.001,0.0,172.9111243240142,180.0,0.001,0.0,180.0,142.44508873644952,0.001,0.0,180.0,160.13114993102943,0.001,0.0,180.0,173.77954894502653,0.002,-1.0,136.16949813905387,142.44508873644952,0.001,0.0,156.82115237057127,160.13114993102943,0.001,0.0,172.9111243240142,173.77954894502653,0.7375,0.001,0.0,138.9643837361372,180.0,0.001,0.0,147.7082642479176,180.0,0.001,0.0,158.56654292202626,180.0,0.003,-1.584962500721156,180.0,137.5376477028773,0.001,0.0,180.0,144.62293604582786,0.001,0.0,180.0,154.2431602347145,0.209,-7.707359132080883,138.9643837361372,137.5376477028773,0.092,-6.523561956057012,147.7082642479176,144.62293604582786,0.008,-3.0,158.56654292202626,154.2431602347145
33,0.3,0.0,0.001,9.965784284662089,0.7329938271604938,0.002,-1.0,124.31286125191446,180.0,0.001,0.0,142.73546387786223,180.0,0.001,0.0,160.74429662047496,180.0,0.213,-7.734709620225838,180.0,124.70327726683622,0.015,-3.9068905956085183,180.0,142.79251186522734,0.001,0.0,180.0,161.11864358206898,0.998,-9.96289600533726,124.31286125191446,124.70327726683622,0.844,-9.721099188707186,142.73546387786223,142.79251186522734,0.035,-5.129283016944966,160.74429662047496,161.11864358206898,0.6809259259259259,0.001,0.0,155.87131116401048,180.0,0.001,0.0,168.17178250945494,180.0,0.001,0.0,176.66633165949176,180.0,0.001,0.0,180.0,155.5709988519612,0.001,0.0,180.0,167.7774131112556,0.001,0.0,180.0,176.4821700185489,0.001,0.0,155.87131116401048,155.5709988519612,0.001,0.0,168.17178250945494,167.7774131112556,0.001,0.0,176.66633165949176,176.4821700185489,0.7052006172839507,0.001,0.0,138.8272548311867,180.0,0.001,0.0,145.47191445065266,180.0,0.001,0.0,155.073589883623,180.0,0.002,-1.0,180.0,143.19074228027432,0.001,0.0,180.0,149.17929109441476,0.001,0.0,180.0,158.34014978604367,0.27,-8.076815597050832,138.8272548311867,143.19074228027432,0.095,-6.569855608330948,145.47191445065266,149.17929109441476,0.007,-2.8073549220576037,155.073589883623,158.34014978604367
34,0.3,0.0,0.001,9.965784284662089,0.7519444444444443,0.001,0.0,120.52264090547578,180.0,0.001,0.0,139.38927523734912,180.0,0.001,0.0,158.75705735654154,180.0,0.053,-5.727920454563199,180.0,114.42967913838628,0.002,-1.0,180.0,134.8311178206475,0.001,0.0,180.0,155.51091492894537,0.994,-9.957102041562289,120.52264090547578,114.42967913838628,0.65,-9.344295907915816,139.38927523734912,134.8311178206475,0.004,-2.0,158.75705735654154,155.51091492894537,0.7225154320987652,0.001,0.0,144.4694954810735,180.0,0.001,0.0,161.84391527512622,180.0,0.001,0.0,174.6234723593093,180.0,0.001,0.0,180.0,144.0120787838311,0.001,0.0,180.0,161.5410935535415,0.001,0.0,180.0,174.53474953169768,0.001,0.0,144.4694954810735,144.0120787838311,0.001,0.0,161.84391527512622,161.5410935535415,0.001,0.0,174.6234723593093,174.53474953169768,0.7307253086419754,0.001,0.0,139.36407551599558,180.0,0.001,0.0,151.3271141995948,180.0,0.001,0.0,163.77218733058933,180.0,0.001,0.0,180.0,128.6584493357617,0.001,0.0,180.0,142.8892535159765,0.001,0.0,180.0,155.55269431489614,0.109,-6.768184324776927,139.36407551599558,128.6584493357617,0.009,-3.169925001442312,151.3271141995948,142.8892535159765,0.001,0.0,163.77218733058933,155.55269431489614
35,0.3,0.0,0.001,9.965784284662089,0.7408024691358025,0.001,0.0,122.96476884346768,180.0,0.001,0.0,142.13164368526773,180.0,0.001,0.0,161.94591668107608,180.0,0.079,-6.303780748177103,180.0,123.0880679964792,0.002,-1.0,180.0,142.8245833694884,0.001,0.0,180.0,162.20487241304642,0.992,-9.954196310386877,122.96476884346768,123.0880679964792,0.594,-9.214319120800766,142.13164368526773,142.8245833694884,0.005,-2.321928094887362,161.94591668107608,162.20487241304642,0.6998456790123456,0.001,0.0,152.53063967454665,180.0,0.001,0.0,166.32495044299293,180.0,0.001,0.0,176.09640776260034,180.0,0.001,0.0,180.0,152.77940413693386,0.001,0.0,180.0,166.50552973583572,0.001,0.0,180.0,176.1483695070347,0.001,0.0,152.53063967454665,152.77940413693386,0.001,0.0,166.32495044299293,166.50552973583572,0.001,0.0,176.09640776260034,176.1483695070347,0.69429012345679,0.001,0.0,139.33452377355397,180.0,0.001,0.0,145.47918540373342,180.0,0.001,0.0,155.08833604378282,180.0,0.001,0.0,180.0,139.70513704626006,0.001,0.0,180.0,147.58701917630205,0.001,0.0,180.0,158.57429535684574,0.058,-5.857980995127572,139.33452377355397,139.70513704626006,0.009,-3.169925001442312,145.47918540373342,147.58701917630205,0.001,0.0,155.08833604378282,158.57429535684574
36,0.3,0.0,0.001,9.965784284662089,0.7550617283950618,0.001,0.0,122.48333685990131,180.0,0.001,0.0,139.9066166476566,180.0,0.001,0.0,158.69104278309524,180.0,0.009,-3.169925001442312,180.0,115.63476014709477,0.001,0.0,180.0,138.974808529254,0.001,0.0,180.0,159.81743861130428,0.952,-9.894817763307945,122.48333685990131,115.63476014709477,0.304,-8.247927513443585,139.9066166476566,138.974808529254,0.001,0.0,158.69104278309524,159.81743861130428,0.7189043209876542,0.001,0.0,142.04675476290004,180.0,0.001,0.0,160.52179763848488,180.0,0.001,0.0,174.10558105800374,180.0,0.001,0.0,180.0,142.48017602224618,0.001,0.0,180.0,160.16359119752585,0.001,0.0,180.0,173.82830256204903,0.001,0.0,142.04675476290004,142.48017602224618,0.001,0.0,160.52179763848488,160.16359119752585,0.001,0.0,174.10558105800374,173.82830256204903,0.7578395061728396,0.001,0.0,135.49757080249654,180.0,0.001,0.0,150.6678966823485,180.0,0.001,0.0,163.91649407445755,180.0,0.001,0.0,180.0,131.3904631998257,0.001,0.0,180.0,145.26431190000403,0.001,0.0,180.0,157.93410837420635,0.069,-6.108524456778169,135.49757080249654,131.3904631998257,0.002,-1.0,150.6678966823485,145.26431190000403,0.001,0.0,163.91649407445755,157.93410837420635
37,0.3,0.0,0.001,9.965784284662089,0.765,0.001,0.0,113.6613206377582,180.0,0.001,0.0,134.29940188152864,180.0,0.001,0.0,154.722100244151,180.0,0.08,-6.321928094887362,180.0,114.17486841213233,0.003,-1.584962500721156,180.0,135.85977406902768,0.001,0.0,180.0,157.1114667728888,0.993,-9.955649907528374,113.6613206377582,114.17486841213233,0.672,-9.39231742277876,134.29940188152864,135.85977406902768,0.008,-3.0,154.722100244151,157.1114667728888,0.7371604938271605,0.001,0.0,142.26365629957536,180.0,0.001,0.0,160.6306622718077,180.0,0.001,0.0,174.06740664248218,180.0,0.001,0.0,180.0,138.01257120884216,0.001,0.0,180.0,156.98159802005145,0.001,0.0,180.0,172.56961758474498,0.001,0.0,142.26365629957536,138.01257120884216,0.001,0.0,160.6306622718077,156.98159802005145,0.001,0.0,174.06740664248218,172.56961758474498,0.7484259259259258,0.001,0.0,129.3954924698435,180.0,0.001,0.0,138.32087012595915,180.0,0.001,0.0,147.95274503901734,180.0,0.001,0.0,180.0,141.29736129742923,0.001,0.0,180.0,154.88825767272533,0.001,0.0,180.0,167.5013504370122,0.051,-5.672425341971495,129.3954924698435,141.29736129742923,0.005,-2.321928094887362,138.32087012595915,154.88825767272533,0.001,0.0,147.95274503901734,167.5013504370122
38,0.3,0.0,0.001,9.965784284662089,0.7565432098765432,0.002,-1.0,117.98443870190268,180.0,0.001,0.0,137.7382770338862,180.0,0.001,0.0,156.78062496747182,180.0,0.004,-2.0,180.0,116.2941470191976,0.001,0.0,180.0,136.68761535776383,0.001,0.0,180.0,156.87839090504966,0.993,-9.955649907528374,117.98443870190268,116.2941470191976,0.6,-9.22881869049588,137.7382770338862,136.68761535776383,0.003,-1.584962500721156,156.78062496747182,156.87839090504966,0.7247993827160494,0.001,0.0,141.924036739568,180.0,0.001,0.0,160.09368356354554,180.0,0.001,0.0,173.93155571330723,180.0,0.001,0.0,180.0,144.63311994357366,0.001,0.0,180.0,162.2873418157075,0.001,0.0,180.0,174.77254855230353,0.001,0.0,141.924036739568,144.63311994357366,0.001,0.0,160.09368356354554,162.2873418157075,0.001,0.0,173.93155571330723,174.77254855230353,0.7718055555555555,0.001,0.0,126.99767192895531,180.0,0.001,0.0,142.38824268954713,180.0,0.001,0.0,155.26751972080154,180.0,0.001,0.0,180.0,137.84133176339714,0.001,0.0,180.0,149.00119660520062,0.001,0.0,180.0,161.87146299275653,0.205,-7.679480099505445,126.99767192895531,137.84133176339714,0.011,-3.4594316186372973,142.38824268954713,149.00119660520062,0.001,0.0,155.26751972080154,161.87146299275653
39,0.3,0.0,0.001,9.965784284662089,0.7068827160493827,0.001,0.0,135.94336238744262,180.0,0.001,0.0,149.85289380557754,180.0,0.001,0.0,164.81544430927997,180.0,0.448,-8.807354922057604,180.0,125.74411359046034,0.049,-5.614709844115208,180.0,145.28089491664053,0.001,0.0,180.0,163.7224957522832,0.998,-9.96289600533726,135.94336238744262,125.74411359046034,0.794,-9.632995197142955,149.85289380557754,145.28089491664053,0.023,-4.523561956057013,164.81544430927997,163.7224957522832,0.6880555555555555,0.001,0.0,155.29474464054132,180.0,0.001,0.0,167.96670722109144,180.0,0.001,0.0,176.6332799807876,180.0,0.001,0.0,180.0,153.39116305034952,0.001,0.0,180.0,166.777351848596,0.001,0.0,180.0,176.2453139707571,0.001,0.0,155.29474464054132,153.39116305034952,0.001,0.0,167.96670722109144,166.777351848596,0.001,0.0,176.6332799807876,176.2453139707571,0.7248148148148148,0.001,0.0,156.44202298875476,180.0,0.001,0.0,166.040698755452,180.0,0.001,0.0,174.37452691419216,180.0,0.047,-5.554588851677638,180.0,129.2623535863524,0.011,-3.4594316186372973,180.0,139.60164468876872,0.002,-1.0,180.0,151.00733680996842,0.323,-8.335390354693924,156.44202298875476,129.2623535863524,0.126,-6.977279923499916,166.040698755452,139.60164468876872,0.01,-3.321928094887362,174.37452691419216,151.00733680996842
40,0.3,0.0,0.001,9.965784284662089,0.7164814814814815,0.02,-4.321928094887363,124.19062286202777,180.0,0.001,0.0,142.5372056275131,180.0,0.001,0.0,161.40271075015934,180.0,0.328,-8.357552004618084,180.0,131.13867276600675,0.054,-5.754887502163468,180.0,146.46955296240083,0.002,-1.0,180.0,162.73228663135512,1.0,-9.965784284662089,124.19062286202777,131.13867276600675,0.975,-9.929258408636972,142.5372056275131,146.46955296240083,0.212,-7.727920454563199,161.40271075015934,162.73228663135512,0.7087345679012346,0.001,0.0,145.13962100463212,180.0,0.001,0.0,161.67455998786838,180.0,0.001,0.0,174.44797428874125,180.0,0.001,0.0,180.0,150.2879956538089,0.001,0.0,180.0,164.88375401595886,0.001,0.0,180.0,175.50498033722707,0.003,-1.584962500721156,145.13962100463212,150.2879956538089,0.001,0.0,161.67455998786838,164.88375401595886,0.001,0.0,174.44797428874125,175.50498033722707,0.7386882716049383,0.001,0.0,125.51819828713786,180.0,0.001,0.0,135.22019869553043,180.0,0.001,0.0,145.82217103241172,180.0,0.006,-2.584962500721156,180.0,143.7519204452796,0.004,-2.0,180.0,152.46808229762195,0.001,0.0,180.0,162.62026055769596,0.559,-9.12670447284319,125.51819828713786,143.7519204452796,0.349,-8.447083226209653,135.22019869553043,152.46808229762195,0.068,-6.087462841250339,145.82217103241172,162.62026055769596
41,0.3,0.0,0.001,9.965784284662089,0.7143827160493827,0.002,-1.0,127.38985960738904,180.0,0.001,0.0,145.1276250649665,180.0,0.001,0.0,163.47792708050773,180.0,0.019,-4.247927513443585,180.0,130.58165852346932,0.001,0.0,180.0,146.76832243231357,0.001,0.0,180.0,163.92488983765188,0.991,-9.952741247186488,127.38985960738904,130.58165852346932,0.662,-9.370687406807216,145.1276250649665,146.76832243231357,0.009,-3.169925001442312,163.47792708050773,163.92488983765188,0.7313425925925927,0.001,0.0,140.7342727928365,180.0,0.001,0.0,160.41911598518206,180.0,0.001,0.0,174.29135293702925,180.0,0.001,0.0,180.0,141.01385207188264,0.001,0.0,180.0,159.37495115134067,0.001,0.0,180.0,173.64153741414952,0.001,0.0,140.7342727928365,141.01385207188264,0.001,0.0,160.41911598518206,159.37495115134067,0.001,0.0,174.29135293702925,173.64153741414952,0.7731172839506172,0.001,0.0,125.85178864228642,180.0,0.001,0.0,135.70053186675904,180.0,0.001,0.0,146.66213261742453,180.0,0.001,0.0,180.0,138.48923146256868,0.001,0.0,180.0,146.93876568246012,0.001,0.0,180.0,158.38942305149976,0.193,-7.59245703726808,125.85178864228642,138.48923146256868,0.077,-6.266786540694902,135.70053186675904,146.93876568246012,0.007,-2.8073549220576037,146.66213261742453,158.38942305149976
42,0.3,0.0,0.001,9.965784284662089,0.7540740740740741,0.001,0.0,116.21266250417548,180.0,0.001,0.0,137.4166237845793,180.0,0.001,0.0,158.57015022592677,180.0,0.017,-4.087462841250339,180.0,118.39392361512174,0.001,0.0,180.0,137.2324353769349,0.001,0.0,180.0,157.7511473379432,0.983,-9.94104760634058,116.21266250417548,118.39392361512174,0.548,-9.098032082960527,137.4166237845793,137.2324353769349,0.002,-1.0,158.57015022592677,157.7511473379432,0.7572839506172839,0.001,0.0,132.99261603050928,180.0,0.001,0.0,154.48683528806845,180.0,0.001,0.0,171.8492440604467,180.0,0.001,0.0,180.0,136.4931252733803,0.001,0.0,180.0,156.90234004547486,0.001,0.0,180.0,172.72573189734297,0.001,0.0,132.99261603050928,136.4931252733803,0.001,0.0,154.48683528806845,156.90234004547486,0.001,0.0,171.8492440604467,172.72573189734297,0.7542592592592593,0.001,0.0,126.80211616733088,180.0,0.001,0.0,137.8794201338104,180.0,0.001,0.0,148.04468945714376,180.0,0.001,0.0,180.0,135.68139519087418,0.001,0.0,180.0,144.78181587478815,0.001,0.0,180.0,156.79416368319053,0.058,-5.857980995127572,126.80211616733088,135.68139519087418,0.005,-2.321928094887362,137.8794201338104,144.78181587478815,0.001,0.0,148.04468945714376,156.79416368319053
43,0.3,0.0,0.001,9.965784284662089,0.7775925925925926,0.001,0.0,111.59896899749684,180.0,0.001,0.0,132.24368975446242,180.0,0.001,0.0,153.21647257388162,180.0,0.034,-5.087462841250339,180.0,110.00467281353669,0.001,0.0,180.0,131.06600435605162,0.001,0.0,180.0,153.0340034444396,0.99,-9.951284714966972,111.59896899749684,110.00467281353669,0.577,-9.172427508645482,132.24368975446242,131.06600435605162,0.001,0.0,153.21647257388162,153.0340034444396,0.7511574074074074,0.001,0.0,134.88061496808606,180.0,0.001,0.0,156.23490260645025,180.0,0.001,0.0,172.68695832163226,180.0,0.001,0.0,180.0,132.8576473639676,0.001,0.0,180.0,154.32337888499208,0.001,0.0,180.0,171.80496731984357,0.001,0.0,134.88061496808606,132.8576473639676,0.001,0.0,156.23490260645025,154.32337888499208,0.001,0.0,172.68695832163226,171.80496731984357,0.7615586419753088,0.001,0.0,134.17712819086077,180.0,0.001,0.0,141.82202007064743,180.0,0.001,0.0,152.27239318168367,180.0,0.001,0.0,180.0,133.2602184613599,0.001,0.0,180.0,141.0517224278901,0.001,0.0,180.0,151.3338071441294,0.051,-5.672425341971495,134.17712819086077,133.2602184613599,0.01,-3.321928094887362,141.82202007064743,141.0517224278901,0.001,0.0,152.27239318168367,151.3338071441294
44,0.3,0.0,0.001,9.965784284662089,0.744783950617284,0.002,-1.0,117.03922426889136,180.0,0.001,0.0,137.20563092376491,180.0,0.001,0.0,157.75139085226613,180.0,0.059,-5.882643049361842,180.0,121.09825483966604,0.003,-1.584962500721156,180.0,138.91667022131642,0.001,0.0,180.0,157.01705737851714,0.999,-9.964340867792416,117.03922426889136,121.09825483966604,0.862,-9.7515440590891,137.20563092376491,138.91667022131642,0.052,-5.700439718141092,157.75139085226613,157.01705737851714,0.7222222222222223,0.001,0.0,150.36845072320887,180.0,0.001,0.0,165.04462844513617,180.0,0.001,0.0,175.6459283977252,180.0,0.001,0.0,180.0,148.7424370622585,0.001,0.0,180.0,164.2721208301725,0.001,0.0,180.0,175.48376717536303,0.002,-1.0,150.36845072320887,148.7424370622585,0.001,0.0,165.04462844513617,164.2721208301725,0.001,0.0,175.6459283977252,175.48376717536303,0.7308641975308643,0.001,0.0,134.27316768648524,180.0,0.001,0.0,148.87718211251666,180.0,0.001,0.0,163.11939798290564,180.0,0.001,0.0,180.0,136.02834920068997,0.001,0.0,180.0,149.08691910881862,0.001,0.0,180.0,160.67191503735333,0.35,-8.451211111832329,134.27316768648524,136.02834920068997,0.055,-5.78135971352466,148.87718211251666,149.08691910881862,0.001,0.0,163.11939798290564,160.67191503735333
45,0.3,0.0,0.001,9.965784284662089,0.754783950617284,0.018,-4.169925001442312,113.2322043760895,180.0,0.001,0.0,134.45840261835392,180.0,0.001,0.0,155.98605692346808,180.0,0.071,-6.149747119504681,180.0,121.94584282139868,0.003,-1.584962500721156,180.0,139.21443262171604,0.001,0.0,180.0,157.44300774196594,1.0,-9.965784284662089,113.2322043760895,121.94584282139868,0.974,-9.927777962082342,134.45840261835392,139.21443262171604,0.17,-7.409390936137702,155.98605692346808,157.44300774196594,0.7094753086419754,0.001,0.0,144.31519486720202,180.0,0.001,0.0,161.45911115252804,180.0,0.001,0.0,174.42164762391857,180.0,0.001,0.0,180.0,148.9376264243642,0.001,0.0,180.0,164.50041661377864,0.001,0.0,180.0,175.515695992584,0.003,-1.584962500721156,144.31519486720202,148.9376264243642,0.001,0.0,161.45911115252804,164.50041661377864,0.001,0.0,174.42164762391857,175.515695992584,0.7430555555555556,0.001,0.0,124.14080171034536,180.0,0.001,0.0,136.95950688048495,180.0,0.001,0.0,151.38830127726857,180.0,0.001,0.0,180.0,138.4869671104435,0.001,0.0,180.0,151.6515863918997,0.001,0.0,180.0,163.0674523215202,0.498,-8.960001932068081,124.14080171034536,138.4869671104435,0.156,-7.285402218862249,136.95950688048495,151.6515863918997,0.005,-2.321928094887362,151.38830127726857,163.0674523215202
46,0.3,0.0,0.001,9.965784284662089,0.7637962962962963,0.001,0.0,109.937777292399,180.0,0.001,0.0,131.4851605374335,180.0,0.001,0.0,152.4010982866103,180.0,0.009,-3.169925001442312,180.0,120.0262868111509,0.001,0.0,180.0,137.64461826533335,0.001,0.0,180.0,157.36836675451977,0.99,-9.951284714966972,109.937777292399,120.0262868111509,0.689,-9.428360172704291,131.4851605374335,137.64461826533335,0.008,-3.0,152.4010982866103,157.36836675451977,0.756003086419753,0.001,0.0,130.96031419546944,180.0,0.001,0.0,153.80224452981088,180.0,0.001,0.0,171.84113881156287,180.0,0.001,0.0,180.0,135.23156254687794,0.001,0.0,180.0,156.0954170982269,0.001,0.0,180.0,172.4172763570577,0.001,0.0,130.96031419546944,135.23156254687794,0.001,0.0,153.80224452981088,156.0954170982269,0.001,0.0,171.84113881156287,172.4172763570577,0.7497222222222222,0.001,0.0,125.4330603520294,180.0,0.001,0.0,134.50564513723526,180.0,0.001,0.0,145.5956256916973,180.0,0.001,0.0,180.0,150.1186146432775,0.001,0.0,180.0,159.03668957966278,0.001,0.0,180.0,168.81496692601593,0.019,-4.247927513443585,125.4330603520294,150.1186146432775,0.003,-1.584962500721156,134.50564513723526,159.03668957966278,0.001,0.0,145.5956256916973,168.81496692601593
47,0.3,0.0,0.001,9.965784284662089,0.7167592592592593,0.006,-2.584962500721156,127.19241359338528,180.0,0.004,-2.0,144.63312688509674,180.0,0.001,0.0,163.05425623110904,180.0,0.079,-6.303780748177103,180.0,129.78389017898596,0.006,-2.584962500721156,180.0,147.70191512581252,0.001,0.0,180.0,164.7654053262245,0.997,-9.961449694398196,127.19241359338528,129.78389017898596,0.834,-9.703903573444665,144.63312688509674,147.70191512581252,0.044,-5.459431618637297,163.05425623110904,164.7654053262245,0.7220524691358025,0.001,0.0,147.65552377412808,180.0,0.001,0.0,163.5105725884739,180.0,0.001,0.0,175.1333129501737,180.0,0.001,0.0,180.0,147.47982861293335,0.001,0.0,180.0,163.87857375773544,0.001,0.0,180.0,175.38117351867146,0.004,-2.0,147.65552377412808,147.47982861293335,0.001,0.0,163.5105725884739,163.87857375773544,0.001,0.0,175.1333129501737,175.38117351867146,0.7386882716049383,0.001,0.0,135.2226069915983,180.0,0.001,0.0,145.09229333070604,180.0,0.001,0.0,157.1403758209381,180.0,0.002,-1.0,180.0,137.9288508746543,0.002,-1.0,180.0,148.41617803782492,0.001,0.0,180.0,158.63272891678577,0.242,-7.918863237274595,135.2226069915983,137.9288508746543,0.111,-6.794415866350105,145.09229333070604,148.41617803782492,0.016,-4.0,157.1403758209381,158.63272891678577
48,0.3,0.0,0.001,9.965784284662089,0.7560802469135802,0.001,0.0,119.1783615938164,180.0,0.001,0.0,137.98348553511028,180.0,0.001,0.0,156.62190112540492,180.0,0.054,-5.754887502163468,180.0,114.68875232430582,0.003,-1.584962500721156,180.0,135.48817195886315,0.001,0.0,180.0,156.28089084559073,0.987,-9.946906274456396,119.1783615938164,114.68875232430582,0.623,-9.283088353024002,137.98348553511028,135.48817195886315,0.006,-2.584962500721156,156.62190112540492,156.28089084559073,0.6715740740740741,0.001,0.0,158.74351611513598,180.0,0.001,0.0,169.70338100117695,180.0,0.001,0.0,177.1113548774396,180.0,0.001,0.0,180.0,154.72557388270135,0.001,0.0,180.0,167.54068063364545,0.001,0.0,180.0,176.48982896289343,0.001,0.0,158.74351611513598,154.72557388270135,0.001,0.0,169.70338100117695,167.54068063364545,0.001,0.0,177.1113548774396,176.48982896289343,0.6987654320987655,0.001,0.0,138.3755562666764,180.0,0.001,0.0,153.12320551207128,180.0,0.001,0.0,165.3158222607323,180.0,0.001,0.0,180.0,140.5784577734323,0.001,0.0,180.0,153.15282907113806,0.001,0.0,180.0,166.02136516818507,0.073,-6.189824558880018,138.3755562666764,140.5784577734323,0.003,-1.584962500721156,153.12320551207128,153.15282907113806,0.001,0.0,165.3158222607323,166.02136516818507
49,0.3,0.0,0.001,9.965784284662089,0.6712037037037037,0.005,-2.321928094887362,140.02332808481574,180.0,0.001,0.0,155.51603483834955,180.0,0.001,0.0,169.57771477810306,180.0,0.078,-6.285402218862249,180.0,143.41661105454406,0.004,-2.0,180.0,157.9963221594756,0.001,0.0,180.0,171.11224879095062,0.961,-9.90839262077375,140.02332808481574,143.41661105454406,0.483,-8.915879378835774,155.51603483834955,157.9963221594756,0.007,-2.8073549220576037,169.57771477810306,171.11224879095062,0.635679012345679,0.001,0.0,160.32918486596566,180.0,0.001,0.0,170.42265363281186,180.0,0.001,0.0,177.3442283747359,180.0,0.001,0.0,180.0,163.07276998265027,0.001,0.0,180.0,171.96239279778538,0.001,0.0,180.0,177.81502569483504,0.001,0.0,160.32918486596566,163.07276998265027,0.001,0.0,170.42265363281186,171.96239279778538,0.001,0.0,177.3442283747359,177.81502569483504,0.6791975308641975,0.001,0.0,140.903730197868,180.0,0.001,0.0,153.1052937408524,180.0,0.001,0.0,164.63072216935586,180.0,0.002,-1.0,180.0,153.27517513915538,0.001,0.0,180.0,164.71490652802822,0.001,0.0,180.0,173.71515176045017,0.038,-5.247927513443585,140.903730197868,153.27517513915538,0.006,-2.584962500721156,153.1052937408524,164.71490652802822,0.001,0.0,164.63072216935586,173.71515176045017
0,0.4,0.0,0.001,9.965784284662089,0.833641975308642,0.001,0.0,93.03353220378564,180.0,0.001,0.0,114.0949478277064,180.0,0.001,0.0,140.35181064907562,180.0,0.001,0.0,180.0,93.1645105470242,0.001,0.0,180.0,114.5102306603529,0.001,0.0,180.0,138.79237233810906,0.966,-9.915879378835774,93.03353220378564,93.1645105470242,0.368,-8.523561956057012,114.0949478277064,114.5102306603529,0.001,0.0,140.35181064907562,138.79237233810906,0.8187345679012346,0.001,0.0,116.16931076056264,180.0,0.001,0.0,143.265133125808,180.0,0.001,0.0,167.39493615989358,180.0,0.001,0.0,180.0,118.0667289568563,0.001,0.0,180.0,143.45183685172717,0.001,0.0,180.0,166.89702219867434,0.001,0.0,116.16931076056264,118.0667289568563,0.001,0.0,143.265133125808,143.45183685172717,0.001,0.0,167.39493615989358,166.89702219867434,0.8181790123456791,0.001,0.0,125.1811357379291,180.0,0.001,0.0,135.48355420361833,180.0,0.001,0.0,149.84678901473123,180.0,0.001,0.0,180.0,112.17941528538948,0.001,0.0,180.0,123.77792683721856,0.001,0.0,180.0,136.1504866482331,0.001,0.0,125.1811357379291,112.17941528538948,0.001,0.0,135.48355420361833,123.77792683721856,0.001,0.0,149.84678901473123,136.1504866482331
1,0.4,0.0,0.001,9.965784284662089,0.8492283950617284,0.001,0.0,86.02725610756274,180.0,0.001,0.0,107.43559225977668,180.0,0.001,0.0,133.53277705126095,180.0,0.001,0.0,180.0,87.5526934633592,0.001,0.0,180.0,110.94444204168866,0.001,0.0,180.0,136.1642684048941,0.991,-9.952741247186488,86.02725610756274,87.5526934633592,0.61,-9.252665432450248,107.43559225977668,110.94444204168866,0.001,0.0,133.53277705126095,136.1642684048941,0.802361111111111,0.001,0.0,116.92394110646134,180.0,0.001,0.0,143.24951552885605,180.0,0.001,0.0,167.43772055035555,180.0,0.001,0.0,180.0,122.98718928413936,0.001,0.0,180.0,147.97816655454022,0.001,0.0,180.0,169.20922441398386,0.001,0.0,116.92394110646134,122.98718928413936,0.001,0.0,143.24951552885605,147.97816655454022,0.001,0.0,167.43772055035555,169.20922441398386,0.8115277777777778,0.001,0.0,107.3402020897129,180.0,0.001,0.0,125.7196961633792,180.0,0.001,0.0,145.73999338154033,180.0,0.001,0.0,180.0,112.35002191959046,0.001,0.0,180.0,130.3445688536184,0.001,0.0,180.0,148.34596407397822,0.081,-6.339850002884624,107.3402020897129,112.35002191959046,0.001,0.0,125.7196961633792,130.3445688536184,0.001,0.0,145.73999338154033,148.34596407397822
2,0.4,0.0,0.001,9.965784284662089,0.7773148148148148,0.001,0.0,107.9939245038203,180.0,0.001,0.0,127.15035649399816,180.0,0.001,0.0,149.85629272005698,180.0,0.058,-5.857980995127572,180.0,111.70875843016154,0.003,-1.584962500721156,180.0,130.19284543063694,0.001,0.0,180.0,151.20039158436833,0.997,-9.961449694398196,107.9939245038203,111.70875843016154,0.894,-9.804131021183318,127.15035649399816,130.19284543063694,0.03,-4.906890595608519,149.85629272005698,151.20039158436833,0.7495987654320986,0.001,0.0,133.45827434388127,180.0,0.001,0.0,155.05837994602493,180.0,0.001,0.0,172.15235777751963,180.0,0.001,0.0,180.0,133.11210271562746,0.001,0.0,180.0,154.2996890258701,0.001,0.0,180.0,171.70375458079155,0.001,0.0,133.45827434388127,133.11210271562746,0.001,0.0,155.05837994602493,154.2996890258701,0.001,0.0,172.15235777751963,171.70375458079155,0.8007098765432099,0.001,0.0,114.21802261978196,180.0,0.001,0.0,125.11546632070748,180.0,0.001,0.0,137.7853849082219,180.0,0.001,0.0,180.0,129.46527017150729,0.001,0.0,180.0,140.30659743645384,0.001,0.0,180.0,153.5638609246275,0.191,-7.577428828035749,114.21802261978196,129.46527017150729,0.057,-5.832890014164741,125.11546632070748,140.30659743645384,0.004,-2.0,137.7853849082219,153.5638609246275
3,0.4,0.0,0.001,9.965784284662089,0.7901234567901234,0.001,0.0,108.76982861911657,180.0,0.001,0.0,129.92845467193888,180.0,0.001,0.0,151.31011797539438,180.0,0.062,-5.954196310386875,180.0,102.51320325858966,0.001,0.0,180.0,125.31311916942352,0.001,0.0,180.0,150.45131377131133,0.992,-9.954196310386877,108.76982861911657,102.51320325858966,0.694,-9.43879185257826,129.92845467193888,125.31311916942352,0.001,0.0,151.31011797539438,150.45131377131133,0.7909876543209876,0.001,0.0,120.9578190025867,180.0,0.001,0.0,146.8518840840265,180.0,0.001,0.0,168.93411128117805,180.0,0.001,0.0,180.0,120.2014349773378,0.001,0.0,180.0,145.69244762205534,0.001,0.0,180.0,168.21144349481668,0.001,0.0,120.9578190025867,120.2014349773378,0.001,0.0,146.8518840840265,145.69244762205534,0.001,0.0,168.93411128117805,168.21144349481668,0.7866975308641975,0.001,0.0,125.02376901867063,180.0,0.001,0.0,145.8800078063939,180.0,0.001,0.0,161.54759188771916,180.0,0.001,0.0,180.0,119.1539160110684,0.001,0.0,180.0,139.0310297178537,0.001,0.0,180.0,157.77963762110932,0.227,-7.826548487290915,125.02376901867063,119.1539160110684,0.005,-2.321928094887362,145.8800078063939,139.0310297178537,0.001,0.0,161.54759188771916,157.77963762110932
4,0.4,0.0,0.001,9.965784284662089,0.8094444444444444,0.001,0.0,101.58410782988572,180.0,0.001,0.0,121.3953172550062,180.0,0.001,0.0,144.8625757630198,180.0,0.004,-2.0,180.0,97.36408761258656,0.001,0.0,180.0,119.3963378462737,0.001,0.0,180.0,142.48294985093054,0.986,-9.945443836377912,101.58410782988572,97.36408761258656,0.559,-9.12670447284319,121.3953172550062,119.3963378462737,0.004,-2.0,144.8625757630198,142.48294985093054,0.7929629629629631,0.001,0.0,131.54110238423377,180.0,0.001,0.0,152.8009199979207,180.0,0.001,0.0,170.94466794232565,180.0,0.001,0.0,180.0,125.44267210168032,0.001,0.0,180.0,150.14011715454737,0.001,0.0,180.0,170.56747863090115,0.001,0.0,131.54110238423377,125.44267210168032,0.001,0.0,152.8009199979207,150.14011715454737,0.001,0.0,170.94466794232565,170.56747863090115,0.8039043209876544,0.001,0.0,121.250684988903,180.0,0.001,0.0,135.68832710492583,180.0,0.001,0.0,147.82540793594765,180.0,0.001,0.0,180.0,118.48723790573872,0.001,0.0,180.0,135.36048964430503,0.001,0.0,180.0,153.09971052093834,0.045,-5.491853096329675,121.250684988903,118.48723790573872,0.001,0.0,135.68832710492583,135.36048964430503,0.001,0.0,147.82540793594765,153.09971052093834
5,0.4,0.0,0.001,9.965784284662089,0.8113580246913581,0.001,0.0,101.30990105965826,180.0,0.001,0.0,121.43685413035423,180.0,0.001,0.0,144.15367210757574,180.0,0.015,-3.9068905956085183,180.0,98.28059139581084,0.001,0.0,180.0,119.71246070529412,0.001,0.0,180.0,142.7122871213356,0.998,-9.96289600533726,101.30990105965826,98.28059139581084,0.766,-9.581200581924955,121.43685413035423,119.71246070529412,0.004,-2.0,144.15367210757574,142.7122871213356,0.7551543209876542,0.001,0.0,143.05613807383858,180.0,0.001,0.0,160.9305924351916,180.0,0.001,0.0,174.26395340718753,180.0,0.001,0.0,180.0,140.50055350812642,0.001,0.0,180.0,159.43537599198623,0.001,0.0,180.0,173.8434345188698,0.001,0.0,143.05613807383858,140.50055350812642,0.001,0.0,160.9305924351916,159.43537599198623,0.001,0.0,174.26395340718753,173.8434345188698,0.782854938271605,0.001,0.0,136.34933264202866,180.0,0.001,0.0,146.48946766170627,180.0,0.001,0.0,159.7761121296459,180.0,0.001,0.0,180.0,117.91257254256128,0.001,0.0,180.0,129.33794374345047,0.001,0.0,180.0,141.98417182262216,0.039,-5.285402218862249,136.34933264202866,117.91257254256128,0.005,-2.321928094887362,146.48946766170627,129.33794374345047,0.001,0.0,159.7761121296459,141.98417182262216
6,0.4,0.0,0.001,9.965784284662089,0.8225617283950618,0.001,0.0,93.23853357275368,180.0,0.001,0.0,116.42936897728885,180.0,0.001,0.0,140.96994869418424,180.0,0.006,-2.584962500721156,180.0,99.4785013735967,0.001,0.0,180.0,121.65663930197054,0.001,0.0,180.0,145.5002904089471,1.0,-9.965784284662089,93.23853357275368,99.4785013735967,0.89,-9.79766152585376,116.42936897728885,121.65663930197054,0.024,-4.584962500721156,140.96994869418424,145.5002904089471,0.7708487654320988,0.001,0.0,126.82962548400408,180.0,0.001,0.0,151.18196754917437,180.0,0.001,0.0,171.0492636174463,180.0,0.001,0.0,180.0,131.29171775024565,0.001,0.0,180.0,153.01440262242008,0.001,0.0,180.0,171.10706208205937,0.001,0.0,126.82962548400408,131.29171775024565,0.001,0.0,151.18196754917437,153.01440262242008,0.001,0.0,171.0492636174463,171.10706208205937,0.7908641975308642,0.001,0.0,117.6290336319914,180.0,0.001,0.0,131.0163090242126,180.0,0.001,0.0,145.74145323760968,180.0,0.001,0.0,180.0,128.71096799644002,0.001,0.0,180.0,144.62712203120546,0.001,0.0,180.0,158.391139139979,0.138,-7.108524456778169,117.6290336319914,128.71096799644002,0.003,-1.584962500721156,131.0163090242126,144.62712203120546,0.001,0.0,145.74145323760968,158.391139139979
7,0.4,0.0,0.001,9.965784284662089,0.8018827160493827,0.001,0.0,102.44367734383786,180.0,0.001,0.0,124.62456087028134,180.0,0.001,0.0,148.09470774732063,180.0,0.016,-4.0,180.0,104.5130107451224,0.001,0.0,180.0,123.97600700068718,0.001,0.0,180.0,146.48466251320653,0.995,-9.958552715431011,102.44367734383786,104.5130107451224,0.7,-9.451211111832327,124.62456087028134,123.97600700068718,0.004,-2.0,148.09470774732063,146.48466251320653,0.7467746913580247,0.001,0.0,138.1402281589729,180.0,0.001,0.0,157.94351527819364,180.0,0.001,0.0,173.2034388910544,180.0,0.001,0.0,180.0,137.98686815866893,0.001,0.0,180.0,157.6228926584709,0.001,0.0,180.0,173.00591026998129,0.001,0.0,138.1402281589729,137.98686815866893,0.001,0.0,157.94351527819364,157.6228926584709,0.001,0.0,173.2034388910544,173.00591026998129,0.7576851851851851,0.001,0.0,124.71484181033216,180.0,0.001,0.0,133.06601787661614,180.0,0.001,0.0,144.75397966898274,180.0,0.001,0.0,180.0,135.9472644633362,0.001,0.0,180.0,144.81077666060247,0.001,0.0,180.0,156.6006208872709,0.013,-3.700439718141092,124.71484181033216,135.9472644633362,0.003,-1.584962500721156,133.06601787661614,144.81077666060247,0.001,0.0,144.75397966898274,156.6006208872709
8,0.4,0.0,0.001,9.965784284662089,0.789537037037037,0.001,0.0,107.5822397206841,180.0,0.001,0.0,126.95159095644829,180.0,0.001,0.0,149.04583678647,180.0,0.007,-2.8073549220576037,180.0,106.64522245590196,0.001,0.0,180.0,128.04606771027565,0.001,0.0,180.0,150.17910036971696,0.998,-9.96289600533726,107.5822397206841,106.64522245590196,0.704,-9.459431618637296,126.95159095644829,128.04606771027565,0.002,-1.0,149.04583678647,150.17910036971696,0.7424845679012346,0.001,0.0,137.5669383136973,180.0,0.001,0.0,157.51219304007947,180.0,0.001,0.0,173.03345381661134,180.0,0.001,0.0,180.0,134.39893833244255,0.001,0.0,180.0,155.63553218034605,0.001,0.0,180.0,172.45512062770982,0.001,0.0,137.5669383136973,134.39893833244255,0.001,0.0,157.51219304007947,155.63553218034605,0.001,0.0,173.03345381661134,172.45512062770982,0.7809413580246913,0.001,0.0,132.7928996072244,180.0,0.001,0.0,140.0798166283844,180.0,0.001,0.0,150.6256454334953,180.0,0.001,0.0,180.0,124.68625940534427,0.001,0.0,180.0,133.72201164713806,0.001,0.0,180.0,145.33583786177545,0.103,-6.6865005271832185,132.7928996072244,124.68625940534427,0.013,-3.700439718141092,140.0798166283844,133.72201164713806,0.001,0.0,150.6256454334953,145.33583786177545
9,0.4,0.0,0.001,9.965784284662089,0.8509259259259259,0.001,0.0,84.7164551037267,180.0,0.001,0.0,107.64139554875794,180.0,0.001,0.0,133.1970742926323,180.0,0.001,0.0,180.0,86.76458825351932,0.001,0.0,180.0,107.49825325354291,0.001,0.0,180.0,133.99560467470684,0.999,-9.964340867792416,84.7164551037267,86.76458825351932,0.854,-9.73809225962049,107.64139554875794,107.49825325354291,0.006,-2.584962500721156,133.1970742926323,133.99560467470684,0.8553858024691359,0.001,0.0,102.43349739477875,180.0,0.001,0.0,132.72135308429748,180.0,0.001,0.0,162.6995061326988,180.0,0.001,0.0,180.0,105.74370155149896,0.001,0.0,180.0,135.94286219851378,0.001,0.0,180.0,164.07715606315918,0.002,-1.0,102.43349739477875,105.74370155149896,0.001,0.0,132.72135308429748,135.94286219851378,0.001,0.0,162.6995061326988,164.07715606315918,0.8731944444444446,0.001,0.0,101.84521891815272,180.0,0.001,0.0,116.47407806958527,180.0,0.001,0.0,130.3481064086644,180.0,0.001,0.0,180.0,116.48057925480134,0.001,0.0,180.0,133.4468218684226,0.001,0.0,180.0,152.3471446601337,0.06,-5.906890595608519,101.84521891815272,116.48057925480134,0.003,-1.584962500721156,116.47407806958527,133.4468218684226,0.001,0.0,130.3481064086644,152.3471446601337
10,0.4,0.0,0.001,9.965784284662089,0.8081790123456791,0.001,0.0,97.89924651687528,180.0,0.001,0.0,115.70719832079944,180.0,0.001,0.0,140.13575549693795,180.0,0.002,-1.0,180.0,100.31805061555868,0.001,0.0,180.0,120.38466898020717,0.001,0.0,180.0,142.8604155171095,0.982,-9.939579214314692,97.89924651687528,100.31805061555868,0.623,-9.283088353024002,115.70719832079944,120.38466898020717,0.001,0.0,140.13575549693795,142.8604155171095,0.8173611111111111,0.001,0.0,117.63753618582638,180.0,0.001,0.0,144.86023945755247,180.0,0.001,0.0,168.35727561729587,180.0,0.001,0.0,180.0,119.59346339663637,0.001,0.0,180.0,145.70847935112957,0.001,0.0,180.0,168.45845269599644,0.001,0.0,117.63753618582638,119.59346339663637,0.001,0.0,144.86023945755247,145.70847935112957,0.001,0.0,168.35727561729587,168.45845269599644,0.8429320987654321,0.001,0.0,106.10579588642548,180.0,0.001,0.0,119.48987226057348,180.0,0.001,0.0,133.60313619298486,180.0,0.001,0.0,180.0,125.84664176552484,0.001,0.0,180.0,139.85258516982574,0.001,0.0,180.0,155.5511507963723,0.017,-4.087462841250339,106.10579588642548,125.84664176552484,0.001,0.0,119.48987226057348,139.85258516982574,0.001,0.0,133.60313619298486,155.5511507963723
11,0.4,0.0,0.001,9.965784284662089,0.793395061728395,0.001,0.0,99.69744596388088,180.0,0.001,0.0,121.96637095667693,180.0,0.001,0.0,145.61364234707483,180.0,0.001,0.0,180.0,110.50213991415508,0.001,0.0,180.0,127.51893683997652,0.001,0.0,180.0,148.64462014661478,0.98,-9.936637939002573,99.69744596388088,110.50213991415508,0.525,-9.036173612553483,121.96637095667693,127.51893683997652,0.004,-2.0,145.61364234707483,148.64462014661478,0.7681172839506173,0.001,0.0,128.19818754779948,180.0,0.001,0.0,151.8433452484476,180.0,0.001,0.0,171.2734001820346,180.0,0.001,0.0,180.0,136.16747126528904,0.001,0.0,180.0,155.9140763484528,0.001,0.0,180.0,172.20403095754384,0.001,0.0,128.19818754779948,136.16747126528904,0.001,0.0,151.8433452484476,155.9140763484528,0.001,0.0,171.2734001820346,172.20403095754384,0.7985956790123456,0.001,0.0,113.6848986825618,180.0,0.001,0.0,124.67249668603688,180.0,0.001,0.0,136.78157344013383,180.0,0.001,0.0,180.0,135.84018260519423,0.001,0.0,180.0,148.1598706094489,0.001,0.0,180.0,162.5939088629246,0.006,-2.584962500721156,113.6848986825618,135.84018260519423,0.001,0.0,124.67249668603688,148.1598706094489,0.001,0.0,136.78157344013383,162.5939088629246
12,0.4,0.0,0.001,9.965784284662089,0.8082098765432099,0.001,0.0,104.3126640381977,180.0,0.001,0.0,122.03767718841256,180.0,0.001,0.0,143.72711692510768,180.0,0.005,-2.321928094887362,180.0,96.53696820146313,0.001,0.0,180.0,119.23863696654097,0.001,0.0,180.0,145.41547554921274,0.963,-9.91139198784346,104.3126640381977,96.53696820146313,0.349,-8.447083226209653,122.03767718841256,119.23863696654097,0.001,0.0,143.72711692510768,145.41547554921274,0.7821913580246914,0.001,0.0,131.7189205839659,180.0,0.001,0.0,154.23485122050624,180.0,0.001,0.0,171.92274037326666,180.0,0.001,0.0,180.0,126.14356492667626,0.001,0.0,180.0,150.64148618463125,0.001,0.0,180.0,170.67630759137035,0.001,0.0,131.7189205839659,126.14356492667626,0.001,0.0,154.23485122050624,150.64148618463125,0.001,0.0,171.92274037326666,170.67630759137035,0.8178703703703704,0.001,0.0,120.08911112851084,180.0,0.001,0.0,134.2976750060581,180.0,0.001,0.0,147.28892597181678,180.0,0.001,0.0,180.0,114.0094699047296,0.001,0.0,180.0,127.9538052371816,0.001,0.0,180.0,144.67331195970158,0.074,-6.209453365628949,120.08911112851084,114.0094699047296,0.002,-1.0,134.2976750060581,127.9538052371816,0.001,0.0,147.28892597181678,144.67331195970158
13,0.4,0.0,0.001,9.965784284662089,0.8333333333333333,0.001,0.0,91.46651572488742,180.0,0.001,0.0,110.70310761995994,180.0,0.001,0.0,132.53775982069408,180.0,0.002,-1.0,180.0,95.93190517416215,0.001,0.0,180.0,114.867473113926,0.001,0.0,180.0,135.91517319459285,0.992,-9.954196310386877,91.46651572488742,95.93190517416215,0.708,-9.467605550082997,110.70310761995994,114.867473113926,0.007,-2.8073549220576037,132.53775982069408,135.91517319459285,0.7408796296296296,0.001,0.0,134.3759952076632,180.0,0.001,0.0,155.60367146751776,180.0,0.001,0.0,172.35262861582473,180.0,0.001,0.0,180.0,137.01781828329186,0.001,0.0,180.0,156.21776550123803,0.001,0.0,180.0,172.19263982110658,0.001,0.0,134.3759952076632,137.01781828329186,0.001,0.0,155.60367146751776,156.21776550123803,0.001,0.0,172.35262861582473,172.19263982110658,0.7674382716049383,0.001,0.0,118.20701135236504,180.0,0.001,0.0,127.4207661266185,180.0,0.001,0.0,140.7296070578391,180.0,0.001,0.0,180.0,129.67002109503386,0.001,0.0,180.0,137.9124344963467,0.001,0.0,180.0,149.20824640076515,0.017,-4.087462841250339,118.20701135236504,129.67002109503386,0.001,0.0,127.4207661266185,137.9124344963467,0.001,0.0,140.7296070578391,149.20824640076515
14,0.4,0.0,0.001,9.965784284662089,0.8067592592592593,0.001,0.0,100.89453375826662,180.0,0.001,0.0,122.0231275896244,180.0,0.001,0.0,145.0312256932747,180.0,0.007,-2.8073549220576037,180.0,100.66828118006562,0.001,0.0,180.0,120.4695791263875,0.001,0.0,180.0,143.25514225106588,0.994,-9.957102041562289,100.89453375826662,100.66828118006562,0.691,-9.43254190038826,122.0231275896244,120.4695791263875,0.005,-2.321928094887362,145.0312256932747,143.25514225106588,0.7803703703703705,0.001,0.0,125.5387010475793,180.0,0.001,0.0,149.86608652756786,180.0,0.001,0.0,170.19056636326636,180.0,0.001,0.0,180.0,126.66096171532163,0.001,0.0,180.0,151.17526148275252,0.001,0.0,180.0,170.74657080963033,0.001,0.0,125.5387010475793,126.66096171532163,0.001,0.0,149.86608652756786,151.17526148275252,0.001,0.0,170.19056636326636,170.74657080963033,0.8045061728395062,0.001,0.0,117.61763389000777,180.0,0.001,0.0,136.0477512226537,180.0,0.001,0.0,152.70595408152388,180.0,0.001,0.0,180.0,121.01327294398004,0.001,0.0,180.0,138.87102165233688,0.001,0.0,180.0,155.36014063202364,0.121,-6.918863237274595,117.61763389000777,121.01327294398004,0.003,-1.584962500721156,136.0477512226537,138.87102165233688,0.001,0.0,152.70595408152388,155.36014063202364
15,0.4,0.0,0.001,9.965784284662089,0.8045061728395062,0.001,0.0,104.09664105938307,180.0,0.001,0.0,124.00876952718784,180.0,0.001,0.0,145.14557264633208,180.0,0.001,0.0,180.0,99.5538025691425,0.001,0.0,180.0,119.43296377595333,0.001,0.0,180.0,143.58305501188508,0.995,-9.958552715431011,104.09664105938307,99.5538025691425,0.568,-9.14974711950468,124.00876952718784,119.43296377595333,0.001,0.0,145.14557264633208,143.58305501188508,0.7640740740740741,0.001,0.0,136.98432393787343,180.0,0.001,0.0,156.59715981059452,180.0,0.001,0.0,172.5590028563487,180.0,0.001,0.0,180.0,134.5213751557167,0.001,0.0,180.0,156.00823151528837,0.001,0.0,180.0,172.63825238670486,0.001,0.0,136.98432393787343,134.5213751557167,0.001,0.0,156.59715981059452,156.00823151528837,0.001,0.0,172.5590028563487,172.63825238670486,0.7969135802469136,0.001,0.0,124.64817253378136,180.0,0.001,0.0,133.27958294808363,180.0,0.001,0.0,144.80033937802742,180.0,0.001,0.0,180.0,126.4370630493465,0.001,0.0,180.0,134.62866884193355,0.001,0.0,180.0,146.37915425213987,0.006,-2.584962500721156,124.64817253378136,126.4370630493465,0.001,0.0,133.27958294808363,134.62866884193355,0.001,0.0,144.80033937802742,146.37915425213987
16,0.4,0.0,0.001,9.965784284662089,0.8205246913580246,0.001,0.0,98.41576072260936,180.0,0.001,0.0,118.1228301776172,180.0,0.001,0.0,140.94666175580772,180.0,0.002,-1.0,180.0,94.22325432392034,0.001,0.0,180.0,114.2978240467142,0.001,0.0,180.0,138.3424215362221,0.969,-9.92035285541508,98.41576072260936,94.22325432392034,0.426,-8.734709620225837,118.1228301776172,114.2978240467142,0.001,0.0,140.94666175580772,138.3424215362221,0.8165277777777777,0.001,0.0,117.84659857808734,180.0,0.001,0.0,143.48033663003258,180.0,0.001,0.0,167.29278693095893,180.0,0.001,0.0,180.0,121.56876459462237,0.001,0.0,180.0,146.8023156898668,0.001,0.0,180.0,168.70238177645624,0.001,0.0,117.84659857808734,121.56876459462237,0.001,0.0,143.48033663003258,146.8023156898668,0.001,0.0,167.29278693095893,168.70238177645624,0.8207098765432099,0.001,0.0,107.5786079631586,180.0,0.001,0.0,118.6303194138641,180.0,0.001,0.0,130.53912074851854,180.0,0.001,0.0,180.0,124.74864222533483,0.001,0.0,180.0,135.07215944504347,0.001,0.0,180.0,151.5221078142628,0.02,-4.321928094887363,107.5786079631586,124.74864222533483,0.001,0.0,118.6303194138641,135.07215944504347,0.001,0.0,130.53912074851854,151.5221078142628
17,0.4,0.0,0.001,9.965784284662089,0.8498456790123456,0.001,0.0,82.28578664882725,180.0,0.001,0.0,104.00393484197504,180.0,0.001,0.0,128.83081925267518,180.0,0.001,0.0,180.0,93.38310937155244,0.001,0.0,180.0,111.4304379720564,0.001,0.0,180.0,132.08988529351186,0.992,-9.954196310386877,82.28578664882725,93.38310937155244,0.826,-9.689997971419444,104.00393484197504,111.4304379720564,0.022,-4.459431618637297,128.83081925267518,132.08988529351186,0.8039351851851853,0.001,0.0,116.91872161922252,180.0,0.001,0.0,144.6605858425967,180.0,0.001,0.0,168.37589462279425,180.0,0.001,0.0,180.0,119.83354951746024,0.001,0.0,180.0,145.2797680938174,0.001,0.0,180.0,168.07099045911957,0.001,0.0,116.91872161922252,119.83354951746024,0.001,0.0,144.6605858425967,145.2797680938174,0.001,0.0,168.37589462279425,168.07099045911957,0.822746913580247,0.001,0.0,105.5732579670053,180.0,0.001,0.0,117.83939065556672,180.0,0.001,0.0,132.83186322808447,180.0,0.001,0.0,180.0,130.2150078772775,0.001,0.0,180.0,139.7931691847629,0.001,0.0,180.0,152.02132510138534,0.028,-4.807354922057604,105.5732579670053,130.2150078772775,0.001,0.0,117.83939065556672,139.7931691847629,0.001,0.0,132.83186322808447,152.02132510138534
18,0.4,0.0,0.001,9.965784284662089,0.8151543209876543,0.001,0.0,102.28065125651572,180.0,0.001,0.0,120.86895365137605,180.0,0.001,0.0,142.09065474511598,180.0,0.001,0.0,180.0,94.3093635577884,0.001,0.0,180.0,116.05379749611008,0.001,0.0,180.0,141.33165352487,0.905,-9.821773981970567,102.28065125651572,94.3093635577884,0.193,-7.59245703726808,120.86895365137605,116.05379749611008,0.001,0.0,142.09065474511598,141.33165352487,0.8049074074074074,0.001,0.0,123.55119187489552,180.0,0.001,0.0,147.88457805423525,180.0,0.001,0.0,169.22198217575604,180.0,0.001,0.0,180.0,123.1075162943314,0.001,0.0,180.0,148.9482558678446,0.001,0.0,180.0,169.97240391033205,0.001,0.0,123.55119187489552,123.1075162943314,0.001,0.0,147.88457805423525,148.9482558678446,0.001,0.0,169.22198217575604,169.97240391033205,0.8104938271604938,0.001,0.0,130.9813166242319,180.0,0.001,0.0,139.77906093087714,180.0,0.001,0.0,152.5697592379144,180.0,0.001,0.0,180.0,107.59986002275218,0.001,0.0,180.0,118.08941711135417,0.001,0.0,180.0,131.40733319549437,0.014,-3.807354922057604,130.9813166242319,107.59986002275218,0.001,0.0,139.77906093087714,118.08941711135417,0.001,0.0,152.5697592379144,131.40733319549437
19,0.4,0.0,0.001,9.965784284662089,0.7998148148148149,0.001,0.0,104.47086840775177,180.0,0.001,0.0,123.3749086657,180.0,0.001,0.0,146.0465599027172,180.0,0.001,0.0,180.0,102.9973310855556,0.001,0.0,180.0,123.09753588425282,0.001,0.0,180.0,145.50371961396235,0.973,-9.926295994781112,104.47086840775177,102.9973310855556,0.431,-8.751544059089099,123.3749086657,123.09753588425282,0.001,0.0,146.0465599027172,145.50371961396235,0.7449074074074075,0.001,0.0,142.22938275788314,180.0,0.001,0.0,159.4299819442392,180.0,0.001,0.0,173.41878987663884,180.0,0.001,0.0,180.0,139.5878225311058,0.001,0.0,180.0,158.85386839969783,0.001,0.0,180.0,173.5762096474446,0.001,0.0,142.22938275788314,139.5878225311058,0.001,0.0,159.4299819442392,158.85386839969783,0.001,0.0,173.41878987663884,173.5762096474446,0.778179012345679,0.001,0.0,131.36972280069443,180.0,0.001,0.0,140.45268467359045,180.0,0.001,0.0,151.8026655058604,180.0,0.001,0.0,180.0,124.99986902168354,0.001,0.0,180.0,134.18853437541847,0.001,0.0,180.0,146.51866635847304,0.004,-2.0,131.36972280069443,124.99986902168354,0.001,0.0,140.45268467359045,134.18853437541847,0.001,0.0,151.8026655058604,146.51866635847304
20,0.4,0.0,0.001,9.965784284662089,0.8482098765432098,0.001,0.0,91.22699391023822,180.0,0.001,0.0,111.13495753417666,180.0,0.001,0.0,135.33265345668804,180.0,0.001,0.0,180.0,84.6998524782988,0.001,0.0,180.0,107.79895206917428,0.001,0.0,180.0,135.1992659592688,0.992,-9.954196310386877,91.22699391023822,84.6998524782988,0.575,-9.167418145831736,111.13495753417666,107.79895206917428,0.002,-1.0,135.33265345668804,135.1992659592688,0.7976234567901235,0.001,0.0,130.08417169094156,180.0,0.001,0.0,153.18797241362967,180.0,0.001,0.0,171.66575331762888,180.0,0.001,0.0,180.0,129.0368494083031,0.001,0.0,180.0,151.9043942194377,0.001,0.0,180.0,170.933329622199,0.001,0.0,130.08417169094156,129.0368494083031,0.001,0.0,153.18797241362967,151.9043942194377,0.001,0.0,171.66575331762888,170.933329622199,0.8212037037037037,0.001,0.0,123.20597837666176,180.0,0.001,0.0,131.65073165717754,180.0,0.001,0.0,142.94934433570108,180.0,0.001,0.0,180.0,114.13908517285871,0.001,0.0,180.0,123.87901283865136,0.001,0.0,180.0,138.10896952351467,0.011,-3.4594316186372973,123.20597837666176,114.13908517285871,0.001,0.0,131.65073165717754,123.87901283865136,0.001,0.0,142.94934433570108,138.10896952351467
21,0.4,0.0,0.001,9.965784284662089,0.8062345679012346,0.001,0.0,100.08173431226368,180.0,0.001,0.0,123.16874492409735,180.0,0.001,0.0,147.40285815645893,180.0,0.004,-2.0,180.0,102.5926715614952,0.001,0.0,180.0,122.31275734976477,0.001,0.0,180.0,144.69284973017946,0.992,-9.954196310386877,100.08173431226368,102.5926715614952,0.671,-9.390168956200185,123.16874492409735,122.31275734976477,0.003,-1.584962500721156,147.40285815645893,144.69284973017946,0.8136265432098765,0.001,0.0,116.41691230899131,180.0,0.001,0.0,143.987502656501,180.0,0.001,0.0,167.76426813760355,180.0,0.001,0.0,180.0,117.98171254892938,0.001,0.0,180.0,144.08618491714208,0.001,0.0,180.0,167.41810746925702,0.001,0.0,116.41691230899131,117.98171254892938,0.001,0.0,143.987502656501,144.08618491714208,0.001,0.0,167.76426813760355,167.41810746925702,0.803070987654321,0.001,0.0,125.9674321429143,180.0,0.001,0.0,136.59780153902437,180.0,0.001,0.0,152.90599226410728,180.0,0.001,0.0,180.0,119.92350117675944,0.001,0.0,180.0,132.63328555398056,0.001,0.0,180.0,143.36097565443123,0.032,-5.0,125.9674321429143,119.92350117675944,0.003,-1.584962500721156,136.59780153902437,132.63328555398056,0.001,0.0,152.90599226410728,143.36097565443123
22,0.4,0.0,0.001,9.965784284662089,0.8182098765432099,0.001,0.0,97.06247461435416,180.0,0.001,0.0,115.68596986103726,180.0,0.001,0.0,138.91717589732318,180.0,0.003,-1.584962500721156,180.0,97.63398100473368,0.001,0.0,180.0,116.95213236426856,0.001,0.0,180.0,140.48390712812176,0.994,-9.957102041562289,97.06247461435416,97.63398100473368,0.774,-9.59618975614441,115.68596986103726,116.95213236426856,0.005,-2.321928094887362,138.91717589732318,140.48390712812176,0.8243364197530865,0.001,0.0,117.8598958125016,180.0,0.001,0.0,145.17577401316942,180.0,0.001,0.0,168.70552100321967,180.0,0.001,0.0,180.0,116.66947818999684,0.001,0.0,180.0,141.94588563492192,0.001,0.0,180.0,166.40845311982534,0.001,0.0,117.8598958125016,116.66947818999684,0.001,0.0,145.17577401316942,141.94588563492192,0.001,0.0,168.70552100321967,166.40845311982534,0.8305555555555557,0.001,0.0,116.16695286601912,180.0,0.001,0.0,124.47369509872416,180.0,0.001,0.0,136.8653154714843,180.0,0.001,0.0,180.0,114.3938161776974,0.001,0.0,180.0,123.00365718379302,0.001,0.0,180.0,136.50854443374448,0.176,-7.459431618637297,116.16695286601912,114.3938161776974,0.045,-5.491853096329675,124.47369509872416,123.00365718379302,0.001,0.0,136.8653154714843,136.50854443374448
23,0.4,0.0,0.001,9.965784284662089,0.8139197530864197,0.001,0.0,100.08915045815152,180.0,0.001,0.0,119.36661333590838,180.0,0.001,0.0,142.48129468285737,180.0,0.004,-2.0,180.0,99.72354202104644,0.001,0.0,180.0,119.60062808302146,0.001,0.0,180.0,141.68379903964674,0.998,-9.96289600533726,100.08915045815152,99.72354202104644,0.778,-9.603626344986193,119.36661333590838,119.60062808302146,0.003,-1.584962500721156,142.48129468285737,141.68379903964674,0.8065895061728395,0.001,0.0,115.92781932336273,180.0,0.001,0.0,142.94696324780838,180.0,0.001,0.0,167.18693707086436,180.0,0.001,0.0,180.0,115.8753103100838,0.001,0.0,180.0,143.7017316429072,0.001,0.0,180.0,167.9759339294502,0.001,0.0,115.92781932336273,115.8753103100838,0.001,0.0,142.94696324780838,143.7017316429072,0.001,0.0,167.18693707086436,167.9759339294502,0.8288117283950617,0.001,0.0,125.78001687516932,180.0,0.001,0.0,133.41604757055714,180.0,0.001,0.0,144.59647914421882,180.0,0.001,0.0,180.0,122.35573046566456,0.001,0.0,180.0,130.70303915209774,0.001,0.0,180.0,142.7096634968538,0.03,-4.906890595608519,125.78001687516932,122.35573046566456,0.003,-1.584962500721156,133.41604757055714,130.70303915209774,0.001,0.0,144.59647914421882,142.7096634968538
24,0.4,0.0,0.001,9.965784284662089,0.7951543209876544,0.001,0.0,106.69535723927204,180.0,0.001,0.0,126.23345646538408,180.0,0.001,0.0,149.39624282855675,180.0,0.012,-3.584962500721156,180.0,104.45055022578548,0.001,0.0,180.0,125.890585355747,0.001,0.0,180.0,148.65092810342549,0.998,-9.96289600533726,106.69535723927204,104.45055022578548,0.744,-9.539158811108033,126.23345646538408,125.890585355747,0.001,0.0,149.39624282855675,148.65092810342549,0.7503395061728395,0.001,0.0,137.8054304248554,180.0,0.001,0.0,157.27643507054742,180.0,0.001,0.0,172.64718403697984,180.0,0.001,0.0,180.0,131.78336047907558,0.001,0.0,180.0,154.19468933422533,0.001,0.0,180.0,171.9421223167938,0.001,0.0,137.8054304248554,131.78336047907558,0.001,0.0,157.27643507054742,154.19468933422533,0.001,0.0,172.64718403697984,171.9421223167938,0.7635030864197531,0.001,0.0,129.9974565994896,180.0,0.001,0.0,137.21391206941996,180.0,0.001,0.0,148.66176096954436,180.0,0.001,0.0,180.0,125.21912225924228,0.001,0.0,180.0,132.80247122395514,0.001,0.0,180.0,145.06687342381727,0.069,-6.108524456778169,129.9974565994896,125.21912225924228,0.01,-3.321928094887362,137.21391206941996,132.80247122395514,0.001,0.0,148.66176096954436,145.06687342381727
25,0.4,0.0,0.001,9.965784284662089,0.8019753086419754,0.001,0.0,100.00617428219893,180.0,0.001,0.0,121.63492817882248,180.0,0.001,0.0,145.14365199077474,180.0,0.001,0.0,180.0,106.78829903095686,0.001,0.0,180.0,125.54327296719546,0.001,0.0,180.0,148.217490854526,0.99,-9.951284714966972,100.00617428219893,106.78829903095686,0.605,-9.240791332161956,121.63492817882248,125.54327296719546,0.003,-1.584962500721156,145.14365199077474,148.217490854526,0.7658487654320988,0.001,0.0,124.91353742090116,180.0,0.001,0.0,149.13596944022015,180.0,0.001,0.0,170.20350242207056,180.0,0.001,0.0,180.0,139.3126593831059,0.001,0.0,180.0,158.43887182491983,0.001,0.0,180.0,173.22582647074648,0.001,0.0,124.91353742090116,139.3126593831059,0.001,0.0,149.13596944022015,158.43887182491983,0.001,0.0,170.20350242207056,173.22582647074648,0.8090432098765432,0.001,0.0,112.08684618187613,180.0,0.001,0.0,121.9350609257982,180.0,0.001,0.0,135.34751983296505,180.0,0.001,0.0,180.0,142.91761294345915,0.001,0.0,180.0,151.6446953874302,0.001,0.0,180.0,162.6975657722854,0.009,-3.169925001442312,112.08684618187613,142.91761294345915,0.001,0.0,121.9350609257982,151.6446953874302,0.001,0.0,135.34751983296505,162.6975657722854
26,0.4,0.0,0.001,9.965784284662089,0.7984259259259259,0.001,0.0,105.37840095895773,180.0,0.001,0.0,123.88184022624615,180.0,0.001,0.0,145.9958623307323,180.0,0.013,-3.700439718141092,180.0,100.6660705141412,0.001,0.0,180.0,120.2124822869005,0.001,0.0,180.0,143.09577958504815,0.997,-9.961449694398196,105.37840095895773,100.6660705141412,0.843,-9.719388820942084,123.88184022624615,120.2124822869005,0.011,-3.4594316186372973,145.9958623307323,143.09577958504815,0.7590123456790123,0.001,0.0,139.45649439140507,180.0,0.001,0.0,158.7357329088158,180.0,0.001,0.0,173.5198787305823,180.0,0.001,0.0,180.0,138.1738497569548,0.001,0.0,180.0,157.3556359884875,0.001,0.0,180.0,172.88505197172054,0.001,0.0,139.45649439140507,138.1738497569548,0.001,0.0,158.7357329088158,157.3556359884875,0.001,0.0,173.5198787305823,172.88505197172054,0.7751697530864197,0.001,0.0,132.59490137772622,180.0,0.001,0.0,141.90314192738325,180.0,0.001,0.0,154.1466619419079,180.0,0.001,0.0,180.0,115.50120859787953,0.001,0.0,180.0,127.07741457589142,0.001,0.0,180.0,140.289777530407,0.169,-7.400879436282184,132.59490137772622,115.50120859787953,0.026,-4.700439718141092,141.90314192738325,127.07741457589142,0.001,0.0,154.1466619419079,140.289777530407
27,0.4,0.0,0.001,9.965784284662089,0.7971913580246914,0.001,0.0,104.3206069854312,180.0,0.001,0.0,123.46811490360972,180.0,0.001,0.0,147.01172489588112,180.0,0.001,0.0,180.0,104.42092869694388,0.001,0.0,180.0,126.93681294547282,0.001,0.0,180.0,149.99920787232796,0.986,-9.945443836377912,104.3206069854312,104.42092869694388,0.641,-9.324180546618742,123.46811490360972,126.93681294547282,0.001,0.0,147.01172489588112,149.99920787232796,0.7801697530864198,0.001,0.0,131.70299370940157,180.0,0.001,0.0,154.18071159970245,180.0,0.001,0.0,171.8534166063557,180.0,0.001,0.0,180.0,129.1496576675459,0.001,0.0,180.0,152.3822548407527,0.001,0.0,180.0,171.22813039893737,0.001,0.0,131.70299370940157,129.1496576675459,0.001,0.0,154.18071159970245,152.3822548407527,0.001,0.0,171.8534166063557,171.22813039893737,0.803966049382716,0.001,0.0,128.77136442853651,180.0,0.001,0.0,136.69745070288414,180.0,0.001,0.0,147.1462157938682,180.0,0.001,0.0,180.0,126.22646881413068,0.001,0.0,180.0,137.04356500555951,0.001,0.0,180.0,148.30970189604938,0.059,-5.882643049361842,128.77136442853651,126.22646881413068,0.004,-2.0,136.69745070288414,137.04356500555951,0.001,0.0,147.1462157938682,148.30970189604938
28,0.4,0.0,0.001,9.965784284662089,0.8306790123456791,0.001,0.0,97.64983249877623,180.0,0.001,0.0,116.97481039367,180.0,0.001,0.0,139.7594285265871,180.0,0.001,0.0,180.0,89.69021357971805,0.001,0.0,180.0,113.12632619448505,0.001,0.0,180.0,139.24237468976813,0.928,-9.857980995127573,97.64983249877623,89.69021357971805,0.157,-7.294620748891627,116.97481039367,113.12632619448505,0.001,0.0,139.7594285265871,139.24237468976813,0.8169598765432098,0.001,0.0,117.10262436136571,180.0,0.001,0.0,144.33379267128086,180.0,0.001,0.0,167.79461468824258,180.0,0.001,0.0,180.0,111.2201374078915,0.001,0.0,180.0,140.48745818190778,0.001,0.0,180.0,166.65589066725855,0.001,0.0,117.10262436136571,111.2201374078915,0.001,0.0,144.33379267128086,140.48745818190778,0.001,0.0,167.79461468824258,166.65589066725855,0.8484413580246913,0.001,0.0,133.31474266368855,180.0,0.001,0.0,147.57246722112058,180.0,0.001,0.0,162.26962190514203,180.0,0.001,0.0,180.0,102.08648335304548,0.001,0.0,180.0,117.61384312677366,0.001,0.0,180.0,132.06832167369296,0.002,-1.0,133.31474266368855,102.08648335304548,0.001,0.0,147.57246722112058,117.61384312677366,0.001,0.0,162.26962190514203,132.06832167369296
29,0.4,0.0,0.001,9.965784284662089,0.8079938271604938,0.001,0.0,98.60371301324344,180.0,0.001,0.0,119.2195011241626,180.0,0.001,0.0,142.71623703308427,180.0,0.005,-2.321928094887362,180.0,100.8676559287724,0.001,0.0,180.0,120.11891445543414,0.001,0.0,180.0,142.52085873490756,0.989,-9.94982671075911,98.60371301324344,100.8676559287724,0.656,-9.357552004618084,119.2195011241626,120.11891445543414,0.005,-2.321928094887362,142.71623703308427,142.52085873490756,0.764614197530864,0.001,0.0,132.88180455527848,180.0,0.001,0.0,155.6392762508334,180.0,0.001,0.0,172.67853093150822,180.0,0.001,0.0,180.0,136.336768693306,0.001,0.0,180.0,155.9414079534764,0.001,0.0,180.0,172.12875451191158,0.001,0.0,132.88180455527848,136.336768693306,0.001,0.0,155.6392762508334,155.9414079534764,0.001,0.0,172.67853093150822,172.12875451191158,0.7775154320987654,0.001,0.0,118.6736436579535,180.0,0.001,0.0,127.96548689174652,180.0,0.001,0.0,139.84168714740252,180.0,0.001,0.0,180.0,131.72695487424534,0.001,0.0,180.0,141.50161967986037,0.001,0.0,180.0,155.13976659666622,0.023,-4.523561956057013,118.6736436579535,131.72695487424534,0.002,-1.0,127.96548689174652,141.50161967986037,0.001,0.0,139.84168714740252,155.13976659666622
30,0.4,0.0,0.001,9.965784284662089,0.7945061728395062,0.001,0.0,107.08226517223348,180.0,0.001,0.0,126.43429119892065,180.0,0.001,0.0,147.58030555918694,180.0,0.001,0.0,180.0,103.8957054823906,0.001,0.0,180.0,123.95087673129142,0.001,0.0,180.0,147.04415477050506,0.956,-9.900866807980748,107.08226517223348,103.8957054823906,0.328,-8.357552004618084,126.43429119892065,123.95087673129142,0.001,0.0,147.58030555918694,147.04415477050506,0.7166975308641975,0.001,0.0,140.7491074144688,180.0,0.001,0.0,159.1537459702742,180.0,0.001,0.0,173.60400782065213,180.0,0.001,0.0,180.0,140.55048758127327,0.001,0.0,180.0,158.87648419560577,0.001,0.0,180.0,173.34591160144518,0.001,0.0,140.7491074144688,140.55048758127327,0.001,0.0,159.1537459702742,158.87648419560577,0.001,0.0,173.60400782065213,173.34591160144518,0.7564506172839506,0.001,0.0,128.13031244645342,180.0,0.001,0.0,135.4193855171178,180.0,0.001,0.0,146.7815978588025,180.0,0.001,0.0,180.0,127.23613567434964,0.001,0.0,180.0,134.45855446031769,0.001,0.0,180.0,146.18664456003742,0.004,-2.0,128.13031244645342,127.23613567434964,0.001,0.0,135.4193855171178,134.45855446031769,0.001,0.0,146.7815978588025,146.18664456003742
31,0.4,0.0,0.001,9.965784284662089,0.8256172839506173,0.001,0.0,99.19283960102436,180.0,0.001,0.0,118.12381196126874,180.0,0.001,0.0,139.13675621089266,180.0,0.001,0.0,180.0,92.72076527883657,0.001,0.0,180.0,118.0104005780619,0.001,0.0,180.0,145.738544415514,0.911,-9.831307243802051,99.19283960102436,92.72076527883657,0.123,-6.94251450533924,118.12381196126874,118.0104005780619,0.001,0.0,139.13675621089266,145.738544415514,0.7906944444444444,0.001,0.0,133.11312299839472,180.0,0.001,0.0,154.17684510693533,180.0,0.001,0.0,171.55001559317765,180.0,0.001,0.0,180.0,126.09177392449988,0.001,0.0,180.0,150.41017236991723,0.001,0.0,180.0,170.6378018281052,0.001,0.0,133.11312299839472,126.09177392449988,0.001,0.0,154.17684510693533,150.41017236991723,0.001,0.0,171.55001559317765,170.6378018281052,0.8114814814814816,0.001,0.0,127.30178480166862,180.0,0.001,0.0,137.9031929899014,180.0,0.001,0.0,148.60596430646757,180.0,0.001,0.0,180.0,121.00512034000076,0.001,0.0,180.0,131.74438286900946,0.001,0.0,180.0,145.05132783054177,0.002,-1.0,127.30178480166862,121.00512034000076,0.001,0.0,137.9031929899014,131.74438286900946,0.001,0.0,148.60596430646757,145.05132783054177
32,0.4,0.0,0.001,9.965784284662089,0.8083641975308642,0.001,0.0,102.01992014388853,180.0,0.001,0.0,121.96491287555024,180.0,0.001,0.0,146.70032744218477,180.0,0.012,-3.584962500721156,180.0,100.90233349115084,0.001,0.0,180.0,121.73510605641368,0.001,0.0,180.0,145.48467531563327,0.998,-9.96289600533726,102.01992014388853,100.90233349115084,0.739,-9.52943055414615,121.96491287555024,121.73510605641368,0.002,-1.0,146.70032744218477,145.48467531563327,0.7886574074074073,0.001,0.0,121.54984632088426,180.0,0.001,0.0,146.62673509146614,180.0,0.001,0.0,168.81619606035957,180.0,0.001,0.0,180.0,126.94653505965996,0.001,0.0,180.0,150.21348750878403,0.001,0.0,180.0,169.9809312596171,0.001,0.0,121.54984632088426,126.94653505965996,0.001,0.0,146.62673509146614,150.21348750878403,0.001,0.0,168.81619606035957,169.9809312596171,0.8000154320987654,0.001,0.0,125.9450298806697,180.0,0.001,0.0,133.50723541971794,180.0,0.001,0.0,145.1820632349824,180.0,0.001,0.0,180.0,116.53935103374548,0.001,0.0,180.0,124.9656829122028,0.001,0.0,180.0,138.01295411776465,0.107,-6.7414669864011465,125.9450298806697,116.53935103374548,0.027,-4.754887502163468,133.50723541971794,124.9656829122028,0.001,0.0,145.1820632349824,138.01295411776465
33,0.4,0.0,0.001,9.965784284662089,0.7911728395061728,0.001,0.0,104.93966457798504,180.0,0.001,0.0,125.9935147506455,180.0,0.001,0.0,148.67694725354062,180.0,0.067,-6.066089190457772,180.0,108.72482692735154,0.003,-1.584962500721156,180.0,128.02367870506222,0.001,0.0,180.0,149.54691644490404,1.0,-9.965784284662089,104.93966457798504,108.72482692735154,0.913,-9.834471049984222,125.9935147506455,128.02367870506222,0.038,-5.247927513443585,148.67694725354062,149.54691644490404,0.7555864197530865,0.001,0.0,138.7019515467678,180.0,0.001,0.0,158.04798864464797,180.0,0.001,0.0,173.15456092778308,180.0,0.001,0.0,180.0,136.33893141264014,0.001,0.0,180.0,156.41903655242166,0.001,0.0,180.0,172.56694162158794,0.001,0.0,138.7019515467678,136.33893141264014,0.001,0.0,158.04798864464797,156.41903655242166,0.001,0.0,173.15456092778308,172.56694162158794,0.7705864197530865,0.001,0.0,123.62554604925216,180.0,0.001,0.0,131.43745310848044,180.0,0.001,0.0,143.40586810601877,180.0,0.001,0.0,180.0,133.89045835351925,0.001,0.0,180.0,140.3072580512915,0.001,0.0,180.0,150.132284171912,0.248,-7.954196310386875,123.62554604925216,133.89045835351925,0.066,-6.044394119358453,131.43745310848044,140.3072580512915,0.004,-2.0,143.40586810601877,150.132284171912
34,0.4,0.0,0.001,9.965784284662089,0.823858024691358,0.001,0.0,97.6074620398828,180.0,0.001,0.0,117.44764919302315,180.0,0.001,0.0,142.13238886704326,180.0,0.001,0.0,180.0,92.80407283655477,0.001,0.0,180.0,115.06549242635488,0.001,0.0,180.0,139.8864020102281,0.99,-9.951284714966972,97.6074620398828,92.80407283655477,0.483,-8.915879378835774,117.44764919302315,115.06549242635488,0.001,0.0,142.13238886704326,139.8864020102281,0.7990895061728396,0.001,0.0,119.2286171687213,180.0,0.001,0.0,145.83898343846366,180.0,0.001,0.0,168.49599651495512,180.0,0.001,0.0,180.0,116.66717663159004,0.001,0.0,180.0,144.252052523128,0.001,0.0,180.0,168.10811923412575,0.001,0.0,119.2286171687213,116.66717663159004,0.001,0.0,145.83898343846366,144.252052523128,0.001,0.0,168.49599651495512,168.10811923412575,0.8196141975308642,0.001,0.0,129.3583827818159,180.0,0.001,0.0,138.54835256952862,180.0,0.001,0.0,151.34017229813776,180.0,0.001,0.0,180.0,107.9913197670614,0.001,0.0,180.0,121.28479215406888,0.001,0.0,180.0,135.26667153874615,0.021,-4.392317422778761,129.3583827818159,107.9913197670614,0.001,0.0,138.54835256952862,121.28479215406888,0.001,0.0,151.34017229813776,135.26667153874615
35,0.4,0.0,0.001,9.965784284662089,0.7894753086419753,0.001,0.0,106.79475846018993,180.0,0.001,0.0,128.75443844777433,180.0,0.001,0.0,153.81131969017625,180.0,0.002,-1.0,180.0,110.02703391683328,0.001,0.0,180.0,131.15160921007106,0.001,0.0,180.0,154.00979152968011,0.991,-9.952741247186488,106.79475846018993,110.02703391683328,0.492,-8.94251450533924,128.75443844777433,131.15160921007106,0.002,-1.0,153.81131969017625,154.00979152968011,0.7493827160493828,0.001,0.0,135.90614953508995,180.0,0.001,0.0,156.57669013101008,180.0,0.001,0.0,172.80219734302534,180.0,0.001,0.0,180.0,135.59251000566528,0.001,0.0,180.0,156.3003276772948,0.001,0.0,180.0,172.69755872851115,0.001,0.0,135.90614953508995,135.59251000566528,0.001,0.0,156.57669013101008,156.3003276772948,0.001,0.0,172.80219734302534,172.69755872851115,0.7674845679012345,0.001,0.0,125.4320369109255,180.0,0.001,0.0,133.8810665812067,180.0,0.001,0.0,145.70614524767765,180.0,0.001,0.0,180.0,129.92843700450695,0.001,0.0,180.0,138.07431589669872,0.001,0.0,180.0,149.36945122997423,0.016,-4.0,125.4320369109255,129.92843700450695,0.002,-1.0,133.8810665812067,138.07431589669872,0.001,0.0,145.70614524767765,149.36945122997423
36,0.4,0.0,0.001,9.965784284662089,0.8044444444444444,0.001,0.0,105.98075536999458,180.0,0.001,0.0,125.33421848021648,180.0,0.001,0.0,148.04229638356114,180.0,0.003,-1.584962500721156,180.0,100.23319645950176,0.001,0.0,180.0,124.803883806952,0.001,0.0,180.0,148.91594765129403,0.978,-9.933690654952231,105.98075536999458,100.23319645950176,0.441,-8.78463484555752,125.33421848021648,124.803883806952,0.001,0.0,148.04229638356114,148.91594765129403,0.7922685185185185,0.001,0.0,120.80999759834316,180.0,0.001,0.0,147.4043203845051,180.0,0.001,0.0,169.16859953142017,180.0,0.001,0.0,180.0,120.32841869051587,0.001,0.0,180.0,145.8882710027542,0.001,0.0,180.0,168.29561082844648,0.001,0.0,120.80999759834316,120.32841869051587,0.001,0.0,147.4043203845051,145.8882710027542,0.001,0.0,169.16859953142017,168.29561082844648,0.8238734567901235,0.001,0.0,120.77166246419692,180.0,0.001,0.0,138.30640222888272,180.0,0.001,0.0,153.91863164434244,180.0,0.001,0.0,180.0,117.46395931184854,0.001,0.0,180.0,134.3038350749739,0.001,0.0,180.0,150.24642409230313,0.084,-6.39231742277876,120.77166246419692,117.46395931184854,0.001,0.0,138.30640222888272,134.3038350749739,0.001,0.0,153.91863164434244,150.24642409230313
37,0.4,0.0,0.001,9.965784284662089,0.8139197530864197,0.001,0.0,99.55441942562184,180.0,0.001,0.0,120.88928196179704,180.0,0.001,0.0,143.52607600763244,180.0,0.01,-3.321928094887362,180.0,97.51943081797656,0.001,0.0,180.0,120.95723443196242,0.001,0.0,180.0,145.9899922604604,0.992,-9.954196310386877,99.55441942562184,97.51943081797656,0.638,-9.31741261376487,120.88928196179704,120.95723443196242,0.002,-1.0,143.52607600763244,145.9899922604604,0.774320987654321,0.001,0.0,125.84793515394496,180.0,0.001,0.0,150.47167386174888,180.0,0.001,0.0,170.31086474097123,180.0,0.001,0.0,180.0,123.8928834077907,0.001,0.0,180.0,148.24376914150028,0.001,0.0,180.0,169.2964344023747,0.001,0.0,125.84793515394496,123.8928834077907,0.001,0.0,150.47167386174888,148.24376914150028,0.001,0.0,170.31086474097123,169.2964344023747,0.8033024691358024,0.001,0.0,121.24138835748091,180.0,0.001,0.0,129.61560718279836,180.0,0.001,0.0,139.97437034921214,180.0,0.001,0.0,180.0,126.4516744392876,0.001,0.0,180.0,139.46707930758393,0.001,0.0,180.0,152.91838031785412,0.025,-4.643856189774724,121.24138835748091,126.4516744392876,0.001,0.0,129.61560718279836,139.46707930758393,0.001,0.0,139.97437034921214,152.91838031785412
38,0.4,0.0,0.001,9.965784284662089,0.8189506172839507,0.001,0.0,97.00604343536102,180.0,0.001,0.0,118.98108408393465,180.0,0.001,0.0,142.4950447766694,180.0,0.005,-2.321928094887362,180.0,98.22197467669936,0.001,0.0,180.0,120.13210793035827,0.001,0.0,180.0,144.15118532107317,0.995,-9.958552715431011,97.00604343536102,98.22197467669936,0.668,-9.383704292474052,118.98108408393465,120.13210793035827,0.003,-1.584962500721156,142.4950447766694,144.15118532107317,0.7741975308641975,0.001,0.0,127.43951718664012,180.0,0.001,0.0,151.12377789678072,180.0,0.001,0.0,170.74444971967466,180.0,0.001,0.0,180.0,131.400536847413,0.001,0.0,180.0,154.67488878020794,0.001,0.0,180.0,172.18841700657563,0.001,0.0,127.43951718664012,131.400536847413,0.001,0.0,151.12377789678072,154.67488878020794,0.001,0.0,170.74444971967466,172.18841700657563,0.8152623456790122,0.001,0.0,116.27583410229364,180.0,0.001,0.0,129.05282580695507,180.0,0.001,0.0,140.91683398015536,180.0,0.001,0.0,180.0,132.27974692155175,0.001,0.0,180.0,144.00095260860928,0.001,0.0,180.0,158.63348281747673,0.038,-5.247927513443585,116.27583410229364,132.27974692155175,0.002,-1.0,129.05282580695507,144.00095260860928,0.001,0.0,140.91683398015536,158.63348281747673
39,0.4,0.0,0.001,9.965784284662089,0.7980246913580247,0.001,0.0,108.25404543972222,180.0,0.001,0.0,125.3324201020794,180.0,0.001,0.0,146.38250887580338,180.0,0.035,-5.129283016944966,180.0,99.70230963339986,0.003,-1.584962500721156,180.0,121.30632913048456,0.001,0.0,180.0,146.23805989852647,0.991,-9.952741247186488,108.25404543972222,99.70230963339986,0.647,-9.337621901992508,125.3324201020794,121.30632913048456,0.006,-2.584962500721156,146.38250887580338,146.23805989852647,0.7850000000000001,0.001,0.0,132.33660499864723,180.0,0.001,0.0,153.94357325018802,180.0,0.001,0.0,171.70232927619264,180.0,0.001,0.0,180.0,127.7241329676567,0.001,0.0,180.0,150.80944319101988,0.001,0.0,180.0,170.55849922545391,0.001,0.0,132.33660499864723,127.7241329676567,0.001,0.0,153.94357325018802,150.80944319101988,0.001,0.0,171.70232927619264,170.55849922545391,0.8027469135802469,0.001,0.0,144.67963067556371,180.0,0.001,0.0,155.64138511959487,180.0,0.001,0.0,167.70056021563474,180.0,0.006,-2.584962500721156,180.0,105.57103085439226,0.002,-1.0,180.0,118.95265371368112,0.001,0.0,180.0,134.14500056342044,0.177,-7.467605550082997,144.67963067556371,105.57103085439226,0.025,-4.643856189774724,155.64138511959487,118.95265371368112,0.001,0.0,167.70056021563474,134.14500056342044
40,0.4,0.0,0.001,9.965784284662089,0.7911111111111111,0.001,0.0,104.82009098858975,180.0,0.001,0.0,124.7749340667,180.0,0.001,0.0,148.01033641571604,180.0,0.136,-7.087462841250339,180.0,106.86876961191376,0.004,-2.0,180.0,124.81935589072212,0.001,0.0,180.0,146.75099126924331,1.0,-9.965784284662089,104.82009098858975,106.86876961191376,0.973,-9.926295994781112,124.7749340667,124.81935589072212,0.098,-6.614709844115208,148.01033641571604,146.75099126924331,0.7830864197530865,0.001,0.0,130.3284468741495,180.0,0.001,0.0,152.01707496752667,180.0,0.001,0.0,170.72958051602134,180.0,0.001,0.0,180.0,128.91485934333065,0.001,0.0,180.0,151.76219799076804,0.001,0.0,180.0,170.83656066382056,0.001,0.0,130.3284468741495,128.91485934333065,0.001,0.0,152.01707496752667,151.76219799076804,0.001,0.0,170.72958051602134,170.83656066382056,0.8048148148148148,0.001,0.0,120.99075068042706,180.0,0.001,0.0,129.53150288868332,180.0,0.001,0.0,142.33616751455097,180.0,0.002,-1.0,180.0,120.24257934601174,0.001,0.0,180.0,127.940139759935,0.001,0.0,180.0,140.48366857727763,0.684,-9.417852514885896,120.99075068042706,120.24257934601174,0.455,-8.829722735086058,129.53150288868332,127.940139759935,0.048,-5.584962500721156,142.33616751455097,140.48366857727763
41,0.4,0.0,0.001,9.965784284662089,0.8072530864197531,0.001,0.0,101.05091307348567,180.0,0.001,0.0,121.58659424808332,180.0,0.001,0.0,146.14947702482755,180.0,0.001,0.0,180.0,101.61392116681829,0.001,0.0,180.0,120.99747749340833,0.001,0.0,180.0,145.46133264384622,0.97,-9.92184093707449,101.05091307348567,101.61392116681829,0.484,-8.918863237274595,121.58659424808332,120.99747749340833,0.002,-1.0,146.14947702482755,145.46133264384622,0.8315895061728396,0.001,0.0,110.40529082287276,180.0,0.001,0.0,141.0846026670564,180.0,0.001,0.0,166.9093164192707,180.0,0.001,0.0,180.0,108.98173807763844,0.001,0.0,180.0,136.17151115081114,0.001,0.0,180.0,163.48989695944437,0.001,0.0,110.40529082287276,108.98173807763844,0.001,0.0,141.0846026670564,136.17151115081114,0.001,0.0,166.9093164192707,163.48989695944437,0.8504783950617284,0.001,0.0,113.81973487803246,180.0,0.001,0.0,122.8680008760468,180.0,0.001,0.0,135.18178606762262,180.0,0.001,0.0,180.0,115.63505853442986,0.001,0.0,180.0,124.39275250877728,0.001,0.0,180.0,137.5363900596394,0.048,-5.584962500721156,113.81973487803246,115.63505853442986,0.011,-3.4594316186372973,122.8680008760468,124.39275250877728,0.002,-1.0,135.18178606762262,137.5363900596394
42,0.4,0.0,0.001,9.965784284662089,0.8182716049382717,0.001,0.0,95.26230173393336,180.0,0.001,0.0,118.50437548862956,180.0,0.001,0.0,144.3972010963086,180.0,0.001,0.0,180.0,99.87974394683724,0.001,0.0,180.0,119.44373535112209,0.001,0.0,180.0,143.23861069608245,0.999,-9.964340867792416,95.26230173393336,99.87974394683724,0.818,-9.67595703294175,118.50437548862956,119.44373535112209,0.002,-1.0,144.3972010963086,143.23861069608245,0.8067901234567902,0.001,0.0,113.7757681377511,180.0,0.001,0.0,140.62272566729789,180.0,0.001,0.0,165.95304974657884,180.0,0.001,0.0,180.0,123.75575877509866,0.001,0.0,180.0,148.96857261516448,0.001,0.0,180.0,169.5779001876865,0.001,0.0,113.7757681377511,123.75575877509866,0.001,0.0,140.62272566729789,148.96857261516448,0.001,0.0,165.95304974657884,169.5779001876865,0.8172993827160493,0.001,0.0,111.58753950313807,180.0,0.001,0.0,124.20599364502684,180.0,0.001,0.0,137.05969519153953,180.0,0.001,0.0,180.0,127.67004453019184,0.001,0.0,180.0,136.7531122326693,0.001,0.0,180.0,148.9793523561511,0.033,-5.044394119358453,111.58753950313807,127.67004453019184,0.002,-1.0,124.20599364502684,136.7531122326693,0.001,0.0,137.05969519153953,148.9793523561511
43,0.4,0.0,0.001,9.965784284662089,0.8441358024691359,0.001,0.0,88.43796932082938,180.0,0.001,0.0,109.89462866708944,180.0,0.001,0.0,134.5572356266162,180.0,0.005,-2.321928094887362,180.0,89.46049667697375,0.001,0.0,180.0,110.46673761506104,0.001,0.0,180.0,135.92746184673618,1.0,-9.965784284662089,88.43796932082938,89.46049667697375,0.906,-9.823367240046236,109.89462866708944,110.46673761506104,0.008,-3.0,134.5572356266162,135.92746184673618,0.8248148148148148,0.001,0.0,110.94858496087664,180.0,0.001,0.0,140.5141176785729,180.0,0.001,0.0,166.5488495735125,180.0,0.001,0.0,180.0,105.9176720732648,0.001,0.0,180.0,135.0130136178159,0.001,0.0,180.0,163.68174752472183,0.001,0.0,110.94858496087664,105.9176720732648,0.001,0.0,140.5141176785729,135.0130136178159,0.001,0.0,166.5488495735125,163.68174752472183,0.8331018518518518,0.001,0.0,118.53248331997511,180.0,0.001,0.0,127.10439056067256,180.0,0.001,0.0,140.44053096545247,180.0,0.001,0.0,180.0,114.52956327359163,0.001,0.0,180.0,123.27127292743216,0.001,0.0,180.0,136.8949012729555,0.095,-6.569855608330948,118.53248331997511,114.52956327359163,0.01,-3.321928094887362,127.10439056067256,123.27127292743216,0.001,0.0,140.44053096545247,136.8949012729555
44,0.4,0.0,0.001,9.965784284662089,0.8103395061728396,0.001,0.0,97.21712768059066,180.0,0.001,0.0,118.90008074096336,180.0,0.001,0.0,144.34686255475884,180.0,0.007,-2.8073549220576037,180.0,102.12871616002803,0.001,0.0,180.0,121.01949459366436,0.001,0.0,180.0,142.12432555742964,1.0,-9.965784284662089,97.21712768059066,102.12871616002803,0.901,-9.815383295813538,118.90008074096336,121.01949459366436,0.025,-4.643856189774724,144.34686255475884,142.12432555742964,0.7824845679012346,0.001,0.0,127.80810632067865,180.0,0.001,0.0,150.62147697164366,180.0,0.001,0.0,170.32987641043985,180.0,0.001,0.0,180.0,128.9628145435084,0.001,0.0,180.0,152.15237392930837,0.001,0.0,180.0,171.14174881843957,0.002,-1.0,127.80810632067865,128.9628145435084,0.001,0.0,150.62147697164366,152.15237392930837,0.001,0.0,170.32987641043985,171.14174881843957,0.796712962962963,0.001,0.0,121.81937156979686,180.0,0.001,0.0,135.54430621777752,180.0,0.001,0.0,152.4699015926124,180.0,0.001,0.0,180.0,120.29456877244752,0.001,0.0,180.0,132.50223319176425,0.001,0.0,180.0,144.48391740649797,0.122,-6.930737337562887,121.81937156979686,120.29456877244752,0.012,-3.584962500721156,135.54430621777752,132.50223319176425,0.001,0.0,152.4699015926124,144.48391740649797
45,0.4,0.0,0.001,9.965784284662089,0.8227469135802469,0.001,0.0,90.78179033614389,180.0,0.001,0.0,113.75283903501382,180.0,0.001,0.0,139.7040545618856,180.0,0.001,0.0,180.0,100.74892803927392,0.001,0.0,180.0,119.82086374860704,0.001,0.0,180.0,141.43908064008247,0.996,-9.96000193206808,90.78179033614389,100.74892803927392,0.678,-9.405141463136344,113.75283903501382,119.82086374860704,0.002,-1.0,139.7040545618856,141.43908064008247,0.7605092592592593,0.001,0.0,131.20163417619608,180.0,0.001,0.0,153.34169519869332,180.0,0.001,0.0,171.54166253260436,180.0,0.001,0.0,180.0,137.1644162917725,0.001,0.0,180.0,157.11615646290542,0.001,0.0,180.0,172.8245073715259,0.001,0.0,131.20163417619608,137.1644162917725,0.001,0.0,153.34169519869332,157.11615646290542,0.001,0.0,171.54166253260436,172.8245073715259,0.7938117283950618,0.001,0.0,112.83554869958142,180.0,0.001,0.0,124.09425245701304,180.0,0.001,0.0,138.6770144831969,180.0,0.001,0.0,180.0,129.05740249237147,0.001,0.0,180.0,144.06280766036005,0.001,0.0,180.0,157.00398140602277,0.004,-2.0,112.83554869958142,129.05740249237147,0.001,0.0,124.09425245701304,144.06280766036005,0.001,0.0,138.6770144831969,157.00398140602277
46,0.4,0.0,0.001,9.965784284662089,0.8333333333333333,0.001,0.0,87.4910339260817,180.0,0.001,0.0,109.67884263465808,180.0,0.001,0.0,134.0016295044373,180.0,0.001,0.0,180.0,98.35955256138092,0.001,0.0,180.0,117.51961830742358,0.001,0.0,180.0,141.6555033415907,0.997,-9.961449694398196,87.4910339260817,98.35955256138092,0.877,-9.776433032444732,109.67884263465808,117.51961830742358,0.025,-4.643856189774724,134.0016295044373,141.6555033415907,0.8354320987654321,0.001,0.0,108.4708420839428,180.0,0.001,0.0,137.96377752848528,180.0,0.001,0.0,165.1456260801291,180.0,0.001,0.0,180.0,109.82079205889217,0.001,0.0,180.0,138.75731804678514,0.001,0.0,180.0,165.46167929568313,0.003,-1.584962500721156,108.4708420839428,109.82079205889217,0.001,0.0,137.96377752848528,138.75731804678514,0.001,0.0,165.1456260801291,165.46167929568313,0.8389506172839506,0.001,0.0,109.211102589878,180.0,0.001,0.0,118.5816037015959,180.0,0.001,0.0,132.10267118077786,180.0,0.001,0.0,180.0,129.0144244403757,0.001,0.0,180.0,138.7947763771206,0.001,0.0,180.0,151.06662473915625,0.109,-6.768184324776927,109.211102589878,129.0144244403757,0.009,-3.169925001442312,118.5816037015959,138.7947763771206,0.001,0.0,132.10267118077786,151.06662473915625
47,0.4,0.0,0.001,9.965784284662089,0.7878703703703703,0.001,0.0,108.1361422007204,180.0,0.001,0.0,127.4768818971474,180.0,0.001,0.0,150.69511875622626,180.0,0.01,-3.321928094887362,180.0,106.91020213186174,0.001,0.0,180.0,127.67962597532836,0.001,0.0,180.0,150.9231844880179,0.99,-9.951284714966972,108.1361422007204,106.91020213186174,0.622,-9.280770770130603,127.4768818971474,127.67962597532836,0.002,-1.0,150.69511875622626,150.9231844880179,0.7915123456790123,0.001,0.0,130.6140295868723,180.0,0.001,0.0,152.6973783707636,180.0,0.001,0.0,171.1524665808173,180.0,0.001,0.0,180.0,131.15895331889925,0.001,0.0,180.0,153.83940467211275,0.001,0.0,180.0,171.8094101985475,0.001,0.0,130.6140295868723,131.15895331889925,0.001,0.0,152.6973783707636,153.83940467211275,0.001,0.0,171.1524665808173,171.8094101985475,0.8069598765432099,0.001,0.0,127.05072646977963,180.0,0.001,0.0,136.5516919833628,180.0,0.001,0.0,149.04607591199547,180.0,0.001,0.0,180.0,121.2743662134624,0.001,0.0,180.0,131.96562823233907,0.001,0.0,180.0,143.57162667958437,0.044,-5.459431618637297,127.05072646977963,121.2743662134624,0.009,-3.169925001442312,136.5516919833628,131.96562823233907,0.001,0.0,149.04607591199547,143.57162667958437
48,0.4,0.0,0.001,9.965784284662089,0.827283950617284,0.001,0.0,95.24973619449403,180.0,0.001,0.0,116.42662621198656,180.0,0.001,0.0,140.00192594484054,180.0,0.003,-1.584962500721156,180.0,93.3013392077878,0.001,0.0,180.0,115.24193898441436,0.001,0.0,180.0,140.3228397027786,0.988,-9.948367231584678,95.24973619449403,93.3013392077878,0.546,-9.092757140919852,116.42662621198656,115.24193898441436,0.002,-1.0,140.00192594484054,140.3228397027786,0.761929012345679,0.001,0.0,136.58427954081944,180.0,0.001,0.0,157.30299771127056,180.0,0.001,0.0,173.03919969668806,180.0,0.001,0.0,180.0,132.61552987099705,0.001,0.0,180.0,154.30568815483144,0.001,0.0,180.0,171.91889095817965,0.001,0.0,136.58427954081944,132.61552987099705,0.001,0.0,157.30299771127056,154.30568815483144,0.001,0.0,173.03919969668806,171.91889095817965,0.8016666666666666,0.001,0.0,120.32157514749656,180.0,0.001,0.0,136.58312148890855,180.0,0.001,0.0,152.1290786149979,180.0,0.001,0.0,180.0,123.77743990556507,0.001,0.0,180.0,137.67189288749174,0.001,0.0,180.0,151.55709300617525,0.009,-3.169925001442312,120.32157514749656,123.77743990556507,0.001,0.0,136.58312148890855,137.67189288749174,0.001,0.0,152.1290786149979,151.55709300617525
49,0.4,0.0,0.001,9.965784284662089,0.756141975308642,0.001,0.0,115.37229028563353,180.0,0.001,0.0,135.6000102198798,180.0,0.001,0.0,156.9860204184423,180.0,0.028,-4.807354922057604,180.0,119.21884899418056,0.001,0.0,180.0,138.56353718536195,0.001,0.0,180.0,159.25704147545443,0.995,-9.958552715431011,115.37229028563353,119.21884899418056,0.732,-9.515699838284045,135.6000102198798,138.56353718536195,0.006,-2.584962500721156,156.9860204184423,159.25704147545443,0.722037037037037,0.001,0.0,142.35910134471283,180.0,0.001,0.0,160.51474467968723,180.0,0.001,0.0,174.1524957528628,180.0,0.001,0.0,180.0,144.48842301299328,0.001,0.0,180.0,161.73506541617664,0.001,0.0,180.0,174.4990545586521,0.001,0.0,142.35910134471283,144.48842301299328,0.001,0.0,160.51474467968723,161.73506541617664,0.001,0.0,174.1524957528628,174.4990545586521,0.7581481481481481,0.001,0.0,123.65272881082204,180.0,0.001,0.0,137.1513561849562,180.0,0.001,0.0,149.27039396797812,180.0,0.001,0.0,180.0,142.2621315501284,0.001,0.0,180.0,155.77507054950308,0.001,0.0,180.0,168.46366214086004,0.08,-6.321928094887362,123.65272881082204,142.2621315501284,0.003,-1.584962500721156,137.1513561849562,155.77507054950308,0.001,0.0,149.27039396797812,168.46366214086004
