repeat,effect_size,severity,mode,statistic,pvalue,reject,source_ess,target_ess,source_max_weight,target_max_weight
0,0.0,0.25,unweighted,0.14355035436671237,0.002,1.0,180.0,180.0,1.0,1.0
0,0.0,0.25,source,0.11539785722442283,0.002,1.0,149.28943944914212,180.0,1.9346634250197123,1.0
0,0.0,0.25,target,0.09820947377023673,0.14,0.0,180.0,152.64782003518414,1.0,1.8264684114744818
0,0.0,0.25,both,0.06889619585549828,0.934,0.0,149.28943944914212,152.64782003518414,1.9346634250197123,1.8264684114744818
0,0.0,0.25,crump,0.14195361532164905,0.002,1.0,179.0,179.0,1.0,1.0
0,0.15,0.25,unweighted,0.15205317310623379,0.002,1.0,180.0,180.0,1.0,1.0
0,0.15,0.25,source,0.12281730585017639,0.002,1.0,149.28943944914212,180.0,1.9346634250197123,1.0
0,0.15,0.25,target,0.10726093019134987,0.024,1.0,180.0,152.64782003518414,1.0,1.8264684114744818
0,0.15,0.25,both,0.07634146479999311,0.79,0.0,149.28943944914212,152.64782003518414,1.9346634250197123,1.8264684114744818
0,0.15,0.25,crump,0.15049891684912955,0.002,1.0,179.0,179.0,1.0,1.0
0,0.3,0.25,unweighted,0.16080545076969974,0.002,1.0,180.0,180.0,1.0,1.0
0,0.3,0.25,source,0.13051244646867824,0.002,1.0,149.28943944914212,180.0,1.9346634250197123,1.0
0,0.3,0.25,target,0.11671411757934391,0.004,1.0,180.0,152.64782003518414,1.0,1.8264684114744818
0,0.3,0.25,both,0.08421823038285581,0.542,0.0,149.28943944914212,152.64782003518414,1.9346634250197123,1.8264684114744818
0,0.3,0.25,crump,0.1592770744257273,0.002,1.0,179.0,179.0,1.0,1.0
0,0.45,0.25,unweighted,0.1697896900243865,0.002,1.0,180.0,180.0,1.0,1.0
0,0.45,0.25,source,0.13874064477342926,0.002,1.0,149.28943944914212,180.0,1.9346634250197123,1.0
0,0.45,0.25,target,0.12659259997408656,0.002,1.0,180.0,152.64782003518414,1.0,1.8264684114744818
0,0.45,0.25,both,0.09275505958006741,0.278,0.0,149.28943944914212,152.64782003518414,1.9346634250197123,1.8264684114744818
0,0.45,0.25,crump,0.16830557738599952,0.002,1.0,179.0,179.0,1.0,1.0
0,0.6,0.25,unweighted,0.17880221764974852,0.002,1.0,180.0,180.0,1.0,1.0
0,0.6,0.25,source,0.14715046451001965,0.002,1.0,149.28943944914212,180.0,1.9346634250197123,1.0
0,0.6,0.25,target,0.13668796593836047,0.002,1.0,180.0,152.64782003518414,1.0,1.8264684114744818
0,0.6,0.25,both,0.10169083088297648,0.078,0.0,149.28943944914212,152.64782003518414,1.9346634250197123,1.8264684114744818
0,0.6,0.25,crump,0.17736103953939564,0.002,1.0,179.0,179.0,1.0,1.0
1,0.0,0.25,unweighted,0.17441566167504954,0.002,1.0,180.0,180.0,1.0,1.0
1,0.0,0.25,source,0.14642247957696009,0.002,1.0,141.7644162246427,180.0,2.1827815267507042,1.0
1,0.0,0.25,target,0.11129751307140714,0.006,1.0,180.0,136.4392248291213,1.0,2.262574102169735
1,0.0,0.25,both,0.08011313212317415,0.668,0.0,141.7644162246427,136.4392248291213,2.1827815267507042,2.262574102169735
1,0.0,0.25,crump,0.14646793843082945,0.002,1.0,164.0,159.0,1.0,1.0
1,0.15,0.25,unweighted,0.1825578894223442,0.002,1.0,180.0,180.0,1.0,1.0
1,0.15,0.25,source,0.15391717080333459,0.002,1.0,141.7644162246427,180.0,2.1827815267507042,1.0
1,0.15,0.25,target,0.12055329542290957,0.002,1.0,180.0,136.4392248291213,1.0,2.262574102169735
1,0.15,0.25,both,0.08797994155646469,0.378,0.0,141.7644162246427,136.4392248291213,2.1827815267507042,2.262574102169735
1,0.15,0.25,crump,0.15566246906835912,0.002,1.0,164.0,159.0,1.0,1.0
1,0.3,0.25,unweighted,0.19013405445054107,0.002,1.0,180.0,180.0,1.0,1.0
1,0.3,0.25,source,0.16071511675618383,0.002,1.0,141.7644162246427,180.0,2.1827815267507042,1.0
1,0.3,0.25,target,0.1296410152115851,0.002,1.0,180.0,136.4392248291213,1.0,2.262574102169735
1,0.3,0.25,both,0.09552482796014544,0.198,0.0,141.7644162246427,136.4392248291213,2.1827815267507042,2.262574102169735
1,0.3,0.25,crump,0.16417416265902474,0.002,1.0,164.0,159.0,1.0,1.0
1,0.45,0.25,unweighted,0.1989322654702027,0.002,1.0,180.0,180.0,1.0,1.0
1,0.45,0.25,source,0.16924488802928514,0.002,1.0,141.7644162246427,180.0,2.1827815267507042,1.0
1,0.45,0.25,target,0.1402694380061174,0.002,1.0,180.0,136.4392248291213,1.0,2.262574102169735
1,0.45,0.25,both,0.10521300098068508,0.048,1.0,141.7644162246427,136.4392248291213,2.1827815267507042,2.262574102169735
1,0.45,0.25,crump,0.1742783318636897,0.002,1.0,164.0,159.0,1.0,1.0
1,0.6,0.25,unweighted,0.2080460248056699,0.002,1.0,180.0,180.0,1.0,1.0
1,0.6,0.25,source,0.17837117465328606,0.002,1.0,141.7644162246427,180.0,2.1827815267507042,1.0
1,0.6,0.25,target,0.15133841796764888,0.002,1.0,180.0,136.4392248291213,1.0,2.262574102169735
1,0.6,0.25,both,0.1155591595183445,0.006,1.0,141.7644162246427,136.4392248291213,2.1827815267507042,2.262574102169735
1,0.6,0.25,crump,0.18473114219324485,0.002,1.0,164.0,159.0,1.0,1.0
2,0.0,0.25,unweighted,0.1532447302240512,0.002,1.0,180.0,180.0,1.0,1.0
2,0.0,0.25,source,0.12315090485408861,0.002,1.0,150.13052548181173,180.0,2.0857909285125316,1.0
2,0.0,0.25,target,0.10862125134727235,0.02,1.0,180.0,151.44165616875128,1.0,1.8816930442120625
2,0.0,0.25,both,0.07718700881198579,0.758,0.0,150.13052548181173,151.44165616875128,2.0857909285125316,1.8816930442120625
2,0.0,0.25,crump,0.1517180866236289,0.002,1.0,179.0,179.0,1.0,1.0
2,0.15,0.25,unweighted,0.1619674516079866,0.002,1.0,180.0,180.0,1.0,1.0
2,0.15,0.25,source,0.13115336467875452,0.002,1.0,150.13052548181173,180.0,2.0857909285125316,1.0
2,0.15,0.25,target,0.11805874755519455,0.002,1.0,180.0,151.44165616875128,1.0,1.8816930442120625
2,0.15,0.25,both,0.08535437078212811,0.51,0.0,150.13052548181173,151.44165616875128,2.0857909285125316,1.8816930442120625
2,0.15,0.25,crump,0.16048842927785673,0.002,1.0,179.0,179.0,1.0,1.0
2,0.3,0.25,unweighted,0.1705906083295229,0.002,1.0,180.0,180.0,1.0,1.0
2,0.3,0.25,source,0.13898909884909894,0.002,1.0,150.13052548181173,180.0,2.0857909285125316,1.0
2,0.3,0.25,target,0.12783588183771263,0.002,1.0,180.0,151.44165616875128,1.0,1.8816930442120625
2,0.3,0.25,both,0.09377447610013603,0.254,0.0,150.13052548181173,151.44165616875128,2.0857909285125316,1.8816930442120625
2,0.3,0.25,crump,0.16915083872716796,0.002,1.0,179.0,179.0,1.0,1.0
2,0.45,0.25,unweighted,0.1788050221002896,0.002,1.0,180.0,180.0,1.0,1.0
2,0.45,0.25,source,0.14676801461266523,0.002,1.0,150.13052548181173,180.0,2.0857909285125316,1.0
2,0.45,0.25,target,0.1370513395054995,0.002,1.0,180.0,151.44165616875128,1.0,1.8816930442120625
2,0.45,0.25,both,0.1020978763112474,0.086,0.0,150.13052548181173,151.44165616875128,2.0857909285125316,1.8816930442120625
2,0.45,0.25,crump,0.17740128595127164,0.002,1.0,179.0,179.0,1.0,1.0
2,0.6,0.25,unweighted,0.18810746932632222,0.002,1.0,180.0,180.0,1.0,1.0
2,0.6,0.25,source,0.15501249111313278,0.002,1.0,150.13052548181173,180.0,2.0857909285125316,1.0
2,0.6,0.25,target,0.14775905926238597,0.002,1.0,180.0,151.44165616875128,1.0,1.8816930442120625
2,0.6,0.25,both,0.1112620450277026,0.01,1.0,150.13052548181173,151.44165616875128,2.0857909285125316,1.8816930442120625
2,0.6,0.25,crump,0.18673782036434367,0.002,1.0,179.0,179.0,1.0,1.0
3,0.0,0.25,unweighted,0.16934089125133364,0.002,1.0,180.0,180.0,1.0,1.0
3,0.0,0.25,source,0.1473406395609687,0.002,1.0,151.04120226017574,180.0,1.8529626589250903,1.0
3,0.0,0.25,target,0.11483660051655357,0.004,1.0,180.0,146.49383024640608,1.0,2.101606333931751
3,0.0,0.25,both,0.089840694483014,0.348,0.0,151.04120226017574,146.49383024640608,1.8529626589250903,2.101606333931751
3,0.0,0.25,crump,0.1675898625630759,0.002,1.0,178.0,179.0,1.0,1.0
3,0.15,0.25,unweighted,0.1768638345907636,0.002,1.0,180.0,180.0,1.0,1.0
3,0.15,0.25,source,0.1541561929417843,0.002,1.0,151.04120226017574,180.0,1.8529626589250903,1.0
3,0.15,0.25,target,0.1232744388433784,0.002,1.0,180.0,146.49383024640608,1.0,2.101606333931751
3,0.15,0.25,both,0.09712920220879107,0.128,0.0,151.04120226017574,146.49383024640608,1.8529626589250903,2.101606333931751
3,0.15,0.25,crump,0.17514754066090676,0.002,1.0,178.0,179.0,1.0,1.0
3,0.3,0.25,unweighted,0.1851501524157903,0.002,1.0,180.0,180.0,1.0,1.0
3,0.3,0.25,source,0.1617831664767527,0.002,1.0,151.04120226017574,180.0,1.8529626589250903,1.0
3,0.3,0.25,target,0.13276925306302523,0.002,1.0,180.0,146.49383024640608,1.0,2.101606333931751
3,0.3,0.25,both,0.10545811108211872,0.052,0.0,151.04120226017574,146.49383024640608,1.8529626589250903,2.101606333931751
3,0.3,0.25,crump,0.18348128204472494,0.002,1.0,178.0,179.0,1.0,1.0
3,0.45,0.25,unweighted,0.19378075750647766,0.002,1.0,180.0,180.0,1.0,1.0
3,0.45,0.25,source,0.16990811118807847,0.002,1.0,151.04120226017574,180.0,1.8529626589250903,1.0
3,0.45,0.25,target,0.1429295942440566,0.002,1.0,180.0,146.49383024640608,1.0,2.101606333931751
3,0.45,0.25,both,0.11458191529780792,0.008,1.0,151.04120226017574,146.49383024640608,1.8529626589250903,2.101606333931751
3,0.45,0.25,crump,0.1921593707543747,0.002,1.0,178.0,179.0,1.0,1.0
3,0.6,0.25,unweighted,0.20344650491540925,0.002,1.0,180.0,180.0,1.0,1.0
3,0.6,0.25,source,0.17896833365727002,0.002,1.0,151.04120226017574,180.0,1.8529626589250903,1.0
3,0.6,0.25,target,0.15433348228944516,0.002,1.0,180.0,146.49383024640608,1.0,2.101606333931751
3,0.6,0.25,both,0.12489438992706173,0.002,1.0,151.04120226017574,146.49383024640608,1.8529626589250903,2.101606333931751
3,0.6,0.25,crump,0.20188217535711445,0.002,1.0,178.0,179.0,1.0,1.0
4,0.0,0.25,unweighted,0.16767524577046183,0.002,1.0,180.0,180.0,1.0,1.0
4,0.0,0.25,source,0.1446125379039841,0.002,1.0,148.7931922528914,180.0,2.020547454982799,1.0
4,0.0,0.25,target,0.11214364917313775,0.01,1.0,180.0,145.42534974499708,1.0,1.9971528138798347
4,0.0,0.25,both,0.08581214830683784,0.472,0.0,148.7931922528914,145.42534974499708,2.020547454982799,1.9971528138798347
4,0.0,0.25,crump,0.16362316166016966,0.002,1.0,175.0,178.0,1.0,1.0
4,0.15,0.25,unweighted,0.17577205551745162,0.002,1.0,180.0,180.0,1.0,1.0
4,0.15,0.25,source,0.15235765976844814,0.002,1.0,148.7931922528914,180.0,2.020547454982799,1.0
4,0.15,0.25,target,0.12148054776866464,0.002,1.0,180.0,145.42534974499708,1.0,1.9971528138798347
4,0.15,0.25,both,0.09421383120776101,0.22,0.0,148.7931922528914,145.42534974499708,2.020547454982799,1.9971528138798347
4,0.15,0.25,crump,0.17179928482982276,0.002,1.0,175.0,178.0,1.0,1.0
4,0.3,0.25,unweighted,0.18500136412132295,0.002,1.0,180.0,180.0,1.0,1.0
4,0.3,0.25,source,0.16106344881889043,0.002,1.0,148.7931922528914,180.0,2.020547454982799,1.0
4,0.3,0.25,target,0.13230153866908662,0.002,1.0,180.0,145.42534974499708,1.0,1.9971528138798347
4,0.3,0.25,both,0.10405165314067773,0.05,0.0,148.7931922528914,145.42534974499708,2.020547454982799,1.9971528138798347
4,0.3,0.25,crump,0.18114653021915028,0.002,1.0,175.0,178.0,1.0,1.0
4,0.45,0.25,unweighted,0.1939205008763908,0.002,1.0,180.0,180.0,1.0,1.0
4,0.45,0.25,source,0.1702108643220133,0.002,1.0,148.7931922528914,180.0,2.020547454982799,1.0
4,0.45,0.25,target,0.1427505935999993,0.002,1.0,180.0,145.42534974499708,1.0,1.9971528138798347
4,0.45,0.25,both,0.1142111473714622,0.006,1.0,148.7931922528914,145.42534974499708,2.020547454982799,1.9971528138798347
4,0.45,0.25,crump,0.1901867278147214,0.002,1.0,175.0,178.0,1.0,1.0
4,0.6,0.25,unweighted,0.20337950198140525,0.002,1.0,180.0,180.0,1.0,1.0
4,0.6,0.25,source,0.17942662931303302,0.002,1.0,148.7931922528914,180.0,2.020547454982799,1.0
4,0.6,0.25,target,0.15418553949119285,0.002,1.0,180.0,145.42534974499708,1.0,1.9971528138798347
4,0.6,0.25,both,0.12496063747705574,0.002,1.0,148.7931922528914,145.42534974499708,2.020547454982799,1.9971528138798347
4,0.6,0.25,crump,0.199782502309431,0.002,1.0,175.0,178.0,1.0,1.0
5,0.0,0.25,unweighted,0.1530570092211553,0.002,1.0,180.0,180.0,1.0,1.0
5,0.0,0.25,source,0.1235404420136823,0.004,1.0,150.0463687150362,180.0,1.9663954116768043,1.0
5,0.0,0.25,target,0.10913006591274896,0.01,1.0,180.0,150.49008630196622,1.0,1.9111486571274556
5,0.0,0.25,both,0.0783096166883887,0.714,0.0,150.0463687150362,150.49008630196622,1.9663954116768043,1.9111486571274556
5,0.0,0.25,crump,0.15258052459206564,0.002,1.0,179.0,180.0,1.0,1.0
5,0.15,0.25,unweighted,0.16152794257735104,0.002,1.0,180.0,180.0,1.0,1.0
5,0.15,0.25,source,0.1315285187866149,0.002,1.0,150.0463687150362,180.0,1.9663954116768043,1.0
5,0.15,0.25,target,0.11846185783178828,0.004,1.0,180.0,150.49008630196622,1.0,1.9111486571274556
5,0.15,0.25,both,0.08677407785106848,0.412,0.0,150.0463687150362,150.49008630196622,1.9663954116768043,1.9111486571274556
5,0.15,0.25,crump,0.16105525758808675,0.002,1.0,179.0,180.0,1.0,1.0
5,0.3,0.25,unweighted,0.1700550020957171,0.002,1.0,180.0,180.0,1.0,1.0
5,0.3,0.25,source,0.1398134803489835,0.002,1.0,150.0463687150362,180.0,1.9663954116768043,1.0
5,0.3,0.25,target,0.12810715814666918,0.002,1.0,180.0,150.49008630196622,1.0,1.9111486571274556
5,0.3,0.25,both,0.0958948845372515,0.152,0.0,150.0463687150362,150.49008630196622,1.9663954116768043,1.9111486571274556
5,0.3,0.25,crump,0.16958878106420558,0.002,1.0,179.0,180.0,1.0,1.0
5,0.45,0.25,unweighted,0.17898376581313824,0.002,1.0,180.0,180.0,1.0,1.0
5,0.45,0.25,source,0.14858176081131644,0.002,1.0,150.0463687150362,180.0,1.9663954116768043,1.0
5,0.45,0.25,target,0.13816623402343386,0.002,1.0,180.0,150.49008630196622,1.0,1.9111486571274556
5,0.45,0.25,both,0.10543118484527521,0.028,1.0,150.0463687150362,150.49008630196622,1.9663954116768043,1.9111486571274556
5,0.45,0.25,crump,0.17852567409025183,0.002,1.0,179.0,180.0,1.0,1.0
5,0.6,0.25,unweighted,0.18808886507392164,0.002,1.0,180.0,180.0,1.0,1.0
5,0.6,0.25,source,0.15760822836574584,0.002,1.0,150.0463687150362,180.0,1.9663954116768043,1.0
5,0.6,0.25,target,0.14854361545459066,0.002,1.0,180.0,150.49008630196622,1.0,1.9111486571274556
5,0.6,0.25,both,0.11537350387464115,0.006,1.0,150.0463687150362,150.49008630196622,1.9663954116768043,1.9111486571274556
5,0.6,0.25,crump,0.1876395827110946,0.002,1.0,179.0,180.0,1.0,1.0
6,0.0,0.25,unweighted,0.16349838153482701,0.002,1.0,180.0,180.0,1.0,1.0
6,0.0,0.25,source,0.1282290817392423,0.002,1.0,139.88429679282217,180.0,2.1951270105871132,1.0
6,0.0,0.25,target,0.11233306087264612,0.002,1.0,180.0,145.53747093697905,1.0,2.113331854383976
6,0.0,0.25,both,0.07450622546867748,0.844,0.0,139.88429679282217,145.53747093697905,2.1951270105871132,2.113331854383976
6,0.0,0.25,crump,0.1508907540158462,0.002,1.0,168.0,173.0,1.0,1.0
6,0.15,0.25,unweighted,0.17196844040542603,0.002,1.0,180.0,180.0,1.0,1.0
6,0.15,0.25,source,0.13602833254815333,0.002,1.0,139.88429679282217,180.0,2.1951270105871132,1.0
6,0.15,0.25,target,0.12192139966097565,0.002,1.0,180.0,145.53747093697905,1.0,2.113331854383976
6,0.15,0.25,both,0.08266117089839582,0.608,0.0,139.88429679282217,145.53747093697905,2.1951270105871132,2.113331854383976
6,0.15,0.25,crump,0.15972301339392994,0.002,1.0,168.0,173.0,1.0,1.0
6,0.3,0.25,unweighted,0.18008468507087336,0.002,1.0,180.0,180.0,1.0,1.0
6,0.3,0.25,source,0.14347052795458576,0.002,1.0,139.88429679282217,180.0,2.1951270105871132,1.0
6,0.3,0.25,target,0.13119521535352227,0.002,1.0,180.0,145.53747093697905,1.0,2.113331854383976
6,0.3,0.25,both,0.09060209801257119,0.318,0.0,139.88429679282217,145.53747093697905,2.1951270105871132,2.113331854383976
6,0.3,0.25,crump,0.1681841961742262,0.002,1.0,168.0,173.0,1.0,1.0
6,0.45,0.25,unweighted,0.18811077960676725,0.002,1.0,180.0,180.0,1.0,1.0
6,0.45,0.25,source,0.15112627368417655,0.002,1.0,139.88429679282217,180.0,2.1951270105871132,1.0
6,0.45,0.25,target,0.1403421258033439,0.002,1.0,180.0,145.53747093697905,1.0,2.113331854383976
6,0.45,0.25,both,0.09877341144519623,0.12,0.0,139.88429679282217,145.53747093697905,2.1951270105871132,2.113331854383976
6,0.45,0.25,crump,0.17655833909511143,0.002,1.0,168.0,173.0,1.0,1.0
6,0.6,0.25,unweighted,0.19699351566072243,0.002,1.0,180.0,180.0,1.0,1.0
6,0.6,0.25,source,0.15997869344187537,0.002,1.0,139.88429679282217,180.0,2.1951270105871132,1.0
6,0.6,0.25,target,0.15071264231721757,0.002,1.0,180.0,145.53747093697905,1.0,2.113331854383976
6,0.6,0.25,both,0.10840792204349514,0.014,1.0,139.88429679282217,145.53747093697905,2.1951270105871132,2.113331854383976
6,0.6,0.25,crump,0.18590137112568217,0.002,1.0,168.0,173.0,1.0,1.0
7,0.0,0.25,unweighted,0.16785621475384851,0.002,1.0,180.0,180.0,1.0,1.0
7,0.0,0.25,source,0.13069930119778475,0.002,1.0,139.86347568446084,180.0,2.0555783694027983,1.0
7,0.0,0.25,target,0.11354373714956417,0.004,1.0,180.0,143.28921852398273,1.0,2.074580151542966
7,0.0,0.25,both,0.07128797074318695,0.912,0.0,139.86347568446084,143.28921852398273,2.0555783694027983,2.074580151542966
7,0.0,0.25,crump,0.15708017795353435,0.002,1.0,170.0,175.0,1.0,1.0
7,0.15,0.25,unweighted,0.17524263736473097,0.002,1.0,180.0,180.0,1.0,1.0
7,0.15,0.25,source,0.1364301586483262,0.002,1.0,139.86347568446084,180.0,2.0555783694027983,1.0
7,0.15,0.25,target,0.12221866634417833,0.002,1.0,180.0,143.28921852398273,1.0,2.074580151542966
7,0.15,0.25,both,0.07774378673908594,0.78,0.0,139.86347568446084,143.28921852398273,2.0555783694027983,2.074580151542966
7,0.15,0.25,crump,0.16444243086854116,0.002,1.0,170.0,175.0,1.0,1.0
7,0.3,0.25,unweighted,0.184875042866941,0.002,1.0,180.0,180.0,1.0,1.0
7,0.3,0.25,source,0.14352177241831077,0.002,1.0,139.86347568446084,180.0,2.0555783694027983,1.0
7,0.3,0.25,target,0.1334101863283012,0.002,1.0,180.0,143.28921852398273,1.0,2.074580151542966
7,0.3,0.25,both,0.08566940445567625,0.486,0.0,139.86347568446084,143.28921852398273,2.0555783694027983,2.074580151542966
7,0.3,0.25,crump,0.17383709109941553,0.002,1.0,170.0,175.0,1.0,1.0
7,0.45,0.25,unweighted,0.1935110310928212,0.002,1.0,180.0,180.0,1.0,1.0
7,0.45,0.25,source,0.15059562205071358,0.002,1.0,139.86347568446084,180.0,2.0555783694027983,1.0
7,0.45,0.25,target,0.14382226019123237,0.002,1.0,180.0,143.28921852398273,1.0,2.074580151542966
7,0.45,0.25,both,0.09393808691656669,0.202,0.0,139.86347568446084,143.28921852398273,2.0555783694027983,2.074580151542966
7,0.45,0.25,crump,0.18254644529091912,0.002,1.0,170.0,175.0,1.0,1.0
7,0.6,0.25,unweighted,0.20210086114921508,0.002,1.0,180.0,180.0,1.0,1.0
7,0.6,0.25,source,0.15828323241597206,0.002,1.0,139.86347568446084,180.0,2.0555783694027983,1.0
7,0.6,0.25,target,0.15410604894063978,0.002,1.0,180.0,143.28921852398273,1.0,2.074580151542966
7,0.6,0.25,both,0.10268323376811077,0.068,0.0,139.86347568446084,143.28921852398273,2.0555783694027983,2.074580151542966
7,0.6,0.25,crump,0.19129413509348372,0.002,1.0,170.0,175.0,1.0,1.0
8,0.0,0.25,unweighted,0.17935006763450695,0.002,1.0,180.0,180.0,1.0,1.0
8,0.0,0.25,source,0.14088466346039197,0.002,1.0,136.2859563127717,180.0,2.195935534678084,1.0
8,0.0,0.25,target,0.12255238654495389,0.002,1.0,180.0,137.0131619290751,1.0,2.422265838084075
8,0.0,0.25,both,0.0808396439331227,0.656,0.0,136.2859563127717,137.0131619290751,2.195935534678084,2.422265838084075
8,0.0,0.25,crump,0.15494739122039097,0.002,1.0,163.0,159.0,1.0,1.0
8,0.15,0.25,unweighted,0.18782684042066755,0.002,1.0,180.0,180.0,1.0,1.0
8,0.15,0.25,source,0.14863477617403761,0.002,1.0,136.2859563127717,180.0,2.195935534678084,1.0
8,0.15,0.25,target,0.13251286943679438,0.002,1.0,180.0,137.0131619290751,1.0,2.422265838084075
8,0.15,0.25,both,0.0892981197459094,0.352,0.0,136.2859563127717,137.0131619290751,2.195935534678084,2.422265838084075
8,0.15,0.25,crump,0.1646822231880914,0.002,1.0,163.0,159.0,1.0,1.0
8,0.3,0.25,unweighted,0.19673330094497787,0.002,1.0,180.0,180.0,1.0,1.0
8,0.3,0.25,source,0.1566498220616322,0.002,1.0,136.2859563127717,180.0,2.195935534678084,1.0
8,0.3,0.25,target,0.14312505973196443,0.002,1.0,180.0,137.0131619290751,1.0,2.422265838084075
8,0.3,0.25,both,0.09825532828951987,0.148,0.0,136.2859563127717,137.0131619290751,2.195935534678084,2.422265838084075
8,0.3,0.25,crump,0.17450852339121714,0.002,1.0,163.0,159.0,1.0,1.0
8,0.45,0.25,unweighted,0.2049915742645938,0.002,1.0,180.0,180.0,1.0,1.0
8,0.45,0.25,source,0.16502485702099018,0.002,1.0,136.2859563127717,180.0,2.195935534678084,1.0
8,0.45,0.25,target,0.15315212526689495,0.002,1.0,180.0,137.0131619290751,1.0,2.422265838084075
8,0.45,0.25,both,0.1076849848830003,0.04,1.0,136.2859563127717,137.0131619290751,2.195935534678084,2.422265838084075
8,0.45,0.25,crump,0.18406391879990758,0.002,1.0,163.0,159.0,1.0,1.0
8,0.6,0.25,unweighted,0.21349211343545196,0.002,1.0,180.0,180.0,1.0,1.0
8,0.6,0.25,source,0.17310226931169137,0.002,1.0,136.2859563127717,180.0,2.195935534678084,1.0
8,0.6,0.25,target,0.16372806704196963,0.002,1.0,180.0,137.0131619290751,1.0,2.422265838084075
8,0.6,0.25,both,0.11706224976459972,0.006,1.0,136.2859563127717,137.0131619290751,2.195935534678084,2.422265838084075
8,0.6,0.25,crump,0.1935700133757481,0.002,1.0,163.0,159.0,1.0,1.0
9,0.0,0.25,unweighted,0.15923758573388203,0.002,1.0,180.0,180.0,1.0,1.0
9,0.0,0.25,source,0.13724296790749785,0.002,1.0,154.70339602876084,180.0,1.6831965970224094,1.0
9,0.0,0.25,target,0.11116634376663735,0.01,1.0,180.0,150.65060514401014,1.0,2.115211058307242
9,0.0,0.25,both,0.0885496131291326,0.398,0.0,154.70339602876084,150.65060514401014,1.6831965970224094,2.115211058307242
9,0.0,0.25,crump,0.15834277221624904,0.002,1.0,178.0,178.0,1.0,1.0
9,0.15,0.25,unweighted,0.16798431450998325,0.002,1.0,180.0,180.0,1.0,1.0
9,0.15,0.25,source,0.14525895537782404,0.002,1.0,154.70339602876084,180.0,1.6831965970224094,1.0
9,0.15,0.25,target,0.12079107036743766,0.002,1.0,180.0,150.65060514401014,1.0,2.115211058307242
9,0.15,0.25,both,0.09696895757482701,0.156,0.0,154.70339602876084,150.65060514401014,1.6831965970224094,2.115211058307242
9,0.15,0.25,crump,0.16718158325744215,0.002,1.0,178.0,178.0,1.0,1.0
9,0.3,0.25,unweighted,0.17635618331809175,0.002,1.0,180.0,180.0,1.0,1.0
9,0.3,0.25,source,0.15315508743938638,0.002,1.0,154.70339602876084,180.0,1.6831965970224094,1.0
9,0.3,0.25,target,0.1302206251078677,0.002,1.0,180.0,150.65060514401014,1.0,2.115211058307242
9,0.3,0.25,both,0.1054780530352554,0.042,1.0,154.70339602876084,150.65060514401014,1.6831965970224094,2.115211058307242
9,0.3,0.25,crump,0.17563019166784305,0.002,1.0,178.0,178.0,1.0,1.0
9,0.45,0.25,unweighted,0.1851426726108825,0.002,1.0,180.0,180.0,1.0,1.0
9,0.45,0.25,source,0.16170213836300643,0.002,1.0,154.70339602876084,180.0,1.6831965970224094,1.0
9,0.45,0.25,target,0.14006133050280237,0.002,1.0,180.0,150.65060514401014,1.0,2.115211058307242
9,0.45,0.25,both,0.11467660678519732,0.006,1.0,154.70339602876084,150.65060514401014,1.6831965970224094,2.115211058307242
9,0.45,0.25,crump,0.18452953310194964,0.002,1.0,178.0,178.0,1.0,1.0
9,0.6,0.25,unweighted,0.19397497046944065,0.002,1.0,180.0,180.0,1.0,1.0
9,0.6,0.25,source,0.17039473126318144,0.002,1.0,154.70339602876084,180.0,1.6831965970224094,1.0
9,0.6,0.25,target,0.15022789995310162,0.002,1.0,180.0,150.65060514401014,1.0,2.115211058307242
9,0.6,0.25,both,0.12418037863733418,0.002,1.0,154.70339602876084,150.65060514401014,1.6831965970224094,2.115211058307242
9,0.6,0.25,crump,0.19344389730994782,0.002,1.0,178.0,178.0,1.0,1.0
10,0.0,0.25,unweighted,0.16047701379362903,0.002,1.0,180.0,180.0,1.0,1.0
10,0.0,0.25,source,0.13592546791711346,0.002,1.0,152.07911271276387,180.0,1.9517051290691916,1.0
10,0.0,0.25,target,0.11003155279301009,0.014,1.0,180.0,147.45145073015254,1.0,1.9589010360901802
10,0.0,0.25,both,0.08295985604514014,0.58,0.0,152.07911271276387,147.45145073015254,1.9517051290691916,1.9589010360901802
10,0.0,0.25,crump,0.15949429270984206,0.002,1.0,180.0,179.0,1.0,1.0
10,0.15,0.25,unweighted,0.16864479500076207,0.002,1.0,180.0,180.0,1.0,1.0
10,0.15,0.25,source,0.14311771513906613,0.002,1.0,152.07911271276387,180.0,1.9517051290691916,1.0
10,0.15,0.25,target,0.11939415782907128,0.002,1.0,180.0,147.45145073015254,1.0,1.9589010360901802
10,0.15,0.25,both,0.09095140953001604,0.32,0.0,152.07911271276387,147.45145073015254,1.9517051290691916,1.9589010360901802
10,0.15,0.25,crump,0.1677072058609406,0.002,1.0,180.0,179.0,1.0,1.0
10,0.3,0.25,unweighted,0.17692961534064927,0.002,1.0,180.0,180.0,1.0,1.0
10,0.3,0.25,source,0.15073325346547412,0.002,1.0,152.07911271276387,180.0,1.9517051290691916,1.0
10,0.3,0.25,target,0.12907230099831285,0.002,1.0,180.0,147.45145073015254,1.0,1.9589010360901802
10,0.3,0.25,both,0.09948872802725495,0.11,0.0,152.07911271276387,147.45145073015254,1.9517051290691916,1.9589010360901802
10,0.3,0.25,crump,0.17603793365059658,0.002,1.0,180.0,179.0,1.0,1.0
10,0.45,0.25,unweighted,0.18546406321444903,0.002,1.0,180.0,180.0,1.0,1.0
10,0.45,0.25,source,0.1584471447408756,0.002,1.0,152.07911271276387,180.0,1.9517051290691916,1.0
10,0.45,0.25,target,0.13915672048492983,0.002,1.0,180.0,147.45145073015254,1.0,1.9589010360901802
10,0.45,0.25,both,0.10825642560389251,0.028,1.0,152.07911271276387,147.45145073015254,1.9517051290691916,1.9589010360901802
10,0.45,0.25,crump,0.18461865665065025,0.002,1.0,180.0,179.0,1.0,1.0
10,0.6,0.25,unweighted,0.19406310871056243,0.002,1.0,180.0,180.0,1.0,1.0
10,0.6,0.25,source,0.16657906675056858,0.002,1.0,152.07911271276387,180.0,1.9517051290691916,1.0
10,0.6,0.25,target,0.1493489250290133,0.002,1.0,180.0,147.45145073015254,1.0,1.9589010360901802
10,0.6,0.25,both,0.11761965925359208,0.004,1.0,152.07911271276387,147.45145073015254,1.9517051290691916,1.9589010360901802
10,0.6,0.25,crump,0.1932650920369987,0.002,1.0,180.0,179.0,1.0,1.0
11,0.0,0.25,unweighted,0.17882036179698219,0.002,1.0,180.0,180.0,1.0,1.0
11,0.0,0.25,source,0.14608165175159246,0.002,1.0,134.914812164906,180.0,2.3694949372462544,1.0
11,0.0,0.25,target,0.11613222756645007,0.006,1.0,180.0,135.4651275835322,1.0,2.2063517210326826
11,0.0,0.25,both,0.07887245500474172,0.71,0.0,134.914812164906,135.4651275835322,2.3694949372462544,2.2063517210326826
11,0.0,0.25,crump,0.1292700552263943,0.002,1.0,148.0,149.0,1.0,1.0
11,0.15,0.25,unweighted,0.18793344764517603,0.002,1.0,180.0,180.0,1.0,1.0
11,0.15,0.25,source,0.15455522212378117,0.002,1.0,134.914812164906,180.0,2.3694949372462544,1.0
11,0.15,0.25,target,0.1267420894422975,0.002,1.0,180.0,135.4651275835322,1.0,2.2063517210326826
11,0.15,0.25,both,0.08789184433811009,0.414,0.0,134.914812164906,135.4651275835322,2.3694949372462544,2.2063517210326826
11,0.15,0.25,crump,0.14035674377860044,0.002,1.0,148.0,149.0,1.0,1.0
11,0.3,0.25,unweighted,0.19865924401768023,0.002,1.0,180.0,180.0,1.0,1.0
11,0.3,0.25,source,0.16428347601047505,0.002,1.0,134.914812164906,180.0,2.3694949372462544,1.0
11,0.3,0.25,target,0.13947325454497797,0.002,1.0,180.0,135.4651275835322,1.0,2.2063517210326826
11,0.3,0.25,both,0.09865573467648614,0.134,0.0,134.914812164906,135.4651275835322,2.3694949372462544,2.2063517210326826
11,0.3,0.25,crump,0.15264590960512087,0.002,1.0,148.0,149.0,1.0,1.0
11,0.45,0.25,unweighted,0.2094011602652035,0.002,1.0,180.0,180.0,1.0,1.0
11,0.45,0.25,source,0.1738436211354644,0.002,1.0,134.914812164906,180.0,2.3694949372462544,1.0
11,0.45,0.25,target,0.1527876012912163,0.002,1.0,180.0,135.4651275835322,1.0,2.2063517210326826
11,0.45,0.25,both,0.11000033930272131,0.026,1.0,134.914812164906,135.4651275835322,2.3694949372462544,2.2063517210326826
11,0.45,0.25,crump,0.16510215304565332,0.002,1.0,148.0,149.0,1.0,1.0
11,0.6,0.25,unweighted,0.21943940424477976,0.002,1.0,180.0,180.0,1.0,1.0
11,0.6,0.25,source,0.18362768624100614,0.002,1.0,134.914812164906,180.0,2.3694949372462544,1.0
11,0.6,0.25,target,0.1654882022710394,0.002,1.0,180.0,135.4651275835322,1.0,2.2063517210326826
11,0.6,0.25,both,0.12170195056599814,0.004,1.0,134.914812164906,135.4651275835322,2.3694949372462544,2.2063517210326826
11,0.6,0.25,crump,0.17733453322759127,0.002,1.0,148.0,149.0,1.0,1.0
12,0.0,0.25,unweighted,0.17041194844535895,0.002,1.0,180.0,180.0,1.0,1.0
12,0.0,0.25,source,0.1418419159084546,0.002,1.0,146.92857595753523,180.0,1.9788269948010584,1.0
12,0.0,0.25,target,0.11849286491578867,0.002,1.0,180.0,146.38421027737385,1.0,1.8837815244263945
12,0.0,0.25,both,0.08760563582002831,0.398,0.0,146.92857595753523,146.38421027737385,1.9788269948010584,1.8837815244263945
12,0.0,0.25,crump,0.16626051580465345,0.002,1.0,179.0,176.0,1.0,1.0
12,0.15,0.25,unweighted,0.17936486816034142,0.002,1.0,180.0,180.0,1.0,1.0
12,0.15,0.25,source,0.14999843017178027,0.002,1.0,146.92857595753523,180.0,1.9788269948010584,1.0
12,0.15,0.25,target,0.1285075665970818,0.002,1.0,180.0,146.38421027737385,1.0,1.8837815244263945
12,0.15,0.25,both,0.09621328128726306,0.16,0.0,146.92857595753523,146.38421027737385,1.9788269948010584,1.8837815244263945
12,0.15,0.25,crump,0.17540787376616826,0.002,1.0,179.0,176.0,1.0,1.0
12,0.3,0.25,unweighted,0.1882968897652797,0.002,1.0,180.0,180.0,1.0,1.0
12,0.3,0.25,source,0.1578125240150434,0.002,1.0,146.92857595753523,180.0,1.9788269948010584,1.0
12,0.3,0.25,target,0.13876018247979013,0.002,1.0,180.0,146.38421027737385,1.0,1.8837815244263945
12,0.3,0.25,both,0.10473028750069914,0.056,0.0,146.92857595753523,146.38421027737385,1.9788269948010584,1.8837815244263945
12,0.3,0.25,crump,0.18452608924012398,0.002,1.0,179.0,176.0,1.0,1.0
12,0.45,0.25,unweighted,0.1969577408169486,0.002,1.0,180.0,180.0,1.0,1.0
12,0.45,0.25,source,0.1662574530902334,0.002,1.0,146.92857595753523,180.0,1.9788269948010584,1.0
12,0.45,0.25,target,0.14884340528396212,0.002,1.0,180.0,146.38421027737385,1.0,1.8837815244263945
12,0.45,0.25,both,0.11397094229871059,0.012,1.0,146.92857595753523,146.38421027737385,1.9788269948010584,1.8837815244263945
12,0.45,0.25,crump,0.19338169342419306,0.002,1.0,179.0,176.0,1.0,1.0
12,0.6,0.25,unweighted,0.2063135450007621,0.002,1.0,180.0,180.0,1.0,1.0
12,0.6,0.25,source,0.1749552565908847,0.002,1.0,146.92857595753523,180.0,1.9788269948010584,1.0
12,0.6,0.25,target,0.160053459160917,0.002,1.0,180.0,146.38421027737385,1.0,1.8837815244263945
12,0.6,0.25,both,0.12392874555548092,0.002,1.0,146.92857595753523,146.38421027737385,1.9788269948010584,1.8837815244263945
12,0.6,0.25,crump,0.20294083056420423,0.002,1.0,179.0,176.0,1.0,1.0
13,0.0,0.25,unweighted,0.16378093754762993,0.002,1.0,180.0,180.0,1.0,1.0
13,0.0,0.25,source,0.13769998392640614,0.002,1.0,146.99931269173027,180.0,2.193147526985759,1.0
13,0.0,0.25,target,0.11064340303247902,0.01,1.0,180.0,147.13301204808744,1.0,2.0554097132129194
13,0.0,0.25,both,0.08234802782342567,0.58,0.0,146.99931269173027,147.13301204808744,2.193147526985759,2.0554097132129194
13,0.0,0.25,crump,0.16169516300536996,0.002,1.0,176.0,178.0,1.0,1.0
13,0.15,0.25,unweighted,0.17244953989483308,0.002,1.0,180.0,180.0,1.0,1.0
13,0.15,0.25,source,0.14542216565844224,0.002,1.0,146.99931269173027,180.0,2.193147526985759,1.0
13,0.15,0.25,target,0.12054081918476017,0.004,1.0,180.0,147.13301204808744,1.0,2.0554097132129194
13,0.15,0.25,both,0.09058772790998963,0.29,0.0,146.99931269173027,147.13301204808744,2.193147526985759,2.0554097132129194
13,0.15,0.25,crump,0.1705189539059268,0.002,1.0,176.0,178.0,1.0,1.0
13,0.3,0.25,unweighted,0.18188373056698676,0.002,1.0,180.0,180.0,1.0,1.0
13,0.3,0.25,source,0.15416433662198542,0.002,1.0,146.99931269173027,180.0,2.193147526985759,1.0
13,0.3,0.25,target,0.1313456044333236,0.002,1.0,180.0,147.13301204808744,1.0,2.0554097132129194
13,0.3,0.25,both,0.09995387140232852,0.08,0.0,146.99931269173027,147.13301204808744,2.193147526985759,2.0554097132129194
13,0.3,0.25,crump,0.18017444883191386,0.002,1.0,176.0,178.0,1.0,1.0
13,0.45,0.25,unweighted,0.19117246989788142,0.002,1.0,180.0,180.0,1.0,1.0
13,0.45,0.25,source,0.16241643627850652,0.002,1.0,146.99931269173027,180.0,2.193147526985759,1.0
13,0.45,0.25,target,0.142220287762255,0.002,1.0,180.0,147.13301204808744,1.0,2.0554097132129194
13,0.45,0.25,both,0.10901805838242654,0.026,1.0,146.99931269173027,147.13301204808744,2.193147526985759,2.0554097132129194
13,0.45,0.25,crump,0.18965838642780675,0.002,1.0,176.0,178.0,1.0,1.0
13,0.6,0.25,unweighted,0.19971158836305442,0.002,1.0,180.0,180.0,1.0,1.0
13,0.6,0.25,source,0.17036062333106594,0.002,1.0,146.99931269173027,180.0,2.193147526985759,1.0
13,0.6,0.25,target,0.15232779661672707,0.002,1.0,180.0,147.13301204808744,1.0,2.0554097132129194
13,0.6,0.25,both,0.11787570799481452,0.004,1.0,146.99931269173027,147.13301204808744,2.193147526985759,2.0554097132129194
13,0.6,0.25,crump,0.19840504959126154,0.002,1.0,176.0,178.0,1.0,1.0
14,0.0,0.25,unweighted,0.15331549211248285,0.002,1.0,180.0,180.0,1.0,1.0
14,0.0,0.25,source,0.12459758490390335,0.002,1.0,153.1279825985538,180.0,1.9340605710500764,1.0
14,0.0,0.25,target,0.10996866488636842,0.008,1.0,180.0,152.33425847616522,1.0,1.8468768861899827
14,0.0,0.25,both,0.07953614272067867,0.704,0.0,153.1279825985538,152.33425847616522,1.9340605710500764,1.8468768861899827
14,0.0,0.25,crump,0.15229251538420274,0.002,1.0,180.0,179.0,1.0,1.0
14,0.15,0.25,unweighted,0.16200711019661634,0.002,1.0,180.0,180.0,1.0,1.0
14,0.15,0.25,source,0.13252432301125502,0.002,1.0,153.1279825985538,180.0,1.9340605710500764,1.0
14,0.15,0.25,target,0.11964482843288551,0.004,1.0,180.0,152.33425847616522,1.0,1.8468768861899827
14,0.15,0.25,both,0.08792807876497336,0.4,0.0,153.1279825985538,152.33425847616522,1.9340605710500764,1.8468768861899827
14,0.15,0.25,crump,0.16103248691480637,0.002,1.0,180.0,179.0,1.0,1.0
14,0.3,0.25,unweighted,0.17021360691967688,0.002,1.0,180.0,180.0,1.0,1.0
14,0.3,0.25,source,0.13983310283522377,0.002,1.0,153.1279825985538,180.0,1.9340605710500764,1.0
14,0.3,0.25,target,0.12883250154886533,0.002,1.0,180.0,152.33425847616522,1.0,1.8468768861899827
14,0.3,0.25,both,0.09571661067953684,0.182,0.0,153.1279825985538,152.33425847616522,1.9340605710500764,1.8468768861899827
14,0.3,0.25,crump,0.1692831794913059,0.002,1.0,180.0,179.0,1.0,1.0
14,0.45,0.25,unweighted,0.17897387307575063,0.002,1.0,180.0,180.0,1.0,1.0
14,0.45,0.25,source,0.14809296511516284,0.002,1.0,153.1279825985538,180.0,1.9340605710500764,1.0
14,0.45,0.25,target,0.13867490289860512,0.002,1.0,180.0,152.33425847616522,1.0,1.8468768861899827
14,0.45,0.25,both,0.10455897823879058,0.042,1.0,153.1279825985538,152.33425847616522,1.9340605710500764,1.8468768861899827
14,0.45,0.25,crump,0.17809111547922846,0.002,1.0,180.0,179.0,1.0,1.0
14,0.6,0.25,unweighted,0.18774764136564548,0.002,1.0,180.0,180.0,1.0,1.0
14,0.6,0.25,source,0.1564125082458022,0.002,1.0,153.1279825985538,180.0,1.9340605710500764,1.0
14,0.6,0.25,target,0.14879978418174397,0.002,1.0,180.0,152.33425847616522,1.0,1.8468768861899827
14,0.6,0.25,both,0.11380194253341029,0.006,1.0,153.1279825985538,152.33425847616522,1.9340605710500764,1.8468768861899827
14,0.6,0.25,crump,0.1869128292372654,0.002,1.0,180.0,179.0,1.0,1.0
15,0.0,0.25,unweighted,0.16432268994817864,0.002,1.0,180.0,180.0,1.0,1.0
15,0.0,0.25,source,0.1338568372652054,0.002,1.0,144.58981766792033,180.0,2.014892445117649,1.0
15,0.0,0.25,target,0.11020272896239117,0.018,1.0,180.0,143.7813442675233,1.0,2.1588180210538077
15,0.0,0.25,both,0.0769324779020815,0.77,0.0,144.58981766792033,143.7813442675233,2.014892445117649,2.1588180210538077
15,0.0,0.25,crump,0.155124779448593,0.002,1.0,171.0,175.0,1.0,1.0
15,0.15,0.25,unweighted,0.17181550163846976,0.002,1.0,180.0,180.0,1.0,1.0
15,0.15,0.25,source,0.14039342939178562,0.002,1.0,144.58981766792033,180.0,2.014892445117649,1.0
15,0.15,0.25,target,0.11877115415520777,0.006,1.0,180.0,143.7813442675233,1.0,2.1588180210538077
15,0.15,0.25,both,0.08391740968514372,0.53,0.0,144.58981766792033,143.7813442675233,2.014892445117649,2.1588180210538077
15,0.15,0.25,crump,0.1627939952362582,0.002,1.0,171.0,175.0,1.0,1.0
15,0.3,0.25,unweighted,0.1796415209190672,0.002,1.0,180.0,180.0,1.0,1.0
15,0.3,0.25,source,0.14714313373710775,0.002,1.0,144.58981766792033,180.0,2.014892445117649,1.0
15,0.3,0.25,target,0.12808017644203287,0.002,1.0,180.0,143.7813442675233,1.0,2.1588180210538077
15,0.3,0.25,both,0.09146773703864035,0.308,0.0,144.58981766792033,143.7813442675233,2.014892445117649,2.1588180210538077
15,0.3,0.25,crump,0.1708014127518105,0.002,1.0,171.0,175.0,1.0,1.0
15,0.45,0.25,unweighted,0.1883096450617284,0.002,1.0,180.0,180.0,1.0,1.0
15,0.45,0.25,source,0.15530532423820134,0.002,1.0,144.58981766792033,180.0,2.014892445117649,1.0
15,0.45,0.25,target,0.13835174707533887,0.002,1.0,180.0,143.7813442675233,1.0,2.1588180210538077
15,0.45,0.25,both,0.10058607488010572,0.098,0.0,144.58981766792033,143.7813442675233,2.014892445117649,2.1588180210538077
15,0.45,0.25,crump,0.17976533276010043,0.002,1.0,171.0,175.0,1.0,1.0
15,0.6,0.25,unweighted,0.197220834285932,0.002,1.0,180.0,180.0,1.0,1.0
15,0.6,0.25,source,0.16407569171938874,0.002,1.0,144.58981766792033,180.0,2.014892445117649,1.0
15,0.6,0.25,target,0.1490617039189104,0.002,1.0,180.0,143.7813442675233,1.0,2.1588180210538077
15,0.6,0.25,both,0.110603796638757,0.02,1.0,144.58981766792033,143.7813442675233,2.014892445117649,2.1588180210538077
15,0.6,0.25,crump,0.18901376876181541,0.002,1.0,171.0,175.0,1.0,1.0
16,0.0,0.25,unweighted,0.16648665409236396,0.002,1.0,180.0,180.0,1.0,1.0
16,0.0,0.25,source,0.13726999568857245,0.002,1.0,144.63142157529364,180.0,2.0739586565386414,1.0
16,0.0,0.25,target,0.11001145524157718,0.022,1.0,180.0,144.44589286984197,1.0,1.9768295697142686
16,0.0,0.25,both,0.07818804666910631,0.79,0.0,144.63142157529364,144.44589286984197,2.0739586565386414,1.9768295697142686
16,0.0,0.25,crump,0.1604303196740593,0.002,1.0,177.0,175.0,1.0,1.0
16,0.15,0.25,unweighted,0.17343898986434997,0.002,1.0,180.0,180.0,1.0,1.0
16,0.15,0.25,source,0.14319794291222968,0.002,1.0,144.63142157529364,180.0,2.0739586565386414,1.0
16,0.15,0.25,target,0.11803262114225528,0.006,1.0,180.0,144.44589286984197,1.0,1.9768295697142686
16,0.15,0.25,both,0.08447086073144248,0.538,0.0,144.63142157529364,144.44589286984197,2.0739586565386414,1.9768295697142686
16,0.15,0.25,crump,0.1675619030409929,0.002,1.0,177.0,175.0,1.0,1.0
16,0.3,0.25,unweighted,0.1811527920667581,0.002,1.0,180.0,180.0,1.0,1.0
16,0.3,0.25,source,0.15015598927128657,0.002,1.0,144.63142157529364,180.0,2.0739586565386414,1.0
16,0.3,0.25,target,0.12703384810426177,0.004,1.0,180.0,144.44589286984197,1.0,1.9768295697142686
16,0.3,0.25,both,0.0920378381202906,0.29,0.0,144.63142157529364,144.44589286984197,2.0739586565386414,1.9768295697142686
16,0.3,0.25,crump,0.17547291623531158,0.002,1.0,177.0,175.0,1.0,1.0
16,0.45,0.25,unweighted,0.1884861101585124,0.002,1.0,180.0,180.0,1.0,1.0
16,0.45,0.25,source,0.15668831160112,0.002,1.0,144.63142157529364,180.0,2.0739586565386414,1.0
16,0.45,0.25,target,0.13576655986400094,0.002,1.0,180.0,144.44589286984197,1.0,1.9768295697142686
16,0.45,0.25,both,0.09930870974295931,0.118,0.0,144.63142157529364,144.44589286984197,2.0739586565386414,1.9768295697142686
16,0.45,0.25,crump,0.18295585724582844,0.002,1.0,177.0,175.0,1.0,1.0
16,0.6,0.25,unweighted,0.1957492474470355,0.002,1.0,180.0,180.0,1.0,1.0
16,0.6,0.25,source,0.16314784652629838,0.002,1.0,144.63142157529364,180.0,2.0739586565386414,1.0
16,0.6,0.25,target,0.14454288435189322,0.002,1.0,180.0,144.44589286984197,1.0,1.9768295697142686
16,0.6,0.25,both,0.10667839880995766,0.05,0.0,144.63142157529364,144.44589286984197,2.0739586565386414,1.9768295697142686
16,0.6,0.25,crump,0.19037514203641215,0.002,1.0,177.0,175.0,1.0,1.0
17,0.0,0.25,unweighted,0.17079858443834778,0.002,1.0,180.0,180.0,1.0,1.0
17,0.0,0.25,source,0.14853794621821614,0.002,1.0,149.11504370606264,180.0,2.0257306582747514,1.0
17,0.0,0.25,target,0.11246644005379758,0.006,1.0,180.0,147.485670365114,1.0,1.9074121820004764
17,0.0,0.25,both,0.08649126709204374,0.432,0.0,149.11504370606264,147.485670365114,2.0257306582747514,1.9074121820004764
17,0.0,0.25,crump,0.17079858443834778,0.002,1.0,180.0,180.0,1.0,1.0
17,0.15,0.25,unweighted,0.17836512917238226,0.002,1.0,180.0,180.0,1.0,1.0
17,0.15,0.25,source,0.15487661532750518,0.002,1.0,149.11504370606264,180.0,2.0257306582747514,1.0
17,0.15,0.25,target,0.1211705391007233,0.002,1.0,180.0,147.485670365114,1.0,1.9074121820004764
17,0.15,0.25,both,0.09331901327408144,0.216,0.0,149.11504370606264,147.485670365114,2.0257306582747514,1.9074121820004764
17,0.15,0.25,crump,0.17836512917238226,0.002,1.0,180.0,180.0,1.0,1.0
17,0.3,0.25,unweighted,0.18626146357262616,0.002,1.0,180.0,180.0,1.0,1.0
17,0.3,0.25,source,0.1616161530322194,0.002,1.0,149.11504370606264,180.0,2.0257306582747514,1.0
17,0.3,0.25,target,0.1304539496768488,0.002,1.0,180.0,147.485670365114,1.0,1.9074121820004764
17,0.3,0.25,both,0.10085257430538383,0.07,0.0,149.11504370606264,147.485670365114,2.0257306582747514,1.9074121820004764
17,0.3,0.25,crump,0.18626146357262616,0.002,1.0,180.0,180.0,1.0,1.0
17,0.45,0.25,unweighted,0.19387370351318398,0.002,1.0,180.0,180.0,1.0,1.0
17,0.45,0.25,source,0.1682368507656062,0.002,1.0,149.11504370606264,180.0,2.0257306582747514,1.0
17,0.45,0.25,target,0.13963507038597783,0.002,1.0,180.0,147.485670365114,1.0,1.9074121820004764
17,0.45,0.25,both,0.10839696958571621,0.028,1.0,149.11504370606264,147.485670365114,2.0257306582747514,1.9074121820004764
17,0.45,0.25,crump,0.19387370351318398,0.002,1.0,180.0,180.0,1.0,1.0
17,0.6,0.25,unweighted,0.2025811290199665,0.002,1.0,180.0,180.0,1.0,1.0
17,0.6,0.25,source,0.17597739305747603,0.002,1.0,149.11504370606264,180.0,2.0257306582747514,1.0
17,0.6,0.25,target,0.1501939281391909,0.002,1.0,180.0,147.485670365114,1.0,1.9074121820004764
17,0.6,0.25,both,0.11738605405641223,0.006,1.0,149.11504370606264,147.485670365114,2.0257306582747514,1.9074121820004764
17,0.6,0.25,crump,0.2025811290199665,0.002,1.0,180.0,180.0,1.0,1.0
18,0.0,0.25,unweighted,0.17700794467306813,0.002,1.0,180.0,180.0,1.0,1.0
18,0.0,0.25,source,0.13464234160640118,0.002,1.0,138.41838724435192,180.0,2.3567139547264144,1.0
18,0.0,0.25,target,0.12093609652935733,0.004,1.0,180.0,137.9841827798008,1.0,2.1021017153749773
18,0.0,0.25,both,0.07728200800777214,0.738,0.0,138.41838724435192,137.9841827798008,2.3567139547264144,2.1021017153749773
18,0.0,0.25,crump,0.16518595829552746,0.002,1.0,164.0,172.0,1.0,1.0
18,0.15,0.25,unweighted,0.18470958790580705,0.002,1.0,180.0,180.0,1.0,1.0
18,0.15,0.25,source,0.14103318931050648,0.002,1.0,138.41838724435192,180.0,2.3567139547264144,1.0
18,0.15,0.25,target,0.1304220050971085,0.002,1.0,180.0,137.9841827798008,1.0,2.1021017153749773
18,0.15,0.25,both,0.08450824051565861,0.522,0.0,138.41838724435192,137.9841827798008,2.3567139547264144,2.1021017153749773
18,0.15,0.25,crump,0.17324290183055896,0.002,1.0,164.0,172.0,1.0,1.0
18,0.3,0.25,unweighted,0.19272213077274808,0.002,1.0,180.0,180.0,1.0,1.0
18,0.3,0.25,source,0.14812002931383356,0.002,1.0,138.41838724435192,180.0,2.3567139547264144,1.0
18,0.3,0.25,target,0.1405378756349983,0.002,1.0,180.0,137.9841827798008,1.0,2.1021017153749773
18,0.3,0.25,both,0.09270719602954514,0.244,0.0,138.41838724435192,137.9841827798008,2.3567139547264144,2.1021017153749773
18,0.3,0.25,crump,0.18185893572789608,0.002,1.0,164.0,172.0,1.0,1.0
18,0.45,0.25,unweighted,0.20041730490778842,0.002,1.0,180.0,180.0,1.0,1.0
18,0.45,0.25,source,0.1550374078997669,0.002,1.0,138.41838724435192,180.0,2.3567139547264144,1.0
18,0.45,0.25,target,0.15051416413624338,0.002,1.0,180.0,137.9841827798008,1.0,2.1021017153749773
18,0.45,0.25,both,0.10096237546401221,0.096,0.0,138.41838724435192,137.9841827798008,2.3567139547264144,2.1021017153749773
18,0.45,0.25,crump,0.19018341546590417,0.002,1.0,164.0,172.0,1.0,1.0
18,0.6,0.25,unweighted,0.20815057155921357,0.002,1.0,180.0,180.0,1.0,1.0
18,0.6,0.25,source,0.16234756606998402,0.002,1.0,138.41838724435192,180.0,2.3567139547264144,1.0
18,0.6,0.25,target,0.1605589007441178,0.002,1.0,180.0,137.9841827798008,1.0,2.1021017153749773
18,0.6,0.25,both,0.109848380826501,0.016,1.0,138.41838724435192,137.9841827798008,2.3567139547264144,2.1021017153749773
18,0.6,0.25,crump,0.19863366720550968,0.002,1.0,164.0,172.0,1.0,1.0
19,0.0,0.25,unweighted,0.1487694492074379,0.002,1.0,180.0,180.0,1.0,1.0
19,0.0,0.25,source,0.12367300401057162,0.004,1.0,155.87011432900627,180.0,1.8897355779667535,1.0
19,0.0,0.25,target,0.10829839541842197,0.032,1.0,180.0,155.82631417640314,1.0,1.8837880529481146
19,0.0,0.25,both,0.08160099044543886,0.634,0.0,155.87011432900627,155.82631417640314,1.8897355779667535,1.8837880529481146
19,0.0,0.25,crump,0.1487694492074379,0.002,1.0,180.0,180.0,1.0,1.0
19,0.15,0.25,unweighted,0.15786327446273435,0.002,1.0,180.0,180.0,1.0,1.0
19,0.15,0.25,source,0.13222985702602072,0.002,1.0,155.87011432900627,180.0,1.8897355779667535,1.0
19,0.15,0.25,target,0.11803832953476015,0.01,1.0,180.0,155.82631417640314,1.0,1.8837880529481146
19,0.15,0.25,both,0.09042299947836337,0.322,0.0,155.87011432900627,155.82631417640314,1.8897355779667535,1.8837880529481146
19,0.15,0.25,crump,0.15786327446273435,0.002,1.0,180.0,180.0,1.0,1.0
19,0.3,0.25,unweighted,0.16719954751562266,0.002,1.0,180.0,180.0,1.0,1.0
19,0.3,0.25,source,0.14090575077712814,0.002,1.0,155.87011432900627,180.0,1.8897355779667535,1.0
19,0.3,0.25,target,0.12817256325064608,0.002,1.0,180.0,155.82631417640314,1.0,1.8837880529481146
19,0.3,0.25,both,0.09954443981851507,0.124,0.0,155.87011432900627,155.82631417640314,1.8897355779667535,1.8837880529481146
19,0.3,0.25,crump,0.16719954751562266,0.002,1.0,180.0,180.0,1.0,1.0
19,0.45,0.25,unweighted,0.17721888622161255,0.002,1.0,180.0,180.0,1.0,1.0
19,0.45,0.25,source,0.15079905518980338,0.002,1.0,155.87011432900627,180.0,1.8897355779667535,1.0
19,0.45,0.25,target,0.13915072111365206,0.002,1.0,180.0,155.82631417640314,1.0,1.8837880529481146
19,0.45,0.25,both,0.11011757214978352,0.034,1.0,155.87011432900627,155.82631417640314,1.8897355779667535,1.8837880529481146
19,0.45,0.25,crump,0.17721888622161255,0.002,1.0,180.0,180.0,1.0,1.0
19,0.6,0.25,unweighted,0.18699896166742874,0.002,1.0,180.0,180.0,1.0,1.0
19,0.6,0.25,source,0.1604880064802992,0.002,1.0,155.87011432900627,180.0,1.8897355779667535,1.0
19,0.6,0.25,target,0.15009603798031182,0.002,1.0,180.0,155.82631417640314,1.0,1.8837880529481146
19,0.6,0.25,both,0.12063273189063456,0.008,1.0,155.87011432900627,155.82631417640314,1.8897355779667535,1.8837880529481146
19,0.6,0.25,crump,0.18699896166742874,0.002,1.0,180.0,180.0,1.0,1.0
20,0.0,0.25,unweighted,0.1560062890565463,0.002,1.0,180.0,180.0,1.0,1.0
20,0.0,0.25,source,0.12468371238774212,0.002,1.0,147.2227720590493,180.0,1.899039543951748,1.0
20,0.0,0.25,target,0.10986075986555593,0.014,1.0,180.0,149.15573657076504,1.0,1.9146357583738793
20,0.0,0.25,both,0.07549806253536474,0.794,0.0,147.2227720590493,149.15573657076504,1.899039543951748,1.9146357583738793
20,0.0,0.25,crump,0.14847968692570984,0.002,1.0,177.0,174.0,1.0,1.0
20,0.15,0.25,unweighted,0.1642000095259869,0.002,1.0,180.0,180.0,1.0,1.0
20,0.15,0.25,source,0.13199729529003945,0.002,1.0,147.2227720590493,180.0,1.899039543951748,1.0
20,0.15,0.25,target,0.11920413533800625,0.002,1.0,180.0,149.15573657076504,1.0,1.9146357583738793
20,0.15,0.25,both,0.08332280440489165,0.534,0.0,147.2227720590493,149.15573657076504,1.899039543951748,1.9146357583738793
20,0.15,0.25,crump,0.15694304096600764,0.002,1.0,177.0,174.0,1.0,1.0
20,0.3,0.25,unweighted,0.17290368369913123,0.002,1.0,180.0,180.0,1.0,1.0
20,0.3,0.25,source,0.1395432573271964,0.002,1.0,147.2227720590493,180.0,1.899039543951748,1.0
20,0.3,0.25,target,0.1293682105923633,0.002,1.0,180.0,149.15573657076504,1.0,1.9146357583738793
20,0.3,0.25,both,0.09179614552937698,0.244,0.0,147.2227720590493,149.15573657076504,1.899039543951748,1.9146357583738793
20,0.3,0.25,crump,0.16595199773442765,0.002,1.0,177.0,174.0,1.0,1.0
20,0.45,0.25,unweighted,0.18169111892242035,0.002,1.0,180.0,180.0,1.0,1.0
20,0.45,0.25,source,0.14779462827445322,0.002,1.0,147.2227720590493,180.0,1.899039543951748,1.0
20,0.45,0.25,target,0.13960312717289958,0.002,1.0,180.0,149.15573657076504,1.0,1.9146357583738793
20,0.45,0.25,both,0.10107049910437543,0.076,0.0,147.2227720590493,149.15573657076504,1.899039543951748,1.9146357583738793
20,0.45,0.25,crump,0.17505063700037798,0.002,1.0,177.0,174.0,1.0,1.0
20,0.6,0.25,unweighted,0.19191234758420972,0.002,1.0,180.0,180.0,1.0,1.0
20,0.6,0.25,source,0.15756867442132055,0.002,1.0,147.2227720590493,180.0,1.899039543951748,1.0
20,0.6,0.25,target,0.15167747497242662,0.002,1.0,180.0,149.15573657076504,1.0,1.9146357583738793
20,0.6,0.25,both,0.11224165383565918,0.014,1.0,147.2227720590493,149.15573657076504,1.899039543951748,1.9146357583738793
20,0.6,0.25,crump,0.18558140621521846,0.002,1.0,177.0,174.0,1.0,1.0
21,0.0,0.25,unweighted,0.17322629648681603,0.002,1.0,180.0,180.0,1.0,1.0
21,0.0,0.25,source,0.1430974699750439,0.002,1.0,145.04425366545777,180.0,1.9816551391283215,1.0
21,0.0,0.25,target,0.12287195198175221,0.002,1.0,180.0,146.3246848854687,1.0,2.0791195322367058
21,0.0,0.25,both,0.08925391999599154,0.362,0.0,145.04425366545777,146.3246848854687,1.9816551391283215,2.0791195322367058
21,0.0,0.25,crump,0.16715973418713231,0.002,1.0,177.0,175.0,1.0,1.0
21,0.15,0.25,unweighted,0.18195109072549917,0.002,1.0,180.0,180.0,1.0,1.0
21,0.15,0.25,source,0.15150442041654896,0.002,1.0,145.04425366545777,180.0,1.9816551391283215,1.0
21,0.15,0.25,target,0.13255796186391938,0.002,1.0,180.0,146.3246848854687,1.0,2.0791195322367058
21,0.15,0.25,both,0.09798234863542549,0.156,0.0,145.04425366545777,146.3246848854687,1.9816551391283215,2.0791195322367058
21,0.15,0.25,crump,0.176146791307056,0.002,1.0,177.0,175.0,1.0,1.0
21,0.3,0.25,unweighted,0.19065039342325862,0.002,1.0,180.0,180.0,1.0,1.0
21,0.3,0.25,source,0.15998649527622674,0.002,1.0,145.04425366545777,180.0,1.9816551391283215,1.0
21,0.3,0.25,target,0.14239150023467392,0.002,1.0,180.0,146.3246848854687,1.0,2.0791195322367058
21,0.3,0.25,both,0.10700795369616417,0.046,1.0,145.04425366545777,146.3246848854687,1.9816551391283215,2.0791195322367058
21,0.3,0.25,crump,0.18510240211212559,0.002,1.0,177.0,175.0,1.0,1.0
21,0.45,0.25,unweighted,0.20090934594573998,0.002,1.0,180.0,180.0,1.0,1.0
21,0.45,0.25,source,0.1704887511301487,0.002,1.0,145.04425366545777,180.0,1.9816551391283215,1.0
21,0.45,0.25,target,0.15421906024105816,0.002,1.0,180.0,146.3246848854687,1.0,2.0791195322367058
21,0.45,0.25,both,0.11857085522681504,0.004,1.0,145.04425366545777,146.3246848854687,1.9816551391283215,2.0791195322367058
21,0.45,0.25,crump,0.19566567330379597,0.002,1.0,177.0,175.0,1.0,1.0
21,0.6,0.25,unweighted,0.21023352004267643,0.002,1.0,180.0,180.0,1.0,1.0
21,0.6,0.25,source,0.18058290836452734,0.002,1.0,145.04425366545777,180.0,1.9816551391283215,1.0
21,0.6,0.25,target,0.16508005926009456,0.002,1.0,180.0,146.3246848854687,1.0,2.0791195322367058
21,0.6,0.25,both,0.12966244621315814,0.002,1.0,145.04425366545777,146.3246848854687,1.9816551391283215,2.0791195322367058
21,0.6,0.25,crump,0.2052786847987915,0.002,1.0,177.0,175.0,1.0,1.0
22,0.0,0.25,unweighted,0.17351022709952751,0.002,1.0,180.0,180.0,1.0,1.0
22,0.0,0.25,source,0.15416792192365583,0.002,1.0,157.22237446845608,180.0,1.7929331846812075,1.0
22,0.0,0.25,target,0.12706211066371037,0.002,1.0,180.0,151.33698048416971,1.0,1.8591814607203123
22,0.0,0.25,both,0.1058164758774559,0.044,1.0,157.22237446845608,151.33698048416971,1.7929331846812075,1.8591814607203123
22,0.0,0.25,crump,0.1716807732618178,0.002,1.0,180.0,178.0,1.0,1.0
22,0.15,0.25,unweighted,0.1822696616369456,0.002,1.0,180.0,180.0,1.0,1.0
22,0.15,0.25,source,0.1627797658911352,0.002,1.0,157.22237446845608,180.0,1.7929331846812075,1.0
22,0.15,0.25,target,0.1368296349800789,0.002,1.0,180.0,151.33698048416971,1.0,1.8591814607203123
22,0.15,0.25,both,0.11506908383290829,0.012,1.0,157.22237446845608,151.33698048416971,1.7929331846812075,1.8591814607203123
22,0.15,0.25,crump,0.18053787318321232,0.002,1.0,180.0,178.0,1.0,1.0
22,0.3,0.25,unweighted,0.1914697502286237,0.002,1.0,180.0,180.0,1.0,1.0
22,0.3,0.25,source,0.17170420665476135,0.002,1.0,157.22237446845608,180.0,1.7929331846812075,1.0
22,0.3,0.25,target,0.14711025756497828,0.002,1.0,180.0,151.33698048416971,1.0,1.8591814607203123
22,0.3,0.25,both,0.12473392110572445,0.002,1.0,157.22237446845608,151.33698048416971,1.7929331846812075,1.8591814607203123
22,0.3,0.25,crump,0.1898399714477274,0.002,1.0,180.0,178.0,1.0,1.0
22,0.45,0.25,unweighted,0.20162045038866025,0.002,1.0,180.0,180.0,1.0,1.0
22,0.45,0.25,source,0.1819720908084002,0.002,1.0,157.22237446845608,180.0,1.7929331846812075,1.0
22,0.45,0.25,target,0.15859188001969055,0.002,1.0,180.0,151.33698048416971,1.0,1.8591814607203123
22,0.45,0.25,both,0.13591078072322096,0.002,1.0,157.22237446845608,151.33698048416971,1.7929331846812075,1.8591814607203123
22,0.45,0.25,crump,0.2001034201075816,0.002,1.0,180.0,178.0,1.0,1.0
22,0.6,0.25,unweighted,0.21060838763145862,0.002,1.0,180.0,180.0,1.0,1.0
22,0.6,0.25,source,0.19112789214223774,0.002,1.0,157.22237446845608,180.0,1.7929331846812075,1.0
22,0.6,0.25,target,0.1691359539396119,0.002,1.0,180.0,151.33698048416971,1.0,1.8591814607203123
22,0.6,0.25,both,0.1463537502108869,0.002,1.0,157.22237446845608,151.33698048416971,1.7929331846812075,1.8591814607203123
22,0.6,0.25,crump,0.2091899949522973,0.002,1.0,180.0,178.0,1.0,1.0
23,0.0,0.25,unweighted,0.14937874466544734,0.002,1.0,180.0,180.0,1.0,1.0
23,0.0,0.25,source,0.11749859053020872,0.002,1.0,145.44366501221404,180.0,1.980047563977991,1.0
23,0.0,0.25,target,0.10314638531032692,0.064,0.0,180.0,151.0877775966011,1.0,1.9857820060268738
23,0.0,0.25,both,0.06915341436199526,0.928,0.0,145.44366501221404,151.0877775966011,1.980047563977991,1.9857820060268738
23,0.0,0.25,crump,0.1463002158538047,0.002,1.0,176.0,179.0,1.0,1.0
23,0.15,0.25,unweighted,0.15740334933699132,0.002,1.0,180.0,180.0,1.0,1.0
23,0.15,0.25,source,0.12448404285445867,0.002,1.0,145.44366501221404,180.0,1.980047563977991,1.0
23,0.15,0.25,target,0.11199744594141872,0.008,1.0,180.0,151.0877775966011,1.0,1.9857820060268738
23,0.15,0.25,both,0.07636725443693347,0.806,0.0,145.44366501221404,151.0877775966011,1.980047563977991,1.9857820060268738
23,0.15,0.25,crump,0.1543599337395566,0.002,1.0,176.0,179.0,1.0,1.0
23,0.3,0.25,unweighted,0.1664457656988264,0.002,1.0,180.0,180.0,1.0,1.0
23,0.3,0.25,source,0.13214526700052942,0.002,1.0,145.44366501221404,180.0,1.980047563977991,1.0
23,0.3,0.25,target,0.12218895138694913,0.002,1.0,180.0,151.0877775966011,1.0,1.9857820060268738
23,0.3,0.25,both,0.08458773364316717,0.506,0.0,145.44366501221404,151.0877775966011,1.980047563977991,1.9857820060268738
23,0.3,0.25,crump,0.1634535569273113,0.002,1.0,176.0,179.0,1.0,1.0
23,0.45,0.25,unweighted,0.17535689300411522,0.002,1.0,180.0,180.0,1.0,1.0
23,0.45,0.25,source,0.1401546968039269,0.002,1.0,145.44366501221404,180.0,1.980047563977991,1.0
23,0.45,0.25,target,0.13240933418039885,0.002,1.0,180.0,151.0877775966011,1.0,1.9857820060268738
23,0.45,0.25,both,0.09332321641428276,0.266,0.0,145.44366501221404,151.0877775966011,1.980047563977991,1.9857820060268738
23,0.45,0.25,crump,0.17243045222645215,0.002,1.0,176.0,179.0,1.0,1.0
23,0.6,0.25,unweighted,0.18446499390336837,0.002,1.0,180.0,180.0,1.0,1.0
23,0.6,0.25,source,0.14889071869634865,0.002,1.0,145.44366501221404,180.0,1.980047563977991,1.0
23,0.6,0.25,target,0.1429316361589609,0.002,1.0,180.0,151.0877775966011,1.0,1.9857820060268738
23,0.6,0.25,both,0.1028834772799941,0.078,0.0,145.44366501221404,151.0877775966011,1.980047563977991,1.9857820060268738
23,0.6,0.25,crump,0.18163988309630885,0.002,1.0,176.0,179.0,1.0,1.0
24,0.0,0.25,unweighted,0.15912267280140222,0.002,1.0,180.0,180.0,1.0,1.0
24,0.0,0.25,source,0.12373541678360048,0.002,1.0,147.35049949004227,180.0,1.9975863819516075,1.0
24,0.0,0.25,target,0.11372751379895395,0.006,1.0,180.0,150.39871339372863,1.0,1.9317830015555653
24,0.0,0.25,both,0.07812418304576574,0.76,0.0,147.35049949004227,150.39871339372863,1.9975863819516075,1.9317830015555653
24,0.0,0.25,crump,0.15858760242613576,0.002,1.0,179.0,180.0,1.0,1.0
24,0.15,0.25,unweighted,0.1663978433165676,0.002,1.0,180.0,180.0,1.0,1.0
24,0.15,0.25,source,0.13012358586678271,0.002,1.0,147.35049949004227,180.0,1.9975863819516075,1.0
24,0.15,0.25,target,0.12172170322868174,0.002,1.0,180.0,150.39871339372863,1.0,1.9317830015555653
24,0.15,0.25,both,0.08458247196017372,0.534,0.0,147.35049949004227,150.39871339372863,1.9975863819516075,1.9317830015555653
24,0.15,0.25,crump,0.16585225098870932,0.002,1.0,179.0,180.0,1.0,1.0
24,0.3,0.25,unweighted,0.17388623971193418,0.002,1.0,180.0,180.0,1.0,1.0
24,0.3,0.25,source,0.13637272617539106,0.002,1.0,147.35049949004227,180.0,1.9975863819516075,1.0
24,0.3,0.25,target,0.1302288471304575,0.002,1.0,180.0,150.39871339372863,1.0,1.9317830015555653
24,0.3,0.25,both,0.09123193087204703,0.276,0.0,147.35049949004227,150.39871339372863,1.9975863819516075,1.9317830015555653
24,0.3,0.25,crump,0.17332253885370447,0.002,1.0,179.0,180.0,1.0,1.0
24,0.45,0.25,unweighted,0.1818888612635269,0.002,1.0,180.0,180.0,1.0,1.0
24,0.45,0.25,source,0.1436650485727171,0.002,1.0,147.35049949004227,180.0,1.9975863819516075,1.0
24,0.45,0.25,target,0.1392830346760273,0.002,1.0,180.0,150.39871339372863,1.0,1.9317830015555653
24,0.45,0.25,both,0.09892011369519882,0.104,0.0,147.35049949004227,150.39871339372863,1.9975863819516075,1.9317830015555653
24,0.45,0.25,crump,0.18132696060143766,0.002,1.0,179.0,180.0,1.0,1.0
24,0.6,0.25,unweighted,0.18990430669867397,0.002,1.0,180.0,180.0,1.0,1.0
24,0.6,0.25,source,0.15102313613954138,0.002,1.0,147.35049949004227,180.0,1.9975863819516075,1.0
24,0.6,0.25,target,0.14846697120486402,0.002,1.0,180.0,150.39871339372863,1.0,1.9317830015555653
24,0.6,0.25,both,0.10682584384588867,0.03,1.0,147.35049949004227,150.39871339372863,1.9975863819516075,1.9317830015555653
24,0.6,0.25,crump,0.18933255054515713,0.002,1.0,179.0,180.0,1.0,1.0
25,0.0,0.25,unweighted,0.13594596383935376,0.002,1.0,180.0,180.0,1.0,1.0
25,0.0,0.25,source,0.10959244400093635,0.012,1.0,155.664723841003,180.0,1.93027752716438,1.0
25,0.0,0.25,target,0.09745521101088686,0.118,0.0,180.0,157.2606559135961,1.0,1.8021452691844924
25,0.0,0.25,both,0.07053351583868592,0.92,0.0,155.664723841003,157.2606559135961,1.93027752716438,1.8021452691844924
25,0.0,0.25,crump,0.13594596383935376,0.002,1.0,180.0,180.0,1.0,1.0
25,0.15,0.25,unweighted,0.1434298087181832,0.002,1.0,180.0,180.0,1.0,1.0
25,0.15,0.25,source,0.11612608669280855,0.004,1.0,155.664723841003,180.0,1.93027752716438,1.0
25,0.15,0.25,target,0.10522434702299548,0.036,1.0,180.0,157.2606559135961,1.0,1.8021452691844924
25,0.15,0.25,both,0.07693370625472837,0.77,0.0,155.664723841003,157.2606559135961,1.93027752716438,1.8021452691844924
25,0.15,0.25,crump,0.1434298087181832,0.002,1.0,180.0,180.0,1.0,1.0
25,0.3,0.25,unweighted,0.15149821197226032,0.002,1.0,180.0,180.0,1.0,1.0
25,0.3,0.25,source,0.12301706073644329,0.002,1.0,155.664723841003,180.0,1.93027752716438,1.0
25,0.3,0.25,target,0.11377531439079969,0.008,1.0,180.0,157.2606559135961,1.0,1.8021452691844924
25,0.3,0.25,both,0.08387117521470731,0.55,0.0,155.664723841003,157.2606559135961,1.93027752716438,1.8021452691844924
25,0.3,0.25,crump,0.15149821197226032,0.002,1.0,180.0,180.0,1.0,1.0
25,0.45,0.25,unweighted,0.16007715477823503,0.002,1.0,180.0,180.0,1.0,1.0
25,0.45,0.25,source,0.1308921131221342,0.002,1.0,155.664723841003,180.0,1.93027752716438,1.0
25,0.45,0.25,target,0.12286927142795254,0.006,1.0,180.0,157.2606559135961,1.0,1.8021452691844924
25,0.45,0.25,both,0.09178073265966455,0.234,0.0,155.664723841003,157.2606559135961,1.93027752716438,1.8021452691844924
25,0.45,0.25,crump,0.16007715477823503,0.002,1.0,180.0,180.0,1.0,1.0
25,0.6,0.25,unweighted,0.16798708180917543,0.002,1.0,180.0,180.0,1.0,1.0
25,0.6,0.25,source,0.13803897016974165,0.002,1.0,155.664723841003,180.0,1.93027752716438,1.0
25,0.6,0.25,target,0.13147759250039845,0.002,1.0,180.0,157.2606559135961,1.0,1.8021452691844924
25,0.6,0.25,both,0.09921022162287763,0.096,0.0,155.664723841003,157.2606559135961,1.93027752716438,1.8021452691844924
25,0.6,0.25,crump,0.16798708180917543,0.002,1.0,180.0,180.0,1.0,1.0
26,0.0,0.25,unweighted,0.16452444177716813,0.002,1.0,180.0,180.0,1.0,1.0
26,0.0,0.25,source,0.12229184190629308,0.002,1.0,138.38591492425016,180.0,2.1517715527686603,1.0
26,0.0,0.25,target,0.11632471352125405,0.006,1.0,180.0,144.42505126005724,1.0,2.0825961199398
26,0.0,0.25,both,0.07139275145481976,0.91,0.0,138.38591492425016,144.42505126005724,2.1517715527686603,2.0825961199398
26,0.0,0.25,crump,0.15230368070042188,0.002,1.0,173.0,171.0,1.0,1.0
26,0.15,0.25,unweighted,0.17273031740588324,0.002,1.0,180.0,180.0,1.0,1.0
26,0.15,0.25,source,0.12931924172828285,0.002,1.0,138.38591492425016,180.0,2.1517715527686603,1.0
26,0.15,0.25,target,0.1260019385975945,0.002,1.0,180.0,144.42505126005724,1.0,2.0825961199398
26,0.15,0.25,both,0.0791429430209273,0.704,0.0,138.38591492425016,144.42505126005724,2.1517715527686603,2.0825961199398
26,0.15,0.25,crump,0.16092359326734224,0.002,1.0,173.0,171.0,1.0,1.0
26,0.3,0.25,unweighted,0.18114988664075599,0.002,1.0,180.0,180.0,1.0,1.0
26,0.3,0.25,source,0.13660980369264977,0.002,1.0,138.38591492425016,180.0,2.1517715527686603,1.0
26,0.3,0.25,target,0.1359857648710186,0.002,1.0,180.0,144.42505126005724,1.0,2.0825961199398
26,0.3,0.25,both,0.08731341673202933,0.452,0.0,138.38591492425016,144.42505126005724,2.1517715527686603,2.0825961199398
26,0.3,0.25,crump,0.16969631991625578,0.002,1.0,173.0,171.0,1.0,1.0
26,0.45,0.25,unweighted,0.18992479709647922,0.002,1.0,180.0,180.0,1.0,1.0
26,0.45,0.25,source,0.1442177737991015,0.002,1.0,138.38591492425016,180.0,2.1517715527686603,1.0
26,0.45,0.25,target,0.1465387417426452,0.002,1.0,180.0,144.42505126005724,1.0,2.0825961199398
26,0.45,0.25,both,0.0959492301843299,0.182,0.0,138.38591492425016,144.42505126005724,2.1517715527686603,2.0825961199398
26,0.45,0.25,crump,0.17890124160899482,0.002,1.0,173.0,171.0,1.0,1.0
26,0.6,0.25,unweighted,0.19954855871818322,0.002,1.0,180.0,180.0,1.0,1.0
26,0.6,0.25,source,0.15257441571400293,0.002,1.0,138.38591492425016,180.0,2.1517715527686603,1.0
26,0.6,0.25,target,0.1576438638296507,0.002,1.0,180.0,144.42505126005724,1.0,2.0825961199398
26,0.6,0.25,both,0.1050944930336955,0.054,0.0,138.38591492425016,144.42505126005724,2.1517715527686603,2.0825961199398
26,0.6,0.25,crump,0.18869057269157669,0.002,1.0,173.0,171.0,1.0,1.0
27,0.0,0.25,unweighted,0.1792946054336229,0.002,1.0,180.0,180.0,1.0,1.0
27,0.0,0.25,source,0.13973087488297023,0.002,1.0,134.7106911331634,180.0,2.2959201347450073,1.0
27,0.0,0.25,target,0.12084337607469005,0.002,1.0,180.0,134.97932830656114,1.0,2.293103086145316
27,0.0,0.25,both,0.07754245797408467,0.732,0.0,134.7106911331634,134.97932830656114,2.2959201347450073,2.293103086145316
27,0.0,0.25,crump,0.13891002341696537,0.002,1.0,150.0,155.0,1.0,1.0
27,0.15,0.25,unweighted,0.18812157540771224,0.002,1.0,180.0,180.0,1.0,1.0
27,0.15,0.25,source,0.14749244049117805,0.002,1.0,134.7106911331634,180.0,2.2959201347450073,1.0
27,0.15,0.25,target,0.13149399487730404,0.002,1.0,180.0,134.97932830656114,1.0,2.293103086145316
27,0.15,0.25,both,0.08608047282198691,0.478,0.0,134.7106911331634,134.97932830656114,2.2959201347450073,2.293103086145316
27,0.15,0.25,crump,0.14877847550776582,0.002,1.0,150.0,155.0,1.0,1.0
27,0.3,0.25,unweighted,0.1963563843164152,0.002,1.0,180.0,180.0,1.0,1.0
27,0.3,0.25,source,0.1544138157153113,0.002,1.0,134.7106911331634,180.0,2.2959201347450073,1.0
27,0.3,0.25,target,0.1416808454390457,0.002,1.0,180.0,134.97932830656114,1.0,2.293103086145316
27,0.3,0.25,both,0.09409616374232674,0.244,0.0,134.7106911331634,134.97932830656114,2.2959201347450073,2.293103086145316
27,0.3,0.25,crump,0.15788295149342887,0.002,1.0,150.0,155.0,1.0,1.0
27,0.45,0.25,unweighted,0.20485969840725501,0.002,1.0,180.0,180.0,1.0,1.0
27,0.45,0.25,source,0.16187910237059186,0.002,1.0,134.7106911331634,180.0,2.2959201347450073,1.0
27,0.45,0.25,target,0.15240023147464157,0.002,1.0,180.0,134.97932830656114,1.0,2.293103086145316
27,0.45,0.25,both,0.10297736519121481,0.082,0.0,134.7106911331634,134.97932830656114,2.2959201347450073,2.293103086145316
27,0.45,0.25,crump,0.16747640238948625,0.002,1.0,150.0,155.0,1.0,1.0
27,0.6,0.25,unweighted,0.21359160760554793,0.002,1.0,180.0,180.0,1.0,1.0
27,0.6,0.25,source,0.17011813008647053,0.002,1.0,134.7106911331634,180.0,2.2959201347450073,1.0
27,0.6,0.25,target,0.16352446127029013,0.002,1.0,180.0,134.97932830656114,1.0,2.293103086145316
27,0.6,0.25,both,0.11270878819252436,0.02,1.0,134.7106911331634,134.97932830656114,2.2959201347450073,2.293103086145316
27,0.6,0.25,crump,0.1775828148148148,0.002,1.0,150.0,155.0,1.0,1.0
28,0.0,0.25,unweighted,0.14690170991464715,0.002,1.0,180.0,180.0,1.0,1.0
28,0.0,0.25,source,0.11493394491352331,0.01,1.0,145.35830998075886,180.0,1.9306532019572504,1.0
28,0.0,0.25,target,0.09580159612343098,0.162,0.0,180.0,145.08484996748362,1.0,2.0374303473933537
28,0.0,0.25,both,0.06143699394882459,0.984,0.0,145.35830998075886,145.08484996748362,1.9306532019572504,2.0374303473933537
28,0.0,0.25,crump,0.12589519692521145,0.002,1.0,167.0,167.0,1.0,1.0
28,0.15,0.25,unweighted,0.15452556298582532,0.002,1.0,180.0,180.0,1.0,1.0
28,0.15,0.25,source,0.12139168661338375,0.004,1.0,145.35830998075886,180.0,1.9306532019572504,1.0
28,0.15,0.25,target,0.10434179100549089,0.048,1.0,180.0,145.08484996748362,1.0,2.0374303473933537
28,0.15,0.25,both,0.06815709595481188,0.934,0.0,145.35830998075886,145.08484996748362,1.9306532019572504,2.0374303473933537
28,0.15,0.25,crump,0.13403137709107266,0.002,1.0,167.0,167.0,1.0,1.0
28,0.3,0.25,unweighted,0.1633543333714373,0.002,1.0,180.0,180.0,1.0,1.0
28,0.3,0.25,source,0.12908165779510025,0.002,1.0,145.35830998075886,180.0,1.9306532019572504,1.0
28,0.3,0.25,target,0.11426953850216189,0.01,1.0,180.0,145.08484996748362,1.0,2.0374303473933537
28,0.3,0.25,both,0.07639031667302869,0.786,0.0,145.35830998075886,145.08484996748362,1.9306532019572504,2.0374303473933537
28,0.3,0.25,crump,0.14345904832326917,0.002,1.0,167.0,167.0,1.0,1.0
28,0.45,0.25,unweighted,0.1716907864654778,0.002,1.0,180.0,180.0,1.0,1.0
28,0.45,0.25,source,0.13665051985786014,0.002,1.0,145.35830998075886,180.0,1.9306532019572504,1.0
28,0.45,0.25,target,0.12387245436960498,0.002,1.0,180.0,145.08484996748362,1.0,2.0374303473933537
28,0.45,0.25,both,0.08458726327094929,0.516,0.0,145.35830998075886,145.08484996748362,1.9306532019572504,2.0374303473933537
28,0.45,0.25,crump,0.1523327750479293,0.002,1.0,167.0,167.0,1.0,1.0
28,0.6,0.25,unweighted,0.18014993617588781,0.002,1.0,180.0,180.0,1.0,1.0
28,0.6,0.25,source,0.14442322099203284,0.002,1.0,145.35830998075886,180.0,1.9306532019572504,1.0
28,0.6,0.25,target,0.13381660819293534,0.002,1.0,180.0,145.08484996748362,1.0,2.0374303473933537
28,0.6,0.25,both,0.09325300242292893,0.268,0.0,145.35830998075886,145.08484996748362,1.9306532019572504,2.0374303473933537
28,0.6,0.25,crump,0.16148289804008983,0.002,1.0,167.0,167.0,1.0,1.0
29,0.0,0.25,unweighted,0.13922548868312756,0.002,1.0,180.0,180.0,1.0,1.0
29,0.0,0.25,source,0.11708350218413513,0.006,1.0,157.91519440642236,180.0,1.7404845810944916,1.0
29,0.0,0.25,target,0.10086052006185559,0.072,0.0,180.0,160.0719037775791,1.0,1.7430380969983592
29,0.0,0.25,both,0.07771934008861436,0.774,0.0,157.91519440642236,160.0719037775791,1.7404845810944916,1.7430380969983592
29,0.0,0.25,crump,0.13922548868312756,0.002,1.0,180.0,180.0,1.0,1.0
29,0.15,0.25,unweighted,0.14675832094955038,0.002,1.0,180.0,180.0,1.0,1.0
29,0.15,0.25,source,0.12349367689693759,0.002,1.0,157.91519440642236,180.0,1.7404845810944916,1.0
29,0.15,0.25,target,0.10875637609153495,0.01,1.0,180.0,160.0719037775791,1.0,1.7430380969983592
29,0.15,0.25,both,0.08414554511546582,0.536,0.0,157.91519440642236,160.0719037775791,1.7404845810944916,1.7430380969983592
29,0.15,0.25,crump,0.14675832094955038,0.002,1.0,180.0,180.0,1.0,1.0
29,0.3,0.25,unweighted,0.15507564300411525,0.002,1.0,180.0,180.0,1.0,1.0
29,0.3,0.25,source,0.1309259339288071,0.002,1.0,157.91519440642236,180.0,1.7404845810944916,1.0
29,0.3,0.25,target,0.11755472325123888,0.004,1.0,180.0,160.0719037775791,1.0,1.7430380969983592
29,0.3,0.25,both,0.091659457634924,0.276,0.0,157.91519440642236,160.0719037775791,1.7404845810944916,1.7430380969983592
29,0.3,0.25,crump,0.15507564300411525,0.002,1.0,180.0,180.0,1.0,1.0
29,0.45,0.25,unweighted,0.1641019899786618,0.002,1.0,180.0,180.0,1.0,1.0
29,0.45,0.25,source,0.13905161847336853,0.002,1.0,157.91519440642236,180.0,1.7404845810944916,1.0
29,0.45,0.25,target,0.12731885617856484,0.002,1.0,180.0,160.0719037775791,1.0,1.7430380969983592
29,0.45,0.25,both,0.10003778922437626,0.104,0.0,157.91519440642236,160.0719037775791,1.7404845810944916,1.7430380969983592
29,0.45,0.25,crump,0.1641019899786618,0.002,1.0,180.0,180.0,1.0,1.0
29,0.6,0.25,unweighted,0.17346438424020727,0.002,1.0,180.0,180.0,1.0,1.0
29,0.6,0.25,source,0.14740633998181293,0.002,1.0,157.91519440642236,180.0,1.7404845810944916,1.0
29,0.6,0.25,target,0.1374857867649928,0.002,1.0,180.0,160.0719037775791,1.0,1.7430380969983592
29,0.6,0.25,both,0.10877559400992064,0.018,1.0,157.91519440642236,160.0719037775791,1.7404845810944916,1.7430380969983592
29,0.6,0.25,crump,0.17346438424020727,0.002,1.0,180.0,180.0,1.0,1.0
30,0.0,0.25,unweighted,0.16995804850632526,0.002,1.0,180.0,180.0,1.0,1.0
30,0.0,0.25,source,0.12524945776378432,0.002,1.0,135.07517315038973,180.0,2.178617560692693,1.0
30,0.0,0.25,target,0.11786044660391878,0.002,1.0,180.0,140.1164636296687,1.0,2.258039522515613
30,0.0,0.25,both,0.07117699494968607,0.892,0.0,135.07517315038973,140.1164636296687,2.178617560692693,2.258039522515613
30,0.0,0.25,crump,0.1382449012840919,0.002,1.0,161.0,161.0,1.0,1.0
30,0.15,0.25,unweighted,0.17765229766803842,0.002,1.0,180.0,180.0,1.0,1.0
30,0.15,0.25,source,0.13187186793662,0.002,1.0,135.07517315038973,180.0,2.178617560692693,1.0
30,0.15,0.25,target,0.1266504746901702,0.002,1.0,180.0,140.1164636296687,1.0,2.258039522515613
30,0.15,0.25,both,0.07808933888768743,0.742,0.0,135.07517315038973,140.1164636296687,2.178617560692693,2.258039522515613
30,0.15,0.25,crump,0.14668307786208357,0.002,1.0,161.0,161.0,1.0,1.0
30,0.3,0.25,unweighted,0.18523498799725652,0.002,1.0,180.0,180.0,1.0,1.0
30,0.3,0.25,source,0.1381428551651424,0.002,1.0,135.07517315038973,180.0,2.178617560692693,1.0
30,0.3,0.25,target,0.13545766937983922,0.002,1.0,180.0,140.1164636296687,1.0,2.258039522515613
30,0.3,0.25,both,0.0847980903713352,0.514,0.0,135.07517315038973,140.1164636296687,2.178617560692693,2.258039522515613
30,0.3,0.25,crump,0.15485491351360747,0.002,1.0,161.0,161.0,1.0,1.0
30,0.45,0.25,unweighted,0.19337656416704774,0.002,1.0,180.0,180.0,1.0,1.0
30,0.45,0.25,source,0.1455951739068991,0.002,1.0,135.07517315038973,180.0,2.178617560692693,1.0
30,0.45,0.25,target,0.144906767205911,0.002,1.0,180.0,140.1164636296687,1.0,2.258039522515613
30,0.45,0.25,both,0.09276949904506722,0.276,0.0,135.07517315038973,140.1164636296687,2.178617560692693,2.258039522515613
30,0.45,0.25,crump,0.16402854818606377,0.002,1.0,161.0,161.0,1.0,1.0
30,0.6,0.25,unweighted,0.20155625285779605,0.002,1.0,180.0,180.0,1.0,1.0
30,0.6,0.25,source,0.15327458657274495,0.002,1.0,135.07517315038973,180.0,2.178617560692693,1.0
30,0.6,0.25,target,0.15466035499601624,0.002,1.0,180.0,140.1164636296687,1.0,2.258039522515613
30,0.6,0.25,both,0.10115991840825392,0.102,0.0,135.07517315038973,140.1164636296687,2.178617560692693,2.258039522515613
30,0.6,0.25,crump,0.1731239879819837,0.002,1.0,161.0,161.0,1.0,1.0
31,0.0,0.25,unweighted,0.17261590172991922,0.002,1.0,180.0,180.0,1.0,1.0
31,0.0,0.25,source,0.14099016290455632,0.002,1.0,145.87648930328078,180.0,1.962774387286272,1.0
31,0.0,0.25,target,0.11685310218936257,0.002,1.0,180.0,142.18179633956925,1.0,2.1644197685949758
31,0.0,0.25,both,0.0830885528590187,0.568,0.0,145.87648930328078,142.18179633956925,1.962774387286272,2.1644197685949758
31,0.0,0.25,crump,0.16477172641667504,0.002,1.0,175.0,174.0,1.0,1.0
31,0.15,0.25,unweighted,0.18135164609053497,0.002,1.0,180.0,180.0,1.0,1.0
31,0.15,0.25,source,0.14909628061101668,0.002,1.0,145.87648930328078,180.0,1.962774387286272,1.0
31,0.15,0.25,target,0.12680488610048773,0.002,1.0,180.0,142.18179633956925,1.0,2.1644197685949758
31,0.15,0.25,both,0.09160260983659525,0.314,0.0,145.87648930328078,142.18179633956925,1.962774387286272,2.1644197685949758
31,0.15,0.25,crump,0.17382785724338998,0.002,1.0,175.0,174.0,1.0,1.0
31,0.3,0.25,unweighted,0.18958336191129405,0.002,1.0,180.0,180.0,1.0,1.0
31,0.3,0.25,source,0.1566310765456448,0.002,1.0,145.87648930328078,180.0,1.962774387286272,1.0
31,0.3,0.25,target,0.1365190988107037,0.002,1.0,180.0,142.18179633956925,1.0,2.1644197685949758
31,0.3,0.25,both,0.09989511807760278,0.116,0.0,145.87648930328078,142.18179633956925,1.962774387286272,2.1644197685949758
31,0.3,0.25,crump,0.18237682222445628,0.002,1.0,175.0,174.0,1.0,1.0
31,0.45,0.25,unweighted,0.19713923563481178,0.002,1.0,180.0,180.0,1.0,1.0
31,0.45,0.25,source,0.16405444824591825,0.002,1.0,145.87648930328078,180.0,1.962774387286272,1.0
31,0.45,0.25,target,0.1455938627377889,0.002,1.0,180.0,142.18179633956925,1.0,2.1644197685949758
31,0.45,0.25,both,0.108092747523831,0.022,1.0,145.87648930328078,142.18179633956925,1.962774387286272,2.1644197685949758
31,0.45,0.25,crump,0.1901907544653329,0.002,1.0,175.0,174.0,1.0,1.0
31,0.6,0.25,unweighted,0.20531535112787686,0.002,1.0,180.0,180.0,1.0,1.0
31,0.6,0.25,source,0.17204331705328701,0.002,1.0,145.87648930328078,180.0,1.962774387286272,1.0
31,0.6,0.25,target,0.15548988653765888,0.002,1.0,180.0,142.18179633956925,1.0,2.1644197685949758
31,0.6,0.25,both,0.11707019610906821,0.006,1.0,145.87648930328078,142.18179633956925,1.962774387286272,2.1644197685949758
31,0.6,0.25,crump,0.19868658020843805,0.002,1.0,175.0,174.0,1.0,1.0
32,0.0,0.25,unweighted,0.15264577903520804,0.002,1.0,180.0,180.0,1.0,1.0
32,0.0,0.25,source,0.12795065604856895,0.002,1.0,151.56944466774465,180.0,1.8289935841351086,1.0
32,0.0,0.25,target,0.1025446867915104,0.048,1.0,180.0,150.1748062521415,1.0,1.9025335733878972
32,0.0,0.25,both,0.07649078087717529,0.76,0.0,151.56944466774465,150.1748062521415,1.8289935841351086,1.9025335733878972
32,0.0,0.25,crump,0.15072114863230526,0.002,1.0,178.0,179.0,1.0,1.0
32,0.15,0.25,unweighted,0.16071366121780217,0.002,1.0,180.0,180.0,1.0,1.0
32,0.15,0.25,source,0.13488055318032108,0.002,1.0,151.56944466774465,180.0,1.8289935841351086,1.0
32,0.15,0.25,target,0.11160224019386886,0.004,1.0,180.0,150.1748062521415,1.0,1.9025335733878972
32,0.15,0.25,both,0.08384301294494435,0.532,0.0,151.56944466774465,150.1748062521415,1.8289935841351086,1.9025335733878972
32,0.15,0.25,crump,0.15882644580171762,0.002,1.0,178.0,179.0,1.0,1.0
32,0.3,0.25,unweighted,0.16836111111111113,0.002,1.0,180.0,180.0,1.0,1.0
32,0.3,0.25,source,0.1414838942438477,0.002,1.0,151.56944466774465,180.0,1.8289935841351086,1.0
32,0.3,0.25,target,0.12035942049280282,0.004,1.0,180.0,150.1748062521415,1.0,1.9025335733878972
32,0.3,0.25,both,0.09107182172392429,0.286,0.0,151.56944466774465,150.1748062521415,1.8289935841351086,1.9025335733878972
32,0.3,0.25,crump,0.1665083101914755,0.002,1.0,178.0,179.0,1.0,1.0
32,0.45,0.25,unweighted,0.17623869646395365,0.002,1.0,180.0,180.0,1.0,1.0
32,0.45,0.25,source,0.14877457391295473,0.002,1.0,151.56944466774465,180.0,1.8289935841351086,1.0
32,0.45,0.25,target,0.12928673804972407,0.002,1.0,180.0,150.1748062521415,1.0,1.9025335733878972
32,0.45,0.25,both,0.09889377336199202,0.096,0.0,151.56944466774465,150.1748062521415,1.8289935841351086,1.9025335733878972
32,0.45,0.25,crump,0.17443293358174605,0.002,1.0,178.0,179.0,1.0,1.0
32,0.6,0.25,unweighted,0.18534796905959458,0.002,1.0,180.0,180.0,1.0,1.0
32,0.6,0.25,source,0.15733985511431903,0.002,1.0,151.56944466774465,180.0,1.8289935841351086,1.0
32,0.6,0.25,target,0.13984185830909235,0.002,1.0,180.0,150.1748062521415,1.0,1.9025335733878972
32,0.6,0.25,both,0.1084218701573145,0.02,1.0,151.56944466774465,150.1748062521415,1.8289935841351086,1.9025335733878972
32,0.6,0.25,crump,0.18358329136403012,0.002,1.0,178.0,179.0,1.0,1.0
33,0.0,0.25,unweighted,0.15937912475232435,0.002,1.0,180.0,180.0,1.0,1.0
33,0.0,0.25,source,0.12263833723095299,0.002,1.0,140.90433661216002,180.0,2.2260233751556022,1.0
33,0.0,0.25,target,0.10991454664690042,0.012,1.0,180.0,147.4093801209397,1.0,2.0724636878173373
33,0.0,0.25,both,0.07057076638633251,0.93,0.0,140.90433661216002,147.4093801209397,2.2260233751556022,2.0724636878173373
33,0.0,0.25,crump,0.1491503630592101,0.002,1.0,179.0,170.0,1.0,1.0
33,0.15,0.25,unweighted,0.16710705113549762,0.002,1.0,180.0,180.0,1.0,1.0
33,0.15,0.25,source,0.12884065669304398,0.002,1.0,140.90433661216002,180.0,2.2260233751556022,1.0
33,0.15,0.25,target,0.11878975025248281,0.004,1.0,180.0,147.4093801209397,1.0,2.0724636878173373
33,0.15,0.25,both,0.0773122730686588,0.768,0.0,140.90433661216002,147.4093801209397,2.2260233751556022,2.0724636878173373
33,0.15,0.25,crump,0.15729945415914337,0.002,1.0,179.0,170.0,1.0,1.0
33,0.3,0.25,unweighted,0.17659441967687853,0.002,1.0,180.0,180.0,1.0,1.0
33,0.3,0.25,source,0.13733479655276135,0.002,1.0,140.90433661216002,180.0,2.2260233751556022,1.0
33,0.3,0.25,target,0.1297006729849059,0.002,1.0,180.0,147.4093801209397,1.0,2.0724636878173373
33,0.3,0.25,both,0.0864459203050896,0.448,0.0,140.90433661216002,147.4093801209397,2.2260233751556022,2.0724636878173373
33,0.3,0.25,crump,0.16729029289750275,0.002,1.0,179.0,170.0,1.0,1.0
33,0.45,0.25,unweighted,0.1855991674287456,0.002,1.0,180.0,180.0,1.0,1.0
33,0.45,0.25,source,0.14522568706836503,0.002,1.0,140.90433661216002,180.0,2.2260233751556022,1.0
33,0.45,0.25,target,0.14044726002809335,0.002,1.0,180.0,147.4093801209397,1.0,2.0724636878173373
33,0.45,0.25,both,0.09536204227655357,0.19,0.0,140.90433661216002,147.4093801209397,2.2260233751556022,2.0724636878173373
33,0.45,0.25,crump,0.17679750977948755,0.002,1.0,179.0,170.0,1.0,1.0
33,0.6,0.25,unweighted,0.19573555955647007,0.002,1.0,180.0,180.0,1.0,1.0
33,0.6,0.25,source,0.15423063066342538,0.002,1.0,140.90433661216002,180.0,2.2260233751556022,1.0
33,0.6,0.25,target,0.1525220093883547,0.002,1.0,180.0,147.4093801209397,1.0,2.0724636878173373
33,0.6,0.25,both,0.10563664443395775,0.054,0.0,140.90433661216002,147.4093801209397,2.2260233751556022,2.0724636878173373
33,0.6,0.25,crump,0.1874913378882994,0.002,1.0,179.0,170.0,1.0,1.0
34,0.0,0.25,unweighted,0.16089364330894682,0.002,1.0,180.0,180.0,1.0,1.0
34,0.0,0.25,source,0.13504236294830704,0.002,1.0,148.43569654652845,180.0,1.9263117903923528,1.0
34,0.0,0.25,target,0.10719613832525868,0.028,1.0,180.0,146.83826108707893,1.0,2.1337897419882528
34,0.0,0.25,both,0.07847909314489278,0.726,0.0,148.43569654652845,146.83826108707893,1.9263117903923528,2.1337897419882528
34,0.0,0.25,crump,0.1541046639794864,0.002,1.0,176.0,175.0,1.0,1.0
34,0.15,0.25,unweighted,0.16908051268861451,0.002,1.0,180.0,180.0,1.0,1.0
34,0.15,0.25,source,0.1423614942602059,0.002,1.0,148.43569654652845,180.0,1.9263117903923528,1.0
34,0.15,0.25,target,0.1165044385449107,0.006,1.0,180.0,146.83826108707893,1.0,2.1337897419882528
34,0.15,0.25,both,0.08620667135250289,0.454,0.0,148.43569654652845,146.83826108707893,1.9263117903923528,2.1337897419882528
34,0.15,0.25,crump,0.1624915686715144,0.002,1.0,176.0,175.0,1.0,1.0
34,0.3,0.25,unweighted,0.1773410208047554,0.002,1.0,180.0,180.0,1.0,1.0
34,0.3,0.25,source,0.14947358161893023,0.002,1.0,148.43569654652845,180.0,1.9263117903923528,1.0
34,0.3,0.25,target,0.12623977764414673,0.002,1.0,180.0,146.83826108707893,1.0,2.1337897419882528
34,0.3,0.25,both,0.09418378568084698,0.218,0.0,148.43569654652845,146.83826108707893,1.9263117903923528,2.1337897419882528
34,0.3,0.25,crump,0.1709452489820355,0.002,1.0,176.0,175.0,1.0,1.0
34,0.45,0.25,unweighted,0.1857846812604786,0.002,1.0,180.0,180.0,1.0,1.0
34,0.45,0.25,source,0.15739582564031007,0.002,1.0,148.43569654652845,180.0,1.9263117903923528,1.0
34,0.45,0.25,target,0.136284169224189,0.002,1.0,180.0,146.83826108707893,1.0,2.1337897419882528
34,0.45,0.25,both,0.10305953773012394,0.074,0.0,148.43569654652845,146.83826108707893,1.9263117903923528,2.1337897419882528
34,0.45,0.25,crump,0.17963487861570243,0.002,1.0,176.0,175.0,1.0,1.0
34,0.6,0.25,unweighted,0.19486131687242797,0.002,1.0,180.0,180.0,1.0,1.0
34,0.6,0.25,source,0.165836137801898,0.002,1.0,148.43569654652845,180.0,1.9263117903923528,1.0
34,0.6,0.25,target,0.14703992903551275,0.002,1.0,180.0,146.83826108707893,1.0,2.1337897419882528
34,0.6,0.25,both,0.11252106760385316,0.01,1.0,148.43569654652845,146.83826108707893,1.9263117903923528,2.1337897419882528
34,0.6,0.25,crump,0.18897413456249326,0.002,1.0,176.0,175.0,1.0,1.0
35,0.0,0.25,unweighted,0.15072953913275414,0.002,1.0,180.0,180.0,1.0,1.0
35,0.0,0.25,source,0.11839207292632617,0.004,1.0,148.20834618454597,180.0,1.9477849778954444,1.0
35,0.0,0.25,target,0.10617262111242975,0.026,1.0,180.0,150.42114611270063,1.0,1.9510925255149536
35,0.0,0.25,both,0.07286957644447471,0.892,0.0,148.20834618454597,150.42114611270063,1.9477849778954444,1.9510925255149536
35,0.0,0.25,crump,0.14733734410803073,0.002,1.0,179.0,177.0,1.0,1.0
35,0.15,0.25,unweighted,0.15861436137783874,0.002,1.0,180.0,180.0,1.0,1.0
35,0.15,0.25,source,0.1253226906598466,0.002,1.0,148.20834618454597,180.0,1.9477849778954444,1.0
35,0.15,0.25,target,0.11472355321546773,0.004,1.0,180.0,150.42114611270063,1.0,1.9510925255149536
35,0.15,0.25,both,0.07991114298752429,0.71,0.0,148.20834618454597,150.42114611270063,1.9477849778954444,1.9510925255149536
35,0.15,0.25,crump,0.15535261367371694,0.002,1.0,179.0,177.0,1.0,1.0
35,0.3,0.25,unweighted,0.16708789628105475,0.002,1.0,180.0,180.0,1.0,1.0
35,0.3,0.25,source,0.13273434121053032,0.002,1.0,148.20834618454597,180.0,1.9477849778954444,1.0
35,0.3,0.25,target,0.12423801124875661,0.002,1.0,180.0,150.42114611270063,1.0,1.9510925255149536
35,0.3,0.25,both,0.08780218150774707,0.43,0.0,148.20834618454597,150.42114611270063,1.9477849778954444,1.9510925255149536
35,0.3,0.25,crump,0.16393093321532887,0.002,1.0,179.0,177.0,1.0,1.0
35,0.45,0.25,unweighted,0.17583589582380732,0.002,1.0,180.0,180.0,1.0,1.0
35,0.45,0.25,source,0.14060851198917682,0.002,1.0,148.20834618454597,180.0,1.9477849778954444,1.0
35,0.45,0.25,target,0.13417479849877217,0.002,1.0,180.0,150.42114611270063,1.0,1.9510925255149536
35,0.45,0.25,both,0.09637804181588909,0.166,0.0,148.20834618454597,150.42114611270063,1.9477849778954444,1.9510925255149536
35,0.45,0.25,crump,0.17281108548110063,0.002,1.0,179.0,177.0,1.0,1.0
35,0.6,0.25,unweighted,0.18496616464715743,0.002,1.0,180.0,180.0,1.0,1.0
35,0.6,0.25,source,0.14934337359901204,0.002,1.0,148.20834618454597,180.0,1.9477849778954444,1.0
35,0.6,0.25,target,0.14467305818170784,0.002,1.0,180.0,150.42114611270063,1.0,1.9510925255149536
35,0.6,0.25,both,0.10586581825907666,0.034,1.0,148.20834618454597,150.42114611270063,1.9477849778954444,1.9510925255149536
35,0.6,0.25,crump,0.18208954342315348,0.002,1.0,179.0,177.0,1.0,1.0
36,0.0,0.25,unweighted,0.18829810337600977,0.002,1.0,180.0,180.0,1.0,1.0
36,0.0,0.25,source,0.1593716241837697,0.002,1.0,141.89556821789859,180.0,2.094862190565888,1.0
36,0.0,0.25,target,0.12479181684616801,0.004,1.0,180.0,135.48839795750405,1.0,2.1659702407870878
36,0.0,0.25,both,0.09170267044309066,0.278,0.0,141.89556821789859,135.48839795750405,2.094862190565888,2.1659702407870878
36,0.0,0.25,crump,0.16359421630741378,0.002,1.0,163.0,161.0,1.0,1.0
36,0.15,0.25,unweighted,0.19663239883401923,0.002,1.0,180.0,180.0,1.0,1.0
36,0.15,0.25,source,0.16720468068218836,0.002,1.0,141.89556821789859,180.0,2.094862190565888,1.0
36,0.15,0.25,target,0.13490804563702663,0.004,1.0,180.0,135.48839795750405,1.0,2.1659702407870878
36,0.15,0.25,both,0.10044346914898986,0.096,0.0,141.89556821789859,135.48839795750405,2.094862190565888,2.1659702407870878
36,0.15,0.25,crump,0.17286129630123181,0.002,1.0,163.0,161.0,1.0,1.0
36,0.3,0.25,unweighted,0.20410200903063558,0.002,1.0,180.0,180.0,1.0,1.0
36,0.3,0.25,source,0.17415829507749747,0.002,1.0,141.89556821789859,180.0,2.094862190565888,1.0
36,0.3,0.25,target,0.1441685123976062,0.002,1.0,180.0,135.48839795750405,1.0,2.1659702407870878
36,0.3,0.25,both,0.10834192560908809,0.034,1.0,141.89556821789859,135.48839795750405,2.094862190565888,2.1659702407870878
36,0.3,0.25,crump,0.1811535828354154,0.002,1.0,163.0,161.0,1.0,1.0
36,0.45,0.25,unweighted,0.21199136278768482,0.002,1.0,180.0,180.0,1.0,1.0
36,0.45,0.25,source,0.18146342031145524,0.002,1.0,141.89556821789859,180.0,2.094862190565888,1.0
36,0.45,0.25,target,0.15425020656618743,0.002,1.0,180.0,135.48839795750405,1.0,2.1659702407870878
36,0.45,0.25,both,0.11710598059623398,0.012,1.0,141.89556821789859,135.48839795750405,2.094862190565888,2.1659702407870878
36,0.45,0.25,crump,0.18979597321545377,0.002,1.0,163.0,161.0,1.0,1.0
36,0.6,0.25,unweighted,0.21999187814357565,0.002,1.0,180.0,180.0,1.0,1.0
36,0.6,0.25,source,0.18912105130448362,0.002,1.0,141.89556821789859,180.0,2.094862190565888,1.0
36,0.6,0.25,target,0.1644478663468175,0.002,1.0,180.0,135.48839795750405,1.0,2.1659702407870878
36,0.6,0.25,both,0.1263354873451367,0.006,1.0,141.89556821789859,135.48839795750405,2.094862190565888,2.1659702407870878
36,0.6,0.25,crump,0.19871556535381005,0.002,1.0,163.0,161.0,1.0,1.0
37,0.0,0.25,unweighted,0.1652640470202713,0.002,1.0,180.0,180.0,1.0,1.0
37,0.0,0.25,source,0.1364981920773321,0.002,1.0,151.24664055856726,180.0,1.9823251330450407,1.0
37,0.0,0.25,target,0.11448441731934018,0.006,1.0,180.0,147.7472680371206,1.0,1.9475654233427517
37,0.0,0.25,both,0.08367895186383689,0.538,0.0,151.24664055856726,147.7472680371206,1.9823251330450407,1.9475654233427517
37,0.0,0.25,crump,0.16383558400386436,0.002,1.0,179.0,179.0,1.0,1.0
37,0.15,0.25,unweighted,0.1728202874942844,0.002,1.0,180.0,180.0,1.0,1.0
37,0.15,0.25,source,0.14315492089543513,0.002,1.0,151.24664055856726,180.0,1.9823251330450407,1.0
37,0.15,0.25,target,0.12327381328740229,0.004,1.0,180.0,147.7472680371206,1.0,1.9475654233427517
37,0.15,0.25,both,0.09104475625967309,0.29,0.0,151.24664055856726,147.7472680371206,1.9823251330450407,1.9475654233427517
37,0.15,0.25,crump,0.17141860880450738,0.002,1.0,179.0,179.0,1.0,1.0
37,0.3,0.25,unweighted,0.1811382315957933,0.002,1.0,180.0,180.0,1.0,1.0
37,0.3,0.25,source,0.15059217503863678,0.002,1.0,151.24664055856726,180.0,1.9823251330450407,1.0
37,0.3,0.25,target,0.13290591844604643,0.002,1.0,180.0,147.7472680371206,1.0,1.9475654233427517
37,0.3,0.25,both,0.09927569354631505,0.11,0.0,151.24664055856726,147.7472680371206,1.9823251330450407,1.9475654233427517
37,0.3,0.25,crump,0.17977673889885867,0.002,1.0,179.0,179.0,1.0,1.0
37,0.45,0.25,unweighted,0.18954894833104707,0.002,1.0,180.0,180.0,1.0,1.0
37,0.45,0.25,source,0.1580486261900612,0.002,1.0,151.24664055856726,180.0,1.9823251330450407,1.0
37,0.45,0.25,target,0.1428368373598094,0.002,1.0,180.0,147.7472680371206,1.0,1.9475654233427517
37,0.45,0.25,both,0.10776798334848076,0.032,1.0,151.24664055856726,147.7472680371206,1.9823251330450407,1.9475654233427517
37,0.45,0.25,crump,0.18821506180498515,0.002,1.0,179.0,179.0,1.0,1.0
37,0.6,0.25,unweighted,0.19854738130620336,0.002,1.0,180.0,180.0,1.0,1.0
37,0.6,0.25,source,0.16590147817397205,0.002,1.0,151.24664055856726,180.0,1.9823251330450407,1.0
37,0.6,0.25,target,0.15359773870200727,0.002,1.0,180.0,147.7472680371206,1.0,1.9475654233427517
37,0.6,0.25,both,0.11693176673936653,0.006,1.0,151.24664055856726,147.7472680371206,1.9823251330450407,1.9475654233427517
37,0.6,0.25,crump,0.19722624589205068,0.002,1.0,179.0,179.0,1.0,1.0
38,0.0,0.25,unweighted,0.16811602747294618,0.002,1.0,180.0,180.0,1.0,1.0
38,0.0,0.25,source,0.1333537236597771,0.002,1.0,141.76208305823315,180.0,2.1117816008103656,1.0
38,0.0,0.25,target,0.11514315066773058,0.006,1.0,180.0,142.7922179280329,1.0,2.0784606090023687
38,0.0,0.25,both,0.07632254165163294,0.778,0.0,141.76208305823315,142.7922179280329,2.1117816008103656,2.0784606090023687
38,0.0,0.25,crump,0.14385287621770843,0.002,1.0,163.0,165.0,1.0,1.0
38,0.15,0.25,unweighted,0.17707702522481328,0.002,1.0,180.0,180.0,1.0,1.0
38,0.15,0.25,source,0.14092016743543534,0.002,1.0,141.76208305823315,180.0,2.1117816008103656,1.0
38,0.15,0.25,target,0.12563376754316685,0.002,1.0,180.0,142.7922179280329,1.0,2.0784606090023687
38,0.15,0.25,both,0.08465794328747699,0.496,0.0,141.76208305823315,142.7922179280329,2.1117816008103656,2.0784606090023687
38,0.15,0.25,crump,0.1533148088504936,0.002,1.0,163.0,165.0,1.0,1.0
38,0.3,0.25,unweighted,0.18581971212467613,0.002,1.0,180.0,180.0,1.0,1.0
38,0.3,0.25,source,0.14888376339552914,0.002,1.0,141.76208305823315,180.0,2.1117816008103656,1.0
38,0.3,0.25,target,0.13613039026350776,0.002,1.0,180.0,142.7922179280329,1.0,2.0784606090023687
38,0.3,0.25,both,0.09365149353018501,0.206,0.0,141.76208305823315,142.7922179280329,2.1117816008103656,2.0784606090023687
38,0.3,0.25,crump,0.16278965548465707,0.002,1.0,163.0,165.0,1.0,1.0
38,0.45,0.25,unweighted,0.194496214372809,0.002,1.0,180.0,180.0,1.0,1.0
38,0.45,0.25,source,0.15694168836768632,0.002,1.0,141.76208305823315,180.0,2.1117816008103656,1.0
38,0.45,0.25,target,0.14667235113151297,0.002,1.0,180.0,142.7922179280329,1.0,2.0784606090023687
38,0.45,0.25,both,0.10283248833018889,0.064,0.0,141.76208305823315,142.7922179280329,2.1117816008103656,2.0784606090023687
38,0.45,0.25,crump,0.17231484545275905,0.002,1.0,163.0,165.0,1.0,1.0
38,0.6,0.25,unweighted,0.20332826646090535,0.002,1.0,180.0,180.0,1.0,1.0
38,0.6,0.25,source,0.16535900770918655,0.002,1.0,141.76208305823315,180.0,2.1117816008103656,1.0
38,0.6,0.25,target,0.15770804331268168,0.002,1.0,180.0,142.7922179280329,1.0,2.0784606090023687
38,0.6,0.25,both,0.11287618034137743,0.012,1.0,141.76208305823315,142.7922179280329,2.1117816008103656,2.0784606090023687
38,0.6,0.25,crump,0.18215012399253594,0.002,1.0,163.0,165.0,1.0,1.0
39,0.0,0.25,unweighted,0.14646846040999845,0.002,1.0,180.0,180.0,1.0,1.0
39,0.0,0.25,source,0.13037631948356804,0.002,1.0,165.07746175304874,180.0,1.6046997287265299,1.0
39,0.0,0.25,target,0.10748825528730535,0.028,1.0,180.0,160.95392547531065,1.0,1.6957478909486507
39,0.0,0.25,both,0.09010925346298629,0.326,0.0,165.07746175304874,160.95392547531065,1.6046997287265299,1.6957478909486507
39,0.0,0.25,crump,0.14646846040999845,0.002,1.0,180.0,180.0,1.0,1.0
39,0.15,0.25,unweighted,0.1553500438195397,0.002,1.0,180.0,180.0,1.0,1.0
39,0.15,0.25,source,0.13860341550498476,0.002,1.0,165.07746175304874,180.0,1.6046997287265299,1.0
39,0.15,0.25,target,0.11700648653696495,0.006,1.0,180.0,160.95392547531065,1.0,1.6957478909486507
39,0.15,0.25,both,0.09875252562498607,0.084,0.0,165.07746175304874,160.95392547531065,1.6046997287265299,1.6957478909486507
39,0.15,0.25,crump,0.1553500438195397,0.002,1.0,180.0,180.0,1.0,1.0
39,0.3,0.25,unweighted,0.16422181355738458,0.002,1.0,180.0,180.0,1.0,1.0
39,0.3,0.25,source,0.14688581011116883,0.002,1.0,165.07746175304874,180.0,1.6046997287265299,1.0
39,0.3,0.25,target,0.12670291855553495,0.002,1.0,180.0,160.95392547531065,1.0,1.6957478909486507
39,0.3,0.25,both,0.10760629213764035,0.026,1.0,165.07746175304874,160.95392547531065,1.6046997287265299,1.6957478909486507
39,0.3,0.25,crump,0.16422181355738458,0.002,1.0,180.0,180.0,1.0,1.0
39,0.45,0.25,unweighted,0.17370637955342172,0.002,1.0,180.0,180.0,1.0,1.0
39,0.45,0.25,source,0.15584997053260416,0.002,1.0,165.07746175304874,180.0,1.6046997287265299,1.0
39,0.45,0.25,target,0.13714051080233408,0.002,1.0,180.0,160.95392547531065,1.0,1.6957478909486507
39,0.45,0.25,both,0.11725854333374743,0.006,1.0,165.07746175304874,160.95392547531065,1.6046997287265299,1.6957478909486507
39,0.45,0.25,crump,0.17370637955342172,0.002,1.0,180.0,180.0,1.0,1.0
39,0.6,0.25,unweighted,0.18289096079103795,0.002,1.0,180.0,180.0,1.0,1.0
39,0.6,0.25,source,0.16452315078910115,0.002,1.0,165.07746175304874,180.0,1.6046997287265299,1.0
39,0.6,0.25,target,0.1473481448200526,0.002,1.0,180.0,160.95392547531065,1.0,1.6957478909486507
39,0.6,0.25,both,0.12668493895315552,0.002,1.0,165.07746175304874,160.95392547531065,1.6046997287265299,1.6957478909486507
39,0.6,0.25,crump,0.18289096079103795,0.002,1.0,180.0,180.0,1.0,1.0
40,0.0,0.25,unweighted,0.161263781245237,0.002,1.0,180.0,180.0,1.0,1.0
40,0.0,0.25,source,0.12666628446553674,0.002,1.0,143.5356645875364,180.0,2.12058131721118,1.0
40,0.0,0.25,target,0.11077235284270608,0.01,1.0,180.0,146.16406571338894,1.0,2.0565338112482325
40,0.0,0.25,both,0.0738656343035561,0.828,0.0,143.5356645875364,146.16406571338894,2.12058131721118,2.0565338112482325
40,0.0,0.25,crump,0.15525420064063605,0.002,1.0,178.0,175.0,1.0,1.0
40,0.15,0.25,unweighted,0.16935731310013719,0.002,1.0,180.0,180.0,1.0,1.0
40,0.15,0.25,source,0.13393817376677883,0.002,1.0,143.5356645875364,180.0,2.12058131721118,1.0
40,0.15,0.25,target,0.11962627718585654,0.002,1.0,180.0,146.16406571338894,1.0,2.0565338112482325
40,0.15,0.25,both,0.08132005177013904,0.614,0.0,143.5356645875364,146.16406571338894,2.12058131721118,2.0565338112482325
40,0.15,0.25,crump,0.16355829222885787,0.002,1.0,178.0,175.0,1.0,1.0
40,0.3,0.25,unweighted,0.17699133516232282,0.002,1.0,180.0,180.0,1.0,1.0
40,0.3,0.25,source,0.14087028500832988,0.002,1.0,143.5356645875364,180.0,2.12058131721118,1.0
40,0.3,0.25,target,0.12829189540222904,0.002,1.0,180.0,146.16406571338894,1.0,2.0565338112482325
40,0.3,0.25,both,0.08855591109611907,0.372,0.0,143.5356645875364,146.16406571338894,2.12058131721118,2.0565338112482325
40,0.3,0.25,crump,0.17142986327868925,0.002,1.0,178.0,175.0,1.0,1.0
40,0.45,0.25,unweighted,0.18512675182898947,0.002,1.0,180.0,180.0,1.0,1.0
40,0.45,0.25,source,0.1484737386331784,0.002,1.0,143.5356645875364,180.0,2.12058131721118,1.0
40,0.45,0.25,target,0.1376034612112652,0.002,1.0,180.0,146.16406571338894,1.0,2.0565338112482325
40,0.45,0.25,both,0.09663689012737262,0.164,0.0,143.5356645875364,146.16406571338894,2.12058131721118,2.0565338112482325
40,0.45,0.25,crump,0.17981744486029072,0.002,1.0,178.0,175.0,1.0,1.0
40,0.6,0.25,unweighted,0.19361809080170705,0.002,1.0,180.0,180.0,1.0,1.0
40,0.6,0.25,source,0.1568300722324496,0.002,1.0,143.5356645875364,180.0,2.12058131721118,1.0
40,0.6,0.25,target,0.14733760153063746,0.002,1.0,180.0,146.16406571338894,1.0,2.0565338112482325
40,0.6,0.25,both,0.10568361995147452,0.034,1.0,143.5356645875364,146.16406571338894,2.12058131721118,2.0565338112482325
40,0.6,0.25,crump,0.1885671294968796,0.002,1.0,178.0,175.0,1.0,1.0
41,0.0,0.25,unweighted,0.16696740493065082,0.002,1.0,180.0,180.0,1.0,1.0
41,0.0,0.25,source,0.13549248974463327,0.002,1.0,143.08335922837023,180.0,1.9865954044933007,1.0
41,0.0,0.25,target,0.11457298317950235,0.012,1.0,180.0,142.4249387386254,1.0,2.0428498610749237
41,0.0,0.25,both,0.07974586191497297,0.678,0.0,143.08335922837023,142.4249387386254,1.9865954044933007,2.0428498610749237
41,0.0,0.25,crump,0.14353493260813405,0.002,1.0,163.0,165.0,1.0,1.0
41,0.15,0.25,unweighted,0.17672701379362904,0.002,1.0,180.0,180.0,1.0,1.0
41,0.15,0.25,source,0.1446672636624256,0.002,1.0,143.08335922837023,180.0,1.9865954044933007,1.0
41,0.15,0.25,target,0.12557102781085294,0.002,1.0,180.0,142.4249387386254,1.0,2.0428498610749237
41,0.15,0.25,both,0.08966448008306693,0.34,0.0,143.08335922837023,142.4249387386254,1.9865954044933007,2.0428498610749237
41,0.15,0.25,crump,0.154329659315335,0.002,1.0,163.0,165.0,1.0,1.0
41,0.3,0.25,unweighted,0.18637869036732208,0.002,1.0,180.0,180.0,1.0,1.0
41,0.3,0.25,source,0.1538260563119402,0.002,1.0,143.08335922837023,180.0,1.9865954044933007,1.0
41,0.3,0.25,target,0.13670000124543813,0.002,1.0,180.0,142.4249387386254,1.0,2.0428498610749237
41,0.3,0.25,both,0.09966879455746684,0.108,0.0,143.08335922837023,142.4249387386254,1.9865954044933007,2.0428498610749237
41,0.3,0.25,crump,0.1650226063946376,0.002,1.0,163.0,165.0,1.0,1.0
41,0.45,0.25,unweighted,0.19652093716659047,0.002,1.0,180.0,180.0,1.0,1.0
41,0.45,0.25,source,0.16387989564596506,0.002,1.0,143.08335922837023,180.0,1.9865954044933007,1.0
41,0.45,0.25,target,0.14843604074949127,0.002,1.0,180.0,142.4249387386254,1.0,2.0428498610749237
41,0.45,0.25,both,0.1108193475412067,0.014,1.0,143.08335922837023,142.4249387386254,1.9865954044933007,2.0428498610749237
41,0.45,0.25,crump,0.17619373957677717,0.002,1.0,163.0,165.0,1.0,1.0
41,0.6,0.25,unweighted,0.20714756896814512,0.002,1.0,180.0,180.0,1.0,1.0
41,0.6,0.25,source,0.17489939592932044,0.002,1.0,143.08335922837023,180.0,1.9865954044933007,1.0
41,0.6,0.25,target,0.1610386475797854,0.002,1.0,180.0,142.4249387386254,1.0,2.0428498610749237
41,0.6,0.25,both,0.12320148222768038,0.002,1.0,143.08335922837023,142.4249387386254,1.9865954044933007,2.0428498610749237
41,0.6,0.25,crump,0.1880936755742419,0.002,1.0,163.0,165.0,1.0,1.0
42,0.0,0.25,unweighted,0.16521771738302088,0.002,1.0,180.0,180.0,1.0,1.0
42,0.0,0.25,source,0.13904916527554684,0.002,1.0,151.91658749868608,180.0,1.919054472530948,1.0
42,0.0,0.25,target,0.11493994127890146,0.002,1.0,180.0,149.8281429146517,1.0,2.0436186108835517
42,0.0,0.25,both,0.08606223164674344,0.49,0.0,151.91658749868608,149.8281429146517,1.919054472530948,2.0436186108835517
42,0.0,0.25,crump,0.16438022832992316,0.002,1.0,180.0,179.0,1.0,1.0
42,0.15,0.25,unweighted,0.17252753962810546,0.002,1.0,180.0,180.0,1.0,1.0
42,0.15,0.25,source,0.14557122896827837,0.002,1.0,151.91658749868608,180.0,1.919054472530948,1.0
42,0.15,0.25,target,0.12337706748931788,0.002,1.0,180.0,149.8281429146517,1.0,2.0436186108835517
42,0.15,0.25,both,0.09312762366063249,0.278,0.0,151.91658749868608,149.8281429146517,1.919054472530948,2.0436186108835517
42,0.15,0.25,crump,0.17173026492248505,0.002,1.0,180.0,179.0,1.0,1.0
42,0.3,0.25,unweighted,0.1810286427373876,0.002,1.0,180.0,180.0,1.0,1.0
42,0.3,0.25,source,0.15304606594745965,0.002,1.0,151.91658749868608,180.0,1.919054472530948,1.0
42,0.3,0.25,target,0.13323898080040264,0.002,1.0,180.0,149.8281429146517,1.0,2.0436186108835517
42,0.3,0.25,both,0.10147067661376724,0.092,0.0,151.91658749868608,149.8281429146517,1.919054472530948,2.0436186108835517
42,0.3,0.25,crump,0.18027731893387283,0.002,1.0,180.0,179.0,1.0,1.0
42,0.45,0.25,unweighted,0.18904584000152416,0.002,1.0,180.0,180.0,1.0,1.0
42,0.45,0.25,source,0.16042888701040486,0.002,1.0,151.91658749868608,180.0,1.919054472530948,1.0
42,0.45,0.25,target,0.14279200565629585,0.002,1.0,180.0,149.8281429146517,1.0,2.0436186108835517
42,0.45,0.25,both,0.10993233752735664,0.022,1.0,151.91658749868608,149.8281429146517,1.919054472530948,2.0436186108835517
42,0.45,0.25,crump,0.18833802905947533,0.002,1.0,180.0,179.0,1.0,1.0
42,0.6,0.25,unweighted,0.19842070473251028,0.002,1.0,180.0,180.0,1.0,1.0
42,0.6,0.25,source,0.16833910382391673,0.002,1.0,151.91658749868608,180.0,1.919054472530948,1.0
42,0.6,0.25,target,0.15372563557192387,0.002,1.0,180.0,149.8281429146517,1.0,2.0436186108835517
42,0.6,0.25,both,0.11893424011694392,0.002,1.0,151.91658749868608,149.8281429146517,1.919054472530948,2.0436186108835517
42,0.6,0.25,crump,0.1977589498509476,0.002,1.0,180.0,179.0,1.0,1.0
43,0.0,0.25,unweighted,0.14169116559975614,0.002,1.0,180.0,180.0,1.0,1.0
43,0.0,0.25,source,0.11975849031422452,0.002,1.0,157.44155840896593,180.0,1.7425075799490388,1.0
43,0.0,0.25,target,0.09850827127210147,0.12,0.0,180.0,155.66405906206458,1.0,1.9097388759183989
43,0.0,0.25,both,0.07623646338994193,0.794,0.0,157.44155840896593,155.66405906206458,1.7425075799490388,1.9097388759183989
43,0.0,0.25,crump,0.1412443042454276,0.002,1.0,179.0,180.0,1.0,1.0
43,0.15,0.25,unweighted,0.14940999847584208,0.002,1.0,180.0,180.0,1.0,1.0
43,0.15,0.25,source,0.12646651291900732,0.002,1.0,157.44155840896593,180.0,1.7425075799490388,1.0
43,0.15,0.25,target,0.10666899711375936,0.02,1.0,180.0,155.66405906206458,1.0,1.9097388759183989
43,0.15,0.25,both,0.08303946621868759,0.604,0.0,157.44155840896593,155.66405906206458,1.7425075799490388,1.9097388759183989
43,0.15,0.25,crump,0.1489555659511437,0.002,1.0,179.0,180.0,1.0,1.0
43,0.3,0.25,unweighted,0.1568579684880354,0.002,1.0,180.0,180.0,1.0,1.0
43,0.3,0.25,source,0.13308926163502205,0.002,1.0,157.44155840896593,180.0,1.7425075799490388,1.0
43,0.3,0.25,target,0.114605856449076,0.006,1.0,180.0,155.66405906206458,1.0,1.9097388759183989
43,0.3,0.25,both,0.08976216709084765,0.362,0.0,157.44155840896593,155.66405906206458,1.7425075799490388,1.9097388759183989
43,0.3,0.25,crump,0.156397874263017,0.002,1.0,179.0,180.0,1.0,1.0
43,0.45,0.25,unweighted,0.16511232567443987,0.002,1.0,180.0,180.0,1.0,1.0
43,0.45,0.25,source,0.140712551619841,0.002,1.0,157.44155840896593,180.0,1.7425075799490388,1.0
43,0.45,0.25,target,0.12349803887064177,0.002,1.0,180.0,155.66405906206458,1.0,1.9097388759183989
43,0.45,0.25,both,0.09758679294924284,0.138,0.0,157.44155840896593,155.66405906206458,1.7425075799490388,1.9097388759183989
43,0.45,0.25,crump,0.16465004945653602,0.002,1.0,179.0,180.0,1.0,1.0
43,0.6,0.25,unweighted,0.17471751543209876,0.002,1.0,180.0,180.0,1.0,1.0
43,0.6,0.25,source,0.1499664070762626,0.002,1.0,157.44155840896593,180.0,1.7425075799490388,1.0
43,0.6,0.25,target,0.13397267573436078,0.002,1.0,180.0,155.66405906206458,1.0,1.9097388759183989
43,0.6,0.25,both,0.10723948201066123,0.03,1.0,157.44155840896593,155.66405906206458,1.7425075799490388,1.9097388759183989
43,0.6,0.25,crump,0.17425509246755555,0.002,1.0,179.0,180.0,1.0,1.0
44,0.0,0.25,unweighted,0.16273880124980947,0.002,1.0,180.0,180.0,1.0,1.0
44,0.0,0.25,source,0.1307687359521291,0.002,1.0,144.2172376356748,180.0,2.094419129406988,1.0
44,0.0,0.25,target,0.113742400825675,0.004,1.0,180.0,147.13217069422643,1.0,2.0148448054952546
44,0.0,0.25,both,0.07992555680757484,0.702,0.0,144.2172376356748,147.13217069422643,2.094419129406988,2.0148448054952546
44,0.0,0.25,crump,0.16039203062614532,0.002,1.0,179.0,178.0,1.0,1.0
44,0.15,0.25,unweighted,0.17002664037494283,0.002,1.0,180.0,180.0,1.0,1.0
44,0.15,0.25,source,0.1370106316544876,0.002,1.0,144.2172376356748,180.0,2.094419129406988,1.0
44,0.15,0.25,target,0.12214473004412936,0.002,1.0,180.0,147.13217069422643,1.0,2.0148448054952546
44,0.15,0.25,both,0.08668639653744817,0.446,0.0,144.2172376356748,147.13217069422643,2.094419129406988,2.0148448054952546
44,0.15,0.25,crump,0.16775114324668572,0.002,1.0,179.0,178.0,1.0,1.0
44,0.3,0.25,unweighted,0.1781155511736016,0.002,1.0,180.0,180.0,1.0,1.0
44,0.3,0.25,source,0.14389681938007823,0.002,1.0,144.2172376356748,180.0,2.094419129406988,1.0
44,0.3,0.25,target,0.13146724537153176,0.002,1.0,180.0,147.13217069422643,1.0,2.0148448054952546
44,0.3,0.25,both,0.09421492170045516,0.208,0.0,144.2172376356748,147.13217069422643,2.094419129406988,2.0148448054952546
44,0.3,0.25,crump,0.17591226365034998,0.002,1.0,179.0,178.0,1.0,1.0
44,0.45,0.25,unweighted,0.1859781721536351,0.002,1.0,180.0,180.0,1.0,1.0
44,0.45,0.25,source,0.15110319770949507,0.002,1.0,144.2172376356748,180.0,2.094419129406988,1.0
44,0.45,0.25,target,0.14054086390055098,0.002,1.0,180.0,147.13217069422643,1.0,2.0148448054952546
44,0.45,0.25,both,0.1020049496214587,0.07,0.0,144.2172376356748,147.13217069422643,2.094419129406988,2.0148448054952546
44,0.45,0.25,crump,0.18385327618272246,0.002,1.0,179.0,178.0,1.0,1.0
44,0.6,0.25,unweighted,0.19417670705685108,0.002,1.0,180.0,180.0,1.0,1.0
44,0.6,0.25,source,0.15862765288511457,0.002,1.0,144.2172376356748,180.0,2.094419129406988,1.0
44,0.6,0.25,target,0.1502739057821602,0.002,1.0,180.0,147.13217069422643,1.0,2.0148448054952546
44,0.6,0.25,both,0.11043712930932614,0.012,1.0,144.2172376356748,147.13217069422643,2.094419129406988,2.0148448054952546
44,0.6,0.25,crump,0.19213332708754333,0.002,1.0,179.0,178.0,1.0,1.0
45,0.0,0.25,unweighted,0.17124686976070722,0.002,1.0,180.0,180.0,1.0,1.0
45,0.0,0.25,source,0.13583627027340764,0.002,1.0,138.31918813576263,180.0,2.12719533177855,1.0
45,0.0,0.25,target,0.11613388113872691,0.008,1.0,180.0,140.3784364463183,1.0,2.2523677171121776
45,0.0,0.25,both,0.07716302065843432,0.748,0.0,138.31918813576263,140.3784364463183,2.12719533177855,2.2523677171121776
45,0.0,0.25,crump,0.15210661019195904,0.002,1.0,171.0,165.0,1.0,1.0
45,0.15,0.25,unweighted,0.18002979633440025,0.002,1.0,180.0,180.0,1.0,1.0
45,0.15,0.25,source,0.14358547314152567,0.002,1.0,138.31918813576263,180.0,2.12719533177855,1.0
45,0.15,0.25,target,0.12608248882626374,0.002,1.0,180.0,140.3784364463183,1.0,2.2523677171121776
45,0.15,0.25,both,0.0851745256850206,0.51,0.0,138.31918813576263,140.3784364463183,2.12719533177855,2.2523677171121776
45,0.15,0.25,crump,0.1617305907266471,0.002,1.0,171.0,165.0,1.0,1.0
45,0.3,0.25,unweighted,0.18928741521871664,0.002,1.0,180.0,180.0,1.0,1.0
45,0.3,0.25,source,0.15235497007995288,0.002,1.0,138.31918813576263,180.0,2.12719533177855,1.0
45,0.3,0.25,target,0.13660317061519306,0.002,1.0,180.0,140.3784364463183,1.0,2.2523677171121776
45,0.3,0.25,both,0.09431238358889284,0.236,0.0,138.31918813576263,140.3784364463183,2.12719533177855,2.2523677171121776
45,0.3,0.25,crump,0.1718558361685622,0.002,1.0,171.0,165.0,1.0,1.0
45,0.45,0.25,unweighted,0.19725597469897882,0.002,1.0,180.0,180.0,1.0,1.0
45,0.45,0.25,source,0.15999469282170087,0.002,1.0,138.31918813576263,180.0,2.12719533177855,1.0
45,0.45,0.25,target,0.14614753588128124,0.002,1.0,180.0,140.3784364463183,1.0,2.2523677171121776
45,0.45,0.25,both,0.10281246976244476,0.072,0.0,138.31918813576263,140.3784364463183,2.12719533177855,2.2523677171121776
45,0.45,0.25,crump,0.18068825374357084,0.002,1.0,171.0,165.0,1.0,1.0
45,0.6,0.25,unweighted,0.20581537970583755,0.002,1.0,180.0,180.0,1.0,1.0
45,0.6,0.25,source,0.16893517909574693,0.002,1.0,138.31918813576263,180.0,2.12719533177855,1.0
45,0.6,0.25,target,0.15632487032230183,0.002,1.0,180.0,140.3784364463183,1.0,2.2523677171121776
45,0.6,0.25,both,0.11265109369658062,0.018,1.0,138.31918813576263,140.3784364463183,2.12719533177855,2.2523677171121776
45,0.6,0.25,crump,0.19011677949614772,0.002,1.0,171.0,165.0,1.0,1.0
46,0.0,0.25,unweighted,0.15815988130620331,0.002,1.0,180.0,180.0,1.0,1.0
46,0.0,0.25,source,0.12493498515156233,0.002,1.0,144.50261457259293,180.0,2.050688678742603,1.0
46,0.0,0.25,target,0.1086436233707984,0.022,1.0,180.0,147.92816007414723,1.0,1.9750959435913995
46,0.0,0.25,both,0.07360565941276989,0.866,0.0,144.50261457259293,147.92816007414723,2.050688678742603,1.9750959435913995
46,0.0,0.25,crump,0.15408922490620436,0.002,1.0,176.0,178.0,1.0,1.0
46,0.15,0.25,unweighted,0.1659787741960067,0.002,1.0,180.0,180.0,1.0,1.0
46,0.15,0.25,source,0.132042742702252,0.002,1.0,144.50261457259293,180.0,2.050688678742603,1.0
46,0.15,0.25,target,0.11713448165695475,0.004,1.0,180.0,147.92816007414723,1.0,1.9750959435913995
46,0.15,0.25,both,0.08069517527359167,0.658,0.0,144.50261457259293,147.92816007414723,2.050688678742603,1.9750959435913995
46,0.15,0.25,crump,0.16204007998515044,0.002,1.0,176.0,178.0,1.0,1.0
46,0.3,0.25,unweighted,0.1734695616140832,0.002,1.0,180.0,180.0,1.0,1.0
46,0.3,0.25,source,0.13867280046591549,0.002,1.0,144.50261457259293,180.0,2.050688678742603,1.0
46,0.3,0.25,target,0.12541324577177182,0.002,1.0,180.0,147.92816007414723,1.0,1.9750959435913995
46,0.3,0.25,both,0.08752231903552085,0.42,0.0,144.50261457259293,147.92816007414723,2.050688678742603,1.9750959435913995
46,0.3,0.25,crump,0.1696112154887846,0.002,1.0,176.0,178.0,1.0,1.0
46,0.45,0.25,unweighted,0.18244575426764215,0.002,1.0,180.0,180.0,1.0,1.0
46,0.45,0.25,source,0.14710337493307976,0.002,1.0,144.50261457259293,180.0,2.050688678742603,1.0
46,0.45,0.25,target,0.13572020559116815,0.002,1.0,180.0,147.92816007414723,1.0,1.9750959435913995
46,0.45,0.25,both,0.09661121732556233,0.166,0.0,144.50261457259293,147.92816007414723,2.050688678742603,1.9750959435913995
46,0.45,0.25,crump,0.1787009685807695,0.002,1.0,176.0,178.0,1.0,1.0
46,0.6,0.25,unweighted,0.1908102566300869,0.002,1.0,180.0,180.0,1.0,1.0
46,0.6,0.25,source,0.15555150205175922,0.002,1.0,144.50261457259293,180.0,2.050688678742603,1.0
46,0.6,0.25,target,0.1454191128406955,0.002,1.0,180.0,147.92816007414723,1.0,1.9750959435913995
46,0.6,0.25,both,0.10577089301531468,0.038,1.0,144.50261457259293,147.92816007414723,2.050688678742603,1.9750959435913995
46,0.6,0.25,crump,0.187166867655357,0.002,1.0,176.0,178.0,1.0,1.0
47,0.0,0.25,unweighted,0.17518925563938426,0.002,1.0,180.0,180.0,1.0,1.0
47,0.0,0.25,source,0.13729593157167688,0.002,1.0,132.62191378037198,180.0,2.2356950397738555,1.0
47,0.0,0.25,target,0.11264867647564969,0.016,1.0,180.0,135.27280578579578,1.0,2.301461686183964
47,0.0,0.25,both,0.07009618588305365,0.92,0.0,132.62191378037198,135.27280578579578,2.2356950397738555,2.301461686183964
47,0.0,0.25,crump,0.13569930001729508,0.002,1.0,157.0,153.0,1.0,1.0
47,0.15,0.25,unweighted,0.18303987482853223,0.002,1.0,180.0,180.0,1.0,1.0
47,0.15,0.25,source,0.14344915683495665,0.002,1.0,132.62191378037198,180.0,2.2356950397738555,1.0
47,0.15,0.25,target,0.12228487356260195,0.002,1.0,180.0,135.27280578579578,1.0,2.301461686183964
47,0.15,0.25,both,0.07697611192593676,0.79,0.0,132.62191378037198,135.27280578579578,2.2356950397738555,2.301461686183964
47,0.15,0.25,crump,0.1446462160801261,0.002,1.0,157.0,153.0,1.0,1.0
47,0.3,0.25,unweighted,0.19178246932632223,0.002,1.0,180.0,180.0,1.0,1.0
47,0.3,0.25,source,0.15078725220315947,0.002,1.0,132.62191378037198,180.0,2.2356950397738555,1.0
47,0.3,0.25,target,0.13303531151814038,0.002,1.0,180.0,135.27280578579578,1.0,2.301461686183964
47,0.3,0.25,both,0.0853359069409936,0.512,0.0,132.62191378037198,135.27280578579578,2.2356950397738555,2.301461686183964
47,0.3,0.25,crump,0.154647953491153,0.002,1.0,157.0,153.0,1.0,1.0
47,0.45,0.25,unweighted,0.20089415009144948,0.002,1.0,180.0,180.0,1.0,1.0
47,0.45,0.25,source,0.15868419544539208,0.002,1.0,132.62191378037198,180.0,2.2356950397738555,1.0
47,0.45,0.25,target,0.14437858693250508,0.002,1.0,180.0,135.27280578579578,1.0,2.301461686183964
47,0.45,0.25,both,0.09457108622145279,0.248,0.0,132.62191378037198,135.27280578579578,2.2356950397738555,2.301461686183964
47,0.45,0.25,crump,0.1650934923334566,0.002,1.0,157.0,153.0,1.0,1.0
47,0.6,0.25,unweighted,0.20972891899100748,0.002,1.0,180.0,180.0,1.0,1.0
47,0.6,0.25,source,0.16656815316827056,0.002,1.0,132.62191378037198,180.0,2.2356950397738555,1.0
47,0.6,0.25,target,0.15558930950878586,0.002,1.0,180.0,135.27280578579578,1.0,2.301461686183964
47,0.6,0.25,both,0.10397785120238856,0.088,0.0,132.62191378037198,135.27280578579578,2.2356950397738555,2.301461686183964
47,0.6,0.25,crump,0.17546904731177237,0.002,1.0,157.0,153.0,1.0,1.0
48,0.0,0.25,unweighted,0.1547444558756287,0.002,1.0,180.0,180.0,1.0,1.0
48,0.0,0.25,source,0.1221731872721642,0.002,1.0,146.7835282766613,180.0,2.0256077929983145,1.0
48,0.0,0.25,target,0.10699096057596093,0.016,1.0,180.0,147.5972323788309,1.0,2.070803333871289
48,0.0,0.25,both,0.07145880204766863,0.9,0.0,146.7835282766613,147.5972323788309,2.0256077929983145,2.070803333871289
48,0.0,0.25,crump,0.14946353893910475,0.002,1.0,176.0,177.0,1.0,1.0
48,0.15,0.25,unweighted,0.1636311614083219,0.002,1.0,180.0,180.0,1.0,1.0
48,0.15,0.25,source,0.1290276427821794,0.002,1.0,146.7835282766613,180.0,2.0256077929983145,1.0
48,0.15,0.25,target,0.11690847077295606,0.002,1.0,180.0,147.5972323788309,1.0,2.070803333871289
48,0.15,0.25,both,0.07869153835504435,0.726,0.0,146.7835282766613,147.5972323788309,2.0256077929983145,2.070803333871289
48,0.15,0.25,crump,0.15829202051186236,0.002,1.0,176.0,177.0,1.0,1.0
48,0.3,0.25,unweighted,0.17214394623532997,0.002,1.0,180.0,180.0,1.0,1.0
48,0.3,0.25,source,0.13619628502000755,0.002,1.0,146.7835282766613,180.0,2.0256077929983145,1.0
48,0.3,0.25,target,0.12660996826740356,0.002,1.0,180.0,147.5972323788309,1.0,2.070803333871289
48,0.3,0.25,both,0.08636554864359977,0.456,0.0,146.7835282766613,147.5972323788309,2.0256077929983145,2.070803333871289
48,0.3,0.25,crump,0.16689250402485334,0.002,1.0,176.0,177.0,1.0,1.0
48,0.45,0.25,unweighted,0.18110821711629324,0.002,1.0,180.0,180.0,1.0,1.0
48,0.45,0.25,source,0.1445578853525333,0.002,1.0,146.7835282766613,180.0,2.0256077929983145,1.0
48,0.45,0.25,target,0.13692596054535217,0.002,1.0,180.0,147.5972323788309,1.0,2.070803333871289
48,0.45,0.25,both,0.0953849769689423,0.196,0.0,146.7835282766613,147.5972323788309,2.0256077929983145,2.070803333871289
48,0.45,0.25,crump,0.1759912722661904,0.002,1.0,176.0,177.0,1.0,1.0
48,0.6,0.25,unweighted,0.19071891575217192,0.002,1.0,180.0,180.0,1.0,1.0
48,0.6,0.25,source,0.15322439258452453,0.002,1.0,146.7835282766613,180.0,2.0256077929983145,1.0
48,0.6,0.25,target,0.14807390133562848,0.002,1.0,180.0,147.5972323788309,1.0,2.070803333871289
48,0.6,0.25,both,0.10508852009291647,0.038,1.0,146.7835282766613,147.5972323788309,2.0256077929983145,2.070803333871289
48,0.6,0.25,crump,0.18572220686552365,0.002,1.0,176.0,177.0,1.0,1.0
49,0.0,0.25,unweighted,0.16225298734948942,0.002,1.0,180.0,180.0,1.0,1.0
49,0.0,0.25,source,0.12972088698980275,0.002,1.0,143.32113118675613,180.0,1.9597123003656765,1.0
49,0.0,0.25,target,0.11219946273127268,0.022,1.0,180.0,145.0909387907299,1.0,2.069637832091867
49,0.0,0.25,both,0.07739690447031579,0.766,0.0,143.32113118675613,145.0909387907299,1.9597123003656765,2.069637832091867
49,0.0,0.25,crump,0.15869927400876827,0.002,1.0,176.0,178.0,1.0,1.0
49,0.15,0.25,unweighted,0.170894087219936,0.002,1.0,180.0,180.0,1.0,1.0
49,0.15,0.25,source,0.13737647110140477,0.002,1.0,143.32113118675613,180.0,1.9597123003656765,1.0
49,0.15,0.25,target,0.12188512266015583,0.004,1.0,180.0,145.0909387907299,1.0,2.069637832091867
49,0.15,0.25,both,0.08559753228645528,0.498,0.0,143.32113118675613,145.0909387907299,1.9597123003656765,2.069637832091867
49,0.15,0.25,crump,0.1674163395602592,0.002,1.0,176.0,178.0,1.0,1.0
49,0.3,0.25,unweighted,0.17988590916018898,0.002,1.0,180.0,180.0,1.0,1.0
49,0.3,0.25,source,0.14597662657836413,0.002,1.0,143.32113118675613,180.0,1.9597123003656765,1.0
49,0.3,0.25,target,0.1321027686376906,0.002,1.0,180.0,145.0909387907299,1.0,2.069637832091867
49,0.3,0.25,both,0.0949095431065324,0.19,0.0,143.32113118675613,145.0909387907299,1.9597123003656765,2.069637832091867
49,0.3,0.25,crump,0.17651641502808987,0.002,1.0,176.0,178.0,1.0,1.0
49,0.45,0.25,unweighted,0.18856364597622313,0.002,1.0,180.0,180.0,1.0,1.0
49,0.45,0.25,source,0.1543842530904928,0.002,1.0,143.32113118675613,180.0,1.9597123003656765,1.0
49,0.45,0.25,target,0.1421572254586863,0.002,1.0,180.0,145.0909387907299,1.0,2.069637832091867
49,0.45,0.25,both,0.10430019198533805,0.072,0.0,143.32113118675613,145.0909387907299,1.9597123003656765,2.069637832091867
49,0.45,0.25,crump,0.18531138015051618,0.002,1.0,176.0,178.0,1.0,1.0
49,0.6,0.25,unweighted,0.19844762517146777,0.002,1.0,180.0,180.0,1.0,1.0
49,0.6,0.25,source,0.1641340377994903,0.002,1.0,143.32113118675613,180.0,1.9597123003656765,1.0
49,0.6,0.25,target,0.15341599300338804,0.002,1.0,180.0,145.0909387907299,1.0,2.069637832091867
49,0.6,0.25,both,0.11493763742456209,0.018,1.0,143.32113118675613,145.0909387907299,1.9597123003656765,2.069637832091867
49,0.6,0.25,crump,0.19520536245663056,0.002,1.0,176.0,178.0,1.0,1.0
50,0.0,0.25,unweighted,0.15935258630544125,0.002,1.0,180.0,180.0,1.0,1.0
50,0.0,0.25,source,0.13261209897806378,0.002,1.0,153.52374982932318,180.0,1.9954710998583012,1.0
50,0.0,0.25,target,0.11250124642524104,0.012,1.0,180.0,151.8412338058599,1.0,2.0169019817069307
50,0.0,0.25,both,0.08422312201743137,0.548,0.0,153.52374982932318,151.8412338058599,1.9954710998583012,2.0169019817069307
50,0.0,0.25,crump,0.15886797236881336,0.002,1.0,179.0,180.0,1.0,1.0
50,0.15,0.25,unweighted,0.16731573788294468,0.002,1.0,180.0,180.0,1.0,1.0
50,0.15,0.25,source,0.13955173375710206,0.002,1.0,153.52374982932318,180.0,1.9954710998583012,1.0
50,0.15,0.25,target,0.12163254740630494,0.002,1.0,180.0,151.8412338058599,1.0,2.0169019817069307
50,0.15,0.25,both,0.09181643725622374,0.276,0.0,153.52374982932318,151.8412338058599,1.9954710998583012,2.0169019817069307
50,0.15,0.25,crump,0.16681425360287233,0.002,1.0,179.0,180.0,1.0,1.0
50,0.3,0.25,unweighted,0.17548672839506174,0.002,1.0,180.0,180.0,1.0,1.0
50,0.3,0.25,source,0.1465624299167578,0.002,1.0,153.52374982932318,180.0,1.9954710998583012,1.0
50,0.3,0.25,target,0.1311248759736345,0.002,1.0,180.0,151.8412338058599,1.0,2.0169019817069307
50,0.3,0.25,both,0.09973879107050773,0.094,0.0,153.52374982932318,151.8412338058599,1.9954710998583012,2.0169019817069307
50,0.3,0.25,crump,0.17497366086139127,0.002,1.0,179.0,180.0,1.0,1.0
50,0.45,0.25,unweighted,0.18392764441396128,0.002,1.0,180.0,180.0,1.0,1.0
50,0.45,0.25,source,0.15411278463321618,0.002,1.0,153.52374982932318,180.0,1.9954710998583012,1.0
50,0.45,0.25,target,0.14089552648316733,0.002,1.0,180.0,151.8412338058599,1.0,2.0169019817069307
50,0.45,0.25,both,0.10813197301500291,0.026,1.0,153.52374982932318,151.8412338058599,1.9954710998583012,2.0169019817069307
50,0.45,0.25,crump,0.18340480929820457,0.002,1.0,179.0,180.0,1.0,1.0
50,0.6,0.25,unweighted,0.19294441872427986,0.002,1.0,180.0,180.0,1.0,1.0
50,0.6,0.25,source,0.16214255179020529,0.002,1.0,153.52374982932318,180.0,1.9954710998583012,1.0
50,0.6,0.25,target,0.1515027739487872,0.002,1.0,180.0,151.8412338058599,1.0,2.0169019817069307
50,0.6,0.25,both,0.11726465838435256,0.008,1.0,153.52374982932318,151.8412338058599,1.9954710998583012,2.0169019817069307
50,0.6,0.25,crump,0.19240479750000633,0.002,1.0,179.0,180.0,1.0,1.0
51,0.0,0.25,unweighted,0.15244102270995274,0.002,1.0,180.0,180.0,1.0,1.0
51,0.0,0.25,source,0.11802131531928589,0.004,1.0,144.7327386633445,180.0,1.9710228759889017,1.0
51,0.0,0.25,target,0.10485542165818992,0.048,1.0,180.0,146.43627278497775,1.0,2.0900086500921975
51,0.0,0.25,both,0.07068585068692625,0.908,0.0,144.7327386633445,146.43627278497775,1.9710228759889017,2.0900086500921975
51,0.0,0.25,crump,0.14932990459331674,0.002,1.0,176.0,179.0,1.0,1.0
51,0.15,0.25,unweighted,0.15924415485444293,0.002,1.0,180.0,180.0,1.0,1.0
51,0.15,0.25,source,0.12371763083846038,0.002,1.0,144.7327386633445,180.0,1.9710228759889017,1.0
51,0.15,0.25,target,0.11243137045375351,0.016,1.0,180.0,146.43627278497775,1.0,2.0900086500921975
51,0.15,0.25,both,0.07659181108253776,0.792,0.0,144.7327386633445,146.43627278497775,1.9710228759889017,2.0900086500921975
51,0.15,0.25,crump,0.15608462105953225,0.002,1.0,176.0,179.0,1.0,1.0
51,0.3,0.25,unweighted,0.1666281207133059,0.002,1.0,180.0,180.0,1.0,1.0
51,0.3,0.25,source,0.12991015615377985,0.002,1.0,144.7327386633445,180.0,1.9710228759889017,1.0
51,0.3,0.25,target,0.12066858500404418,0.002,1.0,180.0,146.43627278497775,1.0,2.0900086500921975
51,0.3,0.25,both,0.08309939090786639,0.584,0.0,144.7327386633445,146.43627278497775,1.9710228759889017,2.0900086500921975
51,0.3,0.25,crump,0.1634724314080935,0.002,1.0,176.0,179.0,1.0,1.0
51,0.45,0.25,unweighted,0.1733629239064167,0.002,1.0,180.0,180.0,1.0,1.0
51,0.45,0.25,source,0.1356268176944072,0.002,1.0,144.7327386633445,180.0,1.9710228759889017,1.0
51,0.45,0.25,target,0.1286203618505183,0.002,1.0,180.0,146.43627278497775,1.0,2.0900086500921975
51,0.45,0.25,both,0.0895760303315623,0.374,0.0,144.7327386633445,146.43627278497775,1.9710228759889017,2.0900086500921975
51,0.45,0.25,crump,0.17020781226554205,0.002,1.0,176.0,179.0,1.0,1.0
51,0.6,0.25,unweighted,0.18108749618960523,0.002,1.0,180.0,180.0,1.0,1.0
51,0.6,0.25,source,0.14221458750583885,0.002,1.0,144.7327386633445,180.0,1.9710228759889017,1.0
51,0.6,0.25,target,0.13752848011267957,0.002,1.0,180.0,146.43627278497775,1.0,2.0900086500921975
51,0.6,0.25,both,0.0968937195375601,0.16,0.0,144.7327386633445,146.43627278497775,1.9710228759889017,2.0900086500921975
51,0.6,0.25,crump,0.1778975292541233,0.002,1.0,176.0,179.0,1.0,1.0
52,0.0,0.25,unweighted,0.1766313652644414,0.002,1.0,180.0,180.0,1.0,1.0
52,0.0,0.25,source,0.13456377151181087,0.002,1.0,136.50973790258627,180.0,2.198012163887807,1.0
52,0.0,0.25,target,0.12484047558794739,0.002,1.0,180.0,141.49862263160864,1.0,2.2472790790789055
52,0.0,0.25,both,0.07959014118288674,0.688,0.0,136.50973790258627,141.49862263160864,2.198012163887807,2.2472790790789055
52,0.0,0.25,crump,0.1583414217747817,0.002,1.0,162.0,170.0,1.0,1.0
52,0.15,0.25,unweighted,0.18558675602042368,0.002,1.0,180.0,180.0,1.0,1.0
52,0.15,0.25,source,0.14311077322351387,0.002,1.0,136.50973790258627,180.0,2.198012163887807,1.0
52,0.15,0.25,target,0.13507701435753552,0.002,1.0,180.0,141.49862263160864,1.0,2.2472790790789055
52,0.15,0.25,both,0.0884702707312126,0.4,0.0,136.50973790258627,141.49862263160864,2.198012163887807,2.2472790790789055
52,0.15,0.25,crump,0.16788824269906782,0.002,1.0,162.0,170.0,1.0,1.0
52,0.3,0.25,unweighted,0.19493993674744703,0.002,1.0,180.0,180.0,1.0,1.0
52,0.3,0.25,source,0.15165293739819458,0.002,1.0,136.50973790258627,180.0,2.198012163887807,1.0
52,0.3,0.25,target,0.14598365060065518,0.002,1.0,180.0,141.49862263160864,1.0,2.2472790790789055
52,0.3,0.25,both,0.09770790787664961,0.132,0.0,136.50973790258627,141.49862263160864,2.198012163887807,2.2472790790789055
52,0.3,0.25,crump,0.17772168029941235,0.002,1.0,162.0,170.0,1.0,1.0
52,0.45,0.25,unweighted,0.20371727918762386,0.002,1.0,180.0,180.0,1.0,1.0
52,0.45,0.25,source,0.15981983473751005,0.002,1.0,136.50973790258627,180.0,2.198012163887807,1.0
52,0.45,0.25,target,0.156702777008133,0.002,1.0,180.0,141.49862263160864,1.0,2.2472790790789055
52,0.45,0.25,both,0.10697796805354284,0.034,1.0,136.50973790258627,141.49862263160864,2.198012163887807,2.2472790790789055
52,0.45,0.25,crump,0.18700754729344646,0.002,1.0,162.0,170.0,1.0,1.0
52,0.6,0.25,unweighted,0.21309214772900473,0.002,1.0,180.0,180.0,1.0,1.0
52,0.6,0.25,source,0.16902346950424071,0.002,1.0,136.50973790258627,180.0,2.198012163887807,1.0
52,0.6,0.25,target,0.16836478258274234,0.002,1.0,180.0,141.49862263160864,1.0,2.2472790790789055
52,0.6,0.25,both,0.11764548525735558,0.004,1.0,136.50973790258627,141.49862263160864,2.198012163887807,2.2472790790789055
52,0.6,0.25,crump,0.19688867847319003,0.002,1.0,162.0,170.0,1.0,1.0
53,0.0,0.25,unweighted,0.15535618141289437,0.002,1.0,180.0,180.0,1.0,1.0
53,0.0,0.25,source,0.1326820411564196,0.002,1.0,157.39488809116844,180.0,1.86136980189172,1.0
53,0.0,0.25,target,0.11355866040394687,0.002,1.0,180.0,157.01921439687084,1.0,1.789630685964051
53,0.0,0.25,both,0.08905654388615744,0.378,0.0,157.39488809116844,157.01921439687084,1.86136980189172,1.789630685964051
53,0.0,0.25,crump,0.15535618141289437,0.002,1.0,180.0,180.0,1.0,1.0
53,0.15,0.25,unweighted,0.16435716639993903,0.002,1.0,180.0,180.0,1.0,1.0
53,0.15,0.25,source,0.14111088283432,0.002,1.0,157.39488809116844,180.0,1.86136980189172,1.0
53,0.15,0.25,target,0.12337717568538017,0.002,1.0,180.0,157.01921439687084,1.0,1.789630685964051
53,0.15,0.25,both,0.097926005768768,0.116,0.0,157.39488809116844,157.01921439687084,1.86136980189172,1.789630685964051
53,0.15,0.25,crump,0.16435716639993903,0.002,1.0,180.0,180.0,1.0,1.0
53,0.3,0.25,unweighted,0.17284928936137783,0.002,1.0,180.0,180.0,1.0,1.0
53,0.3,0.25,source,0.1490742186517349,0.002,1.0,157.39488809116844,180.0,1.86136980189172,1.0
53,0.3,0.25,target,0.1328722652306301,0.002,1.0,180.0,157.01921439687084,1.0,1.789630685964051
53,0.3,0.25,both,0.10658788389062689,0.034,1.0,157.39488809116844,157.01921439687084,1.86136980189172,1.789630685964051
53,0.3,0.25,crump,0.17284928936137783,0.002,1.0,180.0,180.0,1.0,1.0
53,0.45,0.25,unweighted,0.182317554488645,0.002,1.0,180.0,180.0,1.0,1.0
53,0.45,0.25,source,0.15833513012808548,0.002,1.0,157.39488809116844,180.0,1.86136980189172,1.0
53,0.45,0.25,target,0.14350092655264118,0.002,1.0,180.0,157.01921439687084,1.0,1.789630685964051
53,0.45,0.25,both,0.116711780965419,0.002,1.0,157.39488809116844,157.01921439687084,1.86136980189172,1.789630685964051
53,0.45,0.25,crump,0.182317554488645,0.002,1.0,180.0,180.0,1.0,1.0
53,0.6,0.25,unweighted,0.19155274634202105,0.002,1.0,180.0,180.0,1.0,1.0
53,0.6,0.25,source,0.16741407673768535,0.002,1.0,157.39488809116844,180.0,1.86136980189172,1.0
53,0.6,0.25,target,0.15395368720460834,0.002,1.0,180.0,157.01921439687084,1.0,1.789630685964051
53,0.6,0.25,both,0.1266795018620212,0.002,1.0,157.39488809116844,157.01921439687084,1.86136980189172,1.789630685964051
53,0.6,0.25,crump,0.19155274634202105,0.002,1.0,180.0,180.0,1.0,1.0
54,0.0,0.25,unweighted,0.1738133563862216,0.002,1.0,180.0,180.0,1.0,1.0
54,0.0,0.25,source,0.14344069623531638,0.002,1.0,142.89506445619185,180.0,2.125342935045141,1.0
54,0.0,0.25,target,0.1161892049711251,0.006,1.0,180.0,141.0303163532712,1.0,2.278485881818858
54,0.0,0.25,both,0.08330370201247783,0.59,0.0,142.89506445619185,141.0303163532712,2.125342935045141,2.278485881818858
54,0.0,0.25,crump,0.15698510341550473,0.002,1.0,164.0,168.0,1.0,1.0
54,0.15,0.25,unweighted,0.1825183527663466,0.002,1.0,180.0,180.0,1.0,1.0
54,0.15,0.25,source,0.15093250932180144,0.002,1.0,142.89506445619185,180.0,2.125342935045141,1.0
54,0.15,0.25,target,0.12636521118053579,0.002,1.0,180.0,141.0303163532712,1.0,2.278485881818858
54,0.15,0.25,both,0.09172828205296467,0.306,0.0,142.89506445619185,141.0303163532712,2.125342935045141,2.278485881818858
54,0.15,0.25,crump,0.16593397608096502,0.002,1.0,164.0,168.0,1.0,1.0
54,0.3,0.25,unweighted,0.19163508897271758,0.002,1.0,180.0,180.0,1.0,1.0
54,0.3,0.25,source,0.15924612600337162,0.002,1.0,142.89506445619185,180.0,2.125342935045141,1.0
54,0.3,0.25,target,0.13730505100978363,0.002,1.0,180.0,141.0303163532712,1.0,2.278485881818858
54,0.3,0.25,both,0.10121534380122714,0.1,0.0,142.89506445619185,141.0303163532712,2.125342935045141,2.278485881818858
54,0.3,0.25,crump,0.1754284370657986,0.002,1.0,164.0,168.0,1.0,1.0
54,0.45,0.25,unweighted,0.2015239311842707,0.002,1.0,180.0,180.0,1.0,1.0
54,0.45,0.25,source,0.16818708099232027,0.002,1.0,142.89506445619185,180.0,2.125342935045141,1.0
54,0.45,0.25,target,0.14953103246180982,0.002,1.0,180.0,141.0303163532712,1.0,2.278485881818858
54,0.45,0.25,both,0.11191320032638272,0.014,1.0,142.89506445619185,141.0303163532712,2.125342935045141,2.278485881818858
54,0.45,0.25,crump,0.18583510560270525,0.002,1.0,164.0,168.0,1.0,1.0
54,0.6,0.25,unweighted,0.2101024329370523,0.002,1.0,180.0,180.0,1.0,1.0
54,0.6,0.25,source,0.17622437844562025,0.002,1.0,142.89506445619185,180.0,2.125342935045141,1.0
54,0.6,0.25,target,0.16023549051434327,0.002,1.0,180.0,141.0303163532712,1.0,2.278485881818858
54,0.6,0.25,both,0.12161727193065439,0.002,1.0,142.89506445619185,141.0303163532712,2.125342935045141,2.278485881818858
54,0.6,0.25,crump,0.19500123281028797,0.002,1.0,164.0,168.0,1.0,1.0
55,0.0,0.25,unweighted,0.14197239654778235,0.002,1.0,180.0,180.0,1.0,1.0
55,0.0,0.25,source,0.11819216601246643,0.004,1.0,159.00040295725935,180.0,1.8415596453608056,1.0
55,0.0,0.25,target,0.10303441828996227,0.062,0.0,180.0,158.57064938406924,1.0,1.7522596687137333
55,0.0,0.25,both,0.07832182409150705,0.71,0.0,159.00040295725935,158.57064938406924,1.8415596453608056,1.7522596687137333
55,0.0,0.25,crump,0.14197239654778235,0.002,1.0,180.0,180.0,1.0,1.0
55,0.15,0.25,unweighted,0.14988300754458161,0.002,1.0,180.0,180.0,1.0,1.0
55,0.15,0.25,source,0.12505868075182167,0.002,1.0,159.00040295725935,180.0,1.8415596453608056,1.0
55,0.15,0.25,target,0.11160974762434976,0.014,1.0,180.0,158.57064938406924,1.0,1.7522596687137333
55,0.15,0.25,both,0.0854967111030553,0.494,0.0,159.00040295725935,158.57064938406924,1.8415596453608056,1.7522596687137333
55,0.15,0.25,crump,0.14988300754458161,0.002,1.0,180.0,180.0,1.0,1.0
55,0.3,0.25,unweighted,0.1585561957018747,0.002,1.0,180.0,180.0,1.0,1.0
55,0.3,0.25,source,0.13276559233414642,0.002,1.0,159.00040295725935,180.0,1.8415596453608056,1.0
55,0.3,0.25,target,0.12117302954962253,0.002,1.0,180.0,158.57064938406924,1.0,1.7522596687137333
55,0.3,0.25,both,0.09370331192685208,0.21,0.0,159.00040295725935,158.57064938406924,1.8415596453608056,1.7522596687137333
55,0.3,0.25,crump,0.1585561957018747,0.002,1.0,180.0,180.0,1.0,1.0
55,0.45,0.25,unweighted,0.1676485234720317,0.002,1.0,180.0,180.0,1.0,1.0
55,0.45,0.25,source,0.14111793711334986,0.002,1.0,159.00040295725935,180.0,1.8415596453608056,1.0
55,0.45,0.25,target,0.13114475709730553,0.002,1.0,180.0,158.57064938406924,1.0,1.7522596687137333
55,0.45,0.25,both,0.10255063261468314,0.066,0.0,159.00040295725935,158.57064938406924,1.8415596453608056,1.7522596687137333
55,0.45,0.25,crump,0.1676485234720317,0.002,1.0,180.0,180.0,1.0,1.0
55,0.6,0.25,unweighted,0.1764952808260936,0.002,1.0,180.0,180.0,1.0,1.0
55,0.6,0.25,source,0.1493246444088897,0.002,1.0,159.00040295725935,180.0,1.8415596453608056,1.0
55,0.6,0.25,target,0.14112629335281643,0.002,1.0,180.0,158.57064938406924,1.0,1.7522596687137333
55,0.6,0.25,both,0.11156337567809382,0.018,1.0,159.00040295725935,158.57064938406924,1.8415596453608056,1.7522596687137333
55,0.6,0.25,crump,0.1764952808260936,0.002,1.0,180.0,180.0,1.0,1.0
56,0.0,0.25,unweighted,0.16361943396585887,0.002,1.0,180.0,180.0,1.0,1.0
56,0.0,0.25,source,0.14109730847264337,0.002,1.0,151.4405804935712,180.0,1.87324389439828,1.0
56,0.0,0.25,target,0.10623453562871821,0.026,1.0,180.0,146.07340694203396,1.0,1.9223518438432319
56,0.0,0.25,both,0.08065216170562187,0.692,0.0,151.4405804935712,146.07340694203396,1.87324389439828,1.9223518438432319
56,0.0,0.25,crump,0.16168030798692992,0.002,1.0,180.0,178.0,1.0,1.0
56,0.15,0.25,unweighted,0.1706734777472946,0.002,1.0,180.0,180.0,1.0,1.0
56,0.15,0.25,source,0.14762672929756368,0.002,1.0,151.4405804935712,180.0,1.87324389439828,1.0
56,0.15,0.25,target,0.11433734673401119,0.006,1.0,180.0,146.07340694203396,1.0,1.9223518438432319
56,0.15,0.25,both,0.08769009318892612,0.438,0.0,151.4405804935712,146.07340694203396,1.87324389439828,1.9223518438432319
56,0.15,0.25,crump,0.16881355866894776,0.002,1.0,180.0,178.0,1.0,1.0
56,0.3,0.25,unweighted,0.17801859186861757,0.002,1.0,180.0,180.0,1.0,1.0
56,0.3,0.25,source,0.1546127566258832,0.002,1.0,151.4405804935712,180.0,1.87324389439828,1.0
56,0.3,0.25,target,0.12290611454521742,0.002,1.0,180.0,146.07340694203396,1.0,1.9223518438432319
56,0.3,0.25,both,0.09537641041222095,0.178,0.0,151.4405804935712,146.07340694203396,1.87324389439828,1.9223518438432319
56,0.3,0.25,crump,0.1762405740894869,0.002,1.0,180.0,178.0,1.0,1.0
56,0.45,0.25,unweighted,0.18551925392470664,0.002,1.0,180.0,180.0,1.0,1.0
56,0.45,0.25,source,0.16177130242337268,0.002,1.0,151.4405804935712,180.0,1.87324389439828,1.0
56,0.45,0.25,target,0.13181933826074432,0.002,1.0,180.0,146.07340694203396,1.0,1.9223518438432319
56,0.45,0.25,both,0.10338037273619582,0.056,0.0,151.4405804935712,146.07340694203396,1.87324389439828,1.9223518438432319
56,0.45,0.25,crump,0.18382447095451673,0.002,1.0,180.0,178.0,1.0,1.0
56,0.6,0.25,unweighted,0.19352415885535743,0.002,1.0,180.0,180.0,1.0,1.0
56,0.6,0.25,source,0.16955501962053937,0.002,1.0,151.4405804935712,180.0,1.87324389439828,1.0
56,0.6,0.25,target,0.14140520898843736,0.002,1.0,180.0,146.07340694203396,1.0,1.9223518438432319
56,0.6,0.25,both,0.11227987403501691,0.016,1.0,151.4405804935712,146.07340694203396,1.87324389439828,1.9223518438432319
56,0.6,0.25,crump,0.19191750184953996,0.002,1.0,180.0,178.0,1.0,1.0
57,0.0,0.25,unweighted,0.17451599032159734,0.002,1.0,180.0,180.0,1.0,1.0
57,0.0,0.25,source,0.14736971960869918,0.002,1.0,148.71148086431094,180.0,1.9994706020899966,1.0
57,0.0,0.25,target,0.12135894289153228,0.002,1.0,180.0,145.88207201928893,1.0,2.0272703512773775
57,0.0,0.25,both,0.09183172250128602,0.302,0.0,148.71148086431094,145.88207201928893,1.9994706020899966,2.0272703512773775
57,0.0,0.25,crump,0.17361205178901226,0.002,1.0,180.0,179.0,1.0,1.0
57,0.15,0.25,unweighted,0.18252560871056242,0.002,1.0,180.0,180.0,1.0,1.0
57,0.15,0.25,source,0.15479631639277178,0.002,1.0,148.71148086431094,180.0,1.9994706020899966,1.0
57,0.15,0.25,target,0.13043835448160584,0.002,1.0,180.0,145.88207201928893,1.0,2.0272703512773775
57,0.15,0.25,both,0.09980538835545699,0.11,0.0,148.71148086431094,145.88207201928893,1.9994706020899966,2.0272703512773775
57,0.15,0.25,crump,0.18166625380294427,0.002,1.0,180.0,179.0,1.0,1.0
57,0.3,0.25,unweighted,0.19084350899253164,0.002,1.0,180.0,180.0,1.0,1.0
57,0.3,0.25,source,0.16310179984521467,0.002,1.0,148.71148086431094,180.0,1.9994706020899966,1.0
57,0.3,0.25,target,0.14005352180668612,0.002,1.0,180.0,145.88207201928893,1.0,2.0272703512773775
57,0.3,0.25,both,0.10882819323438694,0.03,1.0,148.71148086431094,145.88207201928893,1.9994706020899966,2.0272703512773775
57,0.3,0.25,crump,0.1900302587917941,0.002,1.0,180.0,179.0,1.0,1.0
57,0.45,0.25,unweighted,0.19968132430269775,0.002,1.0,180.0,180.0,1.0,1.0
57,0.45,0.25,source,0.17208329177409337,0.002,1.0,148.71148086431094,180.0,1.9994706020899966,1.0
57,0.45,0.25,target,0.15025090529462648,0.002,1.0,180.0,145.88207201928893,1.0,2.0272703512773775
57,0.45,0.25,both,0.11857917898509084,0.008,1.0,148.71148086431094,145.88207201928893,1.9994706020899966,2.0272703512773775
57,0.45,0.25,crump,0.19891720118628875,0.002,1.0,180.0,179.0,1.0,1.0
57,0.6,0.25,unweighted,0.20801617226794694,0.002,1.0,180.0,180.0,1.0,1.0
57,0.6,0.25,source,0.18069048154562065,0.002,1.0,148.71148086431094,180.0,1.9994706020899966,1.0
57,0.6,0.25,target,0.16023473243998454,0.002,1.0,180.0,145.88207201928893,1.0,2.0272703512773775
57,0.6,0.25,both,0.12831539808158116,0.002,1.0,148.71148086431094,145.88207201928893,1.9994706020899966,2.0272703512773775
57,0.6,0.25,crump,0.20729811059766573,0.002,1.0,180.0,179.0,1.0,1.0
58,0.0,0.25,unweighted,0.1832833457171163,0.002,1.0,180.0,180.0,1.0,1.0
58,0.0,0.25,source,0.14878643789225215,0.002,1.0,138.2320480909466,180.0,2.124065729443576,1.0
58,0.0,0.25,target,0.12576547472102517,0.002,1.0,180.0,138.26548993975112,1.0,2.1728330348320983
58,0.0,0.25,both,0.08736735767857025,0.434,0.0,138.2320480909466,138.26548993975112,2.124065729443576,2.1728330348320983
58,0.0,0.25,crump,0.16073846243819823,0.002,1.0,169.0,161.0,1.0,1.0
58,0.15,0.25,unweighted,0.19106826226947116,0.002,1.0,180.0,180.0,1.0,1.0
58,0.15,0.25,source,0.1560309367757108,0.002,1.0,138.2320480909466,180.0,2.124065729443576,1.0
58,0.15,0.25,target,0.13504631485266255,0.002,1.0,180.0,138.26548993975112,1.0,2.1728330348320983
58,0.15,0.25,both,0.09539060016479695,0.224,0.0,138.2320480909466,138.26548993975112,2.124065729443576,2.1728330348320983
58,0.15,0.25,crump,0.1694604406605324,0.002,1.0,169.0,161.0,1.0,1.0
58,0.3,0.25,unweighted,0.19993415637860085,0.002,1.0,180.0,180.0,1.0,1.0
58,0.3,0.25,source,0.16500833192365033,0.002,1.0,138.2320480909466,180.0,2.124065729443576,1.0
58,0.3,0.25,target,0.14541545151519056,0.002,1.0,180.0,138.26548993975112,1.0,2.1728330348320983
58,0.3,0.25,both,0.1050515676559573,0.056,0.0,138.2320480909466,138.26548993975112,2.124065729443576,2.1728330348320983
58,0.3,0.25,crump,0.17946748016074493,0.002,1.0,169.0,161.0,1.0,1.0
58,0.45,0.25,unweighted,0.2081170639003201,0.002,1.0,180.0,180.0,1.0,1.0
58,0.45,0.25,source,0.1726518456805926,0.002,1.0,138.2320480909466,180.0,2.124065729443576,1.0
58,0.45,0.25,target,0.15556004485205038,0.002,1.0,180.0,138.26548993975112,1.0,2.1728330348320983
58,0.45,0.25,both,0.11405045250641035,0.006,1.0,138.2320480909466,138.26548993975112,2.124065729443576,2.1728330348320983
58,0.45,0.25,crump,0.1884980119621717,0.002,1.0,169.0,161.0,1.0,1.0
58,0.6,0.25,unweighted,0.21734462924859016,0.002,1.0,180.0,180.0,1.0,1.0
58,0.6,0.25,source,0.18202466237083353,0.002,1.0,138.2320480909466,180.0,2.124065729443576,1.0
58,0.6,0.25,target,0.16678318729580238,0.002,1.0,180.0,138.26548993975112,1.0,2.1728330348320983
58,0.6,0.25,both,0.12472254838088476,0.002,1.0,138.2320480909466,138.26548993975112,2.124065729443576,2.1728330348320983
58,0.6,0.25,crump,0.19874050272239258,0.002,1.0,169.0,161.0,1.0,1.0
59,0.0,0.25,unweighted,0.18645239292790733,0.002,1.0,180.0,180.0,1.0,1.0
59,0.0,0.25,source,0.1614021376232099,0.002,1.0,143.56300982825476,180.0,2.1330570183648487,1.0
59,0.0,0.25,target,0.12304692545442389,0.002,1.0,180.0,138.04952155147348,1.0,2.0996521920335147
59,0.0,0.25,both,0.09268840782883643,0.244,0.0,143.56300982825476,138.04952155147348,2.1330570183648487,2.0996521920335147
59,0.0,0.25,crump,0.17687229484642567,0.002,1.0,174.0,172.0,1.0,1.0
59,0.15,0.25,unweighted,0.1936497809023015,0.002,1.0,180.0,180.0,1.0,1.0
59,0.15,0.25,source,0.16799472721659142,0.002,1.0,143.56300982825476,180.0,2.1330570183648487,1.0
59,0.15,0.25,target,0.13195480155349226,0.002,1.0,180.0,138.04952155147348,1.0,2.0996521920335147
59,0.15,0.25,both,0.10031425881018294,0.108,0.0,143.56300982825476,138.04952155147348,2.1330570183648487,2.0996521920335147
59,0.15,0.25,crump,0.18438005782954706,0.002,1.0,174.0,172.0,1.0,1.0
59,0.3,0.25,unweighted,0.201281841563786,0.002,1.0,180.0,180.0,1.0,1.0
59,0.3,0.25,source,0.17455882067872813,0.002,1.0,143.56300982825476,180.0,2.1330570183648487,1.0
59,0.3,0.25,target,0.14126540383839276,0.002,1.0,180.0,138.04952155147348,1.0,2.0996521920335147
59,0.3,0.25,both,0.10794103968592851,0.04,1.0,143.56300982825476,138.04952155147348,2.1330570183648487,2.0996521920335147
59,0.3,0.25,crump,0.19233288862309927,0.002,1.0,174.0,172.0,1.0,1.0
59,0.45,0.25,unweighted,0.21006975499161712,0.002,1.0,180.0,180.0,1.0,1.0
59,0.45,0.25,source,0.18338051379623901,0.002,1.0,143.56300982825476,180.0,2.1330570183648487,1.0
59,0.45,0.25,target,0.15202315852194628,0.002,1.0,180.0,138.04952155147348,1.0,2.0996521920335147
59,0.45,0.25,both,0.11798422616205403,0.006,1.0,143.56300982825476,138.04952155147348,2.1330570183648487,2.0996521920335147
59,0.45,0.25,crump,0.20157727535383377,0.002,1.0,174.0,172.0,1.0,1.0
59,0.6,0.25,unweighted,0.21846475765889345,0.002,1.0,180.0,180.0,1.0,1.0
59,0.6,0.25,source,0.1915965511514403,0.002,1.0,143.56300982825476,180.0,2.1330570183648487,1.0
59,0.6,0.25,target,0.16266061304130258,0.002,1.0,180.0,138.04952155147348,1.0,2.0996521920335147
59,0.6,0.25,both,0.1279116406616295,0.002,1.0,143.56300982825476,138.04952155147348,2.1330570183648487,2.0996521920335147
59,0.6,0.25,crump,0.21035460774154088,0.002,1.0,174.0,172.0,1.0,1.0
60,0.0,0.25,unweighted,0.17874912075140983,0.002,1.0,180.0,180.0,1.0,1.0
60,0.0,0.25,source,0.136740208432169,0.002,1.0,135.27823963449723,180.0,2.2510345611740656,1.0
60,0.0,0.25,target,0.12734471330653277,0.002,1.0,180.0,141.6005066013139,1.0,2.1405690981393626
60,0.0,0.25,both,0.08128588605765458,0.618,0.0,135.27823963449723,141.6005066013139,2.2510345611740656,2.1405690981393626
60,0.0,0.25,crump,0.15268950600340153,0.002,1.0,173.0,157.0,1.0,1.0
60,0.15,0.25,unweighted,0.1871917524005487,0.002,1.0,180.0,180.0,1.0,1.0
60,0.15,0.25,source,0.14506608758702,0.002,1.0,135.27823963449723,180.0,2.2510345611740656,1.0
60,0.15,0.25,target,0.1366638993995744,0.002,1.0,180.0,141.6005066013139,1.0,2.1405690981393626
60,0.15,0.25,both,0.08973166040600869,0.318,0.0,135.27823963449723,141.6005066013139,2.2510345611740656,2.1405690981393626
60,0.15,0.25,crump,0.162416772257454,0.002,1.0,173.0,157.0,1.0,1.0
60,0.3,0.25,unweighted,0.19676522538484986,0.002,1.0,180.0,180.0,1.0,1.0
60,0.3,0.25,source,0.15471495564866114,0.002,1.0,135.27823963449723,180.0,2.2510345611740656,1.0
60,0.3,0.25,target,0.14764062970624311,0.002,1.0,180.0,141.6005066013139,1.0,2.1405690981393626
60,0.3,0.25,both,0.09989620974863653,0.092,0.0,135.27823963449723,141.6005066013139,2.2510345611740656,2.1405690981393626
60,0.3,0.25,crump,0.17351587618844908,0.002,1.0,173.0,157.0,1.0,1.0
60,0.45,0.25,unweighted,0.20630838477366253,0.002,1.0,180.0,180.0,1.0,1.0
60,0.45,0.25,source,0.16454894118869678,0.002,1.0,135.27823963449723,180.0,2.2510345611740656,1.0
60,0.45,0.25,target,0.158611504428467,0.002,1.0,180.0,141.6005066013139,1.0,2.1405690981393626
60,0.45,0.25,both,0.1103856902224084,0.026,1.0,135.27823963449723,141.6005066013139,2.2510345611740656,2.1405690981393626
60,0.45,0.25,crump,0.18452055663334563,0.002,1.0,173.0,157.0,1.0,1.0
60,0.6,0.25,unweighted,0.2154305841335162,0.002,1.0,180.0,180.0,1.0,1.0
60,0.6,0.25,source,0.17433685721502795,0.002,1.0,135.27823963449723,180.0,2.2510345611740656,1.0
60,0.6,0.25,target,0.16941264731964956,0.002,1.0,180.0,141.6005066013139,1.0,2.1405690981393626
60,0.6,0.25,both,0.12112294245439961,0.004,1.0,135.27823963449723,141.6005066013139,2.2510345611740656,2.1405690981393626
60,0.6,0.25,crump,0.19503947961994894,0.002,1.0,173.0,157.0,1.0,1.0
61,0.0,0.25,unweighted,0.17000887059899406,0.002,1.0,180.0,180.0,1.0,1.0
61,0.0,0.25,source,0.13469112794418867,0.002,1.0,140.19399319925228,180.0,2.2192390876705996,1.0
61,0.0,0.25,target,0.1184282837024162,0.004,1.0,180.0,144.021439891249,1.0,2.043762491671894
61,0.0,0.25,both,0.08019548914014828,0.708,0.0,140.19399319925228,144.021439891249,2.2192390876705996,2.043762491671894
61,0.0,0.25,crump,0.16481186920533203,0.002,1.0,177.0,176.0,1.0,1.0
61,0.15,0.25,unweighted,0.17856412989635728,0.002,1.0,180.0,180.0,1.0,1.0
61,0.15,0.25,source,0.1422435300058141,0.002,1.0,140.19399319925228,180.0,2.2192390876705996,1.0
61,0.15,0.25,target,0.12830248725663373,0.002,1.0,180.0,144.021439891249,1.0,2.043762491671894
61,0.15,0.25,both,0.08851020552756665,0.436,0.0,140.19399319925228,144.021439891249,2.2192390876705996,2.043762491671894
61,0.15,0.25,crump,0.17352245388065746,0.002,1.0,177.0,176.0,1.0,1.0
61,0.3,0.25,unweighted,0.18671154263831735,0.002,1.0,180.0,180.0,1.0,1.0
61,0.3,0.25,source,0.1494362932567969,0.002,1.0,140.19399319925228,180.0,2.2192390876705996,1.0
61,0.3,0.25,target,0.1379605252739458,0.002,1.0,180.0,144.021439891249,1.0,2.043762491671894
61,0.3,0.25,both,0.09648890540741703,0.176,0.0,140.19399319925228,144.021439891249,2.2192390876705996,2.043762491671894
61,0.3,0.25,crump,0.1818346507138326,0.002,1.0,177.0,176.0,1.0,1.0
61,0.45,0.25,unweighted,0.19463058318091753,0.002,1.0,180.0,180.0,1.0,1.0
61,0.45,0.25,source,0.1562485411397187,0.002,1.0,140.19399319925228,180.0,2.2192390876705996,1.0
61,0.45,0.25,target,0.14750790063027264,0.002,1.0,180.0,144.021439891249,1.0,2.043762491671894
61,0.45,0.25,both,0.10434557357008033,0.06,0.0,140.19399319925228,144.021439891249,2.2192390876705996,2.043762491671894
61,0.45,0.25,crump,0.18987873847517478,0.002,1.0,177.0,176.0,1.0,1.0
61,0.6,0.25,unweighted,0.2043071273433928,0.002,1.0,180.0,180.0,1.0,1.0
61,0.6,0.25,source,0.16622935502278183,0.002,1.0,140.19399319925228,180.0,2.2192390876705996,1.0
61,0.6,0.25,target,0.1588198901441806,0.002,1.0,180.0,144.021439891249,1.0,2.043762491671894
61,0.6,0.25,both,0.11542244312282333,0.004,1.0,140.19399319925228,144.021439891249,2.2192390876705996,2.043762491671894
61,0.6,0.25,crump,0.1998153229498693,0.002,1.0,177.0,176.0,1.0,1.0
62,0.0,0.25,unweighted,0.15981021757354058,0.002,1.0,180.0,180.0,1.0,1.0
62,0.0,0.25,source,0.1330311541933768,0.002,1.0,149.22636410194264,180.0,1.9394699835445262,1.0
62,0.0,0.25,target,0.10704352180712436,0.026,1.0,180.0,146.4707708530259,1.0,2.1184955308098767
62,0.0,0.25,both,0.07869951013643092,0.726,0.0,149.22636410194264,146.4707708530259,1.9394699835445262,2.1184955308098767
62,0.0,0.25,crump,0.15612394892101378,0.002,1.0,176.0,178.0,1.0,1.0
62,0.15,0.25,unweighted,0.1688032902758726,0.002,1.0,180.0,180.0,1.0,1.0
62,0.15,0.25,source,0.1414651745798869,0.002,1.0,149.22636410194264,180.0,1.9394699835445262,1.0
62,0.15,0.25,target,0.11687166485507915,0.002,1.0,180.0,146.4707708530259,1.0,2.1184955308098767
62,0.15,0.25,both,0.08746254519758398,0.394,0.0,149.22636410194264,146.4707708530259,1.9394699835445262,2.1184955308098767
62,0.15,0.25,crump,0.16523829043368907,0.002,1.0,176.0,178.0,1.0,1.0
62,0.3,0.25,unweighted,0.17696920819996953,0.002,1.0,180.0,180.0,1.0,1.0
62,0.3,0.25,source,0.14920080635140986,0.002,1.0,149.22636410194264,180.0,1.9394699835445262,1.0
62,0.3,0.25,target,0.12584705541799182,0.002,1.0,180.0,146.4707708530259,1.0,2.1184955308098767
62,0.3,0.25,both,0.0955254898478842,0.162,0.0,149.22636410194264,146.4707708530259,1.9394699835445262,2.1184955308098767
62,0.3,0.25,crump,0.17350664847977465,0.002,1.0,176.0,178.0,1.0,1.0
62,0.45,0.25,unweighted,0.18572036274958087,0.002,1.0,180.0,180.0,1.0,1.0
62,0.45,0.25,source,0.15771655401501353,0.002,1.0,149.22636410194264,180.0,1.9394699835445262,1.0
62,0.45,0.25,target,0.13566901902505163,0.002,1.0,180.0,146.4707708530259,1.0,2.1184955308098767
62,0.45,0.25,both,0.10457313260555998,0.048,1.0,149.22636410194264,146.4707708530259,1.9394699835445262,2.1184955308098767
62,0.45,0.25,crump,0.1823611220937993,0.002,1.0,176.0,178.0,1.0,1.0
62,0.6,0.25,unweighted,0.1955051278387441,0.002,1.0,180.0,180.0,1.0,1.0
62,0.6,0.25,source,0.16777637563638628,0.002,1.0,149.22636410194264,180.0,1.9394699835445262,1.0
62,0.6,0.25,target,0.14686773462380204,0.002,1.0,180.0,146.4707708530259,1.0,2.1184955308098767
62,0.6,0.25,both,0.11556015693489802,0.004,1.0,149.22636410194264,146.4707708530259,1.9394699835445262,2.1184955308098767
62,0.6,0.25,crump,0.19231755698932487,0.002,1.0,176.0,178.0,1.0,1.0
63,0.0,0.25,unweighted,0.16145533074226492,0.002,1.0,180.0,180.0,1.0,1.0
63,0.0,0.25,source,0.13386926347306138,0.002,1.0,149.20299276412086,180.0,1.9030966481876532,1.0
63,0.0,0.25,target,0.11385990933329487,0.004,1.0,180.0,150.00442452210305,1.0,2.016793400064792
63,0.0,0.25,both,0.0830161569993258,0.568,0.0,149.20299276412086,150.00442452210305,1.9030966481876532,2.016793400064792
63,0.0,0.25,crump,0.16145533074226492,0.002,1.0,180.0,180.0,1.0,1.0
63,0.15,0.25,unweighted,0.1693529959228776,0.002,1.0,180.0,180.0,1.0,1.0
63,0.15,0.25,source,0.14064159496898637,0.002,1.0,149.20299276412086,180.0,1.9030966481876532,1.0
63,0.15,0.25,target,0.12277315539307766,0.002,1.0,180.0,150.00442452210305,1.0,2.016793400064792
63,0.15,0.25,both,0.09031681290668328,0.334,0.0,149.20299276412086,150.00442452210305,1.9030966481876532,2.016793400064792
63,0.15,0.25,crump,0.1693529959228776,0.002,1.0,180.0,180.0,1.0,1.0
63,0.3,0.25,unweighted,0.17823374866636182,0.002,1.0,180.0,180.0,1.0,1.0
63,0.3,0.25,source,0.1489519654758243,0.002,1.0,149.20299276412086,180.0,1.9030966481876532,1.0
63,0.3,0.25,target,0.13325179642085982,0.002,1.0,180.0,150.00442452210305,1.0,2.016793400064792
63,0.3,0.25,both,0.09980922714481391,0.106,0.0,149.20299276412086,150.00442452210305,1.9030966481876532,2.016793400064792
63,0.3,0.25,crump,0.17823374866636182,0.002,1.0,180.0,180.0,1.0,1.0
63,0.45,0.25,unweighted,0.18643476604176193,0.002,1.0,180.0,180.0,1.0,1.0
63,0.45,0.25,source,0.15649522692486303,0.002,1.0,149.20299276412086,180.0,1.9030966481876532,1.0
63,0.45,0.25,target,0.14277799949671627,0.002,1.0,180.0,150.00442452210305,1.0,2.016793400064792
63,0.45,0.25,both,0.10826579764099363,0.016,1.0,149.20299276412086,150.00442452210305,1.9030966481876532,2.016793400064792
63,0.45,0.25,crump,0.18643476604176193,0.002,1.0,180.0,180.0,1.0,1.0
63,0.6,0.25,unweighted,0.19621746684956562,0.002,1.0,180.0,180.0,1.0,1.0
63,0.6,0.25,source,0.16531445350193774,0.002,1.0,149.20299276412086,180.0,1.9030966481876532,1.0
63,0.6,0.25,target,0.15436858315456337,0.002,1.0,180.0,150.00442452210305,1.0,2.016793400064792
63,0.6,0.25,both,0.11850745096352694,0.002,1.0,149.20299276412086,150.00442452210305,1.9030966481876532,2.016793400064792
63,0.6,0.25,crump,0.19621746684956562,0.002,1.0,180.0,180.0,1.0,1.0
64,0.0,0.25,unweighted,0.15563557479804907,0.002,1.0,180.0,180.0,1.0,1.0
64,0.0,0.25,source,0.12882939656550374,0.002,1.0,147.03009514279748,180.0,1.882707242151636,1.0
64,0.0,0.25,target,0.09951920314320997,0.094,0.0,180.0,144.50218082210426,1.0,1.9283241528440653
64,0.0,0.25,both,0.06955247875638129,0.94,0.0,147.03009514279748,144.50218082210426,1.882707242151636,1.9283241528440653
64,0.0,0.25,crump,0.1456422017312435,0.002,1.0,172.0,174.0,1.0,1.0
64,0.15,0.25,unweighted,0.16310216335162325,0.002,1.0,180.0,180.0,1.0,1.0
64,0.15,0.25,source,0.1351764468341028,0.002,1.0,147.03009514279748,180.0,1.882707242151636,1.0
64,0.15,0.25,target,0.10815406547985057,0.016,1.0,180.0,144.50218082210426,1.0,1.9283241528440653
64,0.15,0.25,both,0.07636834625008357,0.828,0.0,147.03009514279748,144.50218082210426,1.882707242151636,1.9283241528440653
64,0.15,0.25,crump,0.15329230549027056,0.002,1.0,172.0,174.0,1.0,1.0
64,0.3,0.25,unweighted,0.17176437566681907,0.002,1.0,180.0,180.0,1.0,1.0
64,0.3,0.25,source,0.14290859523839247,0.002,1.0,147.03009514279748,180.0,1.882707242151636,1.0
64,0.3,0.25,target,0.11826164594051651,0.006,1.0,180.0,144.50218082210426,1.0,1.9283241528440653
64,0.3,0.25,both,0.08474117268332945,0.514,0.0,147.03009514279748,144.50218082210426,1.882707242151636,1.9283241528440653
64,0.3,0.25,crump,0.1621897319656955,0.002,1.0,172.0,174.0,1.0,1.0
64,0.45,0.25,unweighted,0.1801192786922725,0.002,1.0,180.0,180.0,1.0,1.0
64,0.45,0.25,source,0.15049524480096185,0.002,1.0,147.03009514279748,180.0,1.882707242151636,1.0
64,0.45,0.25,target,0.12819021921134488,0.002,1.0,180.0,144.50218082210426,1.0,1.9283241528440653
64,0.45,0.25,both,0.09326926919683624,0.234,0.0,147.03009514279748,144.50218082210426,1.882707242151636,1.9283241528440653
64,0.45,0.25,crump,0.17083304329164106,0.002,1.0,172.0,174.0,1.0,1.0
64,0.6,0.25,unweighted,0.18919797001219324,0.002,1.0,180.0,180.0,1.0,1.0
64,0.6,0.25,source,0.1590611807235095,0.002,1.0,147.03009514279748,180.0,1.882707242151636,1.0
64,0.6,0.25,target,0.13906532455094148,0.002,1.0,180.0,144.50218082210426,1.0,1.9283241528440653
64,0.6,0.25,both,0.10302943176393715,0.062,0.0,147.03009514279748,144.50218082210426,1.882707242151636,1.9283241528440653
64,0.6,0.25,crump,0.18021849992713718,0.002,1.0,172.0,174.0,1.0,1.0
65,0.0,0.25,unweighted,0.19617084095412285,0.002,1.0,180.0,180.0,1.0,1.0
65,0.0,0.25,source,0.17014619513472123,0.002,1.0,138.4950873388843,180.0,2.1814042107608564,1.0
65,0.0,0.25,target,0.12701310242942115,0.002,1.0,180.0,131.8621590978444,1.0,2.2292563076123635
65,0.0,0.25,both,0.09311741921033573,0.272,0.0,138.4950873388843,131.8621590978444,2.1814042107608564,2.2292563076123635
65,0.0,0.25,crump,0.15767380386957075,0.002,1.0,154.0,151.0,1.0,1.0
65,0.15,0.25,unweighted,0.20432407312147538,0.002,1.0,180.0,180.0,1.0,1.0
65,0.15,0.25,source,0.1776111097543429,0.002,1.0,138.4950873388843,180.0,2.1814042107608564,1.0
65,0.15,0.25,target,0.13762255427412937,0.002,1.0,180.0,131.8621590978444,1.0,2.2292563076123635
65,0.15,0.25,both,0.10228149950050243,0.08,0.0,138.4950873388843,131.8621590978444,2.1814042107608564,2.2292563076123635
65,0.15,0.25,crump,0.16728349051401417,0.002,1.0,154.0,151.0,1.0,1.0
65,0.3,0.25,unweighted,0.21244709743179394,0.002,1.0,180.0,180.0,1.0,1.0
65,0.3,0.25,source,0.18546655450819416,0.002,1.0,138.4950873388843,180.0,2.1814042107608564,1.0
65,0.3,0.25,target,0.1481652988062379,0.002,1.0,180.0,131.8621590978444,1.0,2.2292563076123635
65,0.3,0.25,both,0.11190955012561912,0.014,1.0,138.4950873388843,131.8621590978444,2.1814042107608564,2.2292563076123635
65,0.3,0.25,crump,0.17707501302322026,0.002,1.0,154.0,151.0,1.0,1.0
65,0.45,0.25,unweighted,0.22117468183203778,0.002,1.0,180.0,180.0,1.0,1.0
65,0.45,0.25,source,0.19392704928284865,0.002,1.0,138.4950873388843,180.0,2.1814042107608564,1.0
65,0.45,0.25,target,0.15989416361232006,0.002,1.0,180.0,131.8621590978444,1.0,2.2292563076123635
65,0.45,0.25,both,0.12282015947527387,0.002,1.0,138.4950873388843,131.8621590978444,2.1814042107608564,2.2292563076123635
65,0.45,0.25,crump,0.18772909041501287,0.002,1.0,154.0,151.0,1.0,1.0
65,0.6,0.25,unweighted,0.2299773329141899,0.002,1.0,180.0,180.0,1.0,1.0
65,0.6,0.25,source,0.20274949386537164,0.002,1.0,138.4950873388843,180.0,2.1814042107608564,1.0
65,0.6,0.25,target,0.17202642729917492,0.002,1.0,180.0,131.8621590978444,1.0,2.2292563076123635
65,0.6,0.25,both,0.13447474167362006,0.002,1.0,138.4950873388843,131.8621590978444,2.1814042107608564,2.2292563076123635
65,0.6,0.25,crump,0.19820625495211294,0.002,1.0,154.0,151.0,1.0,1.0
66,0.0,0.25,unweighted,0.17577436747447037,0.002,1.0,180.0,180.0,1.0,1.0
66,0.0,0.25,source,0.14993698405012312,0.002,1.0,142.36188535095985,180.0,2.1838945135352557,1.0
66,0.0,0.25,target,0.11047873663562013,0.012,1.0,180.0,136.43040172184092,1.0,2.216373426438377
66,0.0,0.25,both,0.0805127224099669,0.68,0.0,142.36188535095985,136.43040172184092,2.1838945135352557,2.216373426438377
66,0.0,0.25,crump,0.1430517012757008,0.002,1.0,155.0,159.0,1.0,1.0
66,0.15,0.25,unweighted,0.18418283893461365,0.002,1.0,180.0,180.0,1.0,1.0
66,0.15,0.25,source,0.15746882823759517,0.002,1.0,142.36188535095985,180.0,2.1838945135352557,1.0
66,0.15,0.25,target,0.12048290604477972,0.002,1.0,180.0,136.43040172184092,1.0,2.216373426438377
66,0.15,0.25,both,0.08898656180575537,0.372,0.0,142.36188535095985,136.43040172184092,2.1838945135352557,2.216373426438377
66,0.15,0.25,crump,0.15253306040467668,0.002,1.0,155.0,159.0,1.0,1.0
66,0.3,0.25,unweighted,0.1930300640146319,0.002,1.0,180.0,180.0,1.0,1.0
66,0.3,0.25,source,0.16569479291958028,0.002,1.0,142.36188535095985,180.0,2.1838945135352557,1.0
66,0.3,0.25,target,0.13125914276655465,0.002,1.0,180.0,136.43040172184092,1.0,2.216373426438377
66,0.3,0.25,both,0.09844852009623012,0.118,0.0,142.36188535095985,136.43040172184092,2.1838945135352557,2.216373426438377
66,0.3,0.25,crump,0.16250108882235972,0.002,1.0,155.0,159.0,1.0,1.0
66,0.45,0.25,unweighted,0.20237780064014632,0.002,1.0,180.0,180.0,1.0,1.0
66,0.45,0.25,source,0.1748134683418471,0.002,1.0,142.36188535095985,180.0,2.1838945135352557,1.0
66,0.45,0.25,target,0.1426271505363706,0.002,1.0,180.0,136.43040172184092,1.0,2.216373426438377
66,0.45,0.25,both,0.10892219672814701,0.022,1.0,142.36188535095985,136.43040172184092,2.1838945135352557,2.216373426438377
66,0.45,0.25,crump,0.173194073850762,0.002,1.0,155.0,159.0,1.0,1.0
66,0.6,0.25,unweighted,0.2118232929431489,0.002,1.0,180.0,180.0,1.0,1.0
66,0.6,0.25,source,0.18424265852924757,0.002,1.0,142.36188535095985,180.0,2.1838945135352557,1.0
66,0.6,0.25,target,0.15449766564484996,0.002,1.0,180.0,136.43040172184092,1.0,2.216373426438377
66,0.6,0.25,both,0.12026674592224393,0.002,1.0,142.36188535095985,136.43040172184092,2.1838945135352557,2.216373426438377
66,0.6,0.25,crump,0.18399163480423048,0.002,1.0,155.0,159.0,1.0,1.0
67,0.0,0.25,unweighted,0.1454846164837677,0.002,1.0,180.0,180.0,1.0,1.0
67,0.0,0.25,source,0.1226773593266735,0.002,1.0,156.89577629690507,180.0,1.8092001607424966,1.0
67,0.0,0.25,target,0.10206122236782039,0.066,0.0,180.0,155.43183904528587,1.0,1.8474389699135019
67,0.0,0.25,both,0.07837863590363572,0.766,0.0,156.89577629690507,155.43183904528587,1.8092001607424966,1.8474389699135019
67,0.0,0.25,crump,0.1454846164837677,0.002,1.0,180.0,180.0,1.0,1.0
67,0.15,0.25,unweighted,0.1544688109663161,0.002,1.0,180.0,180.0,1.0,1.0
67,0.15,0.25,source,0.13061195261360786,0.002,1.0,156.89577629690507,180.0,1.8092001607424966,1.0
67,0.15,0.25,target,0.11176520206278022,0.01,1.0,180.0,155.43183904528587,1.0,1.8474389699135019
67,0.15,0.25,both,0.08663575114649397,0.484,0.0,156.89577629690507,155.43183904528587,1.8092001607424966,1.8474389699135019
67,0.15,0.25,crump,0.1544688109663161,0.002,1.0,180.0,180.0,1.0,1.0
67,0.3,0.25,unweighted,0.16319242017222985,0.002,1.0,180.0,180.0,1.0,1.0
67,0.3,0.25,source,0.13847802739842266,0.002,1.0,156.89577629690507,180.0,1.8092001607424966,1.0
67,0.3,0.25,target,0.12131823760718768,0.002,1.0,180.0,155.43183904528587,1.0,1.8474389699135019
67,0.3,0.25,both,0.09498021816561447,0.198,0.0,156.89577629690507,155.43183904528587,1.8092001607424966,1.8474389699135019
67,0.3,0.25,crump,0.16319242017222985,0.002,1.0,180.0,180.0,1.0,1.0
67,0.45,0.25,unweighted,0.1730407998018595,0.002,1.0,180.0,180.0,1.0,1.0
67,0.45,0.25,source,0.1479574337582907,0.002,1.0,156.89577629690507,180.0,1.8092001607424966,1.0
67,0.45,0.25,target,0.13218669815676345,0.002,1.0,180.0,155.43183904528587,1.0,1.8474389699135019
67,0.45,0.25,both,0.10503549397322062,0.044,1.0,156.89577629690507,155.43183904528587,1.8092001607424966,1.8474389699135019
67,0.45,0.25,crump,0.1730407998018595,0.002,1.0,180.0,180.0,1.0,1.0
67,0.6,0.25,unweighted,0.1826448540618808,0.002,1.0,180.0,180.0,1.0,1.0
67,0.6,0.25,source,0.1568910588404547,0.002,1.0,156.89577629690507,180.0,1.8092001607424966,1.0
67,0.6,0.25,target,0.14298414274153776,0.002,1.0,180.0,155.43183904528587,1.0,1.8474389699135019
67,0.6,0.25,both,0.11470302237279867,0.006,1.0,156.89577629690507,155.43183904528587,1.8092001607424966,1.8474389699135019
67,0.6,0.25,crump,0.1826448540618808,0.002,1.0,180.0,180.0,1.0,1.0
68,0.0,0.25,unweighted,0.17347984777472947,0.002,1.0,180.0,180.0,1.0,1.0
68,0.0,0.25,source,0.14466999036762157,0.002,1.0,142.62629451484142,180.0,2.1712167540293983,1.0
68,0.0,0.25,target,0.10975439763083406,0.02,1.0,180.0,136.99533276780397,1.0,2.0910389071006206
68,0.0,0.25,both,0.07604220274958054,0.784,0.0,142.62629451484142,136.99533276780397,2.1712167540293983,2.0910389071006206
68,0.0,0.25,crump,0.14114123557730474,0.002,1.0,158.0,159.0,1.0,1.0
68,0.15,0.25,unweighted,0.1811728804679165,0.002,1.0,180.0,180.0,1.0,1.0
68,0.15,0.25,source,0.15124094174172759,0.002,1.0,142.62629451484142,180.0,2.1712167540293983,1.0
68,0.15,0.25,target,0.11895304817248249,0.01,1.0,180.0,136.99533276780397,1.0,2.0910389071006206
68,0.15,0.25,both,0.08340690167137474,0.57,0.0,142.62629451484142,136.99533276780397,2.1712167540293983,2.0910389071006206
68,0.15,0.25,crump,0.14970487045171177,0.002,1.0,158.0,159.0,1.0,1.0
68,0.3,0.25,unweighted,0.1892730004953513,0.002,1.0,180.0,180.0,1.0,1.0
68,0.3,0.25,source,0.15857547735373226,0.002,1.0,142.62629451484142,180.0,2.1712167540293983,1.0
68,0.3,0.25,target,0.1288022460443537,0.004,1.0,180.0,136.99533276780397,1.0,2.0910389071006206
68,0.3,0.25,both,0.09166852132758893,0.288,0.0,142.62629451484142,136.99533276780397,2.1712167540293983,2.0910389071006206
68,0.3,0.25,crump,0.15868748617625653,0.002,1.0,158.0,159.0,1.0,1.0
68,0.45,0.25,unweighted,0.19785014193720468,0.002,1.0,180.0,180.0,1.0,1.0
68,0.45,0.25,source,0.16682444181049672,0.002,1.0,142.62629451484142,180.0,2.1712167540293983,1.0
68,0.45,0.25,target,0.1391672227226482,0.002,1.0,180.0,136.99533276780397,1.0,2.0910389071006206
68,0.45,0.25,both,0.1010035122369023,0.118,0.0,142.62629451484142,136.99533276780397,2.1712167540293983,2.0910389071006206
68,0.45,0.25,crump,0.16846090549357717,0.002,1.0,158.0,159.0,1.0,1.0
68,0.6,0.25,unweighted,0.20697123056698677,0.002,1.0,180.0,180.0,1.0,1.0
68,0.6,0.25,source,0.1757656347181773,0.002,1.0,142.62629451484142,180.0,2.1712167540293983,1.0
68,0.6,0.25,target,0.1506431449859925,0.002,1.0,180.0,136.99533276780397,1.0,2.0910389071006206
68,0.6,0.25,both,0.11164043193236235,0.022,1.0,142.62629451484142,136.99533276780397,2.1712167540293983,2.0910389071006206
68,0.6,0.25,crump,0.17880091571971912,0.002,1.0,158.0,159.0,1.0,1.0
69,0.0,0.25,unweighted,0.17461364502362442,0.002,1.0,180.0,180.0,1.0,1.0
69,0.0,0.25,source,0.13589199000410307,0.002,1.0,137.81905342699105,180.0,2.2826077741662205,1.0
69,0.0,0.25,target,0.12102970422911037,0.002,1.0,180.0,140.18838303968616,1.0,2.205680174247038
69,0.0,0.25,both,0.07803954355754887,0.738,0.0,137.81905342699105,140.18838303968616,2.2826077741662205,2.205680174247038
69,0.0,0.25,crump,0.14705136455108855,0.002,1.0,162.0,162.0,1.0,1.0
69,0.15,0.25,unweighted,0.18343819158664837,0.002,1.0,180.0,180.0,1.0,1.0
69,0.15,0.25,source,0.14378168488544393,0.002,1.0,137.81905342699105,180.0,2.2826077741662205,1.0
69,0.15,0.25,target,0.13136907659802027,0.002,1.0,180.0,140.18838303968616,1.0,2.205680174247038
69,0.15,0.25,both,0.08667484018054364,0.422,0.0,137.81905342699105,140.18838303968616,2.2826077741662205,2.205680174247038
69,0.15,0.25,crump,0.15703122602532257,0.002,1.0,162.0,162.0,1.0,1.0
69,0.3,0.25,unweighted,0.19298794010059442,0.002,1.0,180.0,180.0,1.0,1.0
69,0.3,0.25,source,0.15291876539442287,0.002,1.0,137.81905342699105,180.0,2.2826077741662205,1.0
69,0.3,0.25,target,0.1426088844439296,0.002,1.0,180.0,140.18838303968616,1.0,2.205680174247038
69,0.3,0.25,both,0.09656504654081075,0.172,0.0,137.81905342699105,140.18838303968616,2.2826077741662205,2.205680174247038
69,0.3,0.25,crump,0.16780444641764933,0.002,1.0,162.0,162.0,1.0,1.0
69,0.45,0.25,unweighted,0.20157549820911444,0.002,1.0,180.0,180.0,1.0,1.0
69,0.45,0.25,source,0.16120435186983395,0.002,1.0,137.81905342699105,180.0,2.2826077741662205,1.0
69,0.45,0.25,target,0.15321774400157054,0.002,1.0,180.0,140.18838303968616,1.0,2.205680174247038
69,0.45,0.25,both,0.10611515302949454,0.044,1.0,137.81905342699105,140.18838303968616,2.2826077741662205,2.205680174247038
69,0.45,0.25,crump,0.1775946955983012,0.002,1.0,162.0,162.0,1.0,1.0
69,0.6,0.25,unweighted,0.21134175525834475,0.002,1.0,180.0,180.0,1.0,1.0
69,0.6,0.25,source,0.17137839489166706,0.002,1.0,137.81905342699105,180.0,2.2826077741662205,1.0
69,0.6,0.25,target,0.16508064732940836,0.002,1.0,180.0,140.18838303968616,1.0,2.205680174247038
69,0.6,0.25,both,0.11760461447979895,0.004,1.0,137.81905342699105,140.18838303968616,2.2826077741662205,2.205680174247038
69,0.6,0.25,crump,0.18878029786519626,0.002,1.0,162.0,162.0,1.0,1.0
70,0.0,0.25,unweighted,0.1768572930955647,0.002,1.0,180.0,180.0,1.0,1.0
70,0.0,0.25,source,0.13799758110470411,0.002,1.0,142.3088886825487,180.0,2.1980088128711035,1.0
70,0.0,0.25,target,0.12392113074424504,0.002,1.0,180.0,142.58172597248537,1.0,2.055339918930219
70,0.0,0.25,both,0.08087249843442564,0.682,0.0,142.3088886825487,142.58172597248537,2.1980088128711035,2.055339918930219
70,0.0,0.25,crump,0.163523513582635,0.002,1.0,174.0,170.0,1.0,1.0
70,0.15,0.25,unweighted,0.18583116045572323,0.002,1.0,180.0,180.0,1.0,1.0
70,0.15,0.25,source,0.14530123721566002,0.002,1.0,142.3088886825487,180.0,2.1980088128711035,1.0
70,0.15,0.25,target,0.13417805771783978,0.002,1.0,180.0,142.58172597248537,1.0,2.055339918930219
70,0.15,0.25,both,0.08856429332831178,0.386,0.0,142.3088886825487,142.58172597248537,2.1980088128711035,2.055339918930219
70,0.15,0.25,crump,0.17284068159589433,0.002,1.0,174.0,170.0,1.0,1.0
70,0.3,0.25,unweighted,0.19598292562109437,0.002,1.0,180.0,180.0,1.0,1.0
70,0.3,0.25,source,0.1531661426633307,0.002,1.0,142.3088886825487,180.0,2.1980088128711035,1.0
70,0.3,0.25,target,0.14601745594060342,0.002,1.0,180.0,142.58172597248537,1.0,2.055339918930219
70,0.3,0.25,both,0.09731866591378288,0.13,0.0,142.3088886825487,142.58172597248537,2.1980088128711035,2.055339918930219
70,0.3,0.25,crump,0.18331357930300202,0.002,1.0,174.0,170.0,1.0,1.0
70,0.45,0.25,unweighted,0.20575178993293705,0.002,1.0,180.0,180.0,1.0,1.0
70,0.45,0.25,source,0.16106768425526505,0.002,1.0,142.3088886825487,180.0,2.1980088128711035,1.0
70,0.45,0.25,target,0.15758103886093333,0.002,1.0,180.0,142.58172597248537,1.0,2.055339918930219
70,0.45,0.25,both,0.10625235180096992,0.03,1.0,142.3088886825487,142.58172597248537,2.1980088128711035,2.055339918930219
70,0.45,0.25,crump,0.19346720337421308,0.002,1.0,174.0,170.0,1.0,1.0
70,0.6,0.25,unweighted,0.21451323445358939,0.002,1.0,180.0,180.0,1.0,1.0
70,0.6,0.25,source,0.16883911678384225,0.002,1.0,142.3088886825487,180.0,2.1980088128711035,1.0
70,0.6,0.25,target,0.16851202220190714,0.002,1.0,180.0,142.58172597248537,1.0,2.055339918930219
70,0.6,0.25,both,0.11545785806155086,0.006,1.0,142.3088886825487,142.58172597248537,2.1980088128711035,2.055339918930219
70,0.6,0.25,crump,0.20270607994907525,0.002,1.0,174.0,170.0,1.0,1.0
71,0.0,0.25,unweighted,0.15377112768632828,0.002,1.0,180.0,180.0,1.0,1.0
71,0.0,0.25,source,0.1296624494574503,0.002,1.0,149.80515734049075,180.0,1.9227906693734294,1.0
71,0.0,0.25,target,0.10013520567097847,0.064,0.0,180.0,148.03494975340797,1.0,1.8226511391839795
71,0.0,0.25,both,0.07305575938377115,0.872,0.0,149.80515734049075,148.03494975340797,1.9227906693734294,1.8226511391839795
71,0.0,0.25,crump,0.15040162196850007,0.002,1.0,175.0,179.0,1.0,1.0
71,0.15,0.25,unweighted,0.1630274586572169,0.002,1.0,180.0,180.0,1.0,1.0
71,0.15,0.25,source,0.13788768809680088,0.002,1.0,149.80515734049075,180.0,1.9227906693734294,1.0
71,0.15,0.25,target,0.11045097691601476,0.012,1.0,180.0,148.03494975340797,1.0,1.8226511391839795
71,0.15,0.25,both,0.08177802726551414,0.584,0.0,149.80515734049075,148.03494975340797,1.9227906693734294,1.8226511391839795
71,0.15,0.25,crump,0.15967986240370047,0.002,1.0,175.0,179.0,1.0,1.0
71,0.3,0.25,unweighted,0.1726593688081085,0.002,1.0,180.0,180.0,1.0,1.0
71,0.3,0.25,source,0.14669487568380654,0.002,1.0,149.80515734049075,180.0,1.9227906693734294,1.0
71,0.3,0.25,target,0.12157845622089031,0.002,1.0,180.0,148.03494975340797,1.0,1.8226511391839795
71,0.3,0.25,both,0.09161701531029534,0.234,0.0,149.80515734049075,148.03494975340797,1.9227906693734294,1.8226511391839795
71,0.3,0.25,crump,0.16936918533478834,0.002,1.0,175.0,179.0,1.0,1.0
71,0.45,0.25,unweighted,0.18196351070720926,0.002,1.0,180.0,180.0,1.0,1.0
71,0.45,0.25,source,0.15546478195523772,0.002,1.0,149.80515734049075,180.0,1.9227906693734294,1.0
71,0.45,0.25,target,0.13224654902045774,0.002,1.0,180.0,148.03494975340797,1.0,1.8226511391839795
71,0.45,0.25,both,0.10128710987572762,0.056,0.0,149.80515734049075,148.03494975340797,1.9227906693734294,1.8226511391839795
71,0.45,0.25,crump,0.17868258162450934,0.002,1.0,175.0,179.0,1.0,1.0
71,0.6,0.25,unweighted,0.1931178583676269,0.002,1.0,180.0,180.0,1.0,1.0
71,0.6,0.25,source,0.1664105294163266,0.002,1.0,149.80515734049075,180.0,1.9227906693734294,1.0
71,0.6,0.25,target,0.14521316668367257,0.002,1.0,180.0,148.03494975340797,1.0,1.8226511391839795
71,0.6,0.25,both,0.11364610207258573,0.006,1.0,149.80515734049075,148.03494975340797,1.9227906693734294,1.8226511391839795
71,0.6,0.25,crump,0.18989987289281235,0.002,1.0,175.0,179.0,1.0,1.0
72,0.0,0.25,unweighted,0.16221408798201495,0.002,1.0,180.0,180.0,1.0,1.0
72,0.0,0.25,source,0.12969093198066933,0.002,1.0,147.9171072627468,180.0,2.0655805784259584,1.0
72,0.0,0.25,target,0.11822833968834931,0.004,1.0,180.0,149.66088716475213,1.0,1.9492113284234533
72,0.0,0.25,both,0.08501811909269619,0.494,0.0,147.9171072627468,149.66088716475213,2.0655805784259584,1.9492113284234533
72,0.0,0.25,crump,0.15996889157521654,0.002,1.0,177.0,179.0,1.0,1.0
72,0.15,0.25,unweighted,0.17084337372351774,0.002,1.0,180.0,180.0,1.0,1.0
72,0.15,0.25,source,0.13787584618949156,0.002,1.0,147.9171072627468,180.0,2.0655805784259584,1.0
72,0.15,0.25,target,0.12753635142591202,0.002,1.0,180.0,149.66088716475213,1.0,1.9492113284234533
72,0.15,0.25,both,0.0933702894826996,0.218,0.0,147.9171072627468,149.66088716475213,2.0655805784259584,1.9492113284234533
72,0.15,0.25,crump,0.16865997521388107,0.002,1.0,177.0,179.0,1.0,1.0
72,0.3,0.25,unweighted,0.17985558318091754,0.002,1.0,180.0,180.0,1.0,1.0
72,0.3,0.25,source,0.14670406041327222,0.002,1.0,147.9171072627468,180.0,2.0655805784259584,1.0
72,0.3,0.25,target,0.13732341297294856,0.002,1.0,180.0,149.66088716475213,1.0,1.9492113284234533
72,0.3,0.25,both,0.10251865883760353,0.066,0.0,147.9171072627468,149.66088716475213,2.0655805784259584,1.9492113284234533
72,0.3,0.25,crump,0.1777431858838516,0.002,1.0,177.0,179.0,1.0,1.0
72,0.45,0.25,unweighted,0.18882202217649752,0.002,1.0,180.0,180.0,1.0,1.0
72,0.45,0.25,source,0.1552557681938664,0.002,1.0,147.9171072627468,180.0,2.0655805784259584,1.0
72,0.45,0.25,target,0.1474816569948243,0.002,1.0,180.0,149.66088716475213,1.0,1.9492113284234533
72,0.45,0.25,both,0.1118142550781928,0.018,1.0,147.9171072627468,149.66088716475213,2.0655805784259584,1.9492113284234533
72,0.45,0.25,crump,0.1867935292273743,0.002,1.0,177.0,179.0,1.0,1.0
72,0.6,0.25,unweighted,0.1975473584438348,0.002,1.0,180.0,180.0,1.0,1.0
72,0.6,0.25,source,0.1639252896263787,0.002,1.0,147.9171072627468,180.0,2.0655805784259584,1.0
72,0.6,0.25,target,0.15743486949685304,0.002,1.0,180.0,149.66088716475213,1.0,1.9492113284234533
72,0.6,0.25,both,0.12124601075649402,0.006,1.0,147.9171072627468,149.66088716475213,2.0655805784259584,1.9492113284234533
72,0.6,0.25,crump,0.1955432953093607,0.002,1.0,177.0,179.0,1.0,1.0
73,0.0,0.25,unweighted,0.15781547972869991,0.002,1.0,180.0,180.0,1.0,1.0
73,0.0,0.25,source,0.13104042104079056,0.002,1.0,149.1633322438814,180.0,2.0573423661924193,1.0
73,0.0,0.25,target,0.10027816796899829,0.092,0.0,180.0,144.28989872297188,1.0,2.037643924728144
73,0.0,0.25,both,0.0719857178024417,0.882,0.0,149.1633322438814,144.28989872297188,2.0573423661924193,2.037643924728144
73,0.0,0.25,crump,0.15504063447505284,0.002,1.0,176.0,179.0,1.0,1.0
73,0.15,0.25,unweighted,0.16540139365188233,0.002,1.0,180.0,180.0,1.0,1.0
73,0.15,0.25,source,0.1373570847968038,0.002,1.0,149.1633322438814,180.0,2.0573423661924193,1.0
73,0.15,0.25,target,0.10912351091706028,0.03,1.0,180.0,144.28989872297188,1.0,2.037643924728144
73,0.15,0.25,both,0.07880891928493267,0.736,0.0,149.1633322438814,144.28989872297188,2.0573423661924193,2.037643924728144
73,0.15,0.25,crump,0.16260630291207934,0.002,1.0,176.0,179.0,1.0,1.0
73,0.3,0.25,unweighted,0.1728168762383783,0.002,1.0,180.0,180.0,1.0,1.0
73,0.3,0.25,source,0.14344722788473735,0.002,1.0,149.1633322438814,180.0,2.0573423661924193,1.0
73,0.3,0.25,target,0.11786229821214139,0.01,1.0,180.0,144.28989872297188,1.0,2.037643924728144
73,0.3,0.25,both,0.08552315169306686,0.506,0.0,149.1633322438814,144.28989872297188,2.0573423661924193,2.037643924728144
73,0.3,0.25,crump,0.17001502695184448,0.002,1.0,176.0,179.0,1.0,1.0
73,0.45,0.25,unweighted,0.18075472965249198,0.002,1.0,180.0,180.0,1.0,1.0
73,0.45,0.25,source,0.15023723314767257,0.002,1.0,149.1633322438814,180.0,2.0573423661924193,1.0
73,0.45,0.25,target,0.1273981133088935,0.002,1.0,180.0,144.28989872297188,1.0,2.037643924728144
73,0.45,0.25,both,0.09327388716693154,0.262,0.0,149.1633322438814,144.28989872297188,2.0573423661924193,2.037643924728144
73,0.45,0.25,crump,0.17796305041711874,0.002,1.0,176.0,179.0,1.0,1.0
73,0.6,0.25,unweighted,0.1895666009373571,0.002,1.0,180.0,180.0,1.0,1.0
73,0.6,0.25,source,0.15817533715996512,0.002,1.0,149.1633322438814,180.0,2.0573423661924193,1.0
73,0.6,0.25,target,0.13809133616032507,0.002,1.0,180.0,144.28989872297188,1.0,2.037643924728144
73,0.6,0.25,both,0.10231629707441,0.092,0.0,149.1633322438814,144.28989872297188,2.0573423661924193,2.037643924728144
73,0.6,0.25,crump,0.18676221366944348,0.002,1.0,176.0,179.0,1.0,1.0
74,0.0,0.25,unweighted,0.16673209971803077,0.002,1.0,180.0,180.0,1.0,1.0
74,0.0,0.25,source,0.1309707343536702,0.002,1.0,140.58969841264576,180.0,2.1881712245479528,1.0
74,0.0,0.25,target,0.11265494025289795,0.002,1.0,180.0,143.08115345371442,1.0,2.082400423739237
74,0.0,0.25,both,0.07420928132402542,0.848,0.0,140.58969841264576,143.08115345371442,2.1881712245479528,2.082400423739237
74,0.0,0.25,crump,0.1478620345022661,0.002,1.0,173.0,165.0,1.0,1.0
74,0.15,0.25,unweighted,0.17497759297363208,0.002,1.0,180.0,180.0,1.0,1.0
74,0.15,0.25,source,0.13820491640190674,0.002,1.0,140.58969841264576,180.0,2.1881712245479528,1.0
74,0.15,0.25,target,0.12185605129062066,0.002,1.0,180.0,143.08115345371442,1.0,2.082400423739237
74,0.15,0.25,both,0.08162367356528281,0.636,0.0,140.58969841264576,143.08115345371442,2.1881712245479528,2.082400423739237
74,0.15,0.25,crump,0.1568755753420539,0.002,1.0,173.0,165.0,1.0,1.0
74,0.3,0.25,unweighted,0.18304096174363665,0.002,1.0,180.0,180.0,1.0,1.0
74,0.3,0.25,source,0.14564323826115813,0.002,1.0,140.58969841264576,180.0,2.1881712245479528,1.0
74,0.3,0.25,target,0.13122790618249763,0.002,1.0,180.0,143.08115345371442,1.0,2.082400423739237
74,0.3,0.25,both,0.08964375575024208,0.346,0.0,140.58969841264576,143.08115345371442,2.1881712245479528,2.082400423739237
74,0.3,0.25,crump,0.1657175862713941,0.002,1.0,173.0,165.0,1.0,1.0
74,0.45,0.25,unweighted,0.19242933718183203,0.002,1.0,180.0,180.0,1.0,1.0
74,0.45,0.25,source,0.15475003344612304,0.002,1.0,140.58969841264576,180.0,2.1881712245479528,1.0
74,0.45,0.25,target,0.14201520251292918,0.002,1.0,180.0,143.08115345371442,1.0,2.082400423739237
74,0.45,0.25,both,0.09928660124193069,0.118,0.0,140.58969841264576,143.08115345371442,2.1881712245479528,2.082400423739237
74,0.45,0.25,crump,0.17595077427976752,0.002,1.0,173.0,165.0,1.0,1.0
74,0.6,0.25,unweighted,0.20056950826855663,0.002,1.0,180.0,180.0,1.0,1.0
74,0.6,0.25,source,0.16265908001093443,0.002,1.0,140.58969841264576,180.0,2.1881712245479528,1.0
74,0.6,0.25,target,0.15164340091368145,0.002,1.0,180.0,143.08115345371442,1.0,2.082400423739237
74,0.6,0.25,both,0.10795243964809564,0.022,1.0,140.58969841264576,143.08115345371442,2.1881712245479528,2.082400423739237
74,0.6,0.25,crump,0.18484329653163334,0.002,1.0,173.0,165.0,1.0,1.0
75,0.0,0.25,unweighted,0.17914593907178783,0.002,1.0,180.0,180.0,1.0,1.0
75,0.0,0.25,source,0.14447137103726376,0.002,1.0,144.8347895349949,180.0,2.1396064056993214,1.0
75,0.0,0.25,target,0.1279778449088232,0.002,1.0,180.0,146.07458598998534,1.0,2.01539731851299
75,0.0,0.25,both,0.09005760174339036,0.336,0.0,144.8347895349949,146.07458598998534,2.1396064056993214,2.01539731851299
75,0.0,0.25,crump,0.1763646739203976,0.002,1.0,178.0,178.0,1.0,1.0
75,0.15,0.25,unweighted,0.18726595221764974,0.002,1.0,180.0,180.0,1.0,1.0
75,0.15,0.25,source,0.15139559411094117,0.002,1.0,144.8347895349949,180.0,2.1396064056993214,1.0
75,0.15,0.25,target,0.13761863314181338,0.002,1.0,180.0,146.07458598998534,1.0,2.01539731851299
75,0.15,0.25,both,0.09790570903558957,0.158,0.0,144.8347895349949,146.07458598998534,2.1396064056993214,2.01539731851299
75,0.15,0.25,crump,0.18455085247114456,0.002,1.0,178.0,178.0,1.0,1.0
75,0.3,0.25,unweighted,0.19584601718488037,0.002,1.0,180.0,180.0,1.0,1.0
75,0.3,0.25,source,0.15933666080991374,0.002,1.0,144.8347895349949,180.0,2.1396064056993214,1.0
75,0.3,0.25,target,0.14773491218245235,0.002,1.0,180.0,146.07458598998534,1.0,2.01539731851299
75,0.3,0.25,both,0.10675622574285196,0.032,1.0,144.8347895349949,146.07458598998534,2.1396064056993214,2.01539731851299
75,0.3,0.25,crump,0.19321064934547044,0.002,1.0,178.0,178.0,1.0,1.0
75,0.45,0.25,unweighted,0.20455168514708122,0.002,1.0,180.0,180.0,1.0,1.0
75,0.45,0.25,source,0.1674429896735064,0.002,1.0,144.8347895349949,180.0,2.1396064056993214,1.0
75,0.45,0.25,target,0.15815811812689815,0.002,1.0,180.0,146.07458598998534,1.0,2.01539731851299
75,0.45,0.25,both,0.1159768588878631,0.012,1.0,144.8347895349949,146.07458598998534,2.1396064056993214,2.01539731851299
75,0.45,0.25,crump,0.20201314414319374,0.002,1.0,178.0,178.0,1.0,1.0
75,0.6,0.25,unweighted,0.213631418609968,0.002,1.0,180.0,180.0,1.0,1.0
75,0.6,0.25,source,0.17581870170248592,0.002,1.0,144.8347895349949,180.0,2.1396064056993214,1.0
75,0.6,0.25,target,0.16915486741333635,0.002,1.0,180.0,146.07458598998534,1.0,2.01539731851299
75,0.6,0.25,both,0.12569248085868026,0.002,1.0,144.8347895349949,146.07458598998534,2.1396064056993214,2.01539731851299
75,0.6,0.25,crump,0.21118456802491326,0.002,1.0,178.0,178.0,1.0,1.0
76,0.0,0.25,unweighted,0.16190829713458316,0.002,1.0,180.0,180.0,1.0,1.0
76,0.0,0.25,source,0.13399140570815202,0.002,1.0,145.34327350727074,180.0,1.938418761321469,1.0
76,0.0,0.25,target,0.1104363293604996,0.024,1.0,180.0,146.66700590219781,1.0,1.9517001808461456
76,0.0,0.25,both,0.07948208794430715,0.69,0.0,145.34327350727074,146.66700590219781,1.938418761321469,1.9517001808461456
76,0.0,0.25,crump,0.15447645614327363,0.002,1.0,175.0,175.0,1.0,1.0
76,0.15,0.25,unweighted,0.17032234415485442,0.002,1.0,180.0,180.0,1.0,1.0
76,0.15,0.25,source,0.1413501931661604,0.002,1.0,145.34327350727074,180.0,1.938418761321469,1.0
76,0.15,0.25,target,0.12008444726169314,0.006,1.0,180.0,146.66700590219781,1.0,1.9517001808461456
76,0.15,0.25,both,0.08758385209232836,0.414,0.0,145.34327350727074,146.66700590219781,1.938418761321469,1.9517001808461456
76,0.15,0.25,crump,0.1630790594585589,0.002,1.0,175.0,175.0,1.0,1.0
76,0.3,0.25,unweighted,0.17928982243560432,0.002,1.0,180.0,180.0,1.0,1.0
76,0.3,0.25,source,0.14998199481374175,0.002,1.0,145.34327350727074,180.0,1.938418761321469,1.0
76,0.3,0.25,target,0.13029857354956692,0.002,1.0,180.0,146.66700590219781,1.0,1.9517001808461456
76,0.3,0.25,both,0.09691930048049384,0.15,0.0,145.34327350727074,146.66700590219781,1.938418761321469,1.9517001808461456
76,0.3,0.25,crump,0.17228846487296956,0.002,1.0,175.0,175.0,1.0,1.0
76,0.45,0.25,unweighted,0.18838144147233654,0.002,1.0,180.0,180.0,1.0,1.0
76,0.45,0.25,source,0.15868745520879596,0.002,1.0,145.34327350727074,180.0,1.938418761321469,1.0
76,0.45,0.25,target,0.14118310714698998,0.002,1.0,180.0,146.66700590219781,1.0,1.9517001808461456
76,0.45,0.25,both,0.1070003148766874,0.052,0.0,145.34327350727074,146.66700590219781,1.938418761321469,1.9517001808461456
76,0.45,0.25,crump,0.181658209879217,0.002,1.0,175.0,175.0,1.0,1.0
76,0.6,0.25,unweighted,0.19819898548239595,0.002,1.0,180.0,180.0,1.0,1.0
76,0.6,0.25,source,0.16803947239153597,0.002,1.0,145.34327350727074,180.0,1.938418761321469,1.0
76,0.6,0.25,target,0.15269839505599098,0.002,1.0,180.0,146.66700590219781,1.0,1.9517001808461456
76,0.6,0.25,both,0.11764422846762662,0.006,1.0,145.34327350727074,146.66700590219781,1.938418761321469,1.9517001808461456
76,0.6,0.25,crump,0.1917462593252811,0.002,1.0,175.0,175.0,1.0,1.0
77,0.0,0.25,unweighted,0.1446335924401768,0.002,1.0,180.0,180.0,1.0,1.0
77,0.0,0.25,source,0.12854708093568196,0.002,1.0,158.7308508290208,180.0,1.812882803013637,1.0
77,0.0,0.25,target,0.10179616931977821,0.044,1.0,180.0,158.34794905546494,1.0,1.7809805486275612
77,0.0,0.25,both,0.0845060142198357,0.52,0.0,158.7308508290208,158.34794905546494,1.812882803013637,1.7809805486275612
77,0.0,0.25,crump,0.1446335924401768,0.002,1.0,180.0,180.0,1.0,1.0
77,0.15,0.25,unweighted,0.15226044238683126,0.002,1.0,180.0,180.0,1.0,1.0
77,0.15,0.25,source,0.13597208602198807,0.002,1.0,158.7308508290208,180.0,1.812882803013637,1.0
77,0.15,0.25,target,0.10974107782271303,0.01,1.0,180.0,158.34794905546494,1.0,1.7809805486275612
77,0.15,0.25,both,0.09196745311612926,0.262,0.0,158.7308508290208,158.34794905546494,1.812882803013637,1.7809805486275612
77,0.15,0.25,crump,0.15226044238683126,0.002,1.0,180.0,180.0,1.0,1.0
77,0.3,0.25,unweighted,0.1603735958695321,0.002,1.0,180.0,180.0,1.0,1.0
77,0.3,0.25,source,0.14328800438464856,0.002,1.0,158.7308508290208,180.0,1.812882803013637,1.0
77,0.3,0.25,target,0.11848512795100066,0.002,1.0,180.0,158.34794905546494,1.0,1.7809805486275612
77,0.3,0.25,both,0.09963262931917445,0.096,0.0,158.7308508290208,158.34794905546494,1.812882803013637,1.7809805486275612
77,0.3,0.25,crump,0.1603735958695321,0.002,1.0,180.0,180.0,1.0,1.0
77,0.45,0.25,unweighted,0.16850334266880046,0.002,1.0,180.0,180.0,1.0,1.0
77,0.45,0.25,source,0.15102931386739235,0.002,1.0,158.7308508290208,180.0,1.812882803013637,1.0
77,0.45,0.25,target,0.1274084486053235,0.002,1.0,180.0,158.34794905546494,1.0,1.7809805486275612
77,0.45,0.25,both,0.10785303679550019,0.012,1.0,158.7308508290208,158.34794905546494,1.812882803013637,1.7809805486275612
77,0.45,0.25,crump,0.16850334266880046,0.002,1.0,180.0,180.0,1.0,1.0
77,0.6,0.25,unweighted,0.17742785779606768,0.002,1.0,180.0,180.0,1.0,1.0
77,0.6,0.25,source,0.15935441713384077,0.002,1.0,158.7308508290208,180.0,1.812882803013637,1.0
77,0.6,0.25,target,0.1371060520137189,0.002,1.0,180.0,158.34794905546494,1.0,1.7809805486275612
77,0.6,0.25,both,0.11667828091142758,0.006,1.0,158.7308508290208,158.34794905546494,1.812882803013637,1.7809805486275612
77,0.6,0.25,crump,0.17742785779606768,0.002,1.0,180.0,180.0,1.0,1.0
78,0.0,0.25,unweighted,0.16911636945587563,0.002,1.0,180.0,180.0,1.0,1.0
78,0.0,0.25,source,0.14259410362737787,0.002,1.0,146.01922275168855,180.0,2.075062541942899,1.0
78,0.0,0.25,target,0.1119788681174151,0.01,1.0,180.0,144.24927214714526,1.0,2.017924972645226
78,0.0,0.25,both,0.08267477062632944,0.614,0.0,146.01922275168855,144.24927214714526,2.075062541942899,2.017924972645226
78,0.0,0.25,crump,0.16314224281854856,0.002,1.0,177.0,175.0,1.0,1.0
78,0.15,0.25,unweighted,0.17638936042524006,0.002,1.0,180.0,180.0,1.0,1.0
78,0.15,0.25,source,0.14931486078983047,0.002,1.0,146.01922275168855,180.0,2.075062541942899,1.0
78,0.15,0.25,target,0.12026117389825525,0.002,1.0,180.0,144.24927214714526,1.0,2.017924972645226
78,0.15,0.25,both,0.08986911267832426,0.352,0.0,146.01922275168855,144.24927214714526,2.075062541942899,2.017924972645226
78,0.15,0.25,crump,0.17063873266075047,0.002,1.0,177.0,175.0,1.0,1.0
78,0.3,0.25,unweighted,0.18378004591525685,0.002,1.0,180.0,180.0,1.0,1.0
78,0.3,0.25,source,0.15608234946999605,0.002,1.0,146.01922275168855,180.0,2.075062541942899,1.0
78,0.3,0.25,target,0.12902048014755574,0.002,1.0,180.0,144.24927214714526,1.0,2.017924972645226
78,0.3,0.25,both,0.09746467785725664,0.142,0.0,146.01922275168855,144.24927214714526,2.075062541942899,2.017924972645226
78,0.3,0.25,crump,0.17824154703173492,0.002,1.0,177.0,175.0,1.0,1.0
78,0.45,0.25,unweighted,0.1917364130848956,0.002,1.0,180.0,180.0,1.0,1.0
78,0.45,0.25,source,0.1639522625365207,0.002,1.0,146.01922275168855,180.0,2.075062541942899,1.0
78,0.45,0.25,target,0.13824824034501304,0.002,1.0,180.0,144.24927214714526,1.0,2.017924972645226
78,0.45,0.25,both,0.10597953875674804,0.042,1.0,146.01922275168855,144.24927214714526,2.075062541942899,2.017924972645226
78,0.45,0.25,crump,0.18643444970790998,0.002,1.0,177.0,175.0,1.0,1.0
78,0.6,0.25,unweighted,0.19981996742112484,0.002,1.0,180.0,180.0,1.0,1.0
78,0.6,0.25,source,0.1718622361361853,0.002,1.0,146.01922275168855,180.0,2.075062541942899,1.0
78,0.6,0.25,target,0.14793669187419523,0.002,1.0,180.0,144.24927214714526,1.0,2.017924972645226
78,0.6,0.25,both,0.11498878801067397,0.008,1.0,146.01922275168855,144.24927214714526,2.075062541942899,2.017924972645226
78,0.6,0.25,crump,0.19475805306235872,0.002,1.0,177.0,175.0,1.0,1.0
79,0.0,0.25,unweighted,0.14459259735558605,0.002,1.0,180.0,180.0,1.0,1.0
79,0.0,0.25,source,0.11592182698724363,0.01,1.0,150.42501635859793,180.0,1.9193741796146042,1.0
79,0.0,0.25,target,0.09809376273995064,0.104,0.0,180.0,151.2420747032273,1.0,1.8576489672650842
79,0.0,0.25,both,0.06912814249361016,0.938,0.0,150.42501635859793,151.2420747032273,1.9193741796146042,1.8576489672650842
79,0.0,0.25,crump,0.14459259735558605,0.002,1.0,180.0,180.0,1.0,1.0
79,0.15,0.25,unweighted,0.15295897729004726,0.002,1.0,180.0,180.0,1.0,1.0
79,0.15,0.25,source,0.12322723023937689,0.002,1.0,150.42501635859793,180.0,1.9193741796146042,1.0
79,0.15,0.25,target,0.1069978925010672,0.026,1.0,180.0,151.2420747032273,1.0,1.8576489672650842
79,0.15,0.25,both,0.07631726035686187,0.776,0.0,150.42501635859793,151.2420747032273,1.9193741796146042,1.8576489672650842
79,0.15,0.25,crump,0.15295897729004726,0.002,1.0,180.0,180.0,1.0,1.0
79,0.3,0.25,unweighted,0.16161711438805063,0.002,1.0,180.0,180.0,1.0,1.0
79,0.3,0.25,source,0.13081099100626262,0.002,1.0,150.42501635859793,180.0,1.9193741796146042,1.0
79,0.3,0.25,target,0.1165251406331418,0.01,1.0,180.0,151.2420747032273,1.0,1.8576489672650842
79,0.3,0.25,both,0.08410947390729148,0.524,0.0,150.42501635859793,151.2420747032273,1.9193741796146042,1.8576489672650842
79,0.3,0.25,crump,0.16161711438805063,0.002,1.0,180.0,180.0,1.0,1.0
79,0.45,0.25,unweighted,0.1691960057536961,0.002,1.0,180.0,180.0,1.0,1.0
79,0.45,0.25,source,0.1376620102259711,0.002,1.0,150.42501635859793,180.0,1.9193741796146042,1.0
79,0.45,0.25,target,0.1249365301505016,0.002,1.0,180.0,151.2420747032273,1.0,1.8576489672650842
79,0.45,0.25,both,0.09118230347454288,0.254,0.0,150.42501635859793,151.2420747032273,1.9193741796146042,1.8576489672650842
79,0.45,0.25,crump,0.1691960057536961,0.002,1.0,180.0,180.0,1.0,1.0
79,0.6,0.25,unweighted,0.17746064719554946,0.002,1.0,180.0,180.0,1.0,1.0
79,0.6,0.25,source,0.1450861114085564,0.002,1.0,150.42501635859793,180.0,1.9193741796146042,1.0
79,0.6,0.25,target,0.13448173882349052,0.002,1.0,180.0,151.2420747032273,1.0,1.8576489672650842
79,0.6,0.25,both,0.09929766693780316,0.098,0.0,150.42501635859793,151.2420747032273,1.9193741796146042,1.8576489672650842
79,0.6,0.25,crump,0.17746064719554946,0.002,1.0,180.0,180.0,1.0,1.0
80,0.0,0.25,unweighted,0.1384602118579485,0.002,1.0,180.0,180.0,1.0,1.0
80,0.0,0.25,source,0.11312992880255329,0.018,1.0,153.9797627116306,180.0,1.8385302916619357,1.0
80,0.0,0.25,target,0.0950152104233492,0.186,0.0,180.0,155.76174083732016,1.0,1.768948503152748
80,0.0,0.25,both,0.06876436739591743,0.95,0.0,153.9797627116306,155.76174083732016,1.8385302916619357,1.768948503152748
80,0.0,0.25,crump,0.1384602118579485,0.002,1.0,180.0,180.0,1.0,1.0
80,0.15,0.25,unweighted,0.14520047629934463,0.002,1.0,180.0,180.0,1.0,1.0
80,0.15,0.25,source,0.11878988797739715,0.004,1.0,153.9797627116306,180.0,1.8385302916619357,1.0
80,0.15,0.25,target,0.10226886175872658,0.086,0.0,180.0,155.76174083732016,1.0,1.768948503152748
80,0.15,0.25,both,0.0744845915527359,0.85,0.0,153.9797627116306,155.76174083732016,1.8385302916619357,1.768948503152748
80,0.15,0.25,crump,0.14520047629934463,0.002,1.0,180.0,180.0,1.0,1.0
80,0.3,0.25,unweighted,0.15259925030483157,0.002,1.0,180.0,180.0,1.0,1.0
80,0.3,0.25,source,0.1252658854674823,0.002,1.0,153.9797627116306,180.0,1.8385302916619357,1.0
80,0.3,0.25,target,0.11022105362286491,0.024,1.0,180.0,155.76174083732016,1.0,1.768948503152748
80,0.3,0.25,both,0.08105589547489753,0.648,0.0,153.9797627116306,155.76174083732016,1.8385302916619357,1.768948503152748
80,0.3,0.25,crump,0.15259925030483157,0.002,1.0,180.0,180.0,1.0,1.0
80,0.45,0.25,unweighted,0.16047243369913125,0.002,1.0,180.0,180.0,1.0,1.0
80,0.45,0.25,source,0.13215201616082647,0.002,1.0,153.9797627116306,180.0,1.8385302916619357,1.0
80,0.45,0.25,target,0.11883142979261493,0.006,1.0,180.0,155.76174083732016,1.0,1.768948503152748
80,0.45,0.25,both,0.08820329174400246,0.408,0.0,153.9797627116306,155.76174083732016,1.8385302916619357,1.768948503152748
80,0.45,0.25,crump,0.16047243369913125,0.002,1.0,180.0,180.0,1.0,1.0
80,0.6,0.25,unweighted,0.16880186328303615,0.002,1.0,180.0,180.0,1.0,1.0
80,0.6,0.25,source,0.1392187481150255,0.002,1.0,153.9797627116306,180.0,1.8385302916619357,1.0
80,0.6,0.25,target,0.12785949241347666,0.002,1.0,180.0,155.76174083732016,1.0,1.768948503152748
80,0.6,0.25,both,0.0955499632739748,0.214,0.0,153.9797627116306,155.76174083732016,1.8385302916619357,1.768948503152748
80,0.6,0.25,crump,0.16880186328303615,0.002,1.0,180.0,180.0,1.0,1.0
81,0.0,0.25,unweighted,0.15134507125438196,0.002,1.0,180.0,180.0,1.0,1.0
81,0.0,0.25,source,0.12524510624694904,0.002,1.0,150.00901134702949,180.0,1.896219489168498,1.0
81,0.0,0.25,target,0.10596291491259274,0.036,1.0,180.0,151.5711273902674,1.0,1.769777017436764
81,0.0,0.25,both,0.07708529403743972,0.736,0.0,150.00901134702949,151.5711273902674,1.896219489168498,1.769777017436764
81,0.0,0.25,crump,0.1471592275728789,0.002,1.0,178.0,177.0,1.0,1.0
81,0.15,0.25,unweighted,0.1606162208504801,0.002,1.0,180.0,180.0,1.0,1.0
81,0.15,0.25,source,0.13360711026450106,0.002,1.0,150.00901134702949,180.0,1.896219489168498,1.0
81,0.15,0.25,target,0.1164458285569903,0.002,1.0,180.0,151.5711273902674,1.0,1.769777017436764
81,0.15,0.25,both,0.08611180597009915,0.442,0.0,150.00901134702949,151.5711273902674,1.896219489168498,1.769777017436764
81,0.15,0.25,crump,0.15660393705816114,0.002,1.0,178.0,177.0,1.0,1.0
81,0.3,0.25,unweighted,0.17103906988263987,0.002,1.0,180.0,180.0,1.0,1.0
81,0.3,0.25,source,0.14314985468528182,0.002,1.0,150.00901134702949,180.0,1.896219489168498,1.0
81,0.3,0.25,target,0.1280817525074478,0.002,1.0,180.0,151.5711273902674,1.0,1.769777017436764
81,0.3,0.25,both,0.09632125121650295,0.156,0.0,150.00901134702949,151.5711273902674,1.896219489168498,1.769777017436764
81,0.3,0.25,crump,0.16717090208550503,0.002,1.0,178.0,177.0,1.0,1.0
81,0.45,0.25,unweighted,0.18115493636640756,0.002,1.0,180.0,180.0,1.0,1.0
81,0.45,0.25,source,0.15249870468310744,0.002,1.0,150.00901134702949,180.0,1.896219489168498,1.0
81,0.45,0.25,target,0.13972339140533055,0.002,1.0,180.0,151.5711273902674,1.0,1.769777017436764
81,0.45,0.25,both,0.1067277019906191,0.024,1.0,150.00901134702949,151.5711273902674,1.896219489168498,1.769777017436764
81,0.45,0.25,crump,0.17745365579363975,0.002,1.0,178.0,177.0,1.0,1.0
81,0.6,0.25,unweighted,0.19148559861301634,0.002,1.0,180.0,180.0,1.0,1.0
81,0.6,0.25,source,0.16239663017412698,0.002,1.0,150.00901134702949,180.0,1.896219489168498,1.0
81,0.6,0.25,target,0.15162633533095876,0.002,1.0,180.0,151.5711273902674,1.0,1.769777017436764
81,0.6,0.25,both,0.11769443004563832,0.004,1.0,150.00901134702949,151.5711273902674,1.896219489168498,1.769777017436764
81,0.6,0.25,crump,0.18803954820692398,0.002,1.0,178.0,177.0,1.0,1.0
82,0.0,0.25,unweighted,0.17404861111111108,0.002,1.0,180.0,180.0,1.0,1.0
82,0.0,0.25,source,0.14598655837990426,0.002,1.0,148.08198369241924,180.0,1.9896665765569752,1.0
82,0.0,0.25,target,0.11850562262684805,0.002,1.0,180.0,143.51398373714963,1.0,2.114306360130959
82,0.0,0.25,both,0.08984187114463346,0.324,0.0,148.08198369241924,143.51398373714963,1.9896665765569752,2.114306360130959
82,0.0,0.25,crump,0.16882791226698832,0.002,1.0,176.0,176.0,1.0,1.0
82,0.15,0.25,unweighted,0.18110471536351164,0.002,1.0,180.0,180.0,1.0,1.0
82,0.15,0.25,source,0.15225805091270586,0.002,1.0,148.08198369241924,180.0,1.9896665765569752,1.0
82,0.15,0.25,target,0.12682854359794707,0.002,1.0,180.0,143.51398373714963,1.0,2.114306360130959
82,0.15,0.25,both,0.09695208941705363,0.152,0.0,148.08198369241924,143.51398373714963,1.9896665765569752,2.114306360130959
82,0.15,0.25,crump,0.17602916545827532,0.002,1.0,176.0,176.0,1.0,1.0
82,0.3,0.25,unweighted,0.18924397862368542,0.002,1.0,180.0,180.0,1.0,1.0
82,0.3,0.25,source,0.159851532758826,0.002,1.0,148.08198369241924,180.0,1.9896665765569752,1.0
82,0.3,0.25,target,0.13658116195300785,0.002,1.0,180.0,143.51398373714963,1.0,2.114306360130959
82,0.3,0.25,both,0.10558610212798139,0.038,1.0,148.08198369241924,143.51398373714963,1.9896665765569752,2.114306360130959
82,0.3,0.25,crump,0.18434826642647356,0.002,1.0,176.0,176.0,1.0,1.0
82,0.45,0.25,unweighted,0.19681854233348578,0.002,1.0,180.0,180.0,1.0,1.0
82,0.45,0.25,source,0.16669990837218612,0.002,1.0,148.08198369241924,180.0,1.9896665765569752,1.0
82,0.45,0.25,target,0.14595143681296016,0.002,1.0,180.0,143.51398373714963,1.0,2.114306360130959
82,0.45,0.25,both,0.11368599752842441,0.006,1.0,148.08198369241924,143.51398373714963,1.9896665765569752,2.114306360130959
82,0.45,0.25,crump,0.19206701361671363,0.002,1.0,176.0,176.0,1.0,1.0
82,0.6,0.25,unweighted,0.2051681393842402,0.002,1.0,180.0,180.0,1.0,1.0
82,0.6,0.25,source,0.17476115117937197,0.002,1.0,148.08198369241924,180.0,1.9896665765569752,1.0
82,0.6,0.25,target,0.15647463588135918,0.002,1.0,180.0,143.51398373714963,1.0,2.114306360130959
82,0.6,0.25,both,0.12346862289154711,0.004,1.0,148.08198369241924,143.51398373714963,1.9896665765569752,2.114306360130959
82,0.6,0.25,crump,0.20064032594816136,0.002,1.0,176.0,176.0,1.0,1.0
83,0.0,0.25,unweighted,0.15530440100594423,0.002,1.0,180.0,180.0,1.0,1.0
83,0.0,0.25,source,0.12687169106515794,0.002,1.0,149.86593863898517,180.0,1.8333028659566524,1.0
83,0.0,0.25,target,0.10276959308186698,0.054,0.0,180.0,144.8816240763368,1.0,2.1830119102265124
83,0.0,0.25,both,0.07374149381697673,0.85,0.0,149.86593863898517,144.8816240763368,1.8333028659566524,2.1830119102265124
83,0.0,0.25,crump,0.15336493044097638,0.002,1.0,178.0,179.0,1.0,1.0
83,0.15,0.25,unweighted,0.1627902415790276,0.002,1.0,180.0,180.0,1.0,1.0
83,0.15,0.25,source,0.13359277441724746,0.002,1.0,149.86593863898517,180.0,1.8333028659566524,1.0
83,0.15,0.25,target,0.11124433735126835,0.014,1.0,180.0,144.8816240763368,1.0,2.1830119102265124
83,0.15,0.25,both,0.0808457193042389,0.648,0.0,149.86593863898517,144.8816240763368,1.8333028659566524,2.1830119102265124
83,0.15,0.25,crump,0.16088738273375958,0.002,1.0,178.0,179.0,1.0,1.0
83,0.3,0.25,unweighted,0.17004029206675814,0.002,1.0,180.0,180.0,1.0,1.0
83,0.3,0.25,source,0.13990180557818038,0.002,1.0,149.86593863898517,180.0,1.8333028659566524,1.0
83,0.3,0.25,target,0.11958037638314113,0.002,1.0,180.0,144.8816240763368,1.0,2.1830119102265124
83,0.3,0.25,both,0.08770062694631331,0.406,0.0,149.86593863898517,144.8816240763368,1.8333028659566524,2.1830119102265124
83,0.3,0.25,crump,0.16817748299737037,0.002,1.0,178.0,179.0,1.0,1.0
83,0.45,0.25,unweighted,0.17793232453132143,0.002,1.0,180.0,180.0,1.0,1.0
83,0.45,0.25,source,0.14714442548737258,0.002,1.0,149.86593863898517,180.0,1.8333028659566524,1.0
83,0.45,0.25,target,0.12860048597714632,0.002,1.0,180.0,144.8816240763368,1.0,2.1830119102265124
83,0.45,0.25,both,0.09553602392388223,0.176,0.0,149.86593863898517,144.8816240763368,1.8333028659566524,2.1830119102265124
83,0.45,0.25,crump,0.1761171274530705,0.002,1.0,178.0,179.0,1.0,1.0
83,0.6,0.25,unweighted,0.1862668762383783,0.002,1.0,180.0,180.0,1.0,1.0
83,0.6,0.25,source,0.15521323992492875,0.002,1.0,149.86593863898517,180.0,1.8333028659566524,1.0
83,0.6,0.25,target,0.13828527114023106,0.002,1.0,180.0,144.8816240763368,1.0,2.1830119102265124
83,0.6,0.25,both,0.10441645236525848,0.056,0.0,149.86593863898517,144.8816240763368,1.8333028659566524,2.1830119102265124
83,0.6,0.25,crump,0.18447845335344237,0.002,1.0,178.0,179.0,1.0,1.0
84,0.0,0.25,unweighted,0.17439626105014483,0.002,1.0,180.0,180.0,1.0,1.0
84,0.0,0.25,source,0.13890362594959266,0.002,1.0,137.0000111428919,180.0,2.0977780223218696,1.0
84,0.0,0.25,target,0.11523008027717054,0.006,1.0,180.0,138.73498316661542,1.0,2.2936021944062017
84,0.0,0.25,both,0.07622848576249383,0.782,0.0,137.0000111428919,138.73498316661542,2.0977780223218696,2.2936021944062017
84,0.0,0.25,crump,0.1560629474974573,0.002,1.0,168.0,167.0,1.0,1.0
84,0.15,0.25,unweighted,0.1816510345221765,0.002,1.0,180.0,180.0,1.0,1.0
84,0.15,0.25,source,0.14505273169260377,0.002,1.0,137.0000111428919,180.0,2.0977780223218696,1.0
84,0.15,0.25,target,0.12390305131801022,0.004,1.0,180.0,138.73498316661542,1.0,2.2936021944062017
84,0.15,0.25,both,0.08307917556091432,0.544,0.0,137.0000111428919,138.73498316661542,2.0977780223218696,2.2936021944062017
84,0.15,0.25,crump,0.16389241025157333,0.002,1.0,168.0,167.0,1.0,1.0
84,0.3,0.25,unweighted,0.19013235596707817,0.002,1.0,180.0,180.0,1.0,1.0
84,0.3,0.25,source,0.1529244802319482,0.002,1.0,137.0000111428919,180.0,2.0977780223218696,1.0
84,0.3,0.25,target,0.13390551769506806,0.002,1.0,180.0,138.73498316661542,1.0,2.2936021944062017
84,0.3,0.25,both,0.09161145939485946,0.272,0.0,137.0000111428919,138.73498316661542,2.0977780223218696,2.2936021944062017
84,0.3,0.25,crump,0.17303846914205281,0.002,1.0,168.0,167.0,1.0,1.0
84,0.45,0.25,unweighted,0.19855269204389575,0.002,1.0,180.0,180.0,1.0,1.0
84,0.45,0.25,source,0.16038820883102325,0.002,1.0,137.0000111428919,180.0,2.0977780223218696,1.0
84,0.45,0.25,target,0.14391495534443138,0.002,1.0,180.0,138.73498316661542,1.0,2.2936021944062017
84,0.45,0.25,both,0.09989330619224093,0.104,0.0,137.0000111428919,138.73498316661542,2.0977780223218696,2.2936021944062017
84,0.45,0.25,crump,0.18195155031288252,0.002,1.0,168.0,167.0,1.0,1.0
84,0.6,0.25,unweighted,0.20739405483158055,0.002,1.0,180.0,180.0,1.0,1.0
84,0.6,0.25,source,0.16914954966408585,0.002,1.0,137.0000111428919,180.0,2.0977780223218696,1.0
84,0.6,0.25,target,0.15467583718486314,0.002,1.0,180.0,138.73498316661542,1.0,2.2936021944062017
84,0.6,0.25,both,0.10985290370431045,0.022,1.0,137.0000111428919,138.73498316661542,2.0977780223218696,2.2936021944062017
84,0.6,0.25,crump,0.1917295665087868,0.002,1.0,168.0,167.0,1.0,1.0
85,0.0,0.25,unweighted,0.16872313671696387,0.002,1.0,180.0,180.0,1.0,1.0
85,0.0,0.25,source,0.14428782947474766,0.002,1.0,147.11272988135175,180.0,2.155556824880243,1.0
85,0.0,0.25,target,0.10672993584877066,0.022,1.0,180.0,140.88765418749674,1.0,2.0228791754389572
85,0.0,0.25,both,0.08017552696066252,0.664,0.0,147.11272988135175,140.88765418749674,2.155556824880243,2.0228791754389572
85,0.0,0.25,crump,0.16132230679686216,0.002,1.0,176.0,174.0,1.0,1.0
85,0.15,0.25,unweighted,0.17538348955951838,0.002,1.0,180.0,180.0,1.0,1.0
85,0.15,0.25,source,0.15007989441547376,0.002,1.0,147.11272988135175,180.0,2.155556824880243,1.0
85,0.15,0.25,target,0.11444188991729855,0.006,1.0,180.0,140.88765418749674,1.0,2.0228791754389572
85,0.15,0.25,both,0.08646133338483317,0.442,0.0,147.11272988135175,140.88765418749674,2.155556824880243,2.0228791754389572
85,0.15,0.25,crump,0.16816970634257847,0.002,1.0,176.0,174.0,1.0,1.0
85,0.3,0.25,unweighted,0.18257156207133057,0.002,1.0,180.0,180.0,1.0,1.0
85,0.3,0.25,source,0.15635726820488985,0.002,1.0,147.11272988135175,180.0,2.155556824880243,1.0
85,0.3,0.25,target,0.12300851769132826,0.002,1.0,180.0,140.88765418749674,1.0,2.0228791754389572
85,0.3,0.25,both,0.09347138603129189,0.256,0.0,147.11272988135175,140.88765418749674,2.155556824880243,2.0228791754389572
85,0.3,0.25,crump,0.17558117600196893,0.002,1.0,176.0,174.0,1.0,1.0
85,0.45,0.25,unweighted,0.19106706771071486,0.002,1.0,180.0,180.0,1.0,1.0
85,0.45,0.25,source,0.1641849819558149,0.002,1.0,147.11272988135175,180.0,2.155556824880243,1.0
85,0.45,0.25,target,0.13328791197751014,0.002,1.0,180.0,140.88765418749674,1.0,2.0228791754389572
85,0.45,0.25,both,0.1025734437459097,0.068,0.0,147.11272988135175,140.88765418749674,2.155556824880243,2.0228791754389572
85,0.45,0.25,crump,0.18438021521498826,0.002,1.0,176.0,174.0,1.0,1.0
85,0.6,0.25,unweighted,0.19988142337296144,0.002,1.0,180.0,180.0,1.0,1.0
85,0.6,0.25,source,0.17308106143515525,0.002,1.0,147.11272988135175,180.0,2.155556824880243,1.0
85,0.6,0.25,target,0.14428149210117208,0.002,1.0,180.0,140.88765418749674,1.0,2.0228791754389572
85,0.6,0.25,both,0.11295355260128012,0.01,1.0,147.11272988135175,140.88765418749674,2.155556824880243,2.0228791754389572
85,0.6,0.25,crump,0.19356181456692528,0.002,1.0,176.0,174.0,1.0,1.0
86,0.0,0.25,unweighted,0.1856202960676726,0.002,1.0,180.0,180.0,1.0,1.0
86,0.0,0.25,source,0.14831827949909096,0.002,1.0,131.93336830222316,180.0,2.2292247080781,1.0
86,0.0,0.25,target,0.11780100595046818,0.004,1.0,180.0,129.78331241847633,1.0,2.2892155714982163
86,0.0,0.25,both,0.07315235947096044,0.846,0.0,131.93336830222316,129.78331241847633,2.2292247080781,2.2892155714982163
86,0.0,0.25,crump,0.12446930988542498,0.002,1.0,150.0,139.0,1.0,1.0
86,0.15,0.25,unweighted,0.19389714791952448,0.002,1.0,180.0,180.0,1.0,1.0
86,0.15,0.25,source,0.15534788206692293,0.002,1.0,131.93336830222316,180.0,2.2292247080781,1.0
86,0.15,0.25,target,0.12781176270100467,0.002,1.0,180.0,129.78331241847633,1.0,2.2892155714982163
86,0.15,0.25,both,0.0808045587336104,0.622,0.0,131.93336830222316,129.78331241847633,2.2292247080781,2.2892155714982163
86,0.15,0.25,crump,0.13476850306421528,0.002,1.0,150.0,139.0,1.0,1.0
86,0.3,0.25,unweighted,0.20239120846669714,0.002,1.0,180.0,180.0,1.0,1.0
86,0.3,0.25,source,0.16268542877359496,0.002,1.0,131.93336830222316,180.0,2.2292247080781,1.0
86,0.3,0.25,target,0.13822595052714248,0.002,1.0,180.0,129.78331241847633,1.0,2.2892155714982163
86,0.3,0.25,both,0.08904450657703053,0.36,0.0,131.93336830222316,129.78331241847633,2.2292247080781,2.2892155714982163
86,0.3,0.25,crump,0.1451780293098854,0.002,1.0,150.0,139.0,1.0,1.0
86,0.45,0.25,unweighted,0.21059061499771375,0.002,1.0,180.0,180.0,1.0,1.0
86,0.45,0.25,source,0.17053110273870134,0.002,1.0,131.93336830222316,180.0,2.2292247080781,1.0
86,0.45,0.25,target,0.1485112680443598,0.002,1.0,180.0,129.78331241847633,1.0,2.2892155714982163
86,0.45,0.25,both,0.09786766289743903,0.138,0.0,131.93336830222316,129.78331241847633,2.2292247080781,2.2892155714982163
86,0.45,0.25,crump,0.1557657021049827,0.002,1.0,150.0,139.0,1.0,1.0
86,0.6,0.25,unweighted,0.22033303707514101,0.002,1.0,180.0,180.0,1.0,1.0
86,0.6,0.25,source,0.17925321749092077,0.002,1.0,131.93336830222316,180.0,2.2292247080781,1.0
86,0.6,0.25,target,0.1607604155680193,0.002,1.0,180.0,129.78331241847633,1.0,2.2892155714982163
86,0.6,0.25,both,0.10810469963930192,0.026,1.0,131.93336830222316,129.78331241847633,2.2292247080781,2.2892155714982163
86,0.6,0.25,crump,0.16761734718891552,0.002,1.0,150.0,139.0,1.0,1.0
87,0.0,0.25,unweighted,0.15338665599756135,0.002,1.0,180.0,180.0,1.0,1.0
87,0.0,0.25,source,0.12150460157939763,0.002,1.0,149.65966264667912,180.0,1.9222122868861466,1.0
87,0.0,0.25,target,0.10827159320308538,0.022,1.0,180.0,151.2132354767444,1.0,1.906556238827764
87,0.0,0.25,both,0.07388716986948138,0.858,0.0,149.65966264667912,151.2132354767444,1.9222122868861466,1.906556238827764
87,0.0,0.25,crump,0.15235686092422346,0.002,1.0,178.0,180.0,1.0,1.0
87,0.15,0.25,unweighted,0.16197711667428746,0.002,1.0,180.0,180.0,1.0,1.0
87,0.15,0.25,source,0.12886496332821476,0.002,1.0,149.65966264667912,180.0,1.9222122868861466,1.0
87,0.15,0.25,target,0.1179276056896181,0.006,1.0,180.0,151.2132354767444,1.0,1.906556238827764
87,0.15,0.25,both,0.08177407514560187,0.612,0.0,149.65966264667912,151.2132354767444,1.9222122868861466,1.906556238827764
87,0.15,0.25,crump,0.16095163010319918,0.002,1.0,178.0,180.0,1.0,1.0
87,0.3,0.25,unweighted,0.1710799077884469,0.002,1.0,180.0,180.0,1.0,1.0
87,0.3,0.25,source,0.13687498831027228,0.002,1.0,149.65966264667912,180.0,1.9222122868861466,1.0
87,0.3,0.25,target,0.12825073244460328,0.002,1.0,180.0,151.2132354767444,1.0,1.906556238827764
87,0.3,0.25,both,0.09043900740399147,0.324,0.0,149.65966264667912,151.2132354767444,1.9222122868861466,1.906556238827764
87,0.3,0.25,crump,0.170048005262958,0.002,1.0,178.0,180.0,1.0,1.0
87,0.45,0.25,unweighted,0.18065972984301176,0.002,1.0,180.0,180.0,1.0,1.0
87,0.45,0.25,source,0.1454594648459939,0.002,1.0,149.65966264667912,180.0,1.9222122868861466,1.0
87,0.45,0.25,target,0.1393756112400795,0.002,1.0,180.0,151.2132354767444,1.0,1.906556238827764
87,0.45,0.25,both,0.10009000360073161,0.108,0.0,149.65966264667912,151.2132354767444,1.9222122868861466,1.906556238827764
87,0.45,0.25,crump,0.17964179788205029,0.002,1.0,178.0,180.0,1.0,1.0
87,0.6,0.25,unweighted,0.19097944768327998,0.002,1.0,180.0,180.0,1.0,1.0
87,0.6,0.25,source,0.15548332720549268,0.002,1.0,149.65966264667912,180.0,1.9222122868861466,1.0
87,0.6,0.25,target,0.15146427686234562,0.002,1.0,180.0,151.2132354767444,1.0,1.906556238827764
87,0.6,0.25,both,0.11123244910565147,0.016,1.0,149.65966264667912,151.2132354767444,1.9222122868861466,1.906556238827764
87,0.6,0.25,crump,0.18998768917498499,0.002,1.0,178.0,180.0,1.0,1.0
88,0.0,0.25,unweighted,0.15802428840877916,0.002,1.0,180.0,180.0,1.0,1.0
88,0.0,0.25,source,0.1322212108953961,0.002,1.0,147.10518186528174,180.0,1.9770061738323563,1.0
88,0.0,0.25,target,0.1042610194034164,0.038,1.0,180.0,145.53904190101585,1.0,2.017287000399461
88,0.0,0.25,both,0.07672605357213172,0.814,0.0,147.10518186528174,145.53904190101585,1.9770061738323563,2.017287000399461
88,0.0,0.25,crump,0.15247067927938693,0.002,1.0,174.0,177.0,1.0,1.0
88,0.15,0.25,unweighted,0.16645133173296756,0.002,1.0,180.0,180.0,1.0,1.0
88,0.15,0.25,source,0.13971688567611304,0.002,1.0,147.10518186528174,180.0,1.9770061738323563,1.0
88,0.15,0.25,target,0.11372774287251539,0.004,1.0,180.0,145.53904190101585,1.0,2.017287000399461
88,0.15,0.25,both,0.08478217632588983,0.51,0.0,147.10518186528174,145.53904190101585,1.9770061738323563,2.017287000399461
88,0.15,0.25,crump,0.16100709543803393,0.002,1.0,174.0,177.0,1.0,1.0
88,0.3,0.25,unweighted,0.1749806222374638,0.002,1.0,180.0,180.0,1.0,1.0
88,0.3,0.25,source,0.14754506606187057,0.002,1.0,147.10518186528174,180.0,1.9770061738323563,1.0
88,0.3,0.25,target,0.12356133070235242,0.002,1.0,180.0,145.53904190101585,1.0,2.017287000399461
88,0.3,0.25,both,0.09333805611739443,0.256,0.0,147.10518186528174,145.53904190101585,1.9770061738323563,2.017287000399461
88,0.3,0.25,crump,0.16964404886992823,0.002,1.0,174.0,177.0,1.0,1.0
88,0.45,0.25,unweighted,0.18351133497180308,0.002,1.0,180.0,180.0,1.0,1.0
88,0.45,0.25,source,0.15553464335874048,0.002,1.0,147.10518186528174,180.0,1.9770061738323563,1.0
88,0.45,0.25,target,0.133442479734952,0.002,1.0,180.0,145.53904190101585,1.0,2.017287000399461
88,0.45,0.25,both,0.1022363860652831,0.096,0.0,147.10518186528174,145.53904190101585,1.9770061738323563,2.017287000399461
88,0.45,0.25,crump,0.17832430051861084,0.002,1.0,174.0,177.0,1.0,1.0
88,0.6,0.25,unweighted,0.19269125800182899,0.002,1.0,180.0,180.0,1.0,1.0
88,0.6,0.25,source,0.16417679567580376,0.002,1.0,147.10518186528174,180.0,1.9770061738323563,1.0
88,0.6,0.25,target,0.14407874913291738,0.002,1.0,180.0,145.53904190101585,1.0,2.017287000399461
88,0.6,0.25,both,0.11177155412811637,0.012,1.0,147.10518186528174,145.53904190101585,1.9770061738323563,2.017287000399461
88,0.6,0.25,crump,0.18761965753327287,0.002,1.0,174.0,177.0,1.0,1.0
89,0.0,0.25,unweighted,0.17220771128638923,0.002,1.0,180.0,180.0,1.0,1.0
89,0.0,0.25,source,0.13539545027782962,0.002,1.0,134.7168558843833,180.0,2.1538592743448364,1.0
89,0.0,0.25,target,0.11644724362035097,0.002,1.0,180.0,141.0459829904608,1.0,2.134168102361324
89,0.0,0.25,both,0.07553046445135791,0.834,0.0,134.7168558843833,141.0459829904608,2.1538592743448364,2.134168102361324
89,0.0,0.25,crump,0.14166739985119634,0.002,1.0,157.0,162.0,1.0,1.0
89,0.15,0.25,unweighted,0.181258460028959,0.002,1.0,180.0,180.0,1.0,1.0
89,0.15,0.25,source,0.14384753251992743,0.002,1.0,134.7168558843833,180.0,2.1538592743448364,1.0
89,0.15,0.25,target,0.1265626373078914,0.002,1.0,180.0,141.0459829904608,1.0,2.134168102361324
89,0.15,0.25,both,0.08419708512990234,0.58,0.0,134.7168558843833,141.0459829904608,2.1538592743448364,2.134168102361324
89,0.15,0.25,crump,0.15144518319265876,0.002,1.0,157.0,162.0,1.0,1.0
89,0.3,0.25,unweighted,0.1900989750038104,0.002,1.0,180.0,180.0,1.0,1.0
89,0.3,0.25,source,0.152084081337024,0.002,1.0,134.7168558843833,180.0,2.1538592743448364,1.0
89,0.3,0.25,target,0.13665486625690587,0.002,1.0,180.0,141.0459829904608,1.0,2.134168102361324
89,0.3,0.25,both,0.09285617173202608,0.262,0.0,134.7168558843833,141.0459829904608,2.1538592743448364,2.134168102361324
89,0.3,0.25,crump,0.1610272486144248,0.002,1.0,157.0,162.0,1.0,1.0
89,0.45,0.25,unweighted,0.20016107681755832,0.002,1.0,180.0,180.0,1.0,1.0
89,0.45,0.25,source,0.16177552071287732,0.002,1.0,134.7168558843833,180.0,2.1538592743448364,1.0
89,0.45,0.25,target,0.14831394338240553,0.002,1.0,180.0,141.0459829904608,1.0,2.134168102361324
89,0.45,0.25,both,0.10318223843304783,0.062,0.0,134.7168558843833,141.0459829904608,2.1538592743448364,2.134168102361324
89,0.45,0.25,crump,0.1719155038494014,0.002,1.0,157.0,162.0,1.0,1.0
89,0.6,0.25,unweighted,0.20975129362901995,0.002,1.0,180.0,180.0,1.0,1.0
89,0.6,0.25,source,0.17149135173203012,0.002,1.0,134.7168558843833,180.0,2.1538592743448364,1.0
89,0.6,0.25,target,0.15965312040445095,0.002,1.0,180.0,141.0459829904608,1.0,2.134168102361324
89,0.6,0.25,both,0.11384044085169157,0.008,1.0,134.7168558843833,141.0459829904608,2.1538592743448364,2.134168102361324
89,0.6,0.25,crump,0.18251786098287284,0.002,1.0,157.0,162.0,1.0,1.0
90,0.0,0.25,unweighted,0.16930809137326627,0.002,1.0,180.0,180.0,1.0,1.0
90,0.0,0.25,source,0.13116348176765746,0.002,1.0,140.8457686530967,180.0,2.144941816739893,1.0
90,0.0,0.25,target,0.11956342934905409,0.004,1.0,180.0,145.76178059560831,1.0,2.1429794492224845
90,0.0,0.25,both,0.07834606785160025,0.718,0.0,140.8457686530967,145.76178059560831,2.144941816739893,2.1429794492224845
90,0.0,0.25,crump,0.1549243455024214,0.002,1.0,167.0,172.0,1.0,1.0
90,0.15,0.25,unweighted,0.1768796696387746,0.002,1.0,180.0,180.0,1.0,1.0
90,0.15,0.25,source,0.13744241131255097,0.002,1.0,140.8457686530967,180.0,2.144941816739893,1.0
90,0.15,0.25,target,0.12844447029613562,0.004,1.0,180.0,145.76178059560831,1.0,2.1429794492224845
90,0.15,0.25,both,0.08521146644512487,0.508,0.0,140.8457686530967,145.76178059560831,2.144941816739893,2.1429794492224845
90,0.15,0.25,crump,0.16281751759562843,0.002,1.0,167.0,172.0,1.0,1.0
90,0.3,0.25,unweighted,0.18602649176954733,0.002,1.0,180.0,180.0,1.0,1.0
90,0.3,0.25,source,0.14546952570508348,0.002,1.0,140.8457686530967,180.0,2.144941816739893,1.0
90,0.3,0.25,target,0.13925389596445784,0.002,1.0,180.0,145.76178059560831,1.0,2.1429794492224845
90,0.3,0.25,both,0.09408211976799014,0.234,0.0,140.8457686530967,145.76178059560831,2.144941816739893,2.1429794492224845
90,0.3,0.25,crump,0.1723638853609038,0.002,1.0,167.0,172.0,1.0,1.0
90,0.45,0.25,unweighted,0.19440588039170859,0.002,1.0,180.0,180.0,1.0,1.0
90,0.45,0.25,source,0.15368883256567642,0.002,1.0,140.8457686530967,180.0,2.144941816739893,1.0
90,0.45,0.25,target,0.14913042855239486,0.002,1.0,180.0,145.76178059560831,1.0,2.1429794492224845
90,0.45,0.25,both,0.10310191648363795,0.096,0.0,140.8457686530967,145.76178059560831,2.144941816739893,2.1429794492224845
90,0.45,0.25,crump,0.1812694998053861,0.002,1.0,167.0,172.0,1.0,1.0
90,0.6,0.25,unweighted,0.20260348746380125,0.002,1.0,180.0,180.0,1.0,1.0
90,0.6,0.25,source,0.1620046497473688,0.002,1.0,140.8457686530967,180.0,2.144941816739893,1.0
90,0.6,0.25,target,0.15896865559814094,0.002,1.0,180.0,145.76178059560831,1.0,2.1429794492224845
90,0.6,0.25,both,0.11226588285456301,0.024,1.0,140.8457686530967,145.76178059560831,2.144941816739893,2.1429794492224845
90,0.6,0.25,crump,0.1902400575312713,0.002,1.0,167.0,172.0,1.0,1.0
91,0.0,0.25,unweighted,0.15631225708733426,0.002,1.0,180.0,180.0,1.0,1.0
91,0.0,0.25,source,0.12717468553427225,0.002,1.0,147.6078145227961,180.0,1.9284549513180858,1.0
91,0.0,0.25,target,0.10710787706161128,0.024,1.0,180.0,147.5865954891036,1.0,2.0389042732757057
91,0.0,0.25,both,0.0757250646100821,0.816,0.0,147.6078145227961,147.5865954891036,1.9284549513180858,2.0389042732757057
91,0.0,0.25,crump,0.15085328873981854,0.002,1.0,171.0,179.0,1.0,1.0
91,0.15,0.25,unweighted,0.1642654444825484,0.002,1.0,180.0,180.0,1.0,1.0
91,0.15,0.25,source,0.13459489373307,0.002,1.0,147.6078145227961,180.0,1.9284549513180858,1.0
91,0.15,0.25,target,0.11568634792652036,0.002,1.0,180.0,147.5865954891036,1.0,2.0389042732757057
91,0.15,0.25,both,0.0832363325171736,0.564,0.0,147.6078145227961,147.5865954891036,1.9284549513180858,2.0389042732757057
91,0.15,0.25,crump,0.15888317669418933,0.002,1.0,171.0,179.0,1.0,1.0
91,0.3,0.25,unweighted,0.17289422725194328,0.002,1.0,180.0,180.0,1.0,1.0
91,0.3,0.25,source,0.14284398046530947,0.002,1.0,147.6078145227961,180.0,1.9284549513180858,1.0
91,0.3,0.25,target,0.1251066187629752,0.002,1.0,180.0,147.5865954891036,1.0,2.0389042732757057
91,0.3,0.25,both,0.09171745925795875,0.254,0.0,147.6078145227961,147.5865954891036,1.9284549513180858,2.0389042732757057
91,0.3,0.25,crump,0.16761132121565253,0.002,1.0,171.0,179.0,1.0,1.0
91,0.45,0.25,unweighted,0.1824538465935071,0.002,1.0,180.0,180.0,1.0,1.0
91,0.45,0.25,source,0.1517211554658793,0.002,1.0,147.6078145227961,180.0,1.9284549513180858,1.0
91,0.45,0.25,target,0.13571752895090408,0.002,1.0,180.0,147.5865954891036,1.0,2.0389042732757057
91,0.45,0.25,both,0.10109332351350567,0.078,0.0,147.6078145227961,147.5865954891036,1.9284549513180858,2.0389042732757057
91,0.45,0.25,crump,0.177285249288737,0.002,1.0,171.0,179.0,1.0,1.0
91,0.6,0.25,unweighted,0.19164854442920287,0.002,1.0,180.0,180.0,1.0,1.0
91,0.6,0.25,source,0.16098395213351593,0.002,1.0,147.6078145227961,180.0,1.9284549513180858,1.0
91,0.6,0.25,target,0.1460989354631557,0.002,1.0,180.0,147.5865954891036,1.0,2.0389042732757057
91,0.6,0.25,both,0.11087405022322983,0.016,1.0,147.6078145227961,147.5865954891036,1.9284549513180858,2.0389042732757057
91,0.6,0.25,crump,0.18660259687879166,0.002,1.0,171.0,179.0,1.0,1.0
92,0.0,0.25,unweighted,0.1570793991007468,0.002,1.0,180.0,180.0,1.0,1.0
92,0.0,0.25,source,0.1284607398667804,0.004,1.0,148.26029976252943,180.0,1.9892004031179156,1.0
92,0.0,0.25,target,0.10809139181179862,0.02,1.0,180.0,145.66077041160582,1.0,2.0524646842824823
92,0.0,0.25,both,0.07796663975798415,0.774,0.0,148.26029976252943,145.66077041160582,1.9892004031179156,2.0524646842824823
92,0.0,0.25,crump,0.15261416457972374,0.002,1.0,177.0,177.0,1.0,1.0
92,0.15,0.25,unweighted,0.1658737273281512,0.002,1.0,180.0,180.0,1.0,1.0
92,0.15,0.25,source,0.1358023456405521,0.002,1.0,148.26029976252943,180.0,1.9892004031179156,1.0
92,0.15,0.25,target,0.11796045060564736,0.004,1.0,180.0,145.66077041160582,1.0,2.0524646842824823
92,0.15,0.25,both,0.08592074476778822,0.512,0.0,148.26029976252943,145.66077041160582,1.9892004031179156,2.0524646842824823
92,0.15,0.25,crump,0.16151727149333528,0.002,1.0,177.0,177.0,1.0,1.0
92,0.3,0.25,unweighted,0.17538785722450845,0.002,1.0,180.0,180.0,1.0,1.0
92,0.3,0.25,source,0.14445843260217806,0.002,1.0,148.26029976252943,180.0,1.9892004031179156,1.0
92,0.3,0.25,target,0.12858886149516413,0.002,1.0,180.0,145.66077041160582,1.0,2.0524646842824823
92,0.3,0.25,both,0.09513962736899664,0.204,0.0,148.26029976252943,145.66077041160582,1.9892004031179156,2.0524646842824823
92,0.3,0.25,crump,0.17116959728022757,0.002,1.0,177.0,177.0,1.0,1.0
92,0.45,0.25,unweighted,0.18490848193872886,0.002,1.0,180.0,180.0,1.0,1.0
92,0.45,0.25,source,0.15294554533773871,0.002,1.0,148.26029976252943,180.0,1.9892004031179156,1.0
92,0.45,0.25,target,0.13963927997432318,0.002,1.0,180.0,145.66077041160582,1.0,2.0524646842824823
92,0.45,0.25,both,0.1046408587327331,0.044,1.0,148.26029976252943,145.66077041160582,1.9892004031179156,2.0524646842824823
92,0.45,0.25,crump,0.18082764080967265,0.002,1.0,177.0,177.0,1.0,1.0
92,0.6,0.25,unweighted,0.19465832285474777,0.002,1.0,180.0,180.0,1.0,1.0
92,0.6,0.25,source,0.16203788996727683,0.002,1.0,148.26029976252943,180.0,1.9892004031179156,1.0
92,0.6,0.25,target,0.15107717499131548,0.002,1.0,180.0,145.66077041160582,1.0,2.0524646842824823
92,0.6,0.25,both,0.11498187795923148,0.006,1.0,148.26029976252943,145.66077041160582,1.9892004031179156,2.0524646842824823
92,0.6,0.25,crump,0.1907425619721556,0.002,1.0,177.0,177.0,1.0,1.0
93,0.0,0.25,unweighted,0.15930544410150893,0.002,1.0,180.0,180.0,1.0,1.0
93,0.0,0.25,source,0.13103314746951727,0.002,1.0,147.64080032932114,180.0,2.212520196819172,1.0
93,0.0,0.25,target,0.11025986313306485,0.016,1.0,180.0,149.62354827071127,1.0,1.9542373926031946
93,0.0,0.25,both,0.08042138299179805,0.66,0.0,147.64080032932114,149.62354827071127,2.212520196819172,1.9542373926031946
93,0.0,0.25,crump,0.15866419113208108,0.002,1.0,178.0,177.0,1.0,1.0
93,0.15,0.25,unweighted,0.1667391051287913,0.002,1.0,180.0,180.0,1.0,1.0
93,0.15,0.25,source,0.13732328041159045,0.002,1.0,147.64080032932114,180.0,2.212520196819172,1.0
93,0.15,0.25,target,0.11867135601254983,0.004,1.0,180.0,149.62354827071127,1.0,1.9542373926031946
93,0.15,0.25,both,0.08710624178472116,0.44,0.0,147.64080032932114,149.62354827071127,2.212520196819172,1.9542373926031946
93,0.15,0.25,crump,0.16634448437060337,0.002,1.0,178.0,177.0,1.0,1.0
93,0.3,0.25,unweighted,0.17460922306050905,0.002,1.0,180.0,180.0,1.0,1.0
93,0.3,0.25,source,0.14417033552480976,0.002,1.0,147.64080032932114,180.0,2.212520196819172,1.0
93,0.3,0.25,target,0.12776223876641626,0.002,1.0,180.0,149.62354827071127,1.0,1.9542373926031946
93,0.3,0.25,both,0.0946144329896188,0.192,0.0,147.64080032932114,149.62354827071127,2.212520196819172,1.9542373926031946
93,0.3,0.25,crump,0.1744689430708068,0.002,1.0,178.0,177.0,1.0,1.0
93,0.45,0.25,unweighted,0.18252887517146776,0.002,1.0,180.0,180.0,1.0,1.0
93,0.45,0.25,source,0.15120298851293262,0.002,1.0,147.64080032932114,180.0,2.212520196819172,1.0
93,0.45,0.25,target,0.1368504145553111,0.002,1.0,180.0,149.62354827071127,1.0,1.9542373926031946
93,0.45,0.25,both,0.10229580262902688,0.072,0.0,147.64080032932114,149.62354827071127,2.212520196819172,1.9542373926031946
93,0.45,0.25,crump,0.1826462920639865,0.002,1.0,178.0,177.0,1.0,1.0
93,0.6,0.25,unweighted,0.19207064757658893,0.002,1.0,180.0,180.0,1.0,1.0
93,0.6,0.25,source,0.15971819915179075,0.002,1.0,147.64080032932114,180.0,2.212520196819172,1.0
93,0.6,0.25,target,0.147722499481559,0.002,1.0,180.0,149.62354827071127,1.0,1.9542373926031946
93,0.6,0.25,both,0.11160398817891705,0.014,1.0,147.64080032932114,149.62354827071127,2.212520196819172,1.9542373926031946
93,0.6,0.25,crump,0.19247840088140106,0.002,1.0,178.0,177.0,1.0,1.0
94,0.0,0.25,unweighted,0.16396397938576437,0.002,1.0,180.0,180.0,1.0,1.0
94,0.0,0.25,source,0.13680148450046611,0.002,1.0,148.72954898089156,180.0,2.060461819448466,1.0
94,0.0,0.25,target,0.11034661064198541,0.018,1.0,180.0,144.14597719313585,1.0,1.9643298451854694
94,0.0,0.25,both,0.08075295717686437,0.678,0.0,148.72954898089156,144.14597719313585,2.060461819448466,1.9643298451854694
94,0.0,0.25,crump,0.15795443731778425,0.002,1.0,175.0,176.0,1.0,1.0
94,0.15,0.25,unweighted,0.17185465630239294,0.002,1.0,180.0,180.0,1.0,1.0
94,0.15,0.25,source,0.14376266670831592,0.002,1.0,148.72954898089156,180.0,2.060461819448466,1.0
94,0.15,0.25,target,0.11940783274844537,0.002,1.0,180.0,144.14597719313585,1.0,1.9643298451854694
94,0.15,0.25,both,0.08840630832049207,0.41,0.0,148.72954898089156,144.14597719313585,2.060461819448466,1.9643298451854694
94,0.15,0.25,crump,0.1659914147892923,0.002,1.0,175.0,176.0,1.0,1.0
94,0.3,0.25,unweighted,0.18020277968297516,0.002,1.0,180.0,180.0,1.0,1.0
94,0.3,0.25,source,0.15138477131334277,0.002,1.0,148.72954898089156,180.0,2.060461819448466,1.0
94,0.3,0.25,target,0.12937687090121647,0.002,1.0,180.0,144.14597719313585,1.0,1.9643298451854694
94,0.3,0.25,both,0.09724896686828312,0.148,0.0,148.72954898089156,144.14597719313585,2.060461819448466,1.9643298451854694
94,0.3,0.25,crump,0.17453425815001328,0.002,1.0,175.0,176.0,1.0,1.0
94,0.45,0.25,unweighted,0.1883437233272367,0.002,1.0,180.0,180.0,1.0,1.0
94,0.45,0.25,source,0.15895527349891886,0.002,1.0,148.72954898089156,180.0,2.060461819448466,1.0
94,0.45,0.25,target,0.13948220389330873,0.002,1.0,180.0,144.14597719313585,1.0,1.9643298451854694
94,0.45,0.25,both,0.10648029036694448,0.046,1.0,148.72954898089156,144.14597719313585,2.060461819448466,1.9643298451854694
94,0.45,0.25,crump,0.18286573760932945,0.002,1.0,175.0,176.0,1.0,1.0
94,0.6,0.25,unweighted,0.19703985577655847,0.002,1.0,180.0,180.0,1.0,1.0
94,0.6,0.25,source,0.16676475689720816,0.002,1.0,148.72954898089156,180.0,2.060461819448466,1.0
94,0.6,0.25,target,0.1501585052917779,0.002,1.0,180.0,144.14597719313585,1.0,1.9643298451854694
94,0.6,0.25,both,0.11594743906738927,0.01,1.0,148.72954898089156,144.14597719313585,2.060461819448466,1.9643298451854694
94,0.6,0.25,crump,0.19163301139676647,0.002,1.0,175.0,176.0,1.0,1.0
95,0.0,0.25,unweighted,0.17320533550525835,0.002,1.0,180.0,180.0,1.0,1.0
95,0.0,0.25,source,0.14665467719452585,0.002,1.0,148.5864182089634,180.0,1.9780259155039364,1.0
95,0.0,0.25,target,0.11666337260590118,0.006,1.0,180.0,145.47099558432691,1.0,2.2702280415997613
95,0.0,0.25,both,0.0874226185279659,0.424,0.0,148.5864182089634,145.47099558432691,1.9780259155039364,2.2702280415997613
95,0.0,0.25,crump,0.17013387201660327,0.002,1.0,175.0,177.0,1.0,1.0
95,0.15,0.25,unweighted,0.18134046543971957,0.002,1.0,180.0,180.0,1.0,1.0
95,0.15,0.25,source,0.1543045050613966,0.002,1.0,148.5864182089634,180.0,1.9780259155039364,1.0
95,0.15,0.25,target,0.12597584634037526,0.002,1.0,180.0,145.47099558432691,1.0,2.2702280415997613
95,0.15,0.25,both,0.09558667551075001,0.194,0.0,148.5864182089634,145.47099558432691,1.9780259155039364,2.2702280415997613
95,0.15,0.25,crump,0.17843239742386058,0.002,1.0,175.0,177.0,1.0,1.0
95,0.3,0.25,unweighted,0.18958873456790123,0.002,1.0,180.0,180.0,1.0,1.0
95,0.3,0.25,source,0.1619170323600495,0.002,1.0,148.5864182089634,180.0,1.9780259155039364,1.0
95,0.3,0.25,target,0.1356416394540861,0.002,1.0,180.0,145.47099558432691,1.0,2.2702280415997613
95,0.3,0.25,both,0.10381962786047094,0.044,1.0,148.5864182089634,145.47099558432691,1.9780259155039364,2.2702280415997613
95,0.3,0.25,crump,0.186823971669055,0.002,1.0,175.0,177.0,1.0,1.0
95,0.45,0.25,unweighted,0.19862411408321906,0.002,1.0,180.0,180.0,1.0,1.0
95,0.45,0.25,source,0.17047970443745536,0.002,1.0,148.5864182089634,180.0,1.9780259155039364,1.0
95,0.45,0.25,target,0.1463088186000349,0.002,1.0,180.0,145.47099558432691,1.0,2.2702280415997613
95,0.45,0.25,both,0.11321488728940202,0.006,1.0,148.5864182089634,145.47099558432691,1.9780259155039364,2.2702280415997613
95,0.45,0.25,crump,0.1960405156231984,0.002,1.0,175.0,177.0,1.0,1.0
95,0.6,0.25,unweighted,0.2070194815957933,0.002,1.0,180.0,180.0,1.0,1.0
95,0.6,0.25,source,0.17878898643736213,0.002,1.0,148.5864182089634,180.0,1.9780259155039364,1.0
95,0.6,0.25,target,0.15644784141182067,0.002,1.0,180.0,145.47099558432691,1.0,2.2702280415997613
95,0.6,0.25,both,0.12263718146576982,0.004,1.0,148.5864182089634,145.47099558432691,1.9780259155039364,2.2702280415997613
95,0.6,0.25,crump,0.20477342531007559,0.002,1.0,175.0,177.0,1.0,1.0
96,0.0,0.25,unweighted,0.1697268480414571,0.002,1.0,180.0,180.0,1.0,1.0
96,0.0,0.25,source,0.14270281304253377,0.002,1.0,147.0746115744544,180.0,1.947240605240703,1.0
96,0.0,0.25,target,0.11474577323086678,0.01,1.0,180.0,144.9832083894099,1.0,1.974506329801226
96,0.0,0.25,both,0.08473850315822726,0.474,0.0,147.0746115744544,144.9832083894099,1.947240605240703,1.974506329801226
96,0.0,0.25,crump,0.16136302043571105,0.002,1.0,174.0,174.0,1.0,1.0
96,0.15,0.25,unweighted,0.17724860730071634,0.002,1.0,180.0,180.0,1.0,1.0
96,0.15,0.25,source,0.1495042841033471,0.002,1.0,147.0746115744544,180.0,1.947240605240703,1.0
96,0.15,0.25,target,0.12333559638854846,0.002,1.0,180.0,144.9832083894099,1.0,1.974506329801226
96,0.15,0.25,both,0.09193497113376262,0.274,0.0,147.0746115744544,144.9832083894099,1.947240605240703,1.974506329801226
96,0.15,0.25,crump,0.16913985184019184,0.002,1.0,174.0,174.0,1.0,1.0
96,0.3,0.25,unweighted,0.18529766899100747,0.002,1.0,180.0,180.0,1.0,1.0
96,0.3,0.25,source,0.1568365248504256,0.002,1.0,147.0746115744544,180.0,1.947240605240703,1.0
96,0.3,0.25,target,0.13286480216999955,0.002,1.0,180.0,144.9832083894099,1.0,1.974506329801226
96,0.3,0.25,both,0.10009726395166488,0.108,0.0,147.0746115744544,144.9832083894099,1.947240605240703,1.974506329801226
96,0.3,0.25,crump,0.1774866629309206,0.002,1.0,174.0,174.0,1.0,1.0
96,0.45,0.25,unweighted,0.1940893489940558,0.002,1.0,180.0,180.0,1.0,1.0
96,0.45,0.25,source,0.16538573744489918,0.002,1.0,147.0746115744544,180.0,1.947240605240703,1.0
96,0.45,0.25,target,0.1432195373220222,0.002,1.0,180.0,144.9832083894099,1.0,1.974506329801226
96,0.45,0.25,both,0.10955985998664852,0.026,1.0,147.0746115744544,144.9832083894099,1.947240605240703,1.974506329801226
96,0.45,0.25,crump,0.18658496738186778,0.002,1.0,174.0,174.0,1.0,1.0
96,0.6,0.25,unweighted,0.20242363397347968,0.002,1.0,180.0,180.0,1.0,1.0
96,0.6,0.25,source,0.1738297972993415,0.002,1.0,147.0746115744544,180.0,1.947240605240703,1.0
96,0.6,0.25,target,0.15315745533757638,0.002,1.0,180.0,144.9832083894099,1.0,1.974506329801226
96,0.6,0.25,both,0.11901567489707449,0.008,1.0,147.0746115744544,144.9832083894099,1.947240605240703,1.974506329801226
96,0.6,0.25,crump,0.1952365602467778,0.002,1.0,174.0,174.0,1.0,1.0
97,0.0,0.25,unweighted,0.17599464830056394,0.002,1.0,180.0,180.0,1.0,1.0
97,0.0,0.25,source,0.14851506798066455,0.002,1.0,143.21899576284292,180.0,1.974202439344953,1.0
97,0.0,0.25,target,0.12106417738310217,0.002,1.0,180.0,144.4938864925297,1.0,2.0229121802952093
97,0.0,0.25,both,0.0897492239268373,0.33,0.0,143.21899576284292,144.4938864925297,1.974202439344953,2.0229121802952093
97,0.0,0.25,crump,0.15678591684928897,0.002,1.0,168.0,166.0,1.0,1.0
97,0.15,0.25,unweighted,0.18520663103947574,0.002,1.0,180.0,180.0,1.0,1.0
97,0.15,0.25,source,0.15687365166264844,0.002,1.0,143.21899576284292,180.0,1.974202439344953,1.0
97,0.15,0.25,target,0.13142340809364492,0.002,1.0,180.0,144.4938864925297,1.0,2.0229121802952093
97,0.15,0.25,both,0.09849911572316028,0.124,0.0,143.21899576284292,144.4938864925297,1.974202439344953,2.0229121802952093
97,0.15,0.25,crump,0.16664609777382938,0.002,1.0,168.0,166.0,1.0,1.0
97,0.3,0.25,unweighted,0.19531501962353298,0.002,1.0,180.0,180.0,1.0,1.0
97,0.3,0.25,source,0.16625327328741027,0.002,1.0,143.21899576284292,180.0,1.974202439344953,1.0
97,0.3,0.25,target,0.14333700902092267,0.002,1.0,180.0,144.4938864925297,1.0,2.0229121802952093
97,0.3,0.25,both,0.10886137724118167,0.03,1.0,143.21899576284292,144.4938864925297,1.974202439344953,2.0229121802952093
97,0.3,0.25,crump,0.17751921599582654,0.002,1.0,168.0,166.0,1.0,1.0
97,0.45,0.25,unweighted,0.20576503391251333,0.002,1.0,180.0,180.0,1.0,1.0
97,0.45,0.25,source,0.1767522424340187,0.002,1.0,143.21899576284292,180.0,1.974202439344953,1.0
97,0.45,0.25,target,0.15583600572504377,0.002,1.0,180.0,144.4938864925297,1.0,2.0229121802952093
97,0.45,0.25,both,0.12068326874569485,0.002,1.0,143.21899576284292,144.4938864925297,1.974202439344953,2.0229121802952093
97,0.45,0.25,crump,0.18885943103276406,0.002,1.0,168.0,166.0,1.0,1.0
97,0.6,0.25,unweighted,0.216012625743027,0.002,1.0,180.0,180.0,1.0,1.0
97,0.6,0.25,source,0.18690995461370796,0.002,1.0,143.21899576284292,180.0,1.974202439344953,1.0
97,0.6,0.25,target,0.16825882288067068,0.002,1.0,180.0,144.4938864925297,1.0,2.0229121802952093
97,0.6,0.25,both,0.13236080628407393,0.002,1.0,143.21899576284292,144.4938864925297,1.974202439344953,2.0229121802952093
97,0.6,0.25,crump,0.19996273790700542,0.002,1.0,168.0,166.0,1.0,1.0
98,0.0,0.25,unweighted,0.15833944234872732,0.002,1.0,180.0,180.0,1.0,1.0
98,0.0,0.25,source,0.12673491748650745,0.002,1.0,147.4413104949744,180.0,1.940039440491725,1.0
98,0.0,0.25,target,0.11401902037733619,0.004,1.0,180.0,151.69454561913977,1.0,1.840798937184972
98,0.0,0.25,both,0.08054091857290645,0.648,0.0,147.4413104949744,151.69454561913977,1.940039440491725,1.840798937184972
98,0.0,0.25,crump,0.15780504285216035,0.002,1.0,179.0,180.0,1.0,1.0
98,0.15,0.25,unweighted,0.16618355909922267,0.002,1.0,180.0,180.0,1.0,1.0
98,0.15,0.25,source,0.13339540477472675,0.002,1.0,147.4413104949744,180.0,1.940039440491725,1.0
98,0.15,0.25,target,0.12251956694812924,0.002,1.0,180.0,151.69454561913977,1.0,1.840798937184972
98,0.15,0.25,both,0.08738089936715196,0.388,0.0,147.4413104949744,151.69454561913977,1.940039440491725,1.840798937184972
98,0.15,0.25,crump,0.16562632227241586,0.002,1.0,179.0,180.0,1.0,1.0
98,0.3,0.25,unweighted,0.17502709952751105,0.002,1.0,180.0,180.0,1.0,1.0
98,0.3,0.25,source,0.1417109418596314,0.002,1.0,147.4413104949744,180.0,1.940039440491725,1.0
98,0.3,0.25,target,0.13210574801451958,0.002,1.0,180.0,151.69454561913977,1.0,1.840798937184972
98,0.3,0.25,both,0.09586180752585702,0.154,0.0,147.4413104949744,151.69454561913977,1.940039440491725,1.840798937184972
98,0.3,0.25,crump,0.17446811678340973,0.002,1.0,179.0,180.0,1.0,1.0
98,0.45,0.25,unweighted,0.1838594497789971,0.002,1.0,180.0,180.0,1.0,1.0
98,0.45,0.25,source,0.15017747273897403,0.002,1.0,147.4413104949744,180.0,1.940039440491725,1.0
98,0.45,0.25,target,0.14191041896196616,0.002,1.0,180.0,151.69454561913977,1.0,1.840798937184972
98,0.45,0.25,both,0.1047430058813166,0.032,1.0,147.4413104949744,151.69454561913977,1.940039440491725,1.840798937184972
98,0.45,0.25,crump,0.18330108395607575,0.002,1.0,179.0,180.0,1.0,1.0
98,0.6,0.25,unweighted,0.19349523129096177,0.002,1.0,180.0,180.0,1.0,1.0
98,0.6,0.25,source,0.159325566093761,0.002,1.0,147.4413104949744,180.0,1.940039440491725,1.0
98,0.6,0.25,target,0.15244427214334255,0.002,1.0,180.0,151.69454561913977,1.0,1.840798937184972
98,0.6,0.25,both,0.11421344499634216,0.01,1.0,147.4413104949744,151.69454561913977,1.940039440491725,1.840798937184972
98,0.6,0.25,crump,0.19292176781335657,0.002,1.0,179.0,180.0,1.0,1.0
99,0.0,0.25,unweighted,0.1663559080170706,0.002,1.0,180.0,180.0,1.0,1.0
99,0.0,0.25,source,0.14182997740847977,0.002,1.0,149.20006273134817,180.0,1.9102456138088864,1.0
99,0.0,0.25,target,0.11564768428242787,0.004,1.0,180.0,148.06717390627819,1.0,1.941369318405174
99,0.0,0.25,both,0.08781202406200991,0.382,0.0,149.20006273134817,148.06717390627819,1.9102456138088864,1.941369318405174
99,0.0,0.25,crump,0.16150200176366844,0.002,1.0,180.0,175.0,1.0,1.0
99,0.15,0.25,unweighted,0.17630113549763754,0.002,1.0,180.0,180.0,1.0,1.0
99,0.15,0.25,source,0.15161196042700956,0.002,1.0,149.20006273134817,180.0,1.9102456138088864,1.0
99,0.15,0.25,target,0.12663939066164082,0.002,1.0,180.0,148.06717390627819,1.0,1.941369318405174
99,0.15,0.25,both,0.09815330290358533,0.118,0.0,149.20006273134817,148.06717390627819,1.9102456138088864,1.941369318405174
99,0.15,0.25,crump,0.1717299872623947,0.002,1.0,180.0,175.0,1.0,1.0
99,0.3,0.25,unweighted,0.18666903101661333,0.002,1.0,180.0,180.0,1.0,1.0
99,0.3,0.25,source,0.1619903005803591,0.002,1.0,149.20006273134817,180.0,1.9102456138088864,1.0
99,0.3,0.25,target,0.13835323211558342,0.002,1.0,180.0,148.06717390627819,1.0,1.941369318405174
99,0.3,0.25,both,0.10930151237304106,0.024,1.0,149.20006273134817,148.06717390627819,1.9102456138088864,1.941369318405174
99,0.3,0.25,crump,0.18238802861062123,0.002,1.0,180.0,175.0,1.0,1.0
99,0.45,0.25,unweighted,0.19713864311842708,0.002,1.0,180.0,180.0,1.0,1.0
99,0.45,0.25,source,0.17280737279706812,0.002,1.0,149.20006273134817,180.0,1.9102456138088864,1.0
99,0.45,0.25,target,0.15023223978139266,0.002,1.0,180.0,148.06717390627819,1.0,1.941369318405174
99,0.45,0.25,both,0.12116713506767808,0.004,1.0,149.20006273134817,148.06717390627819,1.9102456138088864,1.941369318405174
99,0.45,0.25,crump,0.1931538330393886,0.002,1.0,180.0,175.0,1.0,1.0
99,0.6,0.25,unweighted,0.2071252295762841,0.002,1.0,180.0,180.0,1.0,1.0
99,0.6,0.25,source,0.18309910140131277,0.002,1.0,149.20006273134817,180.0,1.9102456138088864,1.0
99,0.6,0.25,target,0.1618723893988816,0.002,1.0,180.0,148.06717390627819,1.0,1.941369318405174
99,0.6,0.25,both,0.13270730236971648,0.002,1.0,149.20006273134817,148.06717390627819,1.9102456138088864,1.941369318405174
99,0.6,0.25,crump,0.20342060650597688,0.002,1.0,180.0,175.0,1.0,1.0
