repeat,overlap_severity,mode,statistic,pvalue,reject,source_ess,target_ess,source_max_weight,target_max_weight
0,0.0,unweighted,0.07248616921963116,0.88,0.0,180.0,180.0,1.0,1.0
0,0.0,source,0.06865563417223061,0.955,0.0,179.2010903219415,180.0,1.2103810044472798,1.0
0,0.0,target,0.0687502175797796,0.95,0.0,180.0,179.29220217393146,1.0,1.1501932134801227
0,0.0,both,0.06502899580457924,0.995,0.0,179.2010903219415,179.29220217393146,1.2103810044472798,1.1501932134801227
0,0.0,crump,0.07248616921963116,0.88,0.0,180.0,180.0,1.0,1.0
0,0.0,overlap,0.07280403243028949,0.88,0.0,179.99352847494458,179.99421433256174,0.24999996635916227,0.24999991275768915
0,0.1,unweighted,0.08152354633440025,0.61,0.0,180.0,180.0,1.0,1.0
0,0.1,source,0.07165045514449778,0.935,0.0,175.3032977508184,180.0,1.4972922310772168,1.0
0,0.1,target,0.07059046438962283,0.965,0.0,180.0,173.1856503569907,1.0,1.4056407805288706
0,0.1,both,0.061434832016897534,1.0,0.0,175.3032977508184,173.1856503569907,1.4972922310772168,1.4056407805288706
0,0.1,crump,0.08152354633440025,0.61,0.0,180.0,180.0,1.0,1.0
0,0.1,overlap,0.08090012584279167,0.64,0.0,179.79814753946147,179.43718796388671,0.24999998894842124,0.24999929027889445
0,0.2,unweighted,0.08998169295839048,0.29,0.0,180.0,180.0,1.0,1.0
0,0.2,source,0.07614442942516383,0.805,0.0,171.03789531697197,180.0,1.679546571284463,1.0
0,0.2,target,0.07163322693388008,0.91,0.0,180.0,163.84425120727127,1.0,1.609063941220662
0,0.2,both,0.059285520589412805,1.0,0.0,171.03789531697197,163.84425120727127,1.679546571284463,1.609063941220662
0,0.2,crump,0.08998169295839048,0.29,0.0,180.0,180.0,1.0,1.0
0,0.2,overlap,0.08660469927774857,0.44,0.0,179.3053453489966,177.36212878149294,0.2499981614948405,0.2499984239090387
0,0.3,unweighted,0.09537792924096936,0.195,0.0,180.0,180.0,1.0,1.0
0,0.3,source,0.07754664625511712,0.755,0.0,165.91511646664821,180.0,1.8541587151108445,1.0
0,0.3,target,0.0719618254431417,0.885,0.0,180.0,152.3048951632971,1.0,1.8229043469961113
0,0.3,both,0.05657988976374666,1.0,0.0,165.91511646664821,152.3048951632971,1.8541587151108445,1.8229043469961113
0,0.3,crump,0.09537792924096936,0.195,0.0,180.0,180.0,1.0,1.0
0,0.3,overlap,0.08948600577365506,0.355,0.0,178.33584981978433,173.75229281295543,0.2499999939065868,0.24999067178533693
0,0.4,unweighted,0.10770712067520195,0.025,1.0,180.0,180.0,1.0,1.0
0,0.4,source,0.0847429984109168,0.485,0.0,159.5590303584006,180.0,2.0486543369033408,1.0
0,0.4,target,0.07598941479292742,0.805,0.0,180.0,139.0444978234714,1.0,2.0680422913420466
0,0.4,both,0.0570600777469332,0.995,0.0,159.5590303584006,139.0444978234714,2.0486543369033408,2.0680422913420466
0,0.4,crump,0.1070370791855377,0.015,1.0,180.0,179.0,1.0,1.0
0,0.4,overlap,0.09810898618554068,0.115,0.0,176.55895676667924,169.16358200471666,0.2499998211979029,0.24998381767516006
1,0.0,unweighted,0.06852365302545345,0.935,0.0,180.0,180.0,1.0,1.0
1,0.0,source,0.06781840717619028,0.94,0.0,179.95322751670852,180.0,1.038913505734314,1.0
1,0.0,target,0.06772399405490886,0.945,0.0,180.0,179.95723809280443,1.0,1.047450897495204
1,0.0,both,0.06702367712022508,0.95,0.0,179.95322751670852,179.95723809280443,1.038913505734314,1.047450897495204
1,0.0,crump,0.06852365302545345,0.935,0.0,180.0,180.0,1.0,1.0
1,0.0,overlap,0.06888962539740222,0.935,0.0,179.99997253260122,179.99998302630496,0.24999999951650043,0.2499999986877398
1,0.1,unweighted,0.07827475422953818,0.67,0.0,180.0,180.0,1.0,1.0
1,0.1,source,0.07038984306775506,0.925,0.0,177.1067166732378,180.0,1.3058664498027168,1.0
1,0.1,target,0.06911671076235315,0.955,0.0,180.0,175.5592256156441,1.0,1.401521714391748
1,0.1,both,0.06164516718027911,0.985,0.0,177.1067166732378,175.5592256156441,1.3058664498027168,1.401521714391748
1,0.1,crump,0.07827475422953818,0.67,0.0,180.0,180.0,1.0,1.0
1,0.1,overlap,0.07717773092891242,0.76,0.0,179.8939540217047,179.73400333039515,0.24999943681545947,0.24999999942858317
1,0.2,unweighted,0.0865728518899558,0.375,0.0,180.0,180.0,1.0,1.0
1,0.2,source,0.07343790009375523,0.865,0.0,172.50045053810933,180.0,1.497810086685153,1.0
1,0.2,target,0.0697106231550096,0.92,0.0,180.0,165.79683790340817,1.0,1.6798758132997864
1,0.2,both,0.057856442561830784,1.0,0.0,172.50045053810933,165.79683790340817,1.497810086685153,1.6798758132997864
1,0.2,crump,0.0865728518899558,0.375,0.0,180.0,180.0,1.0,1.0
1,0.2,overlap,0.08276068266732796,0.525,0.0,179.3138914121744,178.04924866718144,0.24999924984317304,0.24998177000785368
1,0.3,unweighted,0.09697494570187472,0.135,0.0,180.0,180.0,1.0,1.0
1,0.3,source,0.08086079088597978,0.575,0.0,168.3003095368795,180.0,1.6349061305728207,1.0
1,0.3,target,0.07102059629598935,0.865,0.0,180.0,154.52781029108814,1.0,1.88778014630221
1,0.3,both,0.056726685277397965,1.0,0.0,168.3003095368795,154.52781029108814,1.6349061305728207,1.88778014630221
1,0.3,crump,0.09697494570187472,0.135,0.0,180.0,180.0,1.0,1.0
1,0.3,overlap,0.08821164601074324,0.28,0.0,178.3838804141295,175.1171322251029,0.2499936582833175,0.2499996957589492
1,0.4,unweighted,0.10450337696235329,0.06,0.0,180.0,180.0,1.0,1.0
1,0.4,source,0.0835296703774811,0.46,0.0,162.35752979846905,180.0,1.8089705423836584,1.0
1,0.4,target,0.07227007668093982,0.86,0.0,180.0,140.6936462244659,1.0,2.139413708191996
1,0.4,both,0.054601580289071805,0.995,0.0,162.35752979846905,140.6936462244659,1.8089705423836584,2.139413708191996
1,0.4,crump,0.10394104283402716,0.035,1.0,179.0,180.0,1.0,1.0
1,0.4,overlap,0.09271145398643928,0.2,0.0,176.518520952806,170.76456056276956,0.24999602748114957,0.24999643465199628
2,0.0,unweighted,0.06097511716963877,0.995,0.0,180.0,180.0,1.0,1.0
2,0.0,source,0.0641331916698412,0.985,0.0,179.456194326748,180.0,1.128240072696056,1.0
2,0.0,target,0.06388171105701546,0.985,0.0,180.0,179.52061194990117,1.0,1.1291283352362609
2,0.0,both,0.0671246180875178,0.98,0.0,179.456194326748,179.52061194990117,1.128240072696056,1.1291283352362609
2,0.0,crump,0.06097511716963877,0.995,0.0,180.0,180.0,1.0,1.0
2,0.0,overlap,0.06124542578758135,0.995,0.0,179.99656814126203,179.9978059253125,0.2499999916665002,0.2499998770001422
2,0.1,unweighted,0.07038819539704314,0.95,0.0,180.0,180.0,1.0,1.0
2,0.1,source,0.06682536055071159,0.985,0.0,178.96707340799387,180.0,1.2154963754729982,1.0
2,0.1,target,0.0649346100109082,0.985,0.0,180.0,178.31513073169145,1.0,1.201482933758602
2,0.1,both,0.06149608588743524,0.99,0.0,178.96707340799387,178.31513073169145,1.2154963754729982,1.201482933758602
2,0.1,crump,0.07038819539704314,0.95,0.0,180.0,180.0,1.0,1.0
2,0.1,overlap,0.07029818089124944,0.955,0.0,179.98792970261948,179.95956257045557,0.24999998410519872,0.24999998270935828
2,0.2,unweighted,0.07695295496113397,0.765,0.0,180.0,180.0,1.0,1.0
2,0.2,source,0.06965337746377392,0.94,0.0,176.04280689546573,180.0,1.4188085428000023,1.0
2,0.2,target,0.06419866936158329,0.99,0.0,180.0,171.40460204207838,1.0,1.4299062824146784
2,0.2,both,0.05748423145801816,0.995,0.0,176.04280689546573,171.40460204207838,1.4188085428000023,1.4299062824146784
2,0.2,crump,0.07695295496113397,0.765,0.0,180.0,180.0,1.0,1.0
2,0.2,overlap,0.07486856116142704,0.815,0.0,179.82654148646097,179.2208524841765,0.24999979828843055,0.24999991072324323
2,0.3,unweighted,0.0896739845297973,0.285,0.0,180.0,180.0,1.0,1.0
2,0.3,source,0.07871078065373055,0.74,0.0,171.17353228398645,180.0,1.6271277982061425,1.0
2,0.3,target,0.06652204920806237,0.965,0.0,180.0,159.8201292698288,1.0,1.691050334181256
2,0.3,both,0.05681036473994455,1.0,0.0,171.17353228398645,159.8201292698288,1.6271277982061425,1.691050334181256
2,0.3,crump,0.0896739845297973,0.285,0.0,180.0,180.0,1.0,1.0
2,0.3,overlap,0.08292379888701104,0.575,0.0,179.15185513684193,176.70145107988313,0.24999999665417202,0.2499986533962479
2,0.4,unweighted,0.10211737063709803,0.05,0.0,180.0,180.0,1.0,1.0
2,0.4,source,0.0862763564136794,0.42,0.0,165.56268861688199,180.0,1.8172614763351849,1.0
2,0.4,target,0.070205552182949,0.94,0.0,180.0,146.53043231437601,1.0,1.942272445965078
2,0.4,both,0.056927962959112864,1.0,0.0,165.56268861688199,146.53043231437601,1.8172614763351849,1.942272445965078
2,0.4,crump,0.10211737063709803,0.05,0.0,180.0,180.0,1.0,1.0
2,0.4,overlap,0.09097183429301355,0.265,0.0,177.77258657623221,172.60388904920725,0.24999994007888468,0.2499925074373181
3,0.0,unweighted,0.07811508440024387,0.785,0.0,180.0,180.0,1.0,1.0
3,0.0,source,0.08079166352745146,0.7,0.0,179.79847654622316,180.0,1.0960259251385338,1.0
3,0.0,target,0.08035501181798554,0.715,0.0,180.0,179.77951868690099,1.0,1.0837354427963035
3,0.0,both,0.08307931448138284,0.57,0.0,179.79847654622316,179.77951868690099,1.0960259251385338,1.0837354427963035
3,0.0,crump,0.07811508440024387,0.785,0.0,180.0,180.0,1.0,1.0
3,0.0,overlap,0.07853972454787392,0.785,0.0,179.99956597301684,179.99958879975142,0.24999999506265821,0.24999999977815446
3,0.1,unweighted,0.08837161351165981,0.35,0.0,180.0,180.0,1.0,1.0
3,0.1,source,0.08378093043786067,0.535,0.0,178.99569292422302,180.0,1.2137825102270499,1.0
3,0.1,target,0.08141757948549425,0.655,0.0,180.0,178.0465266841027,1.0,1.2000875293869584
3,0.1,both,0.07701284875473584,0.82,0.0,178.99569292422302,178.0465266841027,1.2137825102270499,1.2000875293869584
3,0.1,crump,0.08837161351165981,0.35,0.0,180.0,180.0,1.0,1.0
3,0.1,overlap,0.08837881418224204,0.365,0.0,179.9890731569148,179.9528642768968,0.24999944899533139,0.24999999864892467
3,0.2,unweighted,0.09870451912818168,0.085,0.0,180.0,180.0,1.0,1.0
3,0.2,source,0.08927851023875522,0.36,0.0,176.26780654189622,180.0,1.4093902034345374,1.0
3,0.2,target,0.08246266574661651,0.595,0.0,180.0,170.8019526428215,1.0,1.4219441238702268
3,0.2,both,0.07390980439085149,0.89,0.0,176.26780654189622,170.8019526428215,1.4093902034345374,1.4219441238702268
3,0.2,crump,0.09870451912818168,0.085,0.0,180.0,180.0,1.0,1.0
3,0.2,overlap,0.09682834973117602,0.12,0.0,179.84824722127513,179.28107805122033,0.24999992122917092,0.24999999355452618
3,0.3,unweighted,0.1050279178097851,0.03,1.0,180.0,180.0,1.0,1.0
3,0.3,source,0.09019263726521869,0.27,0.0,172.04104249559717,180.0,1.5998159877953293,1.0
3,0.3,target,0.08267184571452608,0.61,0.0,180.0,159.39389185354742,1.0,1.6655267987064881
3,0.3,both,0.06976197684536717,0.97,0.0,172.04104249559717,159.39389185354742,1.5998159877953293,1.6655267987064881
3,0.3,crump,0.1050279178097851,0.03,1.0,180.0,180.0,1.0,1.0
3,0.3,overlap,0.10125614963237442,0.065,0.0,179.31377937260766,177.17152204053787,0.24999999803414266,0.2499998388787108
3,0.4,unweighted,0.1166904368617589,0.01,1.0,180.0,180.0,1.0,1.0
3,0.4,source,0.09566615845994292,0.17,0.0,166.15438718525843,180.0,1.806688988661402,1.0
3,0.4,target,0.08499094497436993,0.535,0.0,180.0,145.19336907014096,1.0,1.9397132030772009
3,0.4,both,0.06763638796316437,0.975,0.0,166.15438718525843,145.19336907014096,1.806688988661402,1.9397132030772009
3,0.4,crump,0.1166904368617589,0.01,1.0,180.0,180.0,1.0,1.0
3,0.4,overlap,0.10909515097353362,0.02,1.0,177.97691821141532,173.3953666061166,0.2499998926391197,0.24999995206667433
4,0.0,unweighted,0.06618423544429203,0.96,0.0,180.0,180.0,1.0,1.0
4,0.0,source,0.06520059776653869,0.975,0.0,179.90594287996265,180.0,1.0592257958807898,1.0
4,0.0,target,0.06485332614730388,0.975,0.0,180.0,179.9048475473352,1.0,1.060740178588558
4,0.0,both,0.06388012976110984,0.975,0.0,179.90594287996265,179.9048475473352,1.0592257958807898,1.060740178588558
4,0.0,crump,0.06618423544429203,0.96,0.0,180.0,180.0,1.0,1.0
4,0.0,overlap,0.06650128957828053,0.96,0.0,179.99991901119444,179.99990345533644,0.2499999768213084,0.24999999998571
4,0.1,unweighted,0.076456559594574,0.755,0.0,180.0,180.0,1.0,1.0
4,0.1,source,0.06821493580112405,0.955,0.0,176.35661017557078,180.0,1.3656760105023562,1.0
4,0.1,target,0.06586472071863078,0.96,0.0,180.0,174.0594604228909,1.0,1.416503384646683
4,0.1,both,0.058339433768492294,0.985,0.0,176.35661017557078,174.0594604228909,1.3656760105023562,1.416503384646683
4,0.1,crump,0.076456559594574,0.755,0.0,180.0,180.0,1.0,1.0
4,0.1,overlap,0.07544176644821066,0.79,0.0,179.8867815122413,179.52932653770577,0.24999957637994735,0.24999975436814512
4,0.2,unweighted,0.08395823140527359,0.52,0.0,180.0,180.0,1.0,1.0
4,0.2,source,0.07236069715504659,0.875,0.0,172.68138158266288,180.0,1.5201467096169228,1.0
4,0.2,target,0.06381035378645025,0.965,0.0,180.0,164.31904168888306,1.0,1.6313043813967976
4,0.2,both,0.05382544588566872,0.995,0.0,172.68138158266288,164.31904168888306,1.5201467096169228,1.6313043813967976
4,0.2,crump,0.08395823140527359,0.52,0.0,180.0,180.0,1.0,1.0
4,0.2,overlap,0.07887460793260928,0.69,0.0,179.55276383657187,177.4213854841271,0.2499990145119593,0.24999998704306434
4,0.3,unweighted,0.09657008935375705,0.105,0.0,180.0,180.0,1.0,1.0
4,0.3,source,0.08076900581738666,0.63,0.0,168.23145256601615,180.0,1.6693976764773009,1.0
4,0.3,target,0.06671954695792517,0.965,0.0,180.0,152.1268118877423,1.0,1.8497794948466926
4,0.3,both,0.05386733714458031,0.99,0.0,168.23145256601615,152.1268118877423,1.6693976764773009,1.8497794948466926
4,0.3,crump,0.09657008935375705,0.105,0.0,180.0,180.0,1.0,1.0
4,0.3,overlap,0.08683480853986696,0.385,0.0,178.84398198373165,173.69297734162149,0.2499997609696982,0.2499983232909883
4,0.4,unweighted,0.10443785627190977,0.04,1.0,180.0,180.0,1.0,1.0
4,0.4,source,0.08394531753011833,0.5,0.0,161.41928145511656,180.0,1.8678581745012575,1.0
4,0.4,target,0.06841150183355754,0.94,0.0,180.0,137.23836155615874,1.0,2.129033325232017
4,0.4,both,0.05197667007693655,1.0,0.0,161.41928145511656,137.23836155615874,1.8678581745012575,2.129033325232017
4,0.4,crump,0.10400129275134479,0.02,1.0,180.0,178.0,1.0,1.0
4,0.4,overlap,0.09048129411064998,0.27,0.0,177.14336491495877,167.75525410137266,0.2499926698670644,0.2499985596443823
5,0.0,unweighted,0.10439889593811919,0.04,1.0,180.0,180.0,1.0,1.0
5,0.0,source,0.10185694716660784,0.075,0.0,179.60952553228304,180.0,1.132960655237569,1.0
5,0.0,target,0.10087714918139079,0.085,0.0,180.0,179.6496865894789,1.0,1.0981971844388427
5,0.0,both,0.09836060428847651,0.12,0.0,179.60952553228304,179.6496865894789,1.132960655237569,1.0981971844388427
5,0.0,crump,0.10439889593811919,0.04,1.0,180.0,180.0,1.0,1.0
5,0.0,overlap,0.10489035189091434,0.04,1.0,179.99844849089175,179.99866750026064,0.2499999997450294,0.24999999702343115
5,0.1,unweighted,0.10976925868770004,0.015,1.0,180.0,180.0,1.0,1.0
5,0.1,source,0.10113893630134797,0.07,0.0,176.4949340320088,180.0,1.39325256824387,1.0
5,0.1,target,0.09735695652454791,0.135,0.0,180.0,174.49142362538683,1.0,1.3313237409192193
5,0.1,both,0.08905384447657155,0.345,0.0,176.4949340320088,174.49142362538683,1.39325256824387,1.3313237409192193
5,0.1,crump,0.10976925868770004,0.015,1.0,180.0,180.0,1.0,1.0
5,0.1,overlap,0.10894826993466672,0.025,1.0,179.88146247142802,179.53705666327846,0.249998418834736,0.2499999642863652
5,0.2,unweighted,0.12171720488492607,0.005,1.0,180.0,180.0,1.0,1.0
5,0.2,source,0.10908005921086478,0.03,1.0,172.50940221951828,180.0,1.5730777303630628,1.0
5,0.2,target,0.09921612317302542,0.1,0.0,180.0,165.11413972940974,1.0,1.5355732609748682
5,0.2,both,0.08731605302688933,0.39,0.0,172.50940221951828,165.11413972940974,1.5730777303630628,1.5355732609748682
5,0.2,crump,0.12171720488492607,0.005,1.0,180.0,180.0,1.0,1.0
5,0.2,overlap,0.11780057903123722,0.015,1.0,179.47913342254952,177.70800060105154,0.24999906593744384,0.24999994039987442
5,0.3,unweighted,0.13024903692272521,0.005,1.0,180.0,180.0,1.0,1.0
5,0.3,source,0.1136895402638195,0.01,1.0,167.84688271838868,180.0,1.7366464331807951,1.0
5,0.3,target,0.0995457153805004,0.095,0.0,180.0,153.52617477630108,1.0,1.7442598316349327
5,0.3,both,0.08438801747553495,0.55,0.0,167.84688271838868,153.52617477630108,1.7366464331807951,1.7442598316349327
5,0.3,crump,0.13024903692272521,0.005,1.0,180.0,180.0,1.0,1.0
5,0.3,overlap,0.12303444215573155,0.005,1.0,178.66810789648662,174.44798820897017,0.24999999934698033,0.24999999852397925
5,0.4,unweighted,0.13946659807956105,0.005,1.0,180.0,180.0,1.0,1.0
5,0.4,source,0.12042440014349955,0.01,1.0,162.78224860693993,180.0,1.8955329512599488,1.0
5,0.4,target,0.09849741324178696,0.12,0.0,180.0,141.15553960157453,1.0,1.958274682610689
5,0.4,both,0.0813196586100192,0.625,0.0,162.78224860693993,141.15553960157453,1.8955329512599488,1.958274682610689
5,0.4,crump,0.13728768437601147,0.005,1.0,180.0,178.0,1.0,1.0
5,0.4,overlap,0.12689094919819593,0.005,1.0,177.39079234856572,170.2824811836316,0.249999841181635,0.2499919418188948
6,0.0,unweighted,0.07525020195092212,0.85,0.0,180.0,180.0,1.0,1.0
6,0.0,source,0.07800089608421822,0.785,0.0,179.7309932225571,180.0,1.107023944060348,1.0
6,0.0,target,0.07776295203914224,0.785,0.0,180.0,179.71823303862735,1.0,1.0975873410377361
6,0.0,both,0.0805779197827034,0.705,0.0,179.7309932225571,179.71823303862735,1.107023944060348,1.0975873410377361
6,0.0,crump,0.07525020195092212,0.85,0.0,180.0,180.0,1.0,1.0
6,0.0,overlap,0.07565600247073603,0.85,0.0,179.9989593371501,179.99925583757127,0.2499999947962268,0.2499999998453925
6,0.1,unweighted,0.08649268404206675,0.45,0.0,180.0,180.0,1.0,1.0
6,0.1,source,0.08159504516010574,0.66,0.0,178.6790613175111,180.0,1.2786112755569925,1.0
6,0.1,target,0.0791628639656842,0.76,0.0,180.0,177.68952486691632,1.0,1.2742666407338687
6,0.1,both,0.07451656066766525,0.885,0.0,178.6790613175111,177.68952486691632,1.2786112755569925,1.2742666407338687
6,0.1,crump,0.08649268404206675,0.45,0.0,180.0,180.0,1.0,1.0
6,0.1,overlap,0.08654867286284758,0.46,0.0,179.97542340955468,179.9408067826647,0.2499999919909728,0.24999997279737982
6,0.2,unweighted,0.09840170610425239,0.09,0.0,180.0,180.0,1.0,1.0
6,0.2,source,0.0888422576092431,0.41,0.0,175.54478047175635,180.0,1.504134426504423,1.0
6,0.2,target,0.08154967530667795,0.665,0.0,180.0,170.0417493593297,1.0,1.5337273741349597
6,0.2,both,0.07293321713374666,0.91,0.0,175.54478047175635,170.0417493593297,1.504134426504423,1.5337273741349597
6,0.2,crump,0.09840170610425239,0.09,0.0,180.0,180.0,1.0,1.0
6,0.2,overlap,0.09631695572812977,0.16,0.0,179.731571466765,179.0540944350028,0.2499994392919146,0.24999725484652618
6,0.3,unweighted,0.10841354023776864,0.015,1.0,180.0,180.0,1.0,1.0
6,0.3,source,0.09307136437692975,0.29,0.0,170.2359477684576,180.0,1.742145380396453,1.0
6,0.3,target,0.08302834369611625,0.6,0.0,180.0,157.57079054308488,1.0,1.7127766241477982
6,0.3,both,0.06988168678609807,0.965,0.0,170.2359477684576,157.57079054308488,1.742145380396453,1.7127766241477982
6,0.3,crump,0.10841354023776864,0.015,1.0,180.0,180.0,1.0,1.0
6,0.3,overlap,0.10327931687752241,0.06,0.0,178.78870098178177,176.0922441378557,0.24999942280933696,0.24999954356310347
6,0.4,unweighted,0.1190015727404359,0.005,1.0,180.0,180.0,1.0,1.0
6,0.4,source,0.09931668277385676,0.085,0.0,164.30425466246857,180.0,1.9547568688195347,1.0
6,0.4,target,0.08308195722749592,0.605,0.0,180.0,143.6218997404,1.0,1.9745521712231129
6,0.4,both,0.06658604065917187,0.98,0.0,164.30425466246857,143.6218997404,1.9547568688195347,1.9745521712231129
6,0.4,crump,0.1190015727404359,0.005,1.0,180.0,180.0,1.0,1.0
6,0.4,overlap,0.10733133654001786,0.025,1.0,177.06909996718488,171.52020284828615,0.24999959333120703,0.24999930053170658
7,0.0,unweighted,0.07588354957323579,0.79,0.0,180.0,180.0,1.0,1.0
7,0.0,source,0.07898628632194506,0.68,0.0,179.74076796769936,180.0,1.12019297489782,1.0
7,0.0,target,0.07790025065119435,0.735,0.0,180.0,179.78383520693205,1.0,1.07823474508344
7,0.0,both,0.08105304366770971,0.655,0.0,179.74076796769936,179.78383520693205,1.12019297489782,1.07823474508344
7,0.0,crump,0.07588354957323579,0.79,0.0,180.0,180.0,1.0,1.0
7,0.0,overlap,0.07628828750142197,0.79,0.0,179.99918600251453,179.99960982542194,0.24999996880248382,0.24999999961922773
7,0.1,unweighted,0.08503812490474014,0.505,0.0,180.0,180.0,1.0,1.0
7,0.1,source,0.07917785072418718,0.73,0.0,178.54623533124393,180.0,1.1841946075574015,1.0
7,0.1,target,0.07846849987455269,0.72,0.0,180.0,177.6904037771388,1.0,1.247184814220779
7,0.1,both,0.07282685647156667,0.845,0.0,178.54623533124393,177.6904037771388,1.1841946075574015,1.247184814220779
7,0.1,crump,0.08503812490474014,0.505,0.0,180.0,180.0,1.0,1.0
7,0.1,overlap,0.08493551976228272,0.52,0.0,179.97238181497437,179.92649349029662,0.24999955060531248,0.24999999909304407
7,0.2,unweighted,0.09401173506325256,0.2,0.0,180.0,180.0,1.0,1.0
7,0.2,source,0.08243515282289683,0.61,0.0,174.73277358144895,180.0,1.3556583180613653,1.0
7,0.2,target,0.07927518357634913,0.71,0.0,180.0,169.4250052495094,1.0,1.5118755810691706
7,0.2,both,0.06849557422227917,0.92,0.0,174.73277358144895,169.4250052495094,1.3556583180613653,1.5118755810691706
7,0.2,crump,0.09401173506325256,0.2,0.0,180.0,180.0,1.0,1.0
7,0.2,overlap,0.09146392450929836,0.3,0.0,179.64019556426885,178.81619337714648,0.24999999979566082,0.24999986370545949
7,0.3,unweighted,0.10286630372656608,0.05,0.0,180.0,180.0,1.0,1.0
7,0.3,source,0.08521750508986106,0.49,0.0,169.47016773711823,180.0,1.5174239147128528,1.0
7,0.3,target,0.08103830375305494,0.66,0.0,180.0,157.15803549226158,1.0,1.7754275178108305
7,0.3,both,0.06525985866607595,0.975,0.0,169.47016773711823,157.15803549226158,1.5174239147128528,1.7754275178108305
7,0.3,crump,0.10286630372656608,0.05,0.0,180.0,180.0,1.0,1.0
7,0.3,overlap,0.09691168314927345,0.165,0.0,178.6449773661642,175.69886755665493,0.2499951612145092,0.24999937978550202
7,0.4,unweighted,0.10947720717116295,0.02,1.0,180.0,180.0,1.0,1.0
7,0.4,source,0.08738287713823915,0.475,0.0,163.62098411712728,180.0,1.671340515296934,1.0
7,0.4,target,0.0808186113162494,0.685,0.0,180.0,143.3860509598376,1.0,2.0289689529129875
7,0.4,both,0.06144000471028273,0.985,0.0,163.62098411712728,143.3860509598376,1.671340515296934,2.0289689529129875
7,0.4,crump,0.1088971549894435,0.005,1.0,179.0,180.0,1.0,1.0
7,0.4,overlap,0.09875845569616508,0.1,0.0,176.95122044477853,170.96348971144928,0.24999997612090377,0.24999510759311888
8,0.0,unweighted,0.08149465592135346,0.635,0.0,180.0,180.0,1.0,1.0
8,0.0,source,0.08269585238585983,0.59,0.0,179.9790468751109,180.0,1.0276435360739882,1.0
8,0.0,target,0.08213250083846217,0.61,0.0,180.0,179.98195327630967,1.0,1.0233956464885101
8,0.0,both,0.08333918785509344,0.57,0.0,179.9790468751109,179.98195327630967,1.0276435360739882,1.0233956464885101
8,0.0,crump,0.08149465592135346,0.635,0.0,180.0,180.0,1.0,1.0
8,0.0,overlap,0.081886102521216,0.635,0.0,179.99999575273404,179.99999682406641,0.2499999959668506,0.24999999999871247
8,0.1,unweighted,0.0912313471650663,0.27,0.0,180.0,180.0,1.0,1.0
8,0.1,source,0.08411914681146344,0.51,0.0,178.13860165829726,180.0,1.2780089107151495,1.0
8,0.1,target,0.08308738995723637,0.55,0.0,180.0,177.27583301885173,1.0,1.2828920219139115
8,0.1,both,0.0762233278412653,0.765,0.0,178.13860165829726,177.27583301885173,1.2780089107151495,1.2828920219139115
8,0.1,crump,0.0912313471650663,0.27,0.0,180.0,180.0,1.0,1.0
8,0.1,overlap,0.09085040051974855,0.285,0.0,179.96764303871595,179.89021100741326,0.24999991717478495,0.2499999667212763
8,0.2,unweighted,0.10212249180765126,0.045,1.0,180.0,180.0,1.0,1.0
8,0.2,source,0.0898584068581719,0.31,0.0,174.58266500724935,180.0,1.471395246797967,1.0
8,0.2,target,0.0848368176325946,0.525,0.0,180.0,169.81968669551839,1.0,1.4210561952558123
8,0.2,both,0.07334086151632062,0.865,0.0,174.58266500724935,169.81968669551839,1.471395246797967,1.4210561952558123
8,0.2,crump,0.10212249180765126,0.045,1.0,180.0,180.0,1.0,1.0
8,0.2,overlap,0.09890280816319229,0.09,0.0,179.73243037433193,178.92836153042754,0.2499945439603808,0.24999948731863392
8,0.3,unweighted,0.10969798239597622,0.025,1.0,180.0,180.0,1.0,1.0
8,0.3,source,0.0926736003453213,0.225,0.0,170.1970443872816,180.0,1.637227072621883,1.0
8,0.3,target,0.08485851301308411,0.49,0.0,180.0,159.35942345508604,1.0,1.6232734279987255
8,0.3,both,0.06935845179074643,0.91,0.0,170.1970443872816,159.35942345508604,1.637227072621883,1.6232734279987255
8,0.3,crump,0.10969798239597622,0.025,1.0,180.0,180.0,1.0,1.0
8,0.3,overlap,0.10295179849382669,0.06,0.0,179.13164673288435,176.79110198052047,0.2499988290719003,0.24999986783751943
8,0.4,unweighted,0.12145584228776102,0.005,1.0,180.0,180.0,1.0,1.0
8,0.4,source,0.09680778370050422,0.1,0.0,162.15475741709696,180.0,1.8789337275548015,1.0
8,0.4,target,0.08908357213858584,0.34,0.0,180.0,144.50916838702796,1.0,1.926332888528586
8,0.4,both,0.06713148803660593,0.96,0.0,162.15475741709696,144.50916838702796,1.8789337275548015,1.926332888528586
8,0.4,crump,0.12145584228776102,0.005,1.0,180.0,180.0,1.0,1.0
8,0.4,overlap,0.1093953817766905,0.02,1.0,177.190714658659,172.34533151334324,0.24999931108366027,0.24999332660441134
9,0.0,unweighted,0.07359866445663771,0.84,0.0,180.0,180.0,1.0,1.0
9,0.0,source,0.07175412581730603,0.89,0.0,179.70804145523482,180.0,1.1010329433542152,1.0
9,0.0,target,0.07094847676118284,0.9,0.0,180.0,179.70273397365185,1.0,1.1091824048672714
9,0.0,both,0.06912824718221093,0.93,0.0,179.70804145523482,179.70273397365185,1.1010329433542152,1.1091824048672714
9,0.0,crump,0.07359866445663771,0.84,0.0,180.0,180.0,1.0,1.0
9,0.0,overlap,0.07389181044693098,0.84,0.0,179.99902970506582,179.99849131965274,0.24999999966883632,0.24999997434567583
9,0.1,unweighted,0.08091159979423868,0.64,0.0,180.0,180.0,1.0,1.0
9,0.1,source,0.07350531998499302,0.86,0.0,176.5405656034361,180.0,1.3468180337123736,1.0
9,0.1,target,0.0693886021755144,0.935,0.0,180.0,174.2714033684618,1.0,1.408943212202842
9,0.1,both,0.06250637097107332,1.0,0.0,176.5405656034361,174.2714033684618,1.3468180337123736,1.408943212202842
9,0.1,crump,0.08091159979423868,0.64,0.0,180.0,180.0,1.0,1.0
9,0.1,overlap,0.07932819221732999,0.705,0.0,179.86374282449253,179.52898175563433,0.2499995299159049,0.24999998735401313
9,0.2,unweighted,0.09171393651882336,0.3,0.0,180.0,180.0,1.0,1.0
9,0.2,source,0.08081755894047005,0.665,0.0,172.6496732470154,180.0,1.5095002459673614,1.0
9,0.2,target,0.0701714254907415,0.915,0.0,180.0,164.74622514335329,1.0,1.636483951728211
9,0.2,both,0.06033025761618463,1.0,0.0,172.6496732470154,164.74622514335329,1.5095002459673614,1.636483951728211
9,0.2,crump,0.09171393651882336,0.3,0.0,180.0,180.0,1.0,1.0
9,0.2,overlap,0.08573111451665094,0.505,0.0,179.3936567100999,177.6249354828875,0.2499999804870216,0.24999763786569565
9,0.3,unweighted,0.10212116483767719,0.095,0.0,180.0,180.0,1.0,1.0
9,0.3,source,0.08783552570877062,0.4,0.0,168.3574797139976,180.0,1.6529980469633048,1.0
9,0.3,target,0.0717813208789957,0.89,0.0,180.0,153.5456744017518,1.0,1.8462214101244114
9,0.3,both,0.059269707285516345,1.0,0.0,168.3574797139976,153.5456744017518,1.6529980469633048,1.8462214101244114
9,0.3,crump,0.10212116483767719,0.095,0.0,180.0,180.0,1.0,1.0
9,0.3,overlap,0.09111222722343369,0.31,0.0,178.50931438109268,174.07277698157412,0.24999989189416966,0.24999999711602608
9,0.4,unweighted,0.11163144242493522,0.03,1.0,180.0,180.0,1.0,1.0
9,0.4,source,0.09321732404468558,0.27,0.0,161.95158832063015,180.0,1.8417048590687581,1.0
9,0.4,target,0.07244697291182241,0.895,0.0,180.0,139.64957533551214,1.0,2.1104668259038655
9,0.4,both,0.05677367766637627,1.0,0.0,161.95158832063015,139.64957533551214,1.8417048590687581,2.1104668259038655
9,0.4,crump,0.10935306175922074,0.015,1.0,180.0,178.0,1.0,1.0
9,0.4,overlap,0.09426047888776172,0.225,0.0,176.56914753852894,168.3162382046252,0.24999787488177505,0.24999998828947212
10,0.0,unweighted,0.045419251066910526,1.0,0.0,180.0,180.0,1.0,1.0
10,0.0,source,0.05062821881652181,1.0,0.0,178.79876201762826,180.0,1.2109834638969867,1.0
10,0.0,target,0.048187561370466134,1.0,0.0,180.0,179.10870220551047,1.0,1.2153673454968377
10,0.0,both,0.053596574500956465,1.0,0.0,178.79876201762826,179.10870220551047,1.2109834638969867,1.2153673454968377
10,0.0,crump,0.045419251066910526,1.0,0.0,180.0,180.0,1.0,1.0
10,0.0,overlap,0.04562221415745564,1.0,0.0,179.98824241082252,179.99086490928082,0.24999982824169514,0.24999985496001584
10,0.1,unweighted,0.0528065414951989,1.0,0.0,180.0,180.0,1.0,1.0
10,0.1,source,0.049164823696345686,1.0,0.0,179.22129507520768,180.0,1.1497453318630961,1.0
10,0.1,target,0.049849994279287886,1.0,0.0,180.0,178.9544047669784,1.0,1.1575602616911482
10,0.1,both,0.04631104917817894,1.0,0.0,179.22129507520768,178.9544047669784,1.1497453318630961,1.1575602616911482
10,0.1,crump,0.0528065414951989,1.0,0.0,180.0,180.0,1.0,1.0
10,0.1,overlap,0.052883944775524744,1.0,0.0,179.99490533105273,179.98547396425013,0.2499999870135936,0.24999975386534162
10,0.2,unweighted,0.06329486168267033,0.995,0.0,180.0,180.0,1.0,1.0
10,0.2,source,0.053073967163712196,1.0,0.0,175.18515448097202,180.0,1.3730255334803616,1.0
10,0.2,target,0.05395336381213062,1.0,0.0,180.0,171.9167033310269,1.0,1.434153436368562
10,0.2,both,0.04463357089602169,1.0,0.0,175.18515448097202,171.9167033310269,1.3730255334803616,1.434153436368562
10,0.2,crump,0.06329486168267033,0.995,0.0,180.0,180.0,1.0,1.0
10,0.2,overlap,0.061787754676289164,0.995,0.0,179.79603396846235,179.3628362280873,0.2499999999911588,0.24999529122049322
10,0.3,unweighted,0.07591712486663618,0.81,0.0,180.0,180.0,1.0,1.0
10,0.3,source,0.06252573586624707,0.995,0.0,170.9700736053699,180.0,1.517223711691074,1.0
10,0.3,target,0.057565655355284975,0.995,0.0,180.0,162.11706801319806,1.0,1.642297007881484
10,0.3,both,0.045679653439977055,1.0,0.0,170.9700736053699,162.11706801319806,1.517223711691074,1.642297007881484
10,0.3,crump,0.07591712486663618,0.81,0.0,180.0,180.0,1.0,1.0
10,0.3,overlap,0.07028403669761193,0.92,0.0,179.24804205164438,177.5938735778696,0.24999931065881043,0.249999281155167
10,0.4,unweighted,0.0856426173601585,0.495,0.0,180.0,180.0,1.0,1.0
10,0.4,source,0.06786646204785954,0.96,0.0,164.75703544977304,180.0,1.6908881752033702,1.0
10,0.4,target,0.05830282629802108,0.985,0.0,180.0,149.10072166368315,1.0,1.8971402754586584
10,0.4,both,0.043215759731849525,1.0,0.0,164.75703544977304,149.10072166368315,1.6908881752033702,1.8971402754586584
10,0.4,crump,0.0856426173601585,0.495,0.0,180.0,180.0,1.0,1.0
10,0.4,overlap,0.07399650591022858,0.83,0.0,177.78499391201126,174.29917512560155,0.24999518558301276,0.24999005870981636
11,0.0,unweighted,0.07257631077579638,0.875,0.0,180.0,180.0,1.0,1.0
11,0.0,source,0.07156024816158545,0.885,0.0,179.9242004574503,180.0,1.0634694929208637,1.0
11,0.0,target,0.07118177466296033,0.9,0.0,180.0,179.91200604273115,1.0,1.054291912530034
11,0.0,both,0.07017370533863689,0.915,0.0,179.9242004574503,179.91200604273115,1.0634694929208637,1.054291912530034
11,0.0,crump,0.07257631077579638,0.875,0.0,180.0,180.0,1.0,1.0
11,0.0,overlap,0.07290899424284365,0.875,0.0,179.9999257200902,179.9999193343486,0.24999999593762848,0.249999999988738
11,0.1,unweighted,0.08112740245389422,0.63,0.0,180.0,180.0,1.0,1.0
11,0.1,source,0.07344479433258863,0.86,0.0,177.53708970078853,180.0,1.3567436056618236,1.0
11,0.1,target,0.07134798087520483,0.905,0.0,180.0,175.31486670719445,1.0,1.3403582757114216
11,0.1,both,0.06414599164136858,0.995,0.0,177.53708970078853,175.31486670719445,1.3567436056618236,1.3403582757114216
11,0.1,crump,0.08112740245389422,0.63,0.0,180.0,180.0,1.0,1.0
11,0.1,overlap,0.08042314518588843,0.67,0.0,179.92549128029574,179.7424192571955,0.24999893969065543,0.24999770524971301
11,0.2,unweighted,0.09297204218106997,0.225,0.0,180.0,180.0,1.0,1.0
11,0.2,source,0.08016761273286396,0.685,0.0,173.6701134419619,180.0,1.5673996738892668,1.0
11,0.2,target,0.07426791692894943,0.855,0.0,180.0,165.66018471656733,1.0,1.587935679331379
11,0.2,both,0.06276752494919371,0.985,0.0,173.6701134419619,165.66018471656733,1.5673996738892668,1.587935679331379
11,0.2,crump,0.09297204218106997,0.225,0.0,180.0,180.0,1.0,1.0
11,0.2,overlap,0.08958766105200468,0.325,0.0,179.52555200152833,178.14421286077103,0.24999911948197184,0.24999929614207708
11,0.3,unweighted,0.10102124009297363,0.065,0.0,180.0,180.0,1.0,1.0
11,0.3,source,0.08383366538935698,0.535,0.0,168.7253569609537,180.0,1.7623287604618694,1.0
11,0.3,target,0.07328157111433158,0.845,0.0,180.0,153.03464480458345,1.0,1.8355279657322652
11,0.3,both,0.058335044013644095,0.995,0.0,168.7253569609537,153.03464480458345,1.7623287604618694,1.8355279657322652
11,0.3,crump,0.10102124009297363,0.065,0.0,180.0,180.0,1.0,1.0
11,0.3,overlap,0.09300770411832943,0.175,0.0,178.5360950625063,174.7867611516209,0.24999968126828367,0.24999963275742046
11,0.4,unweighted,0.10770914399481785,0.02,1.0,180.0,180.0,1.0,1.0
11,0.4,source,0.08528764292874011,0.47,0.0,162.6147788012364,180.0,1.9702362519224816,1.0
11,0.4,target,0.0748493235773131,0.79,0.0,180.0,138.71139343617463,1.0,2.101922433451192
11,0.4,both,0.05593230480679111,1.0,0.0,162.6147788012364,138.71139343617463,1.9702362519224816,2.101922433451192
11,0.4,crump,0.10646378964832824,0.04,1.0,180.0,179.0,1.0,1.0
11,0.4,overlap,0.09671262395656587,0.135,0.0,176.63281102900984,169.85563718855587,0.24998849688450794,0.24999781035865515
12,0.0,unweighted,0.07734024348422497,0.785,0.0,180.0,180.0,1.0,1.0
12,0.0,source,0.07794777607342565,0.77,0.0,179.99841329607176,180.0,1.0068806789021207,1.0
12,0.0,target,0.07753028533850642,0.79,0.0,180.0,179.99841353922056,1.0,1.0096225706798858
12,0.0,both,0.07813888910273038,0.76,0.0,179.99841329607176,179.99841353922056,1.0068806789021207,1.0096225706798858
12,0.0,crump,0.07734024348422497,0.785,0.0,180.0,180.0,1.0,1.0
12,0.0,overlap,0.07773581013000397,0.79,0.0,179.9999999729916,179.999999971325,0.2499999999787093,0.24999999998483974
12,0.1,unweighted,0.08516898719707361,0.445,0.0,180.0,180.0,1.0,1.0
12,0.1,source,0.07689070171798097,0.795,0.0,177.41188270276595,180.0,1.3266730802270013,1.0
12,0.1,target,0.07645151568306596,0.825,0.0,180.0,175.96860541443024,1.0,1.3104958217243843
12,0.1,both,0.06864523784523685,0.955,0.0,177.41188270276595,175.96860541443024,1.3266730802270013,1.3104958217243843
12,0.1,crump,0.08516898719707361,0.445,0.0,180.0,180.0,1.0,1.0
12,0.1,overlap,0.08512017825731402,0.47,0.0,179.93279586359182,179.81292426006502,0.24999975190073745,0.24999981871354918
12,0.2,unweighted,0.09396599317939339,0.17,0.0,180.0,180.0,1.0,1.0
12,0.2,source,0.07905130508113035,0.73,0.0,172.62888340048562,180.0,1.5495141997413235,1.0
12,0.2,target,0.07724626376832827,0.785,0.0,180.0,166.2812993764348,1.0,1.5732819231902833
12,0.2,both,0.06379372045782979,0.985,0.0,172.62888340048562,166.2812993764348,1.5495141997413235,1.5732819231902833
12,0.2,crump,0.09396599317939339,0.17,0.0,180.0,180.0,1.0,1.0
12,0.2,overlap,0.0913836719278538,0.265,0.0,179.47529928302453,178.15267281232047,0.24999998330970458,0.24999927329321484
12,0.3,unweighted,0.10261014612863893,0.045,1.0,180.0,180.0,1.0,1.0
12,0.3,source,0.0824995187263401,0.585,0.0,166.8521744318595,180.0,1.742752199288411,1.0
12,0.3,target,0.07823584249442525,0.72,0.0,180.0,153.85742414574082,1.0,1.8235877967712577
12,0.3,both,0.0603886335113233,1.0,0.0,166.8521744318595,153.85742414574082,1.742752199288411,1.8235877967712577
12,0.3,crump,0.10261014612863893,0.045,1.0,180.0,180.0,1.0,1.0
12,0.3,overlap,0.0958285778943616,0.155,0.0,178.37543571220203,174.44006769492574,0.24999952426596514,0.2499996892895189
12,0.4,unweighted,0.10887265279682976,0.01,1.0,180.0,180.0,1.0,1.0
12,0.4,source,0.08317727313407935,0.595,0.0,160.78671587203368,180.0,1.9217370148541606,1.0
12,0.4,target,0.07750047930362886,0.765,0.0,180.0,140.84101548816307,1.0,2.0628062708088786
12,0.4,both,0.05570715295222535,1.0,0.0,160.78671587203368,140.84101548816307,1.9217370148541606,2.0628062708088786
12,0.4,crump,0.10544547712600652,0.045,1.0,180.0,177.0,1.0,1.0
12,0.4,overlap,0.09709883389776158,0.12,0.0,176.61181650581983,169.28128433299634,0.24999917263963617,0.24999965445606706
13,0.0,unweighted,0.07419243731900625,0.84,0.0,180.0,180.0,1.0,1.0
13,0.0,source,0.07205278072557386,0.895,0.0,179.73703187425335,180.0,1.0917847320776033,1.0
13,0.0,target,0.07206393079797646,0.89,0.0,180.0,179.76632321071318,1.0,1.1005368389746275
13,0.0,both,0.06994744153511301,0.94,0.0,179.73703187425335,179.76632321071318,1.0917847320776033,1.1005368389746275
13,0.0,crump,0.07419243731900625,0.84,0.0,180.0,180.0,1.0,1.0
13,0.0,overlap,0.07451772059815773,0.84,0.0,179.99926319616037,179.9994911414099,0.24999996618017775,0.24999998887039718
13,0.1,unweighted,0.08277004458161866,0.565,0.0,180.0,180.0,1.0,1.0
13,0.1,source,0.07436791598465273,0.84,0.0,176.5663367375836,180.0,1.3312597573863278,1.0
13,0.1,target,0.07144307138896952,0.91,0.0,180.0,174.57601689190062,1.0,1.3447852329551147
13,0.1,both,0.06341055331838137,0.995,0.0,176.5663367375836,174.57601689190062,1.3312597573863278,1.3447852329551147
13,0.1,crump,0.08277004458161866,0.565,0.0,180.0,180.0,1.0,1.0
13,0.1,overlap,0.08070142230541727,0.67,0.0,179.87272059120286,179.53488052520106,0.24999902355057854,0.2499990713700563
13,0.2,unweighted,0.09315072969059594,0.195,0.0,180.0,180.0,1.0,1.0
13,0.2,source,0.07992207988874254,0.72,0.0,172.0371279600165,180.0,1.509472161230081,1.0
13,0.2,target,0.07254725463651876,0.91,0.0,180.0,164.5360171155523,1.0,1.5389289632878642
13,0.2,both,0.06029108524368656,1.0,0.0,172.0371279600165,164.5360171155523,1.509472161230081,1.5389289632878642
13,0.2,crump,0.09315072969059594,0.195,0.0,180.0,180.0,1.0,1.0
13,0.2,overlap,0.08628744818302818,0.485,0.0,179.32063763468125,177.26537570460545,0.24999982107493846,0.24999961867168358
13,0.3,unweighted,0.10368989388050602,0.05,0.0,180.0,180.0,1.0,1.0
13,0.3,source,0.08688047743207852,0.415,0.0,167.65115151161933,180.0,1.6479074092614951,1.0
13,0.3,target,0.07520464190498566,0.875,0.0,180.0,152.60675140211137,1.0,1.7396109923089775
13,0.3,both,0.06028731635628178,1.0,0.0,167.65115151161933,152.60675140211137,1.6479074092614951,1.7396109923089775
13,0.3,crump,0.10368989388050602,0.05,0.0,180.0,180.0,1.0,1.0
13,0.3,overlap,0.09334141702166637,0.225,0.0,178.37558981456192,173.84237284253587,0.24999976524350256,0.2499999701735847
13,0.4,unweighted,0.10993038694558757,0.025,1.0,180.0,180.0,1.0,1.0
13,0.4,source,0.09000052137104328,0.33,0.0,162.8307364731664,180.0,1.7876295441428418,1.0
13,0.4,target,0.07419967923740313,0.875,0.0,180.0,140.02890510784616,1.0,1.9506292530047133
13,0.4,both,0.05685726206874087,1.0,0.0,162.8307364731664,140.02890510784616,1.7876295441428418,1.9506292530047133
13,0.4,crump,0.10912272206512327,0.02,1.0,180.0,179.0,1.0,1.0
13,0.4,overlap,0.09416238960749143,0.23,0.0,176.8985012999667,169.118764304003,0.2499997603607966,0.2499850935709101
14,0.0,unweighted,0.07835070301783265,0.755,0.0,180.0,180.0,1.0,1.0
14,0.0,source,0.07742128759808328,0.795,0.0,179.93598057857724,180.0,1.047523441345922,1.0
14,0.0,target,0.0772443522005686,0.8,0.0,180.0,179.93952255230502,1.0,1.0484745025506081
14,0.0,both,0.07632213420971287,0.815,0.0,179.93598057857724,179.93952255230502,1.047523441345922,1.0484745025506081
14,0.0,crump,0.07835070301783265,0.755,0.0,180.0,180.0,1.0,1.0
14,0.0,overlap,0.07872118432462624,0.755,0.0,179.99994620049026,179.99996696091333,0.249999988249571,0.24999999993363956
14,0.1,unweighted,0.0882011326398415,0.465,0.0,180.0,180.0,1.0,1.0
14,0.1,source,0.07909984057921463,0.755,0.0,176.5965617336586,180.0,1.3456426500649303,1.0
14,0.1,target,0.07798366670746547,0.795,0.0,180.0,174.90934672512816,1.0,1.3540383452917149
14,0.1,both,0.06949268498768836,0.955,0.0,176.5965617336586,174.90934672512816,1.3456426500649303,1.3540383452917149
14,0.1,crump,0.0882011326398415,0.465,0.0,180.0,180.0,1.0,1.0
14,0.1,overlap,0.08755591733664822,0.48,0.0,179.85246527162687,179.71502765305598,0.24999997424127657,0.24999999099982845
14,0.2,unweighted,0.0964277758725804,0.155,0.0,180.0,180.0,1.0,1.0
14,0.2,source,0.0817473751722164,0.675,0.0,171.93553936526436,180.0,1.53693609406124,1.0
14,0.2,target,0.07771767954430187,0.795,0.0,180.0,164.90800623402035,1.0,1.5985554589782445
14,0.2,both,0.06468698551867097,0.985,0.0,171.93553936526436,164.90800623402035,1.53693609406124,1.5985554589782445
14,0.2,crump,0.0964277758725804,0.155,0.0,180.0,180.0,1.0,1.0
14,0.2,overlap,0.09278497903099636,0.255,0.0,179.2356821062278,177.96178683399634,0.2499962617920008,0.2499989495524706
14,0.3,unweighted,0.10582513431641519,0.035,1.0,180.0,180.0,1.0,1.0
14,0.3,source,0.08550983534968568,0.545,0.0,165.86724099267514,180.0,1.7279523919023059,1.0
14,0.3,target,0.07917418509567549,0.795,0.0,180.0,151.72989476347246,1.0,1.7602365937584794
14,0.3,both,0.06194336023102287,0.995,0.0,165.86724099267514,151.72989476347246,1.7279523919023059,1.7602365937584794
14,0.3,crump,0.10526349299782745,0.005,1.0,179.0,180.0,1.0,1.0
14,0.3,overlap,0.09831549226720279,0.145,0.0,177.88148185482723,174.13548593074327,0.24999829870053125,0.24999994114388982
14,0.4,unweighted,0.11888359815576893,0.005,1.0,180.0,180.0,1.0,1.0
14,0.4,source,0.09349394173520549,0.255,0.0,158.51229939342457,180.0,1.9340846391335123,1.0
14,0.4,target,0.08138842848696384,0.71,0.0,180.0,137.09629466549345,1.0,2.0403629604698406
14,0.4,both,0.06027137494850473,0.99,0.0,158.51229939342457,137.09629466549345,1.9340846391335123,2.0403629604698406
14,0.4,crump,0.11492169105830474,0.005,1.0,177.0,177.0,1.0,1.0
14,0.4,overlap,0.10436879989298628,0.075,0.0,175.56883580536748,168.32675628335838,0.2499997349974581,0.24994703946873062
15,0.0,unweighted,0.06954761659807956,0.95,0.0,180.0,180.0,1.0,1.0
15,0.0,source,0.06817452416834138,0.96,0.0,179.8095268673803,180.0,1.0787909702949006,1.0
15,0.0,target,0.06777625639868509,0.965,0.0,180.0,179.81525893886706,1.0,1.0993134245110816
15,0.0,both,0.06641838640785255,0.97,0.0,179.8095268673803,179.81525893886706,1.0787909702949006,1.0993134245110816
15,0.0,crump,0.06954761659807956,0.95,0.0,180.0,180.0,1.0,1.0
15,0.0,overlap,0.06991317994571519,0.95,0.0,179.99964059163096,179.9996374674228,0.24999999864852365,0.24999999998196434
15,0.1,unweighted,0.0780988254458162,0.76,0.0,180.0,180.0,1.0,1.0
15,0.1,source,0.07152248193210199,0.92,0.0,176.95143886024616,180.0,1.3144872417569884,1.0
15,0.1,target,0.06842593796247651,0.965,0.0,180.0,174.83635089432278,1.0,1.4234527483525685
15,0.1,both,0.06222437620213264,0.985,0.0,176.95143886024616,174.83635089432278,1.3144872417569884,1.4234527483525685
15,0.1,crump,0.0780988254458162,0.76,0.0,180.0,180.0,1.0,1.0
15,0.1,overlap,0.07717589652466879,0.79,0.0,179.9053771285046,179.64228843338424,0.24999712365989876,0.24999990477278872
15,0.2,unweighted,0.08689965420667581,0.465,0.0,180.0,180.0,1.0,1.0
15,0.2,source,0.07687131289510263,0.845,0.0,173.5801080112893,180.0,1.4594532422477458,1.0
15,0.2,target,0.06951906014047912,0.95,0.0,180.0,166.09957562697593,1.0,1.6432934996562685
15,0.2,both,0.06045216501556717,0.99,0.0,173.5801080112893,166.09957562697593,1.4594532422477458,1.6432934996562685
15,0.2,crump,0.08689965420667581,0.465,0.0,180.0,180.0,1.0,1.0
15,0.2,overlap,0.08313013192709853,0.605,0.0,179.5702101920853,177.96811501735763,0.24999997000600724,0.24999988804341255
15,0.3,unweighted,0.09394732605547935,0.245,0.0,180.0,180.0,1.0,1.0
15,0.3,source,0.08034937565275785,0.705,0.0,168.58199297143207,180.0,1.6247922743005014,1.0
15,0.3,target,0.06826274658715067,0.97,0.0,180.0,153.9058027165513,1.0,1.8902164669211337
15,0.3,both,0.056356064918529805,0.995,0.0,168.58199297143207,153.9058027165513,1.6247922743005014,1.8902164669211337
15,0.3,crump,0.09394732605547935,0.245,0.0,180.0,180.0,1.0,1.0
15,0.3,overlap,0.0854526676543938,0.51,0.0,178.6274763641485,174.31071304127815,0.24999998690009123,0.24999807055321074
15,0.4,unweighted,0.10318914132754153,0.04,1.0,180.0,180.0,1.0,1.0
15,0.4,source,0.08503837446476319,0.53,0.0,162.13931297300672,180.0,1.8104813595644964,1.0
15,0.4,target,0.06827785014762142,0.97,0.0,180.0,139.46813363848213,1.0,2.1570533765973807
15,0.4,both,0.05333116770364732,0.995,0.0,162.13931297300672,139.46813363848213,1.8104813595644964,2.1570533765973807
15,0.4,crump,0.10209153153333766,0.06,0.0,179.0,177.0,1.0,1.0
15,0.4,overlap,0.08956174113205335,0.4,0.0,176.66025230097574,169.09719602721094,0.24999999998008252,0.24999995048103718
16,0.0,unweighted,0.06946827465325409,0.945,0.0,180.0,180.0,1.0,1.0
16,0.0,source,0.06481646096290597,0.99,0.0,178.83571961899446,180.0,1.2631185968375769,1.0
16,0.0,target,0.06510181370606741,0.99,0.0,180.0,179.11212738276558,1.0,1.1812803419174034
16,0.0,both,0.06059131619499707,1.0,0.0,178.83571961899446,179.11212738276558,1.2631185968375769,1.1812803419174034
16,0.0,crump,0.06946827465325409,0.945,0.0,180.0,180.0,1.0,1.0
16,0.0,overlap,0.06962905214653894,0.945,0.0,179.98680054443415,179.990273035749,0.24999999539898746,0.24999996917334946
16,0.1,unweighted,0.07654701074531323,0.825,0.0,180.0,180.0,1.0,1.0
16,0.1,source,0.066172221581678,0.99,0.0,174.66268271776445,180.0,1.545555639721673,1.0
16,0.1,target,0.06531900053936504,0.995,0.0,180.0,173.17350849026508,1.0,1.429074169120934
16,0.1,both,0.055677378758091686,1.0,0.0,174.66268271776445,173.17350849026508,1.545555639721673,1.429074169120934
16,0.1,crump,0.07654701074531323,0.825,0.0,180.0,180.0,1.0,1.0
16,0.1,overlap,0.07492206811664026,0.88,0.0,179.7323927356972,179.32567301909944,0.24999923237762323,0.24999986994834075
16,0.2,unweighted,0.08560385707209267,0.51,0.0,180.0,180.0,1.0,1.0
16,0.2,source,0.0709582481708307,0.935,0.0,169.67199256815596,180.0,1.7461568604781812,1.0
16,0.2,target,0.06538283413906702,0.99,0.0,180.0,163.65749627483868,1.0,1.648192318142637
16,0.2,both,0.05227317907721149,1.0,0.0,169.67199256815596,163.65749627483868,1.7461568604781812,1.648192318142637
16,0.2,crump,0.08560385707209267,0.51,0.0,180.0,180.0,1.0,1.0
16,0.2,overlap,0.07932396735511008,0.785,0.0,179.01061810146993,177.03987713580042,0.24999943110435427,0.24999989218360513
16,0.3,unweighted,0.09085050964029874,0.32,0.0,180.0,180.0,1.0,1.0
16,0.3,source,0.07158210551210428,0.94,0.0,163.84767242896314,180.0,1.9348825447176687,1.0
16,0.3,target,0.0661602394235209,0.98,0.0,180.0,151.57159314795334,1.0,1.8766843180858592
16,0.3,both,0.049612803515113026,1.0,0.0,163.84767242896314,151.57159314795334,1.9348825447176687,1.8766843180858592
16,0.3,crump,0.09085050964029874,0.32,0.0,180.0,180.0,1.0,1.0
16,0.3,overlap,0.0819456478226914,0.655,0.0,177.57873312029847,173.52255488762475,0.24999320377065684,0.24999940051591538
16,0.4,unweighted,0.097337401882335,0.145,0.0,180.0,180.0,1.0,1.0
16,0.4,source,0.07294938175464655,0.915,0.0,157.58386452765765,180.0,2.1223508394392314,1.0
16,0.4,target,0.06673105433226403,0.97,0.0,180.0,139.11451552743247,1.0,2.1083184348252373
16,0.4,both,0.046689300414154936,1.0,0.0,157.58386452765765,139.11451552743247,2.1223508394392314,2.1083184348252373
16,0.4,crump,0.09464302749719417,0.14,0.0,180.0,176.0,1.0,1.0
16,0.4,overlap,0.08357526478963731,0.62,0.0,175.33330492137307,168.69470871265256,0.249999995043165,0.24999735432865638
17,0.0,unweighted,0.05857839315653102,0.995,0.0,180.0,180.0,1.0,1.0
17,0.0,source,0.06119925827376101,0.995,0.0,179.55565060099258,180.0,1.1364136319527067,1.0
17,0.0,target,0.06174841458199043,0.99,0.0,180.0,179.54433869266677,1.0,1.1573983083714152
17,0.0,both,0.06444396597421659,0.985,0.0,179.55565060099258,179.54433869266677,1.1364136319527067,1.1573983083714152
17,0.0,crump,0.05857839315653102,0.995,0.0,180.0,180.0,1.0,1.0
17,0.0,overlap,0.05875066071721846,0.995,0.0,179.9979852628583,179.99771813529162,0.24999997575832633,0.24999970499302412
17,0.1,unweighted,0.06793287799115988,0.955,0.0,180.0,180.0,1.0,1.0
17,0.1,source,0.0645654726275182,0.985,0.0,178.87583967017912,180.0,1.172578851670623,1.0
17,0.1,target,0.06176532265361756,0.99,0.0,180.0,178.04753709668768,1.0,1.1865862364257944
17,0.1,both,0.05854138441650526,1.0,0.0,178.87583967017912,178.04753709668768,1.172578851670623,1.1865862364257944
17,0.1,crump,0.06793287799115988,0.955,0.0,180.0,180.0,1.0,1.0
17,0.1,overlap,0.06774982705491187,0.96,0.0,179.98631568224104,179.95563975025618,0.24999999999517933,0.2499999557573659
17,0.2,unweighted,0.07942462562871513,0.73,0.0,180.0,180.0,1.0,1.0
17,0.2,source,0.07163014657005003,0.905,0.0,174.92430465093335,180.0,1.3700536039641684,1.0
17,0.2,target,0.06352439611330624,0.98,0.0,180.0,169.43086913466828,1.0,1.4456352598695463
17,0.2,both,0.05649255815852519,1.0,0.0,174.92430465093335,169.43086913466828,1.3700536039641684,1.4456352598695463
17,0.2,crump,0.07942462562871513,0.73,0.0,180.0,180.0,1.0,1.0
17,0.2,overlap,0.07640053081521621,0.795,0.0,179.71350288709874,179.0557311554836,0.24999981583730166,0.24999957471510117
17,0.3,unweighted,0.08491761736015851,0.48,0.0,180.0,180.0,1.0,1.0
17,0.3,source,0.07393311438078855,0.865,0.0,170.89181326981168,180.0,1.505097235957748,1.0
17,0.3,target,0.061968465567666636,0.985,0.0,180.0,158.49955517928018,1.0,1.6529134036339337
17,0.3,both,0.052525665447242194,1.0,0.0,170.89181326981168,158.49955517928018,1.505097235957748,1.6529134036339337
17,0.3,crump,0.08491761736015851,0.48,0.0,180.0,180.0,1.0,1.0
17,0.3,overlap,0.07841312704357428,0.765,0.0,179.06933236213854,176.77423118540403,0.24999971939702229,0.24999989523783459
17,0.4,unweighted,0.09398649024538942,0.175,0.0,180.0,180.0,1.0,1.0
17,0.4,source,0.08016360053569384,0.66,0.0,165.89897484402496,180.0,1.648018272814791,1.0
17,0.4,target,0.061429154984974824,0.99,0.0,180.0,145.48721326196073,1.0,1.8829696376020373
17,0.4,both,0.049956849897952,1.0,0.0,165.89897484402496,145.48721326196073,1.648018272814791,1.8829696376020373
17,0.4,crump,0.09398649024538942,0.175,0.0,180.0,180.0,1.0,1.0
17,0.4,overlap,0.08196679610311171,0.62,0.0,177.79344519914798,173.22490263402605,0.2499964018645666,0.24999973955604127
18,0.0,unweighted,0.08222861415942692,0.605,0.0,180.0,180.0,1.0,1.0
18,0.0,source,0.07706677959169142,0.79,0.0,178.9328010108937,180.0,1.2108959677907236,1.0
18,0.0,target,0.0770743413745416,0.78,0.0,180.0,178.95823742357186,1.0,1.1752505484416482
18,0.0,both,0.07208148720026346,0.9,0.0,178.9328010108937,178.95823742357186,1.2108959677907236,1.1752505484416482
18,0.0,crump,0.08222861415942692,0.605,0.0,180.0,180.0,1.0,1.0
18,0.0,overlap,0.08251875989860301,0.605,0.0,179.989353746059,179.99061899022055,0.24999993063928658,0.24999999908293394
18,0.1,unweighted,0.08995948026215517,0.325,0.0,180.0,180.0,1.0,1.0
18,0.1,source,0.07827028595215513,0.785,0.0,175.07550762229948,180.0,1.448343130340176,1.0
18,0.1,target,0.07710601748909146,0.795,0.0,180.0,172.52850894739055,1.0,1.4180358640793758
18,0.1,both,0.06634806466239458,0.97,0.0,175.07550762229948,172.52850894739055,1.448343130340176,1.4180358640793758
18,0.1,crump,0.08995948026215517,0.325,0.0,180.0,180.0,1.0,1.0
18,0.1,overlap,0.08910278858633452,0.37,0.0,179.78277182813963,179.41911731169412,0.24999991842554994,0.24999737059729887
18,0.2,unweighted,0.09858857357872275,0.105,0.0,180.0,180.0,1.0,1.0
18,0.2,source,0.0821804483093229,0.615,0.0,170.5897158920045,180.0,1.6205974071651326,1.0
18,0.2,target,0.07759651495855716,0.745,0.0,180.0,162.8893449706966,1.0,1.6281110966420762
18,0.2,both,0.06293274790056622,0.99,0.0,170.5897158920045,162.8893449706966,1.6205974071651326,1.6281110966420762
18,0.2,crump,0.09858857357872275,0.105,0.0,180.0,180.0,1.0,1.0
18,0.2,overlap,0.09440918418454468,0.2,0.0,179.22641863243675,177.3484730782721,0.24999531057573984,0.24999999834880363
18,0.3,unweighted,0.10976946825941167,0.01,1.0,180.0,180.0,1.0,1.0
18,0.3,source,0.08865710117146566,0.41,0.0,165.0406025162081,180.0,1.7935796265408157,1.0
18,0.3,target,0.0805291628097086,0.66,0.0,180.0,150.99309686040485,1.0,1.85362109774644
18,0.3,both,0.062042924068329806,0.985,0.0,165.0406025162081,150.99309686040485,1.7935796265408157,1.85362109774644
18,0.3,crump,0.10976946825941167,0.01,1.0,180.0,180.0,1.0,1.0
18,0.3,overlap,0.10127659315650692,0.065,0.0,178.0829691014021,173.66443083096064,0.24999977145636806,0.24997957946103047
18,0.4,unweighted,0.11568819253924707,0.005,1.0,180.0,180.0,1.0,1.0
18,0.4,source,0.09017213701479557,0.315,0.0,159.31243597779294,180.0,1.9589874602109267,1.0
18,0.4,target,0.08127340033290928,0.65,0.0,180.0,138.46542819375367,1.0,2.0784522485677868
18,0.4,both,0.05941641384917743,1.0,0.0,159.31243597779294,138.46542819375367,1.9589874602109267,2.0784522485677868
18,0.4,crump,0.11433115903127303,0.005,1.0,179.0,179.0,1.0,1.0
18,0.4,overlap,0.10390968323031707,0.04,1.0,176.38169415266057,169.3218666092395,0.24999436597615352,0.24999166605937914
19,0.0,unweighted,0.07445680917543057,0.85,0.0,180.0,180.0,1.0,1.0
19,0.0,source,0.07335082424971134,0.885,0.0,179.90413034685048,180.0,1.062605518244988,1.0
19,0.0,target,0.07323684478961753,0.885,0.0,180.0,179.92335541571757,1.0,1.0647888873563098
19,0.0,both,0.072137685610401,0.92,0.0,179.90413034685048,179.92335541571757,1.062605518244988,1.0647888873563098
19,0.0,crump,0.07445680917543057,0.85,0.0,180.0,180.0,1.0,1.0
19,0.0,overlap,0.07479336262643063,0.85,0.0,179.99987410861533,179.99992824123638,0.24999997893930379,0.24999998965207376
19,0.1,unweighted,0.0791492931717726,0.725,0.0,180.0,180.0,1.0,1.0
19,0.1,source,0.07094686756245484,0.925,0.0,176.56567294283548,180.0,1.371851196775699,1.0
19,0.1,target,0.07045584799173499,0.93,0.0,180.0,175.25767573661324,1.0,1.378301780001469
19,0.1,both,0.0626481523692817,1.0,0.0,176.56567294283548,175.25767573661324,1.371851196775699,1.378301780001469
19,0.1,crump,0.0791492931717726,0.725,0.0,180.0,180.0,1.0,1.0
19,0.1,overlap,0.07808706927190956,0.765,0.0,179.84538468187668,179.6389706369342,0.24999999639095508,0.24999997738445603
19,0.2,unweighted,0.08885366083676269,0.345,0.0,180.0,180.0,1.0,1.0
19,0.2,source,0.07607262290638028,0.83,0.0,172.1254631841214,180.0,1.564915043343503,1.0
19,0.2,target,0.0723740699216957,0.89,0.0,180.0,165.81003886543928,1.0,1.4863571148615582
19,0.2,both,0.0606408107970215,0.995,0.0,172.1254631841214,165.81003886543928,1.564915043343503,1.4863571148615582
19,0.2,crump,0.08885366083676269,0.345,0.0,180.0,180.0,1.0,1.0
19,0.2,overlap,0.08456691682807653,0.56,0.0,179.23628636203927,177.79778289102052,0.2499993594448786,0.24999967524728586
19,0.3,unweighted,0.09315696159122086,0.22,0.0,180.0,180.0,1.0,1.0
19,0.3,source,0.07779912782654361,0.8,0.0,168.5007288972777,180.0,1.6928096457320017,1.0
19,0.3,target,0.070012473822019,0.925,0.0,180.0,155.21785012148374,1.0,1.6528884775214938
19,0.3,both,0.056525710029651934,1.0,0.0,168.5007288972777,155.21785012148374,1.6928096457320017,1.6528884775214938
19,0.3,crump,0.09315696159122086,0.22,0.0,180.0,180.0,1.0,1.0
19,0.3,overlap,0.08517394149985077,0.485,0.0,178.4192387711929,174.98653114372192,0.2499987418571651,0.2499999909068543
19,0.4,unweighted,0.10202801116445663,0.06,0.0,180.0,180.0,1.0,1.0
19,0.4,source,0.08197426505736252,0.635,0.0,162.8828458356767,180.0,1.8705081232234746,1.0
19,0.4,target,0.0738069186837805,0.85,0.0,180.0,141.68776338488695,1.0,1.888470222955641
19,0.4,both,0.05665335880028893,0.995,0.0,162.8828458356767,141.68776338488695,1.8705081232234746,1.888470222955641
19,0.4,crump,0.10146930770400454,0.07,0.0,179.0,180.0,1.0,1.0
19,0.4,overlap,0.09155477484456566,0.32,0.0,176.64692041107207,170.80633808309756,0.2499999541190593,0.24999996623620133
20,0.0,unweighted,0.09793907750342935,0.13,0.0,180.0,180.0,1.0,1.0
20,0.0,source,0.09607074480967605,0.145,0.0,179.73204049150854,180.0,1.1038449951084859,1.0
20,0.0,target,0.09464300741965394,0.185,0.0,180.0,179.66502016802986,1.0,1.1166477957487912
20,0.0,both,0.09279809626628621,0.235,0.0,179.73204049150854,179.66502016802986,1.1038449951084859,1.1166477957487912
20,0.0,crump,0.09793907750342935,0.13,0.0,180.0,180.0,1.0,1.0
20,0.0,overlap,0.09841842900552818,0.13,0.0,179.99930534236833,179.99896135583552,0.2499999984183704,0.24999999886217492
20,0.1,unweighted,0.10851204561042524,0.015,1.0,180.0,180.0,1.0,1.0
20,0.1,source,0.1013005571759846,0.1,0.0,177.07350006206607,180.0,1.3407173680486906,1.0
20,0.1,target,0.09406570417044322,0.215,0.0,180.0,174.23411528897338,1.0,1.4134125473193389
20,0.1,both,0.08720056411719243,0.42,0.0,177.07350006206607,174.23411528897338,1.3407173680486906,1.4134125473193389
20,0.1,crump,0.10851204561042524,0.015,1.0,180.0,180.0,1.0,1.0
20,0.1,overlap,0.10732444337923132,0.03,1.0,179.91345838006302,179.59337376803114,0.24999986123251608,0.24999999618901791
20,0.2,unweighted,0.11217839125133364,0.01,1.0,180.0,180.0,1.0,1.0
20,0.2,source,0.10096609611747821,0.1,0.0,173.70693290892257,180.0,1.5008077673251001,1.0
20,0.2,target,0.09044042189730911,0.335,0.0,180.0,165.00315611515651,1.0,1.6382802191676558
20,0.2,both,0.08012610657108135,0.685,0.0,173.70693290892257,165.00315611515651,1.5008077673251001,1.6382802191676558
20,0.2,crump,0.11217839125133364,0.01,1.0,180.0,180.0,1.0,1.0
20,0.2,overlap,0.1083596122355318,0.02,1.0,179.58098800921704,177.71978593590543,0.24999986796144538,0.24999912460319373
20,0.3,unweighted,0.12152309575522023,0.005,1.0,180.0,180.0,1.0,1.0
20,0.3,source,0.1066832568149673,0.045,1.0,169.54046517552905,180.0,1.6551391632303856,1.0
20,0.3,target,0.09048094162270316,0.315,0.0,180.0,153.18324144828978,1.0,1.8621685221303852
20,0.3,both,0.07725671791693506,0.75,0.0,169.54046517552905,153.18324144828978,1.6551391632303856,1.8621685221303852
20,0.3,crump,0.12152309575522023,0.005,1.0,180.0,180.0,1.0,1.0
20,0.3,overlap,0.11391396288695184,0.01,1.0,178.79976870188227,174.34543446554807,0.24999783263864178,0.24999891178248404
20,0.4,unweighted,0.12824716030330743,0.005,1.0,180.0,180.0,1.0,1.0
20,0.4,source,0.10907820193996987,0.015,1.0,164.00150056601856,180.0,1.8339336551853083,1.0
20,0.4,target,0.08978602815340028,0.345,0.0,180.0,139.6386284463429,1.0,2.0976415267716226
20,0.4,both,0.07281130324418617,0.87,0.0,164.00150056601856,139.6386284463429,1.8339336551853083,2.0976415267716226
20,0.4,crump,0.12824716030330743,0.005,1.0,180.0,180.0,1.0,1.0
20,0.4,overlap,0.11569372979403432,0.005,1.0,177.17368783109518,168.9645592486771,0.2499953512850725,0.2499935406027974
21,0.0,unweighted,0.08270141937204695,0.56,0.0,180.0,180.0,1.0,1.0
21,0.0,source,0.08230453878565361,0.59,0.0,179.96178701257145,180.0,1.0511469509122922,1.0
21,0.0,target,0.08160011938117698,0.605,0.0,180.0,179.95846324530186,1.0,1.0384243145487386
21,0.0,both,0.08120465166175488,0.64,0.0,179.96178701257145,179.95846324530186,1.0511469509122922,1.0384243145487386
21,0.0,crump,0.08270141937204695,0.56,0.0,180.0,180.0,1.0,1.0
21,0.0,overlap,0.08315265533550284,0.56,0.0,179.99998204717207,179.99997927667414,0.24999999982036003,0.2499999999748803
21,0.1,unweighted,0.0934662675278159,0.225,0.0,180.0,180.0,1.0,1.0
21,0.1,source,0.086846391136146,0.42,0.0,177.19607609567134,180.0,1.425433929919356,1.0
21,0.1,target,0.0814395780968161,0.655,0.0,180.0,175.46603096662795,1.0,1.3616424718603968
21,0.1,both,0.07518013300114365,0.86,0.0,177.19607609567134,175.46603096662795,1.425433929919356,1.3616424718603968
21,0.1,crump,0.0934662675278159,0.225,0.0,180.0,180.0,1.0,1.0
21,0.1,overlap,0.09267617732407771,0.25,0.0,179.90917578470365,179.75422625842026,0.24999995774298728,0.24999914161994471
21,0.2,unweighted,0.10349338420210333,0.025,1.0,180.0,180.0,1.0,1.0
21,0.2,source,0.0926553362346371,0.285,0.0,173.54970474610866,180.0,1.6319630779761671,1.0
21,0.2,target,0.08156667190778691,0.655,0.0,180.0,166.8750400293969,1.0,1.585952918366861
21,0.2,both,0.07187473000725544,0.91,0.0,173.54970474610866,166.8750400293969,1.6319630779761671,1.585952918366861
21,0.2,crump,0.10349338420210333,0.025,1.0,180.0,180.0,1.0,1.0
21,0.2,overlap,0.09957406186955031,0.075,0.0,179.5391290759338,178.32201541039072,0.24999882702691276,0.24999993842117443
21,0.3,unweighted,0.11131838515470205,0.01,1.0,180.0,180.0,1.0,1.0
21,0.3,source,0.09700857900931448,0.145,0.0,168.54539460954445,180.0,1.8347357817700027,1.0
21,0.3,target,0.0804376247797786,0.665,0.0,180.0,155.08509861500346,1.0,1.8263729314503594
21,0.3,both,0.06807516223308985,0.935,0.0,168.54539460954445,155.08509861500346,1.8347357817700027,1.8263729314503594
21,0.3,crump,0.11131838515470205,0.01,1.0,180.0,180.0,1.0,1.0
21,0.3,overlap,0.10327812234287856,0.045,1.0,178.59704789864236,175.2059817429742,0.24999997242589178,0.24999744245302513
21,0.4,unweighted,0.12187563919372046,0.005,1.0,180.0,180.0,1.0,1.0
21,0.4,source,0.10279041302188438,0.045,1.0,162.29004000878854,180.0,2.0485472162202205,1.0
21,0.4,target,0.08349585620198954,0.59,0.0,180.0,141.323950058063,1.0,2.08558563387177
21,0.4,both,0.06761884282980823,0.965,0.0,162.29004000878854,141.323950058063,2.0485472162202205,2.08558563387177
21,0.4,crump,0.12083036665363894,0.005,1.0,180.0,179.0,1.0,1.0
21,0.4,overlap,0.11084809656406741,0.01,1.0,176.7648785251899,170.65585001025457,0.24999946768408482,0.2499889361225218
22,0.0,unweighted,0.07314673353909465,0.885,0.0,180.0,180.0,1.0,1.0
22,0.0,source,0.0720007093222638,0.93,0.0,179.88755212720636,180.0,1.0517775349188243,1.0
22,0.0,target,0.07135795282487993,0.93,0.0,180.0,179.85356168727085,1.0,1.0920365618844523
22,0.0,both,0.07022585584384591,0.965,0.0,179.88755212720636,179.85356168727085,1.0517775349188243,1.0920365618844523
22,0.0,crump,0.07314673353909465,0.885,0.0,180.0,180.0,1.0,1.0
22,0.0,overlap,0.07340708637072783,0.89,0.0,179.99981666964013,179.99979492060726,0.2499999999834338,0.24999999807431061
22,0.1,unweighted,0.0816737444749276,0.62,0.0,180.0,180.0,1.0,1.0
22,0.1,source,0.07444859345540861,0.88,0.0,177.01291654143597,180.0,1.2692107680639728,1.0
22,0.1,target,0.07069413024103229,0.93,0.0,180.0,174.1277257573878,1.0,1.4948430399048995
22,0.1,both,0.06405169709737216,0.99,0.0,177.01291654143597,174.1277257573878,1.2692107680639728,1.4948430399048995
22,0.1,crump,0.0816737444749276,0.62,0.0,180.0,180.0,1.0,1.0
22,0.1,overlap,0.08085659043635028,0.68,0.0,179.8716249301106,179.61176054165148,0.24999999540485407,0.24999999757389013
22,0.2,unweighted,0.09227932194025304,0.29,0.0,180.0,180.0,1.0,1.0
22,0.2,source,0.08199413901536393,0.665,0.0,173.8749117398499,180.0,1.3919662453372166,1.0
22,0.2,target,0.07070031195165696,0.925,0.0,180.0,164.80784628146316,1.0,1.7259094135835626
22,0.2,both,0.06163264913866431,0.995,0.0,173.8749117398499,164.80784628146316,1.3919662453372166,1.7259094135835626
22,0.2,crump,0.09227932194025304,0.29,0.0,180.0,180.0,1.0,1.0
22,0.2,overlap,0.08736607105721687,0.485,0.0,179.47860513243754,177.75739704728295,0.24999986138960717,0.24999989272849735
22,0.3,unweighted,0.10097853795153178,0.08,0.0,180.0,180.0,1.0,1.0
22,0.3,source,0.08771809013079641,0.445,0.0,170.31402084898846,180.0,1.5052718120140467,1.0
22,0.3,target,0.07121791155183343,0.91,0.0,180.0,153.31994029424465,1.0,1.9345331785724262
22,0.3,both,0.06006599587152381,1.0,0.0,170.31402084898846,153.31994029424465,1.5052718120140467,1.9345331785724262
22,0.3,crump,0.10097853795153178,0.08,0.0,180.0,180.0,1.0,1.0
22,0.3,overlap,0.09258897761002291,0.29,0.0,178.74184974811106,174.51466271228205,0.24999998615725477,0.2499998906930859
22,0.4,unweighted,0.10937239083219022,0.015,1.0,180.0,180.0,1.0,1.0
22,0.4,source,0.0919338254769975,0.29,0.0,164.0515732611807,180.0,1.678575396303477,1.0
22,0.4,target,0.07056752926678916,0.925,0.0,180.0,138.21970908197008,1.0,2.214045251481569
22,0.4,both,0.05632058251756107,1.0,0.0,164.0515732611807,138.21970908197008,1.678575396303477,2.214045251481569
22,0.4,crump,0.10949593710777236,0.015,1.0,179.0,179.0,1.0,1.0
22,0.4,overlap,0.09541633305512723,0.195,0.0,176.85610193724412,168.3000414559058,0.2499987291512135,0.2499956728211042
23,0.0,unweighted,0.07008602156683433,0.91,0.0,180.0,180.0,1.0,1.0
23,0.0,source,0.06924615176689031,0.925,0.0,179.93041269674305,180.0,1.0619304623064094,1.0
23,0.0,target,0.06898419098852016,0.93,0.0,180.0,179.93277961295516,1.0,1.0549561291521212
23,0.0,both,0.06815041135733813,0.935,0.0,179.93041269674305,179.93277961295516,1.0619304623064094,1.0549561291521212
23,0.0,crump,0.07008602156683433,0.91,0.0,180.0,180.0,1.0,1.0
23,0.0,overlap,0.07042470166657214,0.915,0.0,179.99993354665207,179.9999213826864,0.249999980859531,0.24999998801959294
23,0.1,unweighted,0.0776498685413809,0.75,0.0,180.0,180.0,1.0,1.0
23,0.1,source,0.0710043305339789,0.895,0.0,177.43298993884795,180.0,1.3703023604822897,1.0
23,0.1,target,0.06731902101015744,0.95,0.0,180.0,175.26493102332654,1.0,1.3641308235599083
23,0.1,both,0.06109033992466435,0.995,0.0,177.43298993884795,175.26493102332654,1.3703023604822897,1.3641308235599083
23,0.1,crump,0.0776498685413809,0.75,0.0,180.0,180.0,1.0,1.0
23,0.1,overlap,0.07638041093956782,0.81,0.0,179.91686997635338,179.6503483783005,0.24999999944119156,0.24999839876571342
23,0.2,unweighted,0.08829708504801098,0.335,0.0,180.0,180.0,1.0,1.0
23,0.2,source,0.07748176247249844,0.82,0.0,173.91992603526467,180.0,1.5654076250484168,1.0
23,0.2,target,0.06907443984101667,0.94,0.0,180.0,165.7552495876358,1.0,1.5992834786082204
23,0.2,both,0.0595122933493773,0.99,0.0,173.91992603526467,165.7552495876358,1.5654076250484168,1.5992834786082204
23,0.2,crump,0.08829708504801098,0.335,0.0,180.0,180.0,1.0,1.0
23,0.2,overlap,0.08403307137071317,0.53,0.0,179.56925101038595,177.82956186536993,0.249999212447688,0.24999992347393754
23,0.3,unweighted,0.09640275682060662,0.135,0.0,180.0,180.0,1.0,1.0
23,0.3,source,0.081586251617145,0.58,0.0,169.5827237199301,180.0,1.743324025947282,1.0
23,0.3,target,0.06846031663434865,0.925,0.0,180.0,153.7692398658098,1.0,1.8279766877833041
23,0.3,both,0.055938390969386305,1.0,0.0,169.5827237199301,153.7692398658098,1.743324025947282,1.8279766877833041
23,0.3,crump,0.09518538634848381,0.15,0.0,180.0,179.0,1.0,1.0
23,0.3,overlap,0.08720905732333736,0.41,0.0,178.81848866040437,174.13002722030518,0.24999841357767613,0.24998447028702006
23,0.4,unweighted,0.10549969707361684,0.035,1.0,180.0,180.0,1.0,1.0
23,0.4,source,0.08717829099364943,0.41,0.0,164.68184467818784,180.0,1.91932120475183,1.0
23,0.4,target,0.06966207114941117,0.94,0.0,180.0,140.21668778059603,1.0,2.0608661226707543
23,0.4,both,0.05489544406420227,0.995,0.0,164.68184467818784,140.21668778059603,1.91932120475183,2.0608661226707543
23,0.4,crump,0.10433312833835284,0.04,1.0,180.0,179.0,1.0,1.0
23,0.4,overlap,0.09301945968353689,0.24,0.0,177.57334798891145,169.7607757917576,0.24999999914590446,0.24999998517725652
24,0.0,unweighted,0.07065070968602348,0.955,0.0,180.0,180.0,1.0,1.0
24,0.0,source,0.06672843435856758,0.985,0.0,179.01483742419933,180.0,1.2592960426376503,1.0
24,0.0,target,0.0660726330240991,0.99,0.0,180.0,178.9173538563737,1.0,1.1973020064846938
24,0.0,both,0.062285706385711494,0.995,0.0,179.01483742419933,178.9173538563737,1.2592960426376503,1.1973020064846938
24,0.0,crump,0.07065070968602348,0.955,0.0,180.0,180.0,1.0,1.0
24,0.0,overlap,0.07083249878649925,0.955,0.0,179.9891375305605,179.9871592348071,0.2499998983427863,0.24999979919509613
24,0.1,unweighted,0.08039007677945437,0.645,0.0,180.0,180.0,1.0,1.0
24,0.1,source,0.07097084082618871,0.95,0.0,174.97909251960982,180.0,1.564734678543602,1.0
24,0.1,target,0.06682333788425361,0.985,0.0,180.0,171.13233590897323,1.0,1.4882627038712397
24,0.1,both,0.05820989962211656,0.995,0.0,174.97909251960982,171.13233590897323,1.564734678543602,1.4882627038712397
24,0.1,crump,0.08039007677945437,0.645,0.0,180.0,180.0,1.0,1.0
24,0.1,overlap,0.0781871235343335,0.775,0.0,179.74014726256476,178.98294929129256,0.24999979751501356,0.24999591032505247
24,0.2,unweighted,0.08779170667581161,0.38,0.0,180.0,180.0,1.0,1.0
24,0.2,source,0.07582786085642017,0.87,0.0,172.13711254904007,180.0,1.7014823331061102,1.0
24,0.2,target,0.06620647075465141,0.98,0.0,180.0,161.82187979625752,1.0,1.6532381489832033
24,0.2,both,0.05560199996630956,1.0,0.0,172.13711254904007,161.82187979625752,1.7014823331061102,1.6532381489832033
24,0.2,crump,0.08779170667581161,0.38,0.0,180.0,180.0,1.0,1.0
24,0.2,overlap,0.08106868590785352,0.675,0.0,179.37369872917208,176.27941203753366,0.24999878704331288,0.2499999500053842
24,0.3,unweighted,0.09388810585276636,0.18,0.0,180.0,180.0,1.0,1.0
24,0.3,source,0.07823078396924875,0.775,0.0,167.45126297179215,180.0,1.8864681244590156,1.0
24,0.3,target,0.0658660136679837,0.985,0.0,180.0,149.01161947860368,1.0,1.8810436435031592
24,0.3,both,0.052524275010118554,1.0,0.0,167.45126297179215,149.01161947860368,1.8864681244590156,1.8810436435031592
24,0.3,crump,0.09388810585276636,0.18,0.0,180.0,180.0,1.0,1.0
24,0.3,overlap,0.08341021892341909,0.565,0.0,178.42069926042458,171.66002180287944,0.24999988760457065,0.2499998616496241
24,0.4,unweighted,0.10557403882792257,0.04,1.0,180.0,180.0,1.0,1.0
24,0.4,source,0.08553945542292676,0.485,0.0,161.33888251833807,180.0,2.0982483962793177,1.0
24,0.4,target,0.06814030654821582,0.97,0.0,180.0,134.71283113268004,1.0,2.1401808460482
24,0.4,both,0.05164954844858599,1.0,0.0,161.33888251833807,134.71283113268004,2.0982483962793177,2.1401808460482
24,0.4,crump,0.10145962731680863,0.075,0.0,180.0,172.0,1.0,1.0
24,0.4,overlap,0.08796646951903385,0.34,0.0,176.5600195128547,165.07753937518757,0.24999995276742584,0.24999052114960615
25,0.0,unweighted,0.07994941605700351,0.675,0.0,180.0,180.0,1.0,1.0
25,0.0,source,0.07978528550543441,0.695,0.0,179.98453635693514,180.0,1.0232507722590722,1.0
25,0.0,target,0.07925711154377897,0.705,0.0,180.0,179.98157491723467,1.0,1.027981618416103
25,0.0,both,0.07909240423560276,0.705,0.0,179.98453635693514,179.98157491723467,1.0232507722590722,1.027981618416103
25,0.0,crump,0.07994941605700351,0.675,0.0,180.0,180.0,1.0,1.0
25,0.0,overlap,0.08038219615740697,0.67,0.0,179.9999978017548,179.99999654858686,0.24999999012173368,0.24999999973545986
25,0.1,unweighted,0.08629494170096022,0.43,0.0,180.0,180.0,1.0,1.0
25,0.1,source,0.07940445041823223,0.705,0.0,177.68106914097592,180.0,1.2834889192313335,1.0
25,0.1,target,0.0767275399866515,0.79,0.0,180.0,175.5367638690332,1.0,1.370143245194421
25,0.1,both,0.07017440869507216,0.955,0.0,177.68106914097592,175.5367638690332,1.2834889192313335,1.370143245194421
25,0.1,crump,0.08629494170096022,0.43,0.0,180.0,180.0,1.0,1.0
25,0.1,overlap,0.08585052930542562,0.47,0.0,179.94997768833753,179.74882729627546,0.24999919457857933,0.24999949696603918
25,0.2,unweighted,0.09686391841944826,0.1,0.0,180.0,180.0,1.0,1.0
25,0.2,source,0.08493053522209791,0.505,0.0,173.7307761264782,180.0,1.4679681151827988,1.0
25,0.2,target,0.07751547695289336,0.78,0.0,180.0,165.71313262116337,1.0,1.6401971408870608
25,0.2,both,0.06665218329342293,0.975,0.0,173.7307761264782,165.71313262116337,1.4679681151827988,1.6401971408870608
25,0.2,crump,0.09686391841944826,0.1,0.0,180.0,180.0,1.0,1.0
25,0.2,overlap,0.09316530853989594,0.18,0.0,179.6286851974318,177.9966012421122,0.24999997969145582,0.24998792900756261
25,0.3,unweighted,0.10371238187776255,0.035,1.0,180.0,180.0,1.0,1.0
25,0.3,source,0.0877962474645465,0.385,0.0,168.4617545693646,180.0,1.6464286547296503,1.0
25,0.3,target,0.07683216560486472,0.755,0.0,180.0,152.72813886818648,1.0,1.9032180763928686
25,0.3,both,0.062381333465913735,0.99,0.0,168.4617545693646,152.72813886818648,1.6464286547296503,1.9032180763928686
25,0.3,crump,0.10371238187776255,0.035,1.0,180.0,180.0,1.0,1.0
25,0.3,overlap,0.09571116849090347,0.13,0.0,178.7324484030865,174.08613925954447,0.24999831051898483,0.24999960415649541
25,0.4,unweighted,0.1139626162170401,0.01,1.0,180.0,180.0,1.0,1.0
25,0.4,source,0.09204960600029874,0.245,0.0,161.37514208452617,180.0,1.8515207524448585,1.0
25,0.4,target,0.07921702796908374,0.7,0.0,180.0,137.61029892670345,1.0,2.189999948108313
25,0.4,both,0.06001908778624625,0.995,0.0,161.37514208452617,137.61029892670345,1.8515207524448585,2.189999948108313
25,0.4,crump,0.11270890034605313,0.005,1.0,180.0,176.0,1.0,1.0
25,0.4,overlap,0.10044306469055825,0.055,0.0,176.73029147802242,167.98314715544734,0.24999999948647172,0.2499976592861432
26,0.0,unweighted,0.08300626809937511,0.545,0.0,180.0,180.0,1.0,1.0
26,0.0,source,0.08480666169310505,0.485,0.0,179.93669789604138,180.0,1.0455253033691287,1.0
26,0.0,target,0.08435690108907944,0.51,0.0,180.0,179.9374380659358,1.0,1.0569981975687048
26,0.0,both,0.08617686574439705,0.41,0.0,179.93669789604138,179.9374380659358,1.0455253033691287,1.0569981975687048
26,0.0,crump,0.08300626809937511,0.545,0.0,180.0,180.0,1.0,1.0
26,0.0,overlap,0.08348710170133684,0.545,0.0,179.99994753690373,179.99995978528466,0.24999999800280948,0.24999999913773335
26,0.1,unweighted,0.08891187319006248,0.32,0.0,180.0,180.0,1.0,1.0
26,0.1,source,0.08316755041061333,0.535,0.0,178.58225934032927,180.0,1.3164976623758462,1.0
26,0.1,target,0.08113569582716329,0.6,0.0,180.0,177.61786183731448,1.0,1.2438079388890344
26,0.1,both,0.07566711521456461,0.795,0.0,178.58225934032927,177.61786183731448,1.3164976623758462,1.2438079388890344
26,0.1,crump,0.08891187319006248,0.32,0.0,180.0,180.0,1.0,1.0
26,0.1,overlap,0.08908966297748275,0.33,0.0,179.97619564884891,179.92530884778802,0.24999998245486715,0.24999999874289558
26,0.2,unweighted,0.0927069758802012,0.175,0.0,180.0,180.0,1.0,1.0
26,0.2,source,0.081330287961557,0.62,0.0,175.0983715087537,180.0,1.5708826902676167,1.0
26,0.2,target,0.07716425335533314,0.795,0.0,180.0,169.9759683942632,1.0,1.490164533587064
26,0.2,both,0.06688259430410348,0.97,0.0,175.0983715087537,169.9759683942632,1.5708826902676167,1.490164533587064
26,0.2,crump,0.0927069758802012,0.175,0.0,180.0,180.0,1.0,1.0
26,0.2,overlap,0.09111898562855283,0.27,0.0,179.7426316358486,178.99485375089057,0.24999648153529636,0.24999830090132888
26,0.3,unweighted,0.10436648757811309,0.025,1.0,180.0,180.0,1.0,1.0
26,0.3,source,0.08744437520628923,0.405,0.0,170.04768329599545,180.0,1.7967284809883652,1.0
26,0.3,target,0.07949244729491164,0.7,0.0,180.0,158.51270706788358,1.0,1.7444885195773996
26,0.3,both,0.06494597088995852,0.985,0.0,170.04768329599545,158.51270706788358,1.7967284809883652,1.7444885195773996
26,0.3,crump,0.10436648757811309,0.025,1.0,180.0,180.0,1.0,1.0
26,0.3,overlap,0.09966991813847156,0.085,0.0,179.0114467214073,176.470972348826,0.2499998603827935,0.24999657384285315
26,0.4,unweighted,0.11019924839963421,0.02,1.0,180.0,180.0,1.0,1.0
26,0.4,source,0.08803131499957409,0.41,0.0,163.93792053744974,180.0,2.0108257873989523,1.0
26,0.4,target,0.07872463693105303,0.755,0.0,180.0,145.22964617743702,1.0,2.0002116945339417
26,0.4,both,0.06035021573851171,1.0,0.0,163.93792053744974,145.22964617743702,2.0108257873989523,2.0002116945339417
26,0.4,crump,0.11019924839963421,0.02,1.0,180.0,180.0,1.0,1.0
26,0.4,overlap,0.10206117039586834,0.085,0.0,177.53957805933393,172.53618835639793,0.24999999242452017,0.24998604896186294
27,0.0,unweighted,0.06591078913275417,0.95,0.0,180.0,180.0,1.0,1.0
27,0.0,source,0.06503634064665145,0.965,0.0,179.945285031103,180.0,1.0459326104893811,1.0
27,0.0,target,0.06515037558189932,0.97,0.0,180.0,179.95502066880354,1.0,1.0525124841489382
27,0.0,both,0.06428162968993087,0.975,0.0,179.945285031103,179.95502066880354,1.0459326104893811,1.0525124841489382
27,0.0,crump,0.06591078913275417,0.95,0.0,180.0,180.0,1.0,1.0
27,0.0,overlap,0.06627219809892794,0.95,0.0,179.99996984965958,179.99997507277308,0.24999999725475933,0.24999985247828846
27,0.1,unweighted,0.07666748971193416,0.72,0.0,180.0,180.0,1.0,1.0
27,0.1,source,0.0677688716084297,0.925,0.0,176.98047197945345,180.0,1.3384839696746373,1.0
27,0.1,target,0.0678433805592305,0.925,0.0,180.0,175.55040888513565,1.0,1.416488800871677
27,0.1,both,0.05947832175043404,1.0,0.0,176.98047197945345,175.55040888513565,1.3384839696746373,1.416488800871677
27,0.1,crump,0.07666748971193416,0.72,0.0,180.0,180.0,1.0,1.0
27,0.1,overlap,0.075764565623433,0.755,0.0,179.90855454067884,179.69549300180188,0.24999875151900594,0.24999997159635923
27,0.2,unweighted,0.08247519909312605,0.515,0.0,180.0,180.0,1.0,1.0
27,0.2,source,0.06732139790743527,0.97,0.0,171.83467596662254,180.0,1.5572293477483257,1.0
27,0.2,target,0.06795172883805164,0.96,0.0,180.0,165.5584979512131,1.0,1.7120864189171845
27,0.2,both,0.054222169270658,1.0,0.0,171.83467596662254,165.5584979512131,1.5572293477483257,1.7120864189171845
27,0.2,crump,0.08247519909312605,0.515,0.0,180.0,180.0,1.0,1.0
27,0.2,overlap,0.07921915811996844,0.625,0.0,179.34794900826256,177.62684522520962,0.2499997273885569,0.24999690732488464
27,0.3,unweighted,0.08835110977747296,0.29,0.0,180.0,180.0,1.0,1.0
27,0.3,source,0.0676660534596503,0.94,0.0,166.04832525759826,180.0,1.740544959927048,1.0
27,0.3,target,0.06847377577836813,0.91,0.0,180.0,152.9851977606041,1.0,1.8833639169286336
27,0.3,both,0.050279777363908276,1.0,0.0,166.04832525759826,152.9851977606041,1.740544959927048,1.8833639169286336
27,0.3,crump,0.08835110977747296,0.29,0.0,180.0,180.0,1.0,1.0
27,0.3,overlap,0.0814097282345993,0.59,0.0,178.15296678841918,173.7003036641142,0.24998644180102886,0.24999993981672433
27,0.4,unweighted,0.10022840077732052,0.035,1.0,180.0,180.0,1.0,1.0
27,0.4,source,0.07314590077995672,0.825,0.0,158.3938268552719,180.0,1.9542825991759698,1.0
27,0.4,target,0.07149361615061788,0.855,0.0,180.0,137.99796857989637,1.0,2.0260983869934726
27,0.4,both,0.04871577133965134,1.0,0.0,158.3938268552719,137.99796857989637,1.9542825991759698,2.0260983869934726
27,0.4,crump,0.09962915589354582,0.085,0.0,179.0,180.0,1.0,1.0
27,0.4,overlap,0.08712697913920561,0.36,0.0,175.75699835016349,167.947166893497,0.24999614021583286,0.24999974369745967
28,0.0,unweighted,0.07958618160341413,0.665,0.0,180.0,180.0,1.0,1.0
28,0.0,source,0.07532186967347755,0.825,0.0,179.02187523992973,180.0,1.198519825767573,1.0
28,0.0,target,0.0748403533513596,0.825,0.0,180.0,179.0514421680276,1.0,1.176103647447161
28,0.0,both,0.07070995449313122,0.92,0.0,179.02187523992973,179.0514421680276,1.198519825767573,1.176103647447161
28,0.0,crump,0.07958618160341413,0.665,0.0,180.0,180.0,1.0,1.0
28,0.0,overlap,0.07979838612070195,0.685,0.0,179.99032565545897,179.98971264370388,0.24999973013648266,0.24999993961664685
28,0.1,unweighted,0.08474565519737845,0.475,0.0,180.0,180.0,1.0,1.0
28,0.1,source,0.07531903852287558,0.82,0.0,175.5434293333037,180.0,1.420650325155947,1.0
28,0.1,target,0.07236349024109001,0.88,0.0,180.0,172.74319070879724,1.0,1.4148233603321552
28,0.1,both,0.06357379162318776,0.98,0.0,175.5434293333037,172.74319070879724,1.420650325155947,1.4148233603321552
28,0.1,crump,0.08474565519737845,0.475,0.0,180.0,180.0,1.0,1.0
28,0.1,overlap,0.08281767502740404,0.545,0.0,179.79524709553644,179.180759358653,0.2499999875263904,0.2499998521296181
28,0.2,unweighted,0.09364528463648833,0.18,0.0,180.0,180.0,1.0,1.0
28,0.2,source,0.07972606393115964,0.69,0.0,171.51577369863054,180.0,1.5829970452619324,1.0
28,0.2,target,0.07278088951128542,0.87,0.0,180.0,162.94057319271244,1.0,1.6213422071993973
28,0.2,both,0.060535387711724425,0.99,0.0,171.51577369863054,162.94057319271244,1.5829970452619324,1.6213422071993973
28,0.2,crump,0.09364528463648833,0.18,0.0,180.0,180.0,1.0,1.0
28,0.2,overlap,0.08778765474869328,0.39,0.0,179.24560355440778,176.57742854827572,0.2499999919417312,0.24999911361500812
28,0.3,unweighted,0.1053140289208962,0.02,1.0,180.0,180.0,1.0,1.0
28,0.3,source,0.08604116615606903,0.485,0.0,164.96873220456294,180.0,1.7913889348780343,1.0
28,0.3,target,0.07474983606766103,0.83,0.0,180.0,149.31834330729043,1.0,1.8559786217614909
28,0.3,both,0.05816818096329689,0.995,0.0,164.96873220456294,149.31834330729043,1.7913889348780343,1.8559786217614909
28,0.3,crump,0.10299354780290068,0.05,0.0,180.0,178.0,1.0,1.0
28,0.3,overlap,0.09263960756476652,0.27,0.0,177.66028309593315,171.15660435476354,0.24997961468561256,0.24999944970189986
28,0.4,unweighted,0.10977262802926382,0.01,1.0,180.0,180.0,1.0,1.0
28,0.4,source,0.08531649448757048,0.495,0.0,157.7044635087393,180.0,2.00078937428504,1.0
28,0.4,target,0.07281486967628084,0.87,0.0,180.0,134.53489714401374,1.0,2.1326240021952176
28,0.4,both,0.0526509572023173,1.0,0.0,157.7044635087393,134.53489714401374,2.00078937428504,2.1326240021952176
28,0.4,crump,0.10472598448567694,0.06,0.0,180.0,171.0,1.0,1.0
28,0.4,overlap,0.0909211398751567,0.29,0.0,175.0128206448654,164.35526026777188,0.24999959080487816,0.24997085496456073
29,0.0,unweighted,0.060467938385916783,1.0,0.0,180.0,180.0,1.0,1.0
29,0.0,source,0.05991867279255039,1.0,0.0,179.94896591153451,180.0,1.0437335773695018,1.0
29,0.0,target,0.05960888205512928,1.0,0.0,180.0,179.94549872107794,1.0,1.0475236971078532
29,0.0,both,0.059063689589293096,1.0,0.0,179.94896591153451,179.94549872107794,1.0437335773695018,1.0475236971078532
29,0.0,crump,0.060467938385916783,1.0,0.0,180.0,180.0,1.0,1.0
29,0.0,overlap,0.060814757071658364,1.0,0.0,179.99996972953053,179.99997105495567,0.24999998864270057,0.24999998095871287
29,0.1,unweighted,0.0645352185261393,0.965,0.0,180.0,180.0,1.0,1.0
29,0.1,source,0.05788986129297946,1.0,0.0,176.88832301416898,180.0,1.3397383552365878,1.0
29,0.1,target,0.057451527607508254,1.0,0.0,180.0,174.74604354497313,1.0,1.405309042060355
29,0.1,both,0.05123950685195655,1.0,0.0,176.88832301416898,174.74604354497313,1.3397383552365878,1.405309042060355
29,0.1,crump,0.0645352185261393,0.965,0.0,180.0,180.0,1.0,1.0
29,0.1,overlap,0.0641722361725068,0.975,0.0,179.88515466269308,179.6336524858343,0.2499999747933158,0.24999886221685666
29,0.2,unweighted,0.06964397481329065,0.915,0.0,180.0,180.0,1.0,1.0
29,0.2,source,0.059138882299623524,1.0,0.0,172.87490779755777,180.0,1.5173625885722501,1.0
29,0.2,target,0.05746447840782495,1.0,0.0,180.0,164.89541589056608,1.0,1.6522583174155625
29,0.2,both,0.04808810718287336,1.0,0.0,172.87490779755777,164.89541589056608,1.5173625885722501,1.6522583174155625
29,0.2,crump,0.06964397481329065,0.915,0.0,180.0,180.0,1.0,1.0
29,0.2,overlap,0.06747012785515111,0.93,0.0,179.40301114660787,177.5912023130514,0.24999991063221663,0.24999474927960422
29,0.3,unweighted,0.07970465820759032,0.71,0.0,180.0,180.0,1.0,1.0
29,0.3,source,0.06396325337083086,0.99,0.0,166.48201048909752,180.0,1.7296995983042867,1.0
29,0.3,target,0.060093790405614696,1.0,0.0,180.0,150.7905168197914,1.0,1.944934611581021
29,0.3,both,0.04672730765090803,1.0,0.0,166.48201048909752,150.7905168197914,1.7296995983042867,1.944934611581021
29,0.3,crump,0.07970465820759032,0.71,0.0,180.0,180.0,1.0,1.0
29,0.3,overlap,0.0732616966175314,0.865,0.0,177.94862774981067,172.79411412670163,0.24999806729471566,0.24999174931366241
29,0.4,unweighted,0.09011511107300717,0.315,0.0,180.0,180.0,1.0,1.0
29,0.4,source,0.07041825227113031,0.9,0.0,160.21358750021338,180.0,1.9179686907047961,1.0
29,0.4,target,0.06274924912604593,0.98,0.0,180.0,136.34829679896856,1.0,2.2056733379865623
29,0.4,both,0.0465564283362934,1.0,0.0,160.21358750021338,136.34829679896856,1.9179686907047961,2.2056733379865623
29,0.4,crump,0.08584851317285519,0.445,0.0,178.0,176.0,1.0,1.0
29,0.4,overlap,0.07879021993037555,0.765,0.0,175.77458536524094,166.78797775608277,0.24999533453619058,0.24998853785796096
30,0.0,unweighted,0.07754607719859777,0.735,0.0,180.0,180.0,1.0,1.0
30,0.0,source,0.07540811257428046,0.815,0.0,179.7006527555495,180.0,1.1500849156153758,1.0
30,0.0,target,0.07480065524044985,0.835,0.0,180.0,179.7070038936768,1.0,1.0923963113408313
30,0.0,both,0.07269422946537493,0.885,0.0,179.7006527555495,179.7070038936768,1.1500849156153758,1.0923963113408313
30,0.0,crump,0.07754607719859777,0.735,0.0,180.0,180.0,1.0,1.0
30,0.0,overlap,0.077908911958741,0.735,0.0,179.99865324381642,179.9989314793314,0.24999999958214836,0.24999999491092773
30,0.1,unweighted,0.08723093945282732,0.365,0.0,180.0,180.0,1.0,1.0
30,0.1,source,0.0796664169361262,0.695,0.0,177.13157659216552,180.0,1.4511392657498972,1.0
30,0.1,target,0.07513625561440487,0.845,0.0,180.0,174.9556875013694,1.0,1.3192841459553115
30,0.1,both,0.0680863954208443,0.96,0.0,177.13157659216552,174.9556875013694,1.4511392657498972,1.3192841459553115
30,0.1,crump,0.08723093945282732,0.365,0.0,180.0,180.0,1.0,1.0
30,0.1,overlap,0.0860175916470679,0.43,0.0,179.88694055106444,179.65148655725739,0.24999958394396107,0.2499999767221122
30,0.2,unweighted,0.09682351966163695,0.14,0.0,180.0,180.0,1.0,1.0
30,0.2,source,0.08430799599965597,0.485,0.0,172.64826829689957,180.0,1.7015908737452672,1.0
30,0.2,target,0.07555409664706965,0.785,0.0,180.0,164.80609854223215,1.0,1.565377298788217
30,0.2,both,0.06437785183821954,0.98,0.0,172.64826829689957,164.80609854223215,1.7015908737452672,1.565377298788217
30,0.2,crump,0.09682351966163695,0.14,0.0,180.0,180.0,1.0,1.0
30,0.2,overlap,0.09245481670003386,0.265,0.0,179.33264932094497,177.79995109697416,0.24999989037924827,0.24999989376656442
30,0.3,unweighted,0.1091120237006554,0.01,1.0,180.0,180.0,1.0,1.0
30,0.3,source,0.09160939542733222,0.28,0.0,167.56225944298458,180.0,1.9045056413379744,1.0
30,0.3,target,0.07841400534247368,0.73,0.0,180.0,152.3946155324682,1.0,1.7991943005895303
30,0.3,both,0.06329118804902109,0.98,0.0,167.56225944298458,152.3946155324682,1.9045056413379744,1.7991943005895303
30,0.3,crump,0.1091120237006554,0.01,1.0,180.0,180.0,1.0,1.0
30,0.3,overlap,0.10027045379590567,0.095,0.0,178.25281723628672,174.25227187061006,0.24999999659711608,0.24999994155641514
30,0.4,unweighted,0.11279380144032922,0.015,1.0,180.0,180.0,1.0,1.0
30,0.4,source,0.09013455501620357,0.335,0.0,161.62237111593987,180.0,2.109118188641681,1.0
30,0.4,target,0.0767767040756591,0.77,0.0,180.0,138.99301111389732,1.0,2.0455520300930154
30,0.4,both,0.05813533587289066,0.995,0.0,161.62237111593987,138.99301111389732,2.109118188641681,2.0455520300930154
30,0.4,crump,0.11169861554230051,0.015,1.0,180.0,178.0,1.0,1.0
30,0.4,overlap,0.10072086741163375,0.09,0.0,176.48380779204206,169.0543229911904,0.24999999625037442,0.2499988922315293
31,0.0,unweighted,0.06906336877000459,0.945,0.0,180.0,180.0,1.0,1.0
31,0.0,source,0.06867537612835978,0.95,0.0,179.95801219491796,180.0,1.039311701217733,1.0
31,0.0,target,0.06808733103080375,0.95,0.0,180.0,179.95897572125074,1.0,1.03755960944598
31,0.0,both,0.06770200021716284,0.95,0.0,179.95801219491796,179.95897572125074,1.039311701217733,1.03755960944598
31,0.0,crump,0.06906336877000459,0.945,0.0,180.0,180.0,1.0,1.0
31,0.0,overlap,0.06940960211925196,0.945,0.0,179.9999809225482,179.99998509873492,0.2499999978312372,0.24999999936295186
31,0.1,unweighted,0.07593031550068588,0.815,0.0,180.0,180.0,1.0,1.0
31,0.1,source,0.07075744091150427,0.935,0.0,177.67288839674995,180.0,1.2912843284766944,1.0
31,0.1,target,0.06662290619402408,0.97,0.0,180.0,176.08243879875195,1.0,1.3085948836576096
31,0.1,both,0.061829646691205845,0.995,0.0,177.67288839674995,176.08243879875195,1.2912843284766944,1.3085948836576096
31,0.1,crump,0.07593031550068588,0.815,0.0,180.0,180.0,1.0,1.0
31,0.1,overlap,0.07529583038690447,0.85,0.0,179.93746707567405,179.81141160705818,0.24999997848901362,0.24999991714602351
31,0.2,unweighted,0.08403881839658589,0.52,0.0,180.0,180.0,1.0,1.0
31,0.2,source,0.07473678778974992,0.85,0.0,173.56765505951944,180.0,1.4859941670710886,1.0
31,0.2,target,0.06670582946571013,0.96,0.0,180.0,167.09658878549732,1.0,1.5565457882827152
31,0.2,both,0.05858818444928267,1.0,0.0,173.56765505951944,167.09658878549732,1.4859941670710886,1.5565457882827152
31,0.2,crump,0.08403881839658589,0.52,0.0,180.0,180.0,1.0,1.0
31,0.2,overlap,0.08096301472122566,0.63,0.0,179.50249921964402,178.39290267766262,0.24999878986359034,0.2499993737472909
31,0.3,unweighted,0.09542832837982015,0.145,0.0,180.0,180.0,1.0,1.0
31,0.3,source,0.08219064982474265,0.63,0.0,168.23515115423436,180.0,1.6697983017890348,1.0
31,0.3,target,0.0690752459093383,0.955,0.0,180.0,154.74949480956008,1.0,1.8082847011147827
31,0.3,both,0.058079581773479126,1.0,0.0,168.23515115423436,154.74949480956008,1.6697983017890348,1.8082847011147827
31,0.3,crump,0.09542832837982015,0.145,0.0,180.0,180.0,1.0,1.0
31,0.3,overlap,0.08883840902643836,0.33,0.0,178.3194964503031,175.32243767174802,0.2499999380250749,0.24998932212952968
31,0.4,unweighted,0.10560221383935375,0.025,1.0,180.0,180.0,1.0,1.0
31,0.4,source,0.08789725525151633,0.395,0.0,161.6446565773423,180.0,1.86790005175971,1.0
31,0.4,target,0.07069852012335451,0.94,0.0,180.0,140.483394567136,1.0,2.0792315902283565
31,0.4,both,0.056651087605522746,1.0,0.0,161.6446565773423,140.483394567136,1.86790005175971,2.0792315902283565
31,0.4,crump,0.1045813552275636,0.03,1.0,180.0,179.0,1.0,1.0
31,0.4,overlap,0.09465601900939521,0.19,0.0,176.00327016925166,170.55908661958662,0.24999871400995963,0.24994078149375706
32,0.0,unweighted,0.06889386621704008,0.96,0.0,180.0,180.0,1.0,1.0
32,0.0,source,0.07176590944824696,0.925,0.0,179.7149638957583,180.0,1.1155889939432535,1.0
32,0.0,target,0.07113072672836418,0.945,0.0,180.0,179.72308792538277,1.0,1.0826568612904264
32,0.0,both,0.07406549554469735,0.875,0.0,179.7149638957583,179.72308792538277,1.1155889939432535,1.0826568612904264
32,0.0,crump,0.06889386621704008,0.96,0.0,180.0,180.0,1.0,1.0
32,0.0,overlap,0.06928257469327845,0.96,0.0,179.9992610195809,179.9992986890741,0.249999735229743,0.24999999976874746
32,0.1,unweighted,0.07709031111873191,0.775,0.0,180.0,180.0,1.0,1.0
32,0.1,source,0.07227763248218876,0.92,0.0,178.73377527575315,180.0,1.2037347766512576,1.0
32,0.1,target,0.07087468364126948,0.92,0.0,180.0,177.82687444215256,1.0,1.2718248212013759
32,0.1,both,0.06629208719625734,0.985,0.0,178.73377527575315,177.82687444215256,1.2037347766512576,1.2718248212013759
32,0.1,crump,0.07709031111873191,0.775,0.0,180.0,180.0,1.0,1.0
32,0.1,overlap,0.07706797437301607,0.79,0.0,179.98444940328852,179.935657023817,0.24999999216257077,0.2499998903492277
32,0.2,unweighted,0.08656653616064625,0.435,0.0,180.0,180.0,1.0,1.0
32,0.2,source,0.07762307236993933,0.76,0.0,175.982058956217,180.0,1.3634683164724422,1.0
32,0.2,target,0.07191076340635992,0.91,0.0,180.0,170.70878121948104,1.0,1.5108469412232641
32,0.2,both,0.06381057905432863,0.985,0.0,175.982058956217,170.70878121948104,1.3634683164724422,1.5108469412232641
32,0.2,crump,0.08656653616064625,0.435,0.0,180.0,180.0,1.0,1.0
32,0.2,overlap,0.08442924382163773,0.5,0.0,179.83598181787875,179.1540361749174,0.24999994793532795,0.24999999402255088
32,0.3,unweighted,0.09525638717421125,0.155,0.0,180.0,180.0,1.0,1.0
32,0.3,source,0.08305785403080145,0.57,0.0,172.35318851910682,180.0,1.5070317816986134,1.0
32,0.3,target,0.07111958200829509,0.905,0.0,180.0,160.34354075530135,1.0,1.7349815782132407
32,0.3,both,0.060546055900963625,0.995,0.0,172.35318851910682,160.34354075530135,1.5070317816986134,1.7349815782132407
32,0.3,crump,0.09525638717421125,0.155,0.0,180.0,180.0,1.0,1.0
32,0.3,overlap,0.0890582000035699,0.31,0.0,179.38531224492746,177.05389381374764,0.24999980272199948,0.24999929052187006
32,0.4,unweighted,0.1071333257125438,0.025,1.0,180.0,180.0,1.0,1.0
32,0.4,source,0.0898186783536556,0.315,0.0,167.42746640171546,180.0,1.6664250774353195,1.0
32,0.4,target,0.07484319919897775,0.83,0.0,180.0,147.2357412089097,1.0,1.9800870972603568
32,0.4,both,0.06079951508187047,0.99,0.0,167.42746640171546,147.2357412089097,1.6664250774353195,1.9800870972603568
32,0.4,crump,0.1071333257125438,0.025,1.0,180.0,180.0,1.0,1.0
32,0.4,overlap,0.09792981343999876,0.11,0.0,178.31191666404635,173.7092107175853,0.24999999824294003,0.24999886056342913
33,0.0,unweighted,0.0562878534141137,1.0,0.0,180.0,180.0,1.0,1.0
33,0.0,source,0.06190763318961526,0.99,0.0,178.64715506441175,180.0,1.209965717651428,1.0
33,0.0,target,0.060574038769985156,1.0,0.0,180.0,178.76172732094489,1.0,1.2391131993951567
33,0.0,both,0.06648483843183423,0.97,0.0,178.64715506441175,178.76172732094489,1.209965717651428,1.2391131993951567
33,0.0,crump,0.0562878534141137,1.0,0.0,180.0,180.0,1.0,1.0
33,0.0,overlap,0.05668354483431109,1.0,0.0,179.97904612922085,179.98374385204414,0.24999997979084063,0.24999996235147376
33,0.1,unweighted,0.07068071178174058,0.96,0.0,180.0,180.0,1.0,1.0
33,0.1,source,0.06866955088359732,0.975,0.0,179.70867872428113,180.0,1.1119559206629759,1.0
33,0.1,target,0.06709558888555736,0.985,0.0,180.0,179.5049496958229,1.0,1.1097017666705375
33,0.1,both,0.0651310223915236,0.99,0.0,179.70867872428113,179.5049496958229,1.1119559206629759,1.1097017666705375
33,0.1,crump,0.07068071178174058,0.96,0.0,180.0,180.0,1.0,1.0
33,0.1,overlap,0.07087755611300242,0.96,0.0,179.9990413352139,179.99676849550406,0.24999999609317133,0.24999987197612972
33,0.2,unweighted,0.07642988683127572,0.835,0.0,180.0,180.0,1.0,1.0
33,0.2,source,0.06999850081944826,0.925,0.0,177.5182539306321,180.0,1.3246263721870057,1.0
33,0.2,target,0.06453869606460466,0.98,0.0,180.0,174.4945375768398,1.0,1.3438685348103998
33,0.2,both,0.0586088529852509,0.995,0.0,177.5182539306321,174.4945375768398,1.3246263721870057,1.3438685348103998
33,0.2,crump,0.07642988683127572,0.835,0.0,180.0,180.0,1.0,1.0
33,0.2,overlap,0.07520228670562983,0.87,0.0,179.93136574230348,179.72245351490838,0.24999996545995617,0.24999987337748714
33,0.3,unweighted,0.08462683756287151,0.505,0.0,180.0,180.0,1.0,1.0
33,0.3,source,0.07356841239463477,0.885,0.0,173.69334963196616,180.0,1.517453077726953,1.0
33,0.3,target,0.06510107094461061,0.97,0.0,180.0,164.85740157186038,1.0,1.5882742620819126
33,0.3,both,0.05543781110101218,1.0,0.0,173.69334963196616,164.85740157186038,1.517453077726953,1.5882742620819126
33,0.3,crump,0.08462683756287151,0.505,0.0,180.0,180.0,1.0,1.0
33,0.3,overlap,0.08099722024909936,0.665,0.0,179.5601544015511,178.48174644744267,0.24999999178811894,0.24999773191769542
33,0.4,unweighted,0.09523892508763909,0.145,0.0,180.0,180.0,1.0,1.0
33,0.4,source,0.07894178235772335,0.725,0.0,168.1633387828243,180.0,1.7189020321379338,1.0
33,0.4,target,0.0681350804772976,0.94,0.0,180.0,151.9331195573923,1.0,1.8555234912887641
33,0.4,both,0.054492222819032904,1.0,0.0,168.1633387828243,151.9331195573923,1.7189020321379338,1.8555234912887641
33,0.4,crump,0.09523892508763909,0.145,0.0,180.0,180.0,1.0,1.0
33,0.4,overlap,0.08884095116011315,0.31,0.0,178.4816708392408,175.82722297771753,0.24999985943585712,0.24999997711862468
34,0.0,unweighted,0.08041458809632679,0.675,0.0,180.0,180.0,1.0,1.0
34,0.0,source,0.07614032561906581,0.77,0.0,178.7399467644836,180.0,1.2152511457294881,1.0
34,0.0,target,0.07543324780423254,0.795,0.0,180.0,178.7831447611515,1.0,1.2893281681105155
34,0.0,both,0.07128061772108125,0.89,0.0,178.7399467644836,178.7831447611515,1.2152511457294881,1.2893281681105155
34,0.0,crump,0.08041458809632679,0.675,0.0,180.0,180.0,1.0,1.0
34,0.0,overlap,0.08068359396131128,0.685,0.0,179.9862407279176,179.9801124226691,0.24999995024847563,0.24999999998661057
34,0.1,unweighted,0.08794068072702332,0.39,0.0,180.0,180.0,1.0,1.0
34,0.1,source,0.07917142500896636,0.72,0.0,175.19024931873454,180.0,1.4185114375993138,1.0
34,0.1,target,0.07480192850542486,0.81,0.0,180.0,172.18965767481805,1.0,1.580906240146958
34,0.1,both,0.0666282157586878,0.965,0.0,175.19024931873454,172.18965767481805,1.4185114375993138,1.580906240146958
34,0.1,crump,0.08794068072702332,0.39,0.0,180.0,180.0,1.0,1.0
34,0.1,overlap,0.08609626973738052,0.5,0.0,179.81016760882338,179.1086344355073,0.24999999367742423,0.2499984159628763
34,0.2,unweighted,0.09706607700807804,0.165,0.0,180.0,180.0,1.0,1.0
34,0.2,source,0.08452020152635854,0.575,0.0,170.59145571805334,180.0,1.5887997320268126,1.0
34,0.2,target,0.0760148217986786,0.795,0.0,180.0,161.7538863391834,1.0,1.8263553131323622
34,0.2,both,0.06465461515560227,0.98,0.0,170.59145571805334,161.7538863391834,1.5887997320268126,1.8263553131323622
34,0.2,crump,0.09706607700807804,0.165,0.0,180.0,180.0,1.0,1.0
34,0.2,overlap,0.09193626938277545,0.3,0.0,179.29507935602584,176.38753455139712,0.24999970679852027,0.249997366706965
34,0.3,unweighted,0.09751638279225727,0.135,0.0,180.0,180.0,1.0,1.0
34,0.3,source,0.08123738400116501,0.67,0.0,165.6839319953672,180.0,1.73826178119074,1.0
34,0.3,target,0.0715370731389407,0.9,0.0,180.0,150.38191880758043,1.0,2.034760513396971
34,0.3,both,0.057377355565476594,0.995,0.0,165.6839319953672,150.38191880758043,1.73826178119074,2.034760513396971
34,0.3,crump,0.09751638279225727,0.135,0.0,180.0,180.0,1.0,1.0
34,0.3,overlap,0.08791756851921298,0.385,0.0,178.38770605191246,171.6002219699242,0.24999954698956595,0.24999999753468516
34,0.4,unweighted,0.10820226909007774,0.015,1.0,180.0,180.0,1.0,1.0
34,0.4,source,0.08844750805786189,0.41,0.0,159.48877765524642,180.0,1.910155257367317,1.0
34,0.4,target,0.07300184432427706,0.845,0.0,180.0,137.32052516759134,1.0,2.263271911835236
34,0.4,both,0.05624142069633218,1.0,0.0,159.48877765524642,137.32052516759134,1.910155257367317,2.263271911835236
34,0.4,crump,0.10562524789339604,0.015,1.0,180.0,175.0,1.0,1.0
34,0.4,overlap,0.09217698689886747,0.27,0.0,176.7167525520234,165.6255929001344,0.2499879337723478,0.24999979760334987
35,0.0,unweighted,0.076804827770157,0.825,0.0,180.0,180.0,1.0,1.0
35,0.0,source,0.07576147200179448,0.88,0.0,179.9283763481619,180.0,1.0585270642153115,1.0
35,0.0,target,0.07545152124056614,0.895,0.0,180.0,179.9200023019562,1.0,1.0469319267833195
35,0.0,both,0.07441664031590015,0.92,0.0,179.9283763481619,179.9200023019562,1.0585270642153115,1.0469319267833195
35,0.0,crump,0.076804827770157,0.825,0.0,180.0,180.0,1.0,1.0
35,0.0,overlap,0.0771013311705191,0.825,0.0,179.9999469657246,179.9999413310949,0.2499999997480743,0.24999999375283896
35,0.1,unweighted,0.08701086915104406,0.43,0.0,180.0,180.0,1.0,1.0
35,0.1,source,0.07862222211574814,0.81,0.0,177.17467701488323,180.0,1.3624975806180355,1.0
35,0.1,target,0.07628115892231192,0.885,0.0,180.0,175.00565038019928,1.0,1.330782381406742
35,0.1,both,0.0684987646124765,0.985,0.0,177.17467701488323,175.00565038019928,1.3624975806180355,1.330782381406742
35,0.1,crump,0.08701086915104406,0.43,0.0,180.0,180.0,1.0,1.0
35,0.1,overlap,0.0863262784049676,0.465,0.0,179.92038854650087,179.7120166200874,0.24999999847130908,0.24999854749411918
35,0.2,unweighted,0.09348079465782655,0.21,0.0,180.0,180.0,1.0,1.0
35,0.2,source,0.08016648932432406,0.745,0.0,173.34868709128588,180.0,1.5533401638272513,1.0
35,0.2,target,0.07546613380214437,0.895,0.0,180.0,165.52004917567058,1.0,1.554274868937319
35,0.2,both,0.06370867978378256,0.995,0.0,173.34868709128588,165.52004917567058,1.5533401638272513,1.554274868937319
35,0.2,crump,0.09348079465782655,0.21,0.0,180.0,180.0,1.0,1.0
35,0.2,overlap,0.09061036295624261,0.345,0.0,179.56624603535008,178.1074204459592,0.24999905306507073,0.24999997162851326
35,0.3,unweighted,0.10450857815119646,0.045,1.0,180.0,180.0,1.0,1.0
35,0.3,source,0.08493986861809405,0.54,0.0,167.29568531321885,180.0,1.771335628674524,1.0
35,0.3,target,0.07867955354185632,0.745,0.0,180.0,152.0255460549001,1.0,1.828847244918192
35,0.3,both,0.06197571702969039,0.995,0.0,167.29568531321885,152.0255460549001,1.771335628674524,1.828847244918192
35,0.3,crump,0.10450857815119646,0.045,1.0,180.0,180.0,1.0,1.0
35,0.3,overlap,0.09803946684283739,0.13,0.0,178.4525714364943,174.19939511954303,0.24999288128009475,0.24999664983766934
35,0.4,unweighted,0.1111219507315958,0.02,1.0,180.0,180.0,1.0,1.0
35,0.4,source,0.08762281067460947,0.46,0.0,161.54314616683283,180.0,1.9534320819394162,1.0
35,0.4,target,0.0780524022687217,0.825,0.0,180.0,138.69595726151542,1.0,2.070390020867361
35,0.4,both,0.0584129853817267,1.0,0.0,161.54314616683283,138.69595726151542,1.9534320819394162,2.070390020867361
35,0.4,crump,0.10925860614047256,0.015,1.0,180.0,178.0,1.0,1.0
35,0.4,overlap,0.09926713614845832,0.13,0.0,176.78120156912942,169.09489689593195,0.24999999682465707,0.2499557148220781
36,0.0,unweighted,0.07413348289132754,0.855,0.0,180.0,180.0,1.0,1.0
36,0.0,source,0.07694415700299947,0.775,0.0,179.6487525744513,180.0,1.1187148727960032,1.0
36,0.0,target,0.07695867024409067,0.79,0.0,180.0,179.61068399421652,1.0,1.1109600307853345
36,0.0,both,0.07983858884623425,0.69,0.0,179.6487525744513,179.61068399421652,1.1187148727960032,1.1109600307853345
36,0.0,crump,0.07413348289132754,0.855,0.0,180.0,180.0,1.0,1.0
36,0.0,overlap,0.07455354852349784,0.855,0.0,179.99900495229443,179.99864476798183,0.24999994852769444,0.24999993381328156
36,0.1,unweighted,0.08481453094040543,0.525,0.0,180.0,180.0,1.0,1.0
36,0.1,source,0.08033285466923148,0.69,0.0,178.51848784431888,180.0,1.2093585773543327,1.0
36,0.1,target,0.07729758598611618,0.795,0.0,180.0,177.4598869755174,1.0,1.2605060168826538
36,0.1,both,0.07300661459831442,0.905,0.0,178.51848784431888,177.4598869755174,1.2093585773543327,1.2605060168826538
36,0.1,crump,0.08481453094040543,0.525,0.0,180.0,180.0,1.0,1.0
36,0.1,overlap,0.0845945721981361,0.54,0.0,179.9806743304917,179.9086358393714,0.24999999875136777,0.24999995798852664
36,0.2,unweighted,0.09706714010821521,0.14,0.0,180.0,180.0,1.0,1.0
36,0.2,source,0.08889177701540706,0.375,0.0,175.81734085733592,180.0,1.3530186406548481,1.0
36,0.2,target,0.07946554046573695,0.71,0.0,180.0,170.01132004136514,1.0,1.471675033149447
36,0.2,both,0.07207780714196596,0.925,0.0,175.81734085733592,170.01132004136514,1.3530186406548481,1.471675033149447
36,0.2,crump,0.09706714010821521,0.14,0.0,180.0,180.0,1.0,1.0
36,0.2,overlap,0.09395536643135814,0.21,0.0,179.83363781246095,178.95429457474123,0.24999862503205575,0.24999999552900945
36,0.3,unweighted,0.10278564719554945,0.06,0.0,180.0,180.0,1.0,1.0
36,0.3,source,0.09125129306197385,0.33,0.0,171.61704211553294,180.0,1.507261760755757,1.0
36,0.3,target,0.07769104713260985,0.755,0.0,180.0,158.4028539423683,1.0,1.7125562373771552
36,0.3,both,0.06756619375778004,0.95,0.0,171.61704211553294,158.4028539423683,1.507261760755757,1.7125562373771552
36,0.3,crump,0.10278564719554945,0.06,0.0,180.0,180.0,1.0,1.0
36,0.3,overlap,0.096584840382274,0.18,0.0,179.28660641694685,176.25041380917648,0.24999984569567404,0.24999985941481015
36,0.4,unweighted,0.11008582723670174,0.015,1.0,180.0,180.0,1.0,1.0
36,0.4,source,0.09529809022618203,0.17,0.0,166.89502914932805,180.0,1.6513994322053691,1.0
36,0.4,target,0.07624905515828498,0.76,0.0,180.0,145.38018622841898,1.0,1.9449876874753373
36,0.4,both,0.06356658453359687,0.97,0.0,166.89502914932805,145.38018622841898,1.6513994322053691,1.9449876874753373
36,0.4,crump,0.11008582723670174,0.015,1.0,180.0,180.0,1.0,1.0
36,0.4,overlap,0.09842509120748116,0.1,0.0,178.1760164099537,172.17217347410107,0.2499954400154058,0.24997843724089053
37,0.0,unweighted,0.08900422001219327,0.33,0.0,180.0,180.0,1.0,1.0
37,0.0,source,0.08743435029861302,0.395,0.0,179.70015255353678,180.0,1.124106424904366,1.0
37,0.0,target,0.08565592150667457,0.44,0.0,180.0,179.63923900247042,1.0,1.1322194433428372
37,0.0,both,0.08410663494760269,0.525,0.0,179.70015255353678,179.63923900247042,1.124106424904366,1.1322194433428372
37,0.0,crump,0.08900422001219327,0.33,0.0,180.0,180.0,1.0,1.0
37,0.0,overlap,0.089377770839887,0.33,0.0,179.99892399412857,179.9983977442769,0.24999999719666688,0.24999998356191502
37,0.1,unweighted,0.09847525148605396,0.085,0.0,180.0,180.0,1.0,1.0
37,0.1,source,0.09270286872619193,0.24,0.0,176.9727105495681,180.0,1.3889823606888454,1.0
37,0.1,target,0.08431908193194385,0.45,0.0,180.0,173.81641542317018,1.0,1.4468676989562728
37,0.1,both,0.07888309825599944,0.745,0.0,176.9727105495681,173.81641542317018,1.3889823606888454,1.4468676989562728
37,0.1,crump,0.09847525148605396,0.085,0.0,180.0,180.0,1.0,1.0
37,0.1,overlap,0.09697760263085387,0.125,0.0,179.89447635591134,179.5097722826761,0.24999985205384473,0.2499999983399897
37,0.2,unweighted,0.10148222165066301,0.03,1.0,180.0,180.0,1.0,1.0
37,0.2,source,0.09250575434167416,0.225,0.0,173.30885123319985,180.0,1.5761520028354958,1.0
37,0.2,target,0.08011698212162455,0.655,0.0,180.0,163.66552251442414,1.0,1.6933351615031949
37,0.2,both,0.07190697662768952,0.9,0.0,173.30885123319985,163.66552251442414,1.5761520028354958,1.6933351615031949
37,0.2,crump,0.10148222165066301,0.03,1.0,180.0,180.0,1.0,1.0
37,0.2,overlap,0.09710666954899595,0.125,0.0,179.5021706063843,177.29186192205694,0.24999988026583964,0.24999888146746857
37,0.3,unweighted,0.11301413942234416,0.01,1.0,180.0,180.0,1.0,1.0
37,0.3,source,0.10103486478852683,0.055,0.0,168.56385578414248,180.0,1.761539188917641,1.0
37,0.3,target,0.08211515227486482,0.595,0.0,180.0,150.44537486043436,1.0,1.9420431289698723
37,0.3,both,0.07154485666072416,0.9,0.0,168.56385578414248,150.44537486043436,1.761539188917641,1.9420431289698723
37,0.3,crump,0.11237368190143382,0.01,1.0,180.0,179.0,1.0,1.0
37,0.3,overlap,0.10540393504157194,0.015,1.0,178.59497652860577,173.33806858677443,0.2499987457216716,0.2499998828641251
37,0.4,unweighted,0.12175685775796373,0.005,1.0,180.0,180.0,1.0,1.0
37,0.4,source,0.10655817966711795,0.035,1.0,162.0287381086428,180.0,1.98168785318204,1.0
37,0.4,target,0.083787491839378,0.565,0.0,180.0,135.16605456652763,1.0,2.132346468345576
37,0.4,both,0.07052408254429252,0.905,0.0,162.0287381086428,135.16605456652763,1.98168785318204,2.132346468345576
37,0.4,crump,0.12006534366763769,0.005,1.0,180.0,178.0,1.0,1.0
37,0.4,overlap,0.11052380860256233,0.015,1.0,176.69920223099882,167.28554099322878,0.24999833227644333,0.24999791006189517
38,0.0,unweighted,0.06734253448407256,0.95,0.0,180.0,180.0,1.0,1.0
38,0.0,source,0.06933458296432718,0.935,0.0,179.88938103545803,180.0,1.0765088224602857,1.0
38,0.0,target,0.06878237938589823,0.935,0.0,180.0,179.89858994028828,1.0,1.0547691939222967
38,0.0,both,0.07080031698886531,0.9,0.0,179.88938103545803,179.89858994028828,1.0765088224602857,1.0547691939222967
38,0.0,crump,0.06734253448407256,0.95,0.0,180.0,180.0,1.0,1.0
38,0.0,overlap,0.06769952451176176,0.95,0.0,179.99983527160836,179.9999171373614,0.24999999977532558,0.24999999816480095
38,0.1,unweighted,0.08448020880963268,0.56,0.0,180.0,180.0,1.0,1.0
38,0.1,source,0.07958376363791535,0.705,0.0,178.67732511314833,180.0,1.2659106873051318,1.0
38,0.1,target,0.07574080801928024,0.775,0.0,180.0,177.89422765013262,1.0,1.2067679656458825
38,0.1,both,0.07101814093026515,0.865,0.0,178.67732511314833,177.89422765013262,1.2659106873051318,1.2067679656458825
38,0.1,crump,0.08448020880963268,0.56,0.0,180.0,180.0,1.0,1.0
38,0.1,overlap,0.08400848715197601,0.58,0.0,179.9760988199226,179.94437278471577,0.24999996857827095,0.2499999163588442
38,0.2,unweighted,0.09244625723975004,0.215,0.0,180.0,180.0,1.0,1.0
38,0.2,source,0.08165809900507486,0.655,0.0,174.78044272729616,180.0,1.5204985138066283,1.0
38,0.2,target,0.0750876935500881,0.785,0.0,180.0,170.0081080108964,1.0,1.456720789707733
38,0.2,both,0.06516464309754563,0.98,0.0,174.78044272729616,170.0081080108964,1.5204985138066283,1.456720789707733
38,0.2,crump,0.09244625723975004,0.215,0.0,180.0,180.0,1.0,1.0
38,0.2,overlap,0.08954210383146585,0.34,0.0,179.64112788226333,179.09646454736028,0.24999922080809675,0.24999872656158675
38,0.3,unweighted,0.09791810413808871,0.11,0.0,180.0,180.0,1.0,1.0
38,0.3,source,0.08232414440711884,0.61,0.0,169.56542568121446,180.0,1.7349436207399167,1.0
38,0.3,target,0.07347740404391387,0.845,0.0,180.0,158.6286632266015,1.0,1.7042504124927809
38,0.3,both,0.05935263916102472,0.995,0.0,169.56542568121446,158.6286632266015,1.7349436207399167,1.7042504124927809
38,0.3,crump,0.09791810413808871,0.11,0.0,180.0,180.0,1.0,1.0
38,0.3,overlap,0.09097823922647863,0.31,0.0,178.65248985701336,176.6221353323942,0.24999998845079463,0.2499986476955098
38,0.4,unweighted,0.10907590211095869,0.015,1.0,180.0,180.0,1.0,1.0
38,0.4,source,0.08830929708951503,0.375,0.0,163.4450648470692,180.0,1.940429454096418,1.0
38,0.4,target,0.07709135867062739,0.795,0.0,180.0,145.59069933657295,1.0,1.9570986220455757
38,0.4,both,0.05883861006937294,1.0,0.0,163.4450648470692,145.59069933657295,1.940429454096418,1.9570986220455757
38,0.4,crump,0.10853598869899211,0.02,1.0,179.0,180.0,1.0,1.0
38,0.4,overlap,0.09767590615848767,0.105,0.0,176.83979171373034,172.37328281937386,0.24999999968286005,0.2499994852271274
39,0.0,unweighted,0.06569331275720165,0.945,0.0,180.0,180.0,1.0,1.0
39,0.0,source,0.062126611741113565,0.995,0.0,179.2506005239214,180.0,1.1670747377981678,1.0
39,0.0,target,0.06223913539977253,0.99,0.0,180.0,179.3403789479261,1.0,1.1543083295071292
39,0.0,both,0.05877687586556488,0.995,0.0,179.2506005239214,179.3403789479261,1.1670747377981678,1.1543083295071292
39,0.0,crump,0.06569331275720165,0.945,0.0,180.0,180.0,1.0,1.0
39,0.0,overlap,0.06595055099958107,0.95,0.0,179.99450103348195,179.99537652364538,0.24999999990179822,0.2499999451517612
39,0.1,unweighted,0.074857390260631,0.82,0.0,180.0,180.0,1.0,1.0
39,0.1,source,0.06626609708654838,0.96,0.0,176.0074995085115,180.0,1.3835056418249942,1.0
39,0.1,target,0.06326804718949727,0.98,0.0,180.0,173.75451207232328,1.0,1.3917119258781712
39,0.1,both,0.055283057169284805,1.0,0.0,176.0074995085115,173.75451207232328,1.3835056418249942,1.3917119258781712
39,0.1,crump,0.074857390260631,0.82,0.0,180.0,180.0,1.0,1.0
39,0.1,overlap,0.07306559065391731,0.885,0.0,179.84318846324757,179.41730580466685,0.24999955457016948,0.24999905359482977
39,0.2,unweighted,0.08457244894071025,0.48,0.0,180.0,180.0,1.0,1.0
39,0.2,source,0.07121572652287705,0.89,0.0,170.88192170366617,180.0,1.5826789649683974,1.0
39,0.2,target,0.06432878853880472,0.975,0.0,180.0,163.25833271165396,1.0,1.6444315123901623
39,0.2,both,0.0523082005309183,1.0,0.0,170.88192170366617,163.25833271165396,1.5826789649683974,1.6444315123901623
39,0.2,crump,0.08457244894071025,0.48,0.0,180.0,180.0,1.0,1.0
39,0.2,overlap,0.07859792308610997,0.745,0.0,179.184903582344,176.93984342874805,0.24999985917713785,0.24999669293334642
39,0.3,unweighted,0.0937530940405426,0.185,0.0,180.0,180.0,1.0,1.0
39,0.3,source,0.07668150544005053,0.79,0.0,167.07789639835013,180.0,1.7051588386237528,1.0
39,0.3,target,0.06579668705092759,0.95,0.0,180.0,152.63850840212152,1.0,1.8215093559461035
39,0.3,both,0.05143072501204055,1.0,0.0,167.07789639835013,152.63850840212152,1.7051588386237528,1.8215093559461035
39,0.3,crump,0.0937530940405426,0.185,0.0,180.0,180.0,1.0,1.0
39,0.3,overlap,0.08391758375023983,0.51,0.0,178.34726467954198,173.44261047247642,0.24999933032975308,0.24999410115925946
39,0.4,unweighted,0.10260864959609817,0.025,1.0,180.0,180.0,1.0,1.0
39,0.4,source,0.08034529752026077,0.69,0.0,159.18556405523927,180.0,1.928670384975208,1.0
39,0.4,target,0.06685759823469598,0.965,0.0,180.0,137.57694095285672,1.0,2.119713105793416
39,0.4,both,0.04870774552495456,1.0,0.0,159.18556405523927,137.57694095285672,1.928670384975208,2.119713105793416
39,0.4,crump,0.0981969106671064,0.11,0.0,179.0,175.0,1.0,1.0
39,0.4,overlap,0.0869200339123567,0.39,0.0,175.8228275153354,167.0366579113788,0.24999360597492223,0.24999525404979828
