repeat,effect_size,mode,statistic,pvalue,reject,source_ess,target_ess,source_max_weight,target_max_weight
0,0.0,unweighted,0.08855313500228623,0.37,0.0,180.0,180.0,1.0,1.0
0,0.0,source,0.07465889056050345,0.815,0.0,171.86620698118767,180.0,1.6054177068732831,1.0
0,0.0,target,0.07027528081780399,0.925,0.0,180.0,161.94957779125778,1.0,1.7308967919395633
0,0.0,both,0.05777404442022121,1.0,0.0,171.86620698118767,161.94957779125778,1.6054177068732831,1.7308967919395633
0,0.0,crump,0.08855313500228623,0.37,0.0,180.0,180.0,1.0,1.0
0,0.0,overlap,0.08440042146289878,0.53,0.0,179.22466888287803,177.22888975628837,0.24999861622813885,0.24999972444792132
0,0.15,unweighted,0.10280283112330438,0.03,1.0,180.0,180.0,1.0,1.0
0,0.15,source,0.08745971434838455,0.42,0.0,171.86620698118767,180.0,1.6054177068732831,1.0
0,0.15,target,0.08550314997144706,0.49,0.0,180.0,161.94957779125778,1.0,1.7308967919395633
0,0.15,both,0.07114853662468779,0.92,0.0,171.86620698118767,161.94957779125778,1.6054177068732831,1.7308967919395633
0,0.15,crump,0.10280283112330438,0.03,1.0,180.0,180.0,1.0,1.0
0,0.15,overlap,0.09984208565247125,0.065,0.0,179.22466888287803,177.22888975628837,0.24999861622813885,0.24999972444792132
0,0.3,unweighted,0.11990914971041,0.005,1.0,180.0,180.0,1.0,1.0
0,0.3,source,0.10327331654244518,0.035,1.0,171.86620698118767,180.0,1.6054177068732831,1.0
0,0.3,target,0.10431143995175643,0.025,1.0,180.0,161.94957779125778,1.0,1.7308967919395633
0,0.3,both,0.08825403193558501,0.43,0.0,171.86620698118767,161.94957779125778,1.6054177068732831,1.7308967919395633
0,0.3,crump,0.11990914971041,0.005,1.0,180.0,180.0,1.0,1.0
0,0.3,overlap,0.11841618476046709,0.005,1.0,179.22466888287803,177.22888975628837,0.24999861622813885,0.24999972444792132
0,0.45,unweighted,0.1374676116445664,0.005,1.0,180.0,180.0,1.0,1.0
0,0.45,source,0.12012923122446408,0.005,1.0,171.86620698118767,180.0,1.6054177068732831,1.0
0,0.45,target,0.12397178850092139,0.005,1.0,180.0,161.94957779125778,1.0,1.7308967919395633
0,0.45,both,0.10681610990652968,0.025,1.0,171.86620698118767,161.94957779125778,1.6054177068732831,1.7308967919395633
0,0.45,crump,0.1374676116445664,0.005,1.0,180.0,180.0,1.0,1.0
0,0.45,overlap,0.1376982873756823,0.005,1.0,179.22466888287803,177.22888975628837,0.24999861622813885,0.24999972444792132
0,0.6,unweighted,0.1556244875019052,0.005,1.0,180.0,180.0,1.0,1.0
0,0.6,source,0.1378847883703581,0.005,1.0,171.86620698118767,180.0,1.6054177068732831,1.0
0,0.6,target,0.14468846340397523,0.005,1.0,180.0,161.94957779125778,1.0,1.7308967919395633
0,0.6,both,0.12682138215191624,0.005,1.0,171.86620698118767,161.94957779125778,1.6054177068732831,1.7308967919395633
0,0.6,crump,0.1556244875019052,0.005,1.0,180.0,180.0,1.0,1.0
0,0.6,overlap,0.15734048697395245,0.005,1.0,179.22466888287803,177.22888975628837,0.24999861622813885,0.24999972444792132
1,0.0,unweighted,0.09772981348117665,0.125,0.0,180.0,180.0,1.0,1.0
1,0.0,source,0.08230536432682548,0.605,0.0,166.0918947762748,180.0,1.7773397445618093,1.0
1,0.0,target,0.07381351325989015,0.88,0.0,180.0,153.18110350683068,1.0,2.046868741772234
1,0.0,both,0.06024903592306739,0.985,0.0,166.0918947762748,153.18110350683068,1.7773397445618093,2.046868741772234
1,0.0,crump,0.09827469902138845,0.105,0.0,180.0,179.0,1.0,1.0
1,0.0,overlap,0.09068938091442438,0.315,0.0,178.38597893866813,172.91676365517986,0.24999830886600016,0.24999819884920899
1,0.15,unweighted,0.1144891622847127,0.01,1.0,180.0,180.0,1.0,1.0
1,0.15,source,0.0977326629473439,0.115,0.0,166.0918947762748,180.0,1.7773397445618093,1.0
1,0.15,target,0.09165584050787617,0.28,0.0,180.0,153.18110350683068,1.0,2.046868741772234
1,0.15,both,0.0762989905265114,0.85,0.0,166.0918947762748,153.18110350683068,1.7773397445618093,2.046868741772234
1,0.15,crump,0.11513234341832004,0.005,1.0,180.0,179.0,1.0,1.0
1,0.15,overlap,0.10969844221143042,0.015,1.0,178.38597893866813,172.91676365517986,0.24999830886600016,0.24999819884920899
1,0.3,unweighted,0.13328565195854292,0.005,1.0,180.0,180.0,1.0,1.0
1,0.3,source,0.11566201946495301,0.005,1.0,166.0918947762748,180.0,1.7773397445618093,1.0
1,0.3,target,0.11236456011605246,0.005,1.0,180.0,153.18110350683068,1.0,2.046868741772234
1,0.3,both,0.09555866798222797,0.16,0.0,166.0918947762748,153.18110350683068,1.7773397445618093,2.046868741772234
1,0.3,crump,0.13402630353817502,0.005,1.0,180.0,179.0,1.0,1.0
1,0.3,overlap,0.13117912801208292,0.005,1.0,178.38597893866813,172.91676365517986,0.24999830886600016,0.24999819884920899
1,0.45,unweighted,0.1537795524691358,0.005,1.0,180.0,180.0,1.0,1.0
1,0.45,source,0.13562393234757028,0.005,1.0,166.0918947762748,180.0,1.7773397445618093,1.0
1,0.45,target,0.13580226672683088,0.005,1.0,180.0,153.18110350683068,1.0,2.046868741772234
1,0.45,both,0.11789895394632757,0.005,1.0,166.0918947762748,153.18110350683068,1.7773397445618093,2.046868741772234
1,0.45,crump,0.1546272568606264,0.005,1.0,180.0,179.0,1.0,1.0
1,0.45,overlap,0.15476097344155296,0.005,1.0,178.38597893866813,172.91676365517986,0.24999830886600016,0.24999819884920899
1,0.6,unweighted,0.1731826808032312,0.005,1.0,180.0,180.0,1.0,1.0
1,0.6,source,0.15500345399720084,0.005,1.0,166.0918947762748,180.0,1.7773397445618093,1.0
1,0.6,target,0.1585773782831753,0.005,1.0,180.0,153.18110350683068,1.0,2.046868741772234
1,0.6,both,0.14013457294186316,0.005,1.0,166.0918947762748,153.18110350683068,1.7773397445618093,2.046868741772234
1,0.6,crump,0.17413258481427837,0.005,1.0,180.0,179.0,1.0,1.0
1,0.6,overlap,0.1768490728239376,0.005,1.0,178.38597893866813,172.91676365517986,0.24999830886600016,0.24999819884920899
2,0.0,unweighted,0.08527608977290048,0.45,0.0,180.0,180.0,1.0,1.0
2,0.0,source,0.07581156135302136,0.775,0.0,174.49063379901332,180.0,1.4429626984328894,1.0
2,0.0,target,0.06648391353593668,0.96,0.0,180.0,167.62537000289475,1.0,1.5536520373952796
2,0.0,both,0.058108386261248535,0.995,0.0,174.49063379901332,167.62537000289475,1.4429626984328894,1.5536520373952796
2,0.0,crump,0.08527608977290048,0.45,0.0,180.0,180.0,1.0,1.0
2,0.0,overlap,0.08184280267723362,0.595,0.0,179.70552056391784,178.8228122768368,0.24999971635484336,0.2499933257496164
2,0.15,unweighted,0.09768886316872427,0.09,0.0,180.0,180.0,1.0,1.0
2,0.15,source,0.08726105829489882,0.375,0.0,174.49063379901332,180.0,1.4429626984328894,1.0
2,0.15,target,0.07921731556526501,0.67,0.0,180.0,167.62537000289475,1.0,1.5536520373952796
2,0.15,both,0.06966985294839104,0.925,0.0,174.49063379901332,167.62537000289475,1.4429626984328894,1.5536520373952796
2,0.15,crump,0.09768886316872427,0.09,0.0,180.0,180.0,1.0,1.0
2,0.15,overlap,0.09492755905612568,0.14,0.0,179.70552056391784,178.8228122768368,0.24999971635484336,0.2499933257496164
2,0.3,unweighted,0.11223118522328913,0.005,1.0,180.0,180.0,1.0,1.0
2,0.3,source,0.10090883731726338,0.07,0.0,174.49063379901332,180.0,1.4429626984328894,1.0
2,0.3,target,0.09435828012969985,0.16,0.0,180.0,167.62537000289475,1.0,1.5536520373952796
2,0.3,both,0.08368632114244448,0.52,0.0,174.49063379901332,167.62537000289475,1.4429626984328894,1.5536520373952796
2,0.3,crump,0.11223118522328913,0.005,1.0,180.0,180.0,1.0,1.0
2,0.3,overlap,0.11028444645359338,0.005,1.0,179.70552056391784,178.8228122768368,0.24999971635484336,0.2499933257496164
2,0.45,unweighted,0.12856131782502667,0.005,1.0,180.0,180.0,1.0,1.0
2,0.45,source,0.11677809424883678,0.005,1.0,174.49063379901332,180.0,1.4429626984328894,1.0
2,0.45,target,0.1118047683881362,0.005,1.0,180.0,167.62537000289475,1.0,1.5536520373952796
2,0.45,both,0.1003984014925844,0.07,0.0,174.49063379901332,167.62537000289475,1.4429626984328894,1.5536520373952796
2,0.45,crump,0.12856131782502667,0.005,1.0,180.0,180.0,1.0,1.0
2,0.45,overlap,0.12769926233696258,0.005,1.0,179.70552056391784,178.8228122768368,0.24999971635484336,0.2499933257496164
2,0.6,unweighted,0.1451216144642585,0.005,1.0,180.0,180.0,1.0,1.0
2,0.6,source,0.13304868706038064,0.005,1.0,174.49063379901332,180.0,1.4429626984328894,1.0
2,0.6,target,0.1299698007836228,0.005,1.0,180.0,167.62537000289475,1.0,1.5536520373952796
2,0.6,both,0.11802237805577132,0.005,1.0,174.49063379901332,167.62537000289475,1.4429626984328894,1.5536520373952796
2,0.6,crump,0.1451216144642585,0.005,1.0,180.0,180.0,1.0,1.0
2,0.6,overlap,0.14528379473882097,0.005,1.0,179.70552056391784,178.8228122768368,0.24999971635484336,0.2499933257496164
3,0.0,unweighted,0.08529329180003051,0.46,0.0,180.0,180.0,1.0,1.0
3,0.0,source,0.07151946860562952,0.9,0.0,172.4074463469652,180.0,1.6348829867147778,1.0
3,0.0,target,0.06729763855890807,0.945,0.0,180.0,165.63398158155275,1.0,1.645759106670997
3,0.0,both,0.055098328751832105,1.0,0.0,172.4074463469652,165.63398158155275,1.6348829867147778,1.645759106670997
3,0.0,crump,0.08529329180003051,0.46,0.0,180.0,180.0,1.0,1.0
3,0.0,overlap,0.08148886903180419,0.615,0.0,179.43734489224778,178.24611682692833,0.24999972239009804,0.24999969810338576
3,0.15,unweighted,0.09972084571711629,0.105,0.0,180.0,180.0,1.0,1.0
3,0.15,source,0.08434669417437463,0.525,0.0,172.4074463469652,180.0,1.6348829867147778,1.0
3,0.15,target,0.08226664883747235,0.6,0.0,180.0,165.63398158155275,1.0,1.645759106670997
3,0.15,both,0.06821732345631609,0.945,0.0,172.4074463469652,165.63398158155275,1.6348829867147778,1.645759106670997
3,0.15,crump,0.09972084571711629,0.105,0.0,180.0,180.0,1.0,1.0
3,0.15,overlap,0.09704139441849548,0.15,0.0,179.43734489224778,178.24611682692833,0.24999972239009804,0.24999969810338576
3,0.3,unweighted,0.11462590401615608,0.005,1.0,180.0,180.0,1.0,1.0
3,0.3,source,0.09814695804041393,0.11,0.0,172.4074463469652,180.0,1.6348829867147778,1.0
3,0.3,target,0.09792761301317066,0.13,0.0,180.0,165.63398158155275,1.0,1.645759106670997
3,0.3,both,0.08249484610090567,0.61,0.0,172.4074463469652,165.63398158155275,1.6348829867147778,1.645759106670997
3,0.3,crump,0.11462590401615608,0.005,1.0,180.0,180.0,1.0,1.0
3,0.3,overlap,0.11304675410203298,0.015,1.0,179.43734489224778,178.24611682692833,0.24999972239009804,0.24999969810338576
3,0.45,unweighted,0.1299787122770919,0.005,1.0,180.0,180.0,1.0,1.0
3,0.45,source,0.11258293100776741,0.01,1.0,172.4074463469652,180.0,1.6348829867147778,1.0
3,0.45,target,0.11451070168570346,0.01,1.0,180.0,165.63398158155275,1.0,1.645759106670997
3,0.45,both,0.09784499475407601,0.12,0.0,172.4074463469652,165.63398158155275,1.6348829867147778,1.645759106670997
3,0.45,crump,0.1299787122770919,0.005,1.0,180.0,180.0,1.0,1.0
3,0.45,overlap,0.129601053153099,0.005,1.0,179.43734489224778,178.24611682692833,0.24999972239009804,0.24999969810338576
3,0.6,unweighted,0.14797284903215974,0.005,1.0,180.0,180.0,1.0,1.0
3,0.6,source,0.12988722582189505,0.005,1.0,172.4074463469652,180.0,1.6348829867147778,1.0
3,0.6,target,0.13437771795289477,0.005,1.0,180.0,165.63398158155275,1.0,1.645759106670997
3,0.6,both,0.11663300352188122,0.01,1.0,172.4074463469652,165.63398158155275,1.6348829867147778,1.645759106670997
3,0.6,crump,0.14797284903215974,0.005,1.0,180.0,180.0,1.0,1.0
3,0.6,overlap,0.1488407715926075,0.005,1.0,179.43734489224778,178.24611682692833,0.24999972239009804,0.24999969810338576
4,0.0,unweighted,0.08398088324950465,0.505,0.0,180.0,180.0,1.0,1.0
4,0.0,source,0.07396211203065174,0.85,0.0,174.00334915539457,180.0,1.4214909397422266,1.0
4,0.0,target,0.06629854827450987,0.95,0.0,180.0,166.78166494519243,1.0,1.61685951284489
4,0.0,both,0.057324901782572685,0.99,0.0,174.00334915539457,166.78166494519243,1.4214909397422266,1.61685951284489
4,0.0,crump,0.08398088324950465,0.505,0.0,180.0,180.0,1.0,1.0
4,0.0,overlap,0.08010167395054546,0.67,0.0,179.57427931694022,178.49858706265547,0.24999979881319234,0.24999536979122255
4,0.15,unweighted,0.09835216811461667,0.11,0.0,180.0,180.0,1.0,1.0
4,0.15,source,0.0873241606121421,0.395,0.0,174.00334915539457,180.0,1.4214909397422266,1.0
4,0.15,target,0.08131351411188864,0.625,0.0,180.0,166.78166494519243,1.0,1.61685951284489
4,0.15,both,0.07108244480203554,0.905,0.0,174.00334915539457,166.78166494519243,1.4214909397422266,1.61685951284489
4,0.15,crump,0.09835216811461667,0.11,0.0,180.0,180.0,1.0,1.0
4,0.15,overlap,0.09533466351213543,0.175,0.0,179.57427931694022,178.49858706265547,0.24999979881319234,0.24999536979122255
4,0.3,unweighted,0.11463727518670934,0.01,1.0,180.0,180.0,1.0,1.0
4,0.3,source,0.10286475268102332,0.065,0.0,174.00334915539457,180.0,1.4214909397422266,1.0
4,0.3,target,0.0986317838489118,0.105,0.0,180.0,166.78166494519243,1.0,1.61685951284489
4,0.3,both,0.08740529284587716,0.41,0.0,174.00334915539457,166.78166494519243,1.4214909397422266,1.61685951284489
4,0.3,crump,0.11463727518670934,0.01,1.0,180.0,180.0,1.0,1.0
4,0.3,overlap,0.11262779731003153,0.015,1.0,179.57427931694022,178.49858706265547,0.24999979881319234,0.24999536979122255
4,0.45,unweighted,0.13181169410150895,0.005,1.0,180.0,180.0,1.0,1.0
4,0.45,source,0.11935716752090392,0.01,1.0,174.00334915539457,180.0,1.4214909397422266,1.0
4,0.45,target,0.11733080039676301,0.015,1.0,180.0,166.78166494519243,1.0,1.61685951284489
4,0.45,both,0.10516253609858756,0.06,0.0,174.00334915539457,166.78166494519243,1.4214909397422266,1.61685951284489
4,0.45,crump,0.13181169410150895,0.005,1.0,180.0,180.0,1.0,1.0
4,0.45,overlap,0.13077061935181877,0.005,1.0,179.57427931694022,178.49858706265547,0.24999979881319234,0.24999536979122255
4,0.6,unweighted,0.14963153006401464,0.005,1.0,180.0,180.0,1.0,1.0
4,0.6,source,0.13691858146935548,0.005,1.0,174.00334915539457,180.0,1.4214909397422266,1.0
4,0.6,target,0.13721832277122592,0.005,1.0,180.0,166.78166494519243,1.0,1.61685951284489
4,0.6,both,0.12455728453263373,0.01,1.0,174.00334915539457,166.78166494519243,1.4214909397422266,1.61685951284489
4,0.6,crump,0.14963153006401464,0.005,1.0,180.0,180.0,1.0,1.0
4,0.6,overlap,0.14983976707209912,0.005,1.0,179.57427931694022,178.49858706265547,0.24999979881319234,0.24999536979122255
5,0.0,unweighted,0.09019567805974699,0.31,0.0,180.0,180.0,1.0,1.0
5,0.0,source,0.07870375034251403,0.745,0.0,172.75804774026744,180.0,1.4879853623327841,1.0
5,0.0,target,0.07269581812307194,0.915,0.0,180.0,164.34316123128417,1.0,1.5788045517963611
5,0.0,both,0.06235295689157215,0.99,0.0,172.75804774026744,164.34316123128417,1.4879853623327841,1.5788045517963611
5,0.0,crump,0.09019567805974699,0.31,0.0,180.0,180.0,1.0,1.0
5,0.0,overlap,0.08709873116030616,0.41,0.0,179.52302619978246,177.94789964735602,0.24999997645985683,0.2499999868991457
5,0.15,unweighted,0.10458446406797745,0.045,1.0,180.0,180.0,1.0,1.0
5,0.15,source,0.09203372223231324,0.275,0.0,172.75804774026744,180.0,1.4879853623327841,1.0
5,0.15,target,0.08778493085992004,0.395,0.0,180.0,164.34316123128417,1.0,1.5788045517963611
5,0.15,both,0.07615053682042278,0.845,0.0,172.75804774026744,164.34316123128417,1.4879853623327841,1.5788045517963611
5,0.15,crump,0.10458446406797745,0.045,1.0,180.0,180.0,1.0,1.0
5,0.15,overlap,0.10252591319282556,0.065,0.0,179.52302619978246,177.94789964735602,0.24999997645985683,0.2499999868991457
5,0.3,unweighted,0.12170750171467763,0.005,1.0,180.0,180.0,1.0,1.0
5,0.3,source,0.10831180696937648,0.015,1.0,172.75804774026744,180.0,1.4879853623327841,1.0
5,0.3,target,0.10612512056108069,0.04,1.0,180.0,164.34316123128417,1.0,1.5788045517963611
5,0.3,both,0.09335213111187127,0.25,0.0,172.75804774026744,164.34316123128417,1.4879853623327841,1.5788045517963611
5,0.3,crump,0.12170750171467763,0.005,1.0,180.0,180.0,1.0,1.0
5,0.3,overlap,0.12081544794605856,0.005,1.0,179.52302619978246,177.94789964735602,0.24999997645985683,0.2499999868991457
5,0.45,unweighted,0.1396204751562262,0.005,1.0,180.0,180.0,1.0,1.0
5,0.45,source,0.12529612070585555,0.005,1.0,172.75804774026744,180.0,1.4879853623327841,1.0
5,0.45,target,0.1257740642150178,0.005,1.0,180.0,164.34316123128417,1.0,1.5788045517963611
5,0.45,both,0.11178500682055886,0.005,1.0,172.75804774026744,164.34316123128417,1.4879853623327841,1.5788045517963611
5,0.45,crump,0.1396204751562262,0.005,1.0,180.0,180.0,1.0,1.0
5,0.45,overlap,0.13969230570309832,0.005,1.0,179.52302619978246,177.94789964735602,0.24999997645985683,0.2499999868991457
5,0.6,unweighted,0.15733087086572167,0.005,1.0,180.0,180.0,1.0,1.0
5,0.6,source,0.1428461323082768,0.005,1.0,172.75804774026744,180.0,1.4879853623327841,1.0
5,0.6,target,0.1455164271775377,0.005,1.0,180.0,164.34316123128417,1.0,1.5788045517963611
5,0.6,both,0.1310859123299448,0.005,1.0,172.75804774026744,164.34316123128417,1.4879853623327841,1.5788045517963611
5,0.6,crump,0.15733087086572167,0.005,1.0,180.0,180.0,1.0,1.0
5,0.6,overlap,0.15870530746033318,0.005,1.0,179.52302619978246,177.94789964735602,0.24999997645985683,0.2499999868991457
6,0.0,unweighted,0.07248269413961286,0.885,0.0,180.0,180.0,1.0,1.0
6,0.0,source,0.06041107735495788,1.0,0.0,173.74961033104617,180.0,1.4399905781453264,1.0
6,0.0,target,0.0594013582984503,1.0,0.0,180.0,165.1239123162674,1.0,1.5989066362719428
6,0.0,both,0.04881304595325882,1.0,0.0,173.74961033104617,165.1239123162674,1.4399905781453264,1.5989066362719428
6,0.0,crump,0.07248269413961286,0.885,0.0,180.0,180.0,1.0,1.0
6,0.0,overlap,0.0700490392219126,0.93,0.0,179.52053138237082,178.19072711459938,0.24999996837547486,0.2499999830761133
6,0.15,unweighted,0.08559341087486663,0.47,0.0,180.0,180.0,1.0,1.0
6,0.15,source,0.072160782363937,0.895,0.0,173.74961033104617,180.0,1.4399905781453264,1.0
6,0.15,target,0.07312745247800724,0.865,0.0,180.0,165.1239123162674,1.0,1.5989066362719428
6,0.15,both,0.06094337690442059,1.0,0.0,173.74961033104617,165.1239123162674,1.4399905781453264,1.5989066362719428
6,0.15,crump,0.08559341087486663,0.47,0.0,180.0,180.0,1.0,1.0
6,0.15,overlap,0.0840127932254919,0.545,0.0,179.52053138237082,178.19072711459938,0.24999996837547486,0.2499999830761133
6,0.3,unweighted,0.10007495332266422,0.065,0.0,180.0,180.0,1.0,1.0
6,0.3,source,0.08560391725594295,0.48,0.0,173.74961033104617,180.0,1.4399905781453264,1.0
6,0.3,target,0.08853047754806709,0.35,0.0,180.0,165.1239123162674,1.0,1.5989066362719428
6,0.3,both,0.07503201485531732,0.82,0.0,173.74961033104617,165.1239123162674,1.4399905781453264,1.5989066362719428
6,0.3,crump,0.10007495332266422,0.065,0.0,180.0,180.0,1.0,1.0
6,0.3,overlap,0.09943229634510123,0.09,0.0,179.52053138237082,178.19072711459938,0.24999996837547486,0.2499999830761133
6,0.45,unweighted,0.11686676002133821,0.005,1.0,180.0,180.0,1.0,1.0
6,0.45,source,0.10107883586438807,0.065,0.0,173.74961033104617,180.0,1.4399905781453264,1.0
6,0.45,target,0.10687864178136229,0.03,1.0,180.0,165.1239123162674,1.0,1.5989066362719428
6,0.45,both,0.09177947841252837,0.28,0.0,173.74961033104617,165.1239123162674,1.4399905781453264,1.5989066362719428
6,0.45,crump,0.11686676002133821,0.005,1.0,180.0,180.0,1.0,1.0
6,0.45,overlap,0.11701726097945733,0.005,1.0,179.52053138237082,178.19072711459938,0.24999996837547486,0.2499999830761133
6,0.6,unweighted,0.13456903577960677,0.005,1.0,180.0,180.0,1.0,1.0
6,0.6,source,0.11736043462307312,0.005,1.0,173.74961033104617,180.0,1.4399905781453264,1.0
6,0.6,target,0.12652979618663018,0.005,1.0,180.0,165.1239123162674,1.0,1.5989066362719428
6,0.6,both,0.10972117490382265,0.03,1.0,173.74961033104617,165.1239123162674,1.4399905781453264,1.5989066362719428
6,0.6,crump,0.13456903577960677,0.005,1.0,180.0,180.0,1.0,1.0
6,0.6,overlap,0.13504055264339693,0.005,1.0,179.52053138237082,178.19072711459938,0.24999996837547486,0.2499999830761133
7,0.0,unweighted,0.08231679240969364,0.565,0.0,180.0,180.0,1.0,1.0
7,0.0,source,0.06981452445243974,0.925,0.0,173.85470538286862,180.0,1.4319244415651666,1.0
7,0.0,target,0.0667222661249344,0.96,0.0,180.0,167.82064751024316,1.0,1.4471609714080398
7,0.0,both,0.055533156364943395,1.0,0.0,173.85470538286862,167.82064751024316,1.4319244415651666,1.4471609714080398
7,0.0,crump,0.08231679240969364,0.565,0.0,180.0,180.0,1.0,1.0
7,0.0,overlap,0.07956380995875623,0.715,0.0,179.67584648537832,178.86499046859166,0.24999873959104765,0.24999999270632026
7,0.15,unweighted,0.09555183470507544,0.135,0.0,180.0,180.0,1.0,1.0
7,0.15,source,0.08187691877854485,0.59,0.0,173.85470538286862,180.0,1.4319244415651666,1.0
7,0.15,target,0.08043209980857939,0.675,0.0,180.0,167.82064751024316,1.0,1.4471609714080398
7,0.15,both,0.06780190993191942,0.955,0.0,173.85470538286862,167.82064751024316,1.4319244415651666,1.4471609714080398
7,0.15,crump,0.09555183470507544,0.135,0.0,180.0,180.0,1.0,1.0
7,0.15,overlap,0.09353515131468634,0.21,0.0,179.67584648537832,178.86499046859166,0.24999873959104765,0.24999999270632026
7,0.3,unweighted,0.11071150453436976,0.025,1.0,180.0,180.0,1.0,1.0
7,0.3,source,0.09608952360317527,0.135,0.0,173.85470538286862,180.0,1.4319244415651666,1.0
7,0.3,target,0.09642216266655326,0.135,0.0,180.0,167.82064751024316,1.0,1.4471609714080398
7,0.3,both,0.08253826421633437,0.59,0.0,173.85470538286862,167.82064751024316,1.4319244415651666,1.4471609714080398
7,0.3,crump,0.11071150453436976,0.025,1.0,180.0,180.0,1.0,1.0
7,0.3,overlap,0.1094060316286298,0.025,1.0,179.67584648537832,178.86499046859166,0.24999873959104765,0.24999999270632026
7,0.45,unweighted,0.12727024748513946,0.005,1.0,180.0,180.0,1.0,1.0
7,0.45,source,0.11208691312355924,0.025,1.0,173.85470538286862,180.0,1.4319244415651666,1.0
7,0.45,target,0.11423719317005232,0.005,1.0,180.0,167.82064751024316,1.0,1.4471609714080398
7,0.45,both,0.09947261539192598,0.085,0.0,173.85470538286862,167.82064751024316,1.4319244415651666,1.4471609714080398
7,0.45,crump,0.12727024748513946,0.005,1.0,180.0,180.0,1.0,1.0
7,0.45,overlap,0.12693100305710622,0.005,1.0,179.67584648537832,178.86499046859166,0.24999873959104765,0.24999999270632026
7,0.6,unweighted,0.1445062242798354,0.005,1.0,180.0,180.0,1.0,1.0
7,0.6,source,0.12888889195396763,0.005,1.0,173.85470538286862,180.0,1.4319244415651666,1.0
7,0.6,target,0.1333087517755019,0.005,1.0,180.0,167.82064751024316,1.0,1.4471609714080398
7,0.6,both,0.11779932662871184,0.005,1.0,173.85470538286862,167.82064751024316,1.4319244415651666,1.4471609714080398
7,0.6,crump,0.1445062242798354,0.005,1.0,180.0,180.0,1.0,1.0
7,0.6,overlap,0.14500376921583838,0.005,1.0,179.67584648537832,178.86499046859166,0.24999873959104765,0.24999999270632026
8,0.0,unweighted,0.08479674592287761,0.495,0.0,180.0,180.0,1.0,1.0
8,0.0,source,0.07005052037326712,0.935,0.0,170.5571177940066,180.0,1.7567064900605556,1.0
8,0.0,target,0.06585540343268664,0.97,0.0,180.0,159.8596519357978,1.0,1.8709166086284965
8,0.0,both,0.05324561290913521,1.0,0.0,170.5571177940066,159.8596519357978,1.7567064900605556,1.8709166086284965
8,0.0,crump,0.08479674592287761,0.495,0.0,180.0,180.0,1.0,1.0
8,0.0,overlap,0.08100681674313218,0.675,0.0,179.17188482021865,176.14862291537014,0.24999883484779623,0.24999471628681835
8,0.15,unweighted,0.09989415199664686,0.08,0.0,180.0,180.0,1.0,1.0
8,0.15,source,0.0836476496688506,0.575,0.0,170.5571177940066,180.0,1.7567064900605556,1.0
8,0.15,target,0.08181285947369442,0.65,0.0,180.0,159.8596519357978,1.0,1.8709166086284965
8,0.15,both,0.06732419797286904,0.96,0.0,170.5571177940066,159.8596519357978,1.7567064900605556,1.8709166086284965
8,0.15,crump,0.09989415199664686,0.08,0.0,180.0,180.0,1.0,1.0
8,0.15,overlap,0.09766969341614162,0.125,0.0,179.17188482021865,176.14862291537014,0.24999883484779623,0.24999471628681835
8,0.3,unweighted,0.11645340268251791,0.01,1.0,180.0,180.0,1.0,1.0
8,0.3,source,0.09877915931703499,0.09,0.0,170.5571177940066,180.0,1.7567064900605556,1.0
8,0.3,target,0.09982269671746855,0.12,0.0,180.0,159.8596519357978,1.0,1.8709166086284965
8,0.3,both,0.08343315106651138,0.575,0.0,170.5571177940066,159.8596519357978,1.7567064900605556,1.8709166086284965
8,0.3,crump,0.11645340268251791,0.01,1.0,180.0,180.0,1.0,1.0
8,0.3,overlap,0.11598115019905508,0.01,1.0,179.17188482021865,176.14862291537014,0.24999883484779623,0.24999471628681835
8,0.45,unweighted,0.13483051745160798,0.005,1.0,180.0,180.0,1.0,1.0
8,0.45,source,0.11587260024726179,0.015,1.0,170.5571177940066,180.0,1.7567064900605556,1.0
8,0.45,target,0.12024943792785878,0.005,1.0,180.0,159.8596519357978,1.0,1.8709166086284965
8,0.45,both,0.10203430501392174,0.09,0.0,170.5571177940066,159.8596519357978,1.7567064900605556,1.8709166086284965
8,0.45,crump,0.13483051745160798,0.005,1.0,180.0,180.0,1.0,1.0
8,0.45,overlap,0.136003526864336,0.005,1.0,179.17188482021865,176.14862291537014,0.24999883484779623,0.24999471628681835
8,0.6,unweighted,0.1538027053802774,0.005,1.0,180.0,180.0,1.0,1.0
8,0.6,source,0.13400071337052688,0.005,1.0,170.5571177940066,180.0,1.7567064900605556,1.0
8,0.6,target,0.14174343450882057,0.005,1.0,180.0,159.8596519357978,1.0,1.8709166086284965
8,0.6,both,0.12222636108046957,0.005,1.0,170.5571177940066,159.8596519357978,1.7567064900605556,1.8709166086284965
8,0.6,crump,0.1538027053802774,0.005,1.0,180.0,180.0,1.0,1.0
8,0.6,overlap,0.15632310812447134,0.005,1.0,179.17188482021865,176.14862291537014,0.24999883484779623,0.24999471628681835
9,0.0,unweighted,0.10546743160341412,0.015,1.0,180.0,180.0,1.0,1.0
9,0.0,source,0.08916916191299579,0.345,0.0,166.59583401010966,180.0,1.7584408846699233,1.0
9,0.0,target,0.07894615664918084,0.695,0.0,180.0,152.4917609498143,1.0,1.8736860649216271
9,0.0,both,0.06421259719375715,0.985,0.0,166.59583401010966,152.4917609498143,1.7584408846699233,1.8736860649216271
9,0.0,crump,0.10546743160341412,0.015,1.0,180.0,180.0,1.0,1.0
9,0.0,overlap,0.0971618535872249,0.155,0.0,178.12895444758018,172.59086108801867,0.24999981451896305,0.24999999379654805
9,0.15,unweighted,0.12233076417466851,0.005,1.0,180.0,180.0,1.0,1.0
9,0.15,source,0.10455264739987377,0.045,1.0,166.59583401010966,180.0,1.7584408846699233,1.0
9,0.15,target,0.09769622461861369,0.115,0.0,180.0,152.4917609498143,1.0,1.8736860649216271
9,0.15,both,0.0809045206693162,0.63,0.0,166.59583401010966,152.4917609498143,1.7584408846699233,1.8736860649216271
9,0.15,crump,0.12233076417466851,0.005,1.0,180.0,180.0,1.0,1.0
9,0.15,overlap,0.11645926207988441,0.005,1.0,178.12895444758018,172.59086108801867,0.24999981451896305,0.24999999379654805
9,0.3,unweighted,0.14152850365797898,0.005,1.0,180.0,180.0,1.0,1.0
9,0.3,source,0.12292633071231554,0.005,1.0,166.59583401010966,180.0,1.7584408846699233,1.0
9,0.3,target,0.11956359316414228,0.005,1.0,180.0,152.4917609498143,1.0,1.8736860649216271
9,0.3,both,0.1013398654959752,0.07,0.0,166.59583401010966,152.4917609498143,1.7584408846699233,1.8736860649216271
9,0.3,crump,0.14152850365797898,0.005,1.0,180.0,180.0,1.0,1.0
9,0.3,overlap,0.13834426342977585,0.005,1.0,178.12895444758018,172.59086108801867,0.24999981451896305,0.24999999379654805
9,0.45,unweighted,0.16255221002895898,0.005,1.0,180.0,180.0,1.0,1.0
9,0.45,source,0.1435561989989501,0.005,1.0,166.59583401010966,180.0,1.7584408846699233,1.0
9,0.45,target,0.144231245127166,0.005,1.0,180.0,152.4917609498143,1.0,1.8736860649216271
9,0.45,both,0.1250986737393064,0.005,1.0,166.59583401010966,152.4917609498143,1.7584408846699233,1.8736860649216271
9,0.45,crump,0.16255221002895898,0.005,1.0,180.0,180.0,1.0,1.0
9,0.45,overlap,0.16226002692816993,0.005,1.0,178.12895444758018,172.59086108801867,0.24999981451896305,0.24999999379654805
9,0.6,unweighted,0.1828987968678555,0.005,1.0,180.0,180.0,1.0,1.0
9,0.6,source,0.16446825363915257,0.005,1.0,166.59583401010966,180.0,1.7584408846699233,1.0
9,0.6,target,0.16909319321934715,0.005,1.0,180.0,152.4917609498143,1.0,1.8736860649216271
9,0.6,both,0.1501350309265495,0.005,1.0,166.59583401010966,152.4917609498143,1.7584408846699233,1.8736860649216271
9,0.6,crump,0.1828987968678555,0.005,1.0,180.0,180.0,1.0,1.0
9,0.6,overlap,0.1854419096218038,0.005,1.0,178.12895444758018,172.59086108801867,0.24999981451896305,0.24999999379654805
10,0.0,unweighted,0.08132231081390032,0.625,0.0,180.0,180.0,1.0,1.0
10,0.0,source,0.07041092694614394,0.905,0.0,172.7754275417483,180.0,1.4922132291185477,1.0
10,0.0,target,0.0660905852058357,0.965,0.0,180.0,166.33316204728635,1.0,1.722191062611569
10,0.0,both,0.05630948786278723,1.0,0.0,172.7754275417483,166.33316204728635,1.4922132291185477,1.722191062611569
10,0.0,crump,0.08132231081390032,0.625,0.0,180.0,180.0,1.0,1.0
10,0.0,overlap,0.07794326485809958,0.77,0.0,179.42338260760266,178.17516981056022,0.24999959681152129,0.24999078062802715
10,0.15,unweighted,0.09738783531473862,0.09,0.0,180.0,180.0,1.0,1.0
10,0.15,source,0.08503306772369883,0.485,0.0,172.7754275417483,180.0,1.4922132291185477,1.0
10,0.15,target,0.08304851096169746,0.575,0.0,180.0,166.33316204728635,1.0,1.722191062611569
10,0.15,both,0.07158084577438162,0.9,0.0,172.7754275417483,166.33316204728635,1.4922132291185477,1.722191062611569
10,0.15,crump,0.09738783531473862,0.09,0.0,180.0,180.0,1.0,1.0
10,0.15,overlap,0.09512978531179095,0.15,0.0,179.42338260760266,178.17516981056022,0.24999959681152129,0.24999078062802715
10,0.3,unweighted,0.11651142356348118,0.005,1.0,180.0,180.0,1.0,1.0
10,0.3,source,0.10258993825700669,0.045,1.0,172.7754275417483,180.0,1.4922132291185477,1.0
10,0.3,target,0.10372110827356253,0.04,1.0,180.0,166.33316204728635,1.0,1.722191062611569
10,0.3,both,0.0904103224320835,0.31,0.0,172.7754275417483,166.33316204728635,1.4922132291185477,1.722191062611569
10,0.3,crump,0.11651142356348118,0.005,1.0,180.0,180.0,1.0,1.0
10,0.3,overlap,0.11536031728139311,0.005,1.0,179.42338260760266,178.17516981056022,0.24999959681152129,0.24999078062802715
10,0.45,unweighted,0.1354446063862216,0.005,1.0,180.0,180.0,1.0,1.0
10,0.45,source,0.12017247177832895,0.005,1.0,172.7754275417483,180.0,1.4922132291185477,1.0
10,0.45,target,0.12457156405250605,0.005,1.0,180.0,166.33316204728635,1.0,1.722191062611569
10,0.45,both,0.10964171825833219,0.015,1.0,172.7754275417483,166.33316204728635,1.4922132291185477,1.722191062611569
10,0.45,crump,0.1354446063862216,0.005,1.0,180.0,180.0,1.0,1.0
10,0.45,overlap,0.13497670379215082,0.005,1.0,179.42338260760266,178.17516981056022,0.24999959681152129,0.24999078062802715
10,0.6,unweighted,0.15516893004115226,0.005,1.0,180.0,180.0,1.0,1.0
10,0.6,source,0.13928501568921225,0.005,1.0,172.7754275417483,180.0,1.4922132291185477,1.0
10,0.6,target,0.14687684512238677,0.005,1.0,180.0,166.33316204728635,1.0,1.722191062611569
10,0.6,both,0.13104580381072672,0.005,1.0,172.7754275417483,166.33316204728635,1.4922132291185477,1.722191062611569
10,0.6,crump,0.15516893004115226,0.005,1.0,180.0,180.0,1.0,1.0
10,0.6,overlap,0.15580918382267794,0.005,1.0,179.42338260760266,178.17516981056022,0.24999959681152129,0.24999078062802715
11,0.0,unweighted,0.08886872904282885,0.33,0.0,180.0,180.0,1.0,1.0
11,0.0,source,0.07316527208653946,0.855,0.0,169.2623296268156,180.0,1.635068677383794,1.0
11,0.0,target,0.06676987667125,0.93,0.0,180.0,156.61568451748997,1.0,1.9035956328147343
11,0.0,both,0.053095381622329775,1.0,0.0,169.2623296268156,156.61568451748997,1.635068677383794,1.9035956328147343
11,0.0,crump,0.08886872904282885,0.33,0.0,180.0,180.0,1.0,1.0
11,0.0,overlap,0.08171945626652174,0.605,0.0,179.00238347626257,174.61592182300652,0.24999999416190066,0.24999988495691702
11,0.15,unweighted,0.10401223136716964,0.04,1.0,180.0,180.0,1.0,1.0
11,0.15,source,0.08616935778971367,0.45,0.0,169.2623296268156,180.0,1.635068677383794,1.0
11,0.15,target,0.08359303269974294,0.53,0.0,180.0,156.61568451748997,1.0,1.9035956328147343
11,0.15,both,0.06722647526183759,0.94,0.0,169.2623296268156,156.61568451748997,1.635068677383794,1.9035956328147343
11,0.15,crump,0.10401223136716964,0.04,1.0,180.0,180.0,1.0,1.0
11,0.15,overlap,0.09850548419266042,0.115,0.0,179.00238347626257,174.61592182300652,0.24999999416190066,0.24999988495691702
11,0.3,unweighted,0.12102152301478433,0.005,1.0,180.0,180.0,1.0,1.0
11,0.3,source,0.1018422650359109,0.065,0.0,169.2623296268156,180.0,1.635068677383794,1.0
11,0.3,target,0.10277106073426187,0.055,0.0,180.0,156.61568451748997,1.0,1.9035956328147343
11,0.3,both,0.08456742673257622,0.515,0.0,169.2623296268156,156.61568451748997,1.635068677383794,1.9035956328147343
11,0.3,crump,0.12102152301478433,0.005,1.0,180.0,180.0,1.0,1.0
11,0.3,overlap,0.11765946509793464,0.01,1.0,179.00238347626257,174.61592182300652,0.24999999416190066,0.24999988495691702
11,0.45,unweighted,0.139072382258802,0.005,1.0,180.0,180.0,1.0,1.0
11,0.45,source,0.11877931137507883,0.005,1.0,169.2623296268156,180.0,1.635068677383794,1.0
11,0.45,target,0.12358800339644281,0.01,1.0,180.0,156.61568451748997,1.0,1.9035956328147343
11,0.45,both,0.1037308833843673,0.045,1.0,169.2623296268156,156.61568451748997,1.635068677383794,1.9035956328147343
11,0.45,crump,0.139072382258802,0.005,1.0,180.0,180.0,1.0,1.0
11,0.45,overlap,0.1378970915822772,0.005,1.0,179.00238347626257,174.61592182300652,0.24999999416190066,0.24999988495691702
11,0.6,unweighted,0.15839196959304985,0.005,1.0,180.0,180.0,1.0,1.0
11,0.6,source,0.13731422684442907,0.005,1.0,169.2623296268156,180.0,1.635068677383794,1.0
11,0.6,target,0.14621162999095855,0.005,1.0,180.0,156.61568451748997,1.0,1.9035956328147343
11,0.6,both,0.12509863205402172,0.005,1.0,169.2623296268156,156.61568451748997,1.635068677383794,1.9035956328147343
11,0.6,crump,0.15839196959304985,0.005,1.0,180.0,180.0,1.0,1.0
11,0.6,overlap,0.15954077630269808,0.005,1.0,179.00238347626257,174.61592182300652,0.24999999416190066,0.24999988495691702
12,0.0,unweighted,0.11299357853223593,0.01,1.0,180.0,180.0,1.0,1.0
12,0.0,source,0.0968006873070943,0.18,0.0,169.83207648763758,180.0,1.6699959095721773,1.0
12,0.0,target,0.08206688479369192,0.68,0.0,180.0,152.95428055970407,1.0,1.7659223720121704
12,0.0,both,0.06786085104434565,0.975,0.0,169.83207648763758,152.95428055970407,1.6699959095721773,1.7659223720121704
12,0.0,crump,0.11299357853223593,0.01,1.0,180.0,180.0,1.0,1.0
12,0.0,overlap,0.10460740241599545,0.04,1.0,178.84560862833723,174.11319778306253,0.2499992660610832,0.24999998617259192
12,0.15,unweighted,0.12892175354366714,0.005,1.0,180.0,180.0,1.0,1.0
12,0.15,source,0.11163545665172281,0.015,1.0,169.83207648763758,180.0,1.6699959095721773,1.0
12,0.15,target,0.09912183334112479,0.115,0.0,180.0,152.95428055970407,1.0,1.7659223720121704
12,0.15,both,0.0831722431094975,0.62,0.0,169.83207648763758,152.95428055970407,1.6699959095721773,1.7659223720121704
12,0.15,crump,0.12892175354366714,0.005,1.0,180.0,180.0,1.0,1.0
12,0.15,overlap,0.12236721667120279,0.005,1.0,178.84560862833723,174.11319778306253,0.2499992660610832,0.24999998617259192
12,0.3,unweighted,0.14494603623685415,0.005,1.0,180.0,180.0,1.0,1.0
12,0.3,source,0.12687426193169277,0.005,1.0,169.83207648763758,180.0,1.6699959095721773,1.0
12,0.3,target,0.11720680418512316,0.005,1.0,180.0,152.95428055970407,1.0,1.7659223720121704
12,0.3,both,0.09983049155783813,0.13,0.0,169.83207648763758,152.95428055970407,1.6699959095721773,1.7659223720121704
12,0.3,crump,0.14494603623685415,0.005,1.0,180.0,180.0,1.0,1.0
12,0.3,overlap,0.140446985923129,0.005,1.0,178.84560862833723,174.11319778306253,0.2499992660610832,0.24999998617259192
12,0.45,unweighted,0.1631469564471879,0.005,1.0,180.0,180.0,1.0,1.0
12,0.45,source,0.14459053312669323,0.005,1.0,169.83207648763758,180.0,1.6699959095721773,1.0
12,0.45,target,0.13828504499623434,0.005,1.0,180.0,152.95428055970407,1.0,1.7659223720121704
12,0.45,both,0.11978990553952215,0.005,1.0,169.83207648763758,152.95428055970407,1.6699959095721773,1.7659223720121704
12,0.45,crump,0.1631469564471879,0.005,1.0,180.0,180.0,1.0,1.0
12,0.45,overlap,0.1609310118801547,0.005,1.0,178.84560862833723,174.11319778306253,0.2499992660610832,0.24999998617259192
12,0.6,unweighted,0.1819380677488188,0.005,1.0,180.0,180.0,1.0,1.0
12,0.6,source,0.16323707643613417,0.005,1.0,169.83207648763758,180.0,1.6699959095721773,1.0
12,0.6,target,0.16079936946990803,0.005,1.0,180.0,152.95428055970407,1.0,1.7659223720121704
12,0.6,both,0.14164318366728124,0.005,1.0,169.83207648763758,152.95428055970407,1.6699959095721773,1.7659223720121704
12,0.6,crump,0.1819380677488188,0.005,1.0,180.0,180.0,1.0,1.0
12,0.6,overlap,0.1818310916485493,0.005,1.0,178.84560862833723,174.11319778306253,0.2499992660610832,0.24999998617259192
13,0.0,unweighted,0.10027537437128486,0.085,0.0,180.0,180.0,1.0,1.0
13,0.0,source,0.08444319364730402,0.525,0.0,170.9018483729722,180.0,1.512549220349832,1.0
13,0.0,target,0.0765455567952241,0.785,0.0,180.0,161.4691091648921,1.0,1.8031851509840098
13,0.0,both,0.06243533898389868,0.99,0.0,170.9018483729722,161.4691091648921,1.512549220349832,1.8031851509840098
13,0.0,crump,0.10027537437128486,0.085,0.0,180.0,180.0,1.0,1.0
13,0.0,overlap,0.09466400615205794,0.205,0.0,179.31328415568737,177.2663028918875,0.24999999503507564,0.24999971624350567
13,0.15,unweighted,0.1134875447721384,0.005,1.0,180.0,180.0,1.0,1.0
13,0.15,source,0.09622261734241727,0.16,0.0,170.9018483729722,180.0,1.512549220349832,1.0
13,0.15,target,0.09056234136574148,0.29,0.0,180.0,161.4691091648921,1.0,1.8031851509840098
13,0.15,both,0.07454933078234541,0.835,0.0,170.9018483729722,161.4691091648921,1.512549220349832,1.8031851509840098
13,0.15,crump,0.1134875447721384,0.005,1.0,180.0,180.0,1.0,1.0
13,0.15,overlap,0.10895941227613809,0.02,1.0,179.31328415568737,177.2663028918875,0.24999999503507564,0.24999971624350567
13,0.3,unweighted,0.12746353642737387,0.005,1.0,180.0,180.0,1.0,1.0
13,0.3,source,0.10867920861129744,0.035,1.0,170.9018483729722,180.0,1.512549220349832,1.0
13,0.3,target,0.10595041986824055,0.045,1.0,180.0,161.4691091648921,1.0,1.8031851509840098
13,0.3,both,0.08797931916039486,0.36,0.0,170.9018483729722,161.4691091648921,1.512549220349832,1.8031851509840098
13,0.3,crump,0.12746353642737387,0.005,1.0,180.0,180.0,1.0,1.0
13,0.3,overlap,0.12413984579988116,0.005,1.0,179.31328415568737,177.2663028918875,0.24999999503507564,0.24999971624350567
13,0.45,unweighted,0.14379843583295226,0.005,1.0,180.0,180.0,1.0,1.0
13,0.45,source,0.12414470607416045,0.005,1.0,170.9018483729722,180.0,1.512549220349832,1.0
13,0.45,target,0.12414408457243631,0.005,1.0,180.0,161.4691091648921,1.0,1.8031851509840098
13,0.45,both,0.10481863646123743,0.06,0.0,170.9018483729722,161.4691091648921,1.512549220349832,1.8031851509840098
13,0.45,crump,0.14379843583295226,0.005,1.0,180.0,180.0,1.0,1.0
13,0.45,overlap,0.14194903953502747,0.005,1.0,179.31328415568737,177.2663028918875,0.24999999503507564,0.24999971624350567
13,0.6,unweighted,0.16219743084133517,0.005,1.0,180.0,180.0,1.0,1.0
13,0.6,source,0.14209697793993203,0.005,1.0,170.9018483729722,180.0,1.512549220349832,1.0
13,0.6,target,0.1450486566657585,0.005,1.0,180.0,161.4691091648921,1.0,1.8031851509840098
13,0.6,both,0.12487784736768667,0.005,1.0,170.9018483729722,161.4691091648921,1.512549220349832,1.8031851509840098
13,0.6,crump,0.16219743084133517,0.005,1.0,180.0,180.0,1.0,1.0
13,0.6,overlap,0.1617197768490239,0.005,1.0,179.31328415568737,177.2663028918875,0.24999999503507564,0.24999971624350567
14,0.0,unweighted,0.09849691739064168,0.05,0.0,180.0,180.0,1.0,1.0
14,0.0,source,0.08040693016759336,0.655,0.0,171.23926056998496,180.0,1.490651176273446,1.0
14,0.0,target,0.08094638790700437,0.61,0.0,180.0,162.30428494537216,1.0,1.838998879488792
14,0.0,both,0.06474199359498983,0.985,0.0,171.23926056998496,162.30428494537216,1.490651176273446,1.838998879488792
14,0.0,crump,0.09849691739064168,0.05,0.0,180.0,180.0,1.0,1.0
14,0.0,overlap,0.09640188300518004,0.105,0.0,179.40349165035082,177.39436975833183,0.2499995792103812,0.24999978965251604
14,0.15,unweighted,0.11318380105928974,0.005,1.0,180.0,180.0,1.0,1.0
14,0.15,source,0.09384294125819165,0.195,0.0,171.23926056998496,180.0,1.490651176273446,1.0
14,0.15,target,0.09648772541844369,0.105,0.0,180.0,162.30428494537216,1.0,1.838998879488792
14,0.15,both,0.07863089987723385,0.745,0.0,171.23926056998496,162.30428494537216,1.490651176273446,1.838998879488792
14,0.15,crump,0.11318380105928974,0.005,1.0,180.0,180.0,1.0,1.0
14,0.15,overlap,0.11226174423403325,0.005,1.0,179.40349165035082,177.39436975833183,0.2499995792103812,0.24999978965251604
14,0.3,unweighted,0.12857404263831732,0.005,1.0,180.0,180.0,1.0,1.0
14,0.3,source,0.1080075981101635,0.005,1.0,171.23926056998496,180.0,1.490651176273446,1.0
14,0.3,target,0.11302290326615971,0.005,1.0,180.0,162.30428494537216,1.0,1.838998879488792
14,0.3,both,0.09351175943644977,0.175,0.0,171.23926056998496,162.30428494537216,1.490651176273446,1.838998879488792
14,0.3,crump,0.12857404263831732,0.005,1.0,180.0,180.0,1.0,1.0
14,0.3,overlap,0.12857406424302162,0.005,1.0,179.40349165035082,177.39436975833183,0.2499995792103812,0.24999978965251604
14,0.45,unweighted,0.14437225651577504,0.005,1.0,180.0,180.0,1.0,1.0
14,0.45,source,0.12397554996177143,0.005,1.0,171.23926056998496,180.0,1.490651176273446,1.0
14,0.45,target,0.13038569822966967,0.005,1.0,180.0,162.30428494537216,1.0,1.838998879488792
14,0.45,both,0.11059062939910823,0.005,1.0,171.23926056998496,162.30428494537216,1.490651176273446,1.838998879488792
14,0.45,crump,0.14437225651577504,0.005,1.0,180.0,180.0,1.0,1.0
14,0.45,overlap,0.14605952277990242,0.005,1.0,179.40349165035082,177.39436975833183,0.2499995792103812,0.24999978965251604
14,0.6,unweighted,0.16032635745313217,0.005,1.0,180.0,180.0,1.0,1.0
14,0.6,source,0.14006331644832992,0.005,1.0,171.23926056998496,180.0,1.490651176273446,1.0
14,0.6,target,0.14832189351631378,0.005,1.0,180.0,162.30428494537216,1.0,1.838998879488792
14,0.6,both,0.12824936655601976,0.005,1.0,171.23926056998496,162.30428494537216,1.490651176273446,1.838998879488792
14,0.6,crump,0.16032635745313217,0.005,1.0,180.0,180.0,1.0,1.0
14,0.6,overlap,0.16335319414296584,0.005,1.0,179.40349165035082,177.39436975833183,0.2499995792103812,0.24999978965251604
15,0.0,unweighted,0.09283799820911445,0.22,0.0,180.0,180.0,1.0,1.0
15,0.0,source,0.0797607630059497,0.685,0.0,172.0754556403185,180.0,1.5725207083634838,1.0
15,0.0,target,0.07188568538300064,0.905,0.0,180.0,164.49725690144976,1.0,1.514923344602785
15,0.0,both,0.06005308817022897,0.995,0.0,172.0754556403185,164.49725690144976,1.5725207083634838,1.514923344602785
15,0.0,crump,0.09283799820911445,0.22,0.0,180.0,180.0,1.0,1.0
15,0.0,overlap,0.08694065073360838,0.45,0.0,179.37997868916892,177.79991401764647,0.2499999548261126,0.24999999987286278
15,0.15,unweighted,0.10842355681298582,0.025,1.0,180.0,180.0,1.0,1.0
15,0.15,source,0.09397389330824489,0.215,0.0,172.0754556403185,180.0,1.5725207083634838,1.0
15,0.15,target,0.08855909121541919,0.39,0.0,180.0,164.49725690144976,1.0,1.514923344602785
15,0.15,both,0.075005823443402,0.86,0.0,172.0754556403185,164.49725690144976,1.5725207083634838,1.514923344602785
15,0.15,crump,0.10842355681298582,0.025,1.0,180.0,180.0,1.0,1.0
15,0.15,overlap,0.10374080764314611,0.05,0.0,179.37997868916892,177.79991401764647,0.2499999548261126,0.24999999987286278
15,0.3,unweighted,0.1256784560280445,0.005,1.0,180.0,180.0,1.0,1.0
15,0.3,source,0.11001180972182838,0.025,1.0,172.0754556403185,180.0,1.5725207083634838,1.0
15,0.3,target,0.10752858507141161,0.035,1.0,180.0,164.49725690144976,1.0,1.514923344602785
15,0.3,both,0.09238159496440285,0.27,0.0,172.0754556403185,164.49725690144976,1.5725207083634838,1.514923344602785
15,0.3,crump,0.1256784560280445,0.005,1.0,180.0,180.0,1.0,1.0
15,0.3,overlap,0.12233934392456039,0.005,1.0,179.37997868916892,177.79991401764647,0.2499999548261126,0.24999999987286278
15,0.45,unweighted,0.14400823712086572,0.005,1.0,180.0,180.0,1.0,1.0
15,0.45,source,0.12745302657797028,0.005,1.0,172.0754556403185,180.0,1.5725207083634838,1.0
15,0.45,target,0.12821276976190066,0.005,1.0,180.0,164.49725690144976,1.0,1.514923344602785
15,0.45,both,0.11182136573553506,0.025,1.0,172.0754556403185,164.49725690144976,1.5725207083634838,1.514923344602785
15,0.45,crump,0.14400823712086572,0.005,1.0,180.0,180.0,1.0,1.0
15,0.45,overlap,0.14219063559156,0.005,1.0,179.37997868916892,177.79991401764647,0.2499999548261126,0.24999999987286278
15,0.6,unweighted,0.16408588058222834,0.005,1.0,180.0,180.0,1.0,1.0
15,0.6,source,0.14725654168274763,0.005,1.0,172.0754556403185,180.0,1.5725207083634838,1.0
15,0.6,target,0.15109039704908372,0.005,1.0,180.0,164.49725690144976,1.0,1.514923344602785
15,0.6,both,0.13408979292177892,0.005,1.0,172.0754556403185,164.49725690144976,1.5725207083634838,1.514923344602785
15,0.6,crump,0.16408588058222834,0.005,1.0,180.0,180.0,1.0,1.0
15,0.6,overlap,0.16363298834147944,0.005,1.0,179.37997868916892,177.79991401764647,0.2499999548261126,0.24999999987286278
16,0.0,unweighted,0.09063950331504345,0.255,0.0,180.0,180.0,1.0,1.0
16,0.0,source,0.0740370824007209,0.88,0.0,169.11790625992032,180.0,1.6666449385377087,1.0
16,0.0,target,0.07032385698127189,0.96,0.0,180.0,158.52748820624274,1.0,1.7105419690439392
16,0.0,both,0.05609112026539268,1.0,0.0,169.11790625992032,158.52748820624274,1.6666449385377087,1.7105419690439392
16,0.0,crump,0.09063950331504345,0.255,0.0,180.0,180.0,1.0,1.0
16,0.0,overlap,0.08631830772627144,0.43,0.0,178.84727897979948,176.2056173856482,0.2499987011137705,0.24999989440769452
16,0.15,unweighted,0.1052860158512422,0.04,1.0,180.0,180.0,1.0,1.0
16,0.15,source,0.08679173742783342,0.435,0.0,169.11790625992032,180.0,1.6666449385377087,1.0
16,0.15,target,0.08613479510522765,0.48,0.0,180.0,158.52748820624274,1.0,1.7105419690439392
16,0.15,both,0.0694317093703747,0.96,0.0,169.11790625992032,158.52748820624274,1.6666449385377087,1.7105419690439392
16,0.15,crump,0.1052860158512422,0.04,1.0,180.0,180.0,1.0,1.0
16,0.15,overlap,0.1023211612749794,0.08,0.0,178.84727897979948,176.2056173856482,0.2499987011137705,0.24999989440769452
16,0.3,unweighted,0.12174164094650208,0.005,1.0,180.0,180.0,1.0,1.0
16,0.3,source,0.10179596292199117,0.09,0.0,169.11790625992032,180.0,1.6666449385377087,1.0
16,0.3,target,0.10409554485653381,0.07,0.0,180.0,158.52748820624274,1.0,1.7105419690439392
16,0.3,both,0.08530249515341923,0.49,0.0,169.11790625992032,158.52748820624274,1.6666449385377087,1.7105419690439392
16,0.3,crump,0.12174164094650208,0.005,1.0,180.0,180.0,1.0,1.0
16,0.3,overlap,0.12032252017766089,0.005,1.0,178.84727897979948,176.2056173856482,0.2499987011137705,0.24999989440769452
16,0.45,unweighted,0.13772826265051058,0.005,1.0,180.0,180.0,1.0,1.0
16,0.45,source,0.11666095951144448,0.005,1.0,169.11790625992032,180.0,1.6666449385377087,1.0
16,0.45,target,0.12240376458200261,0.005,1.0,180.0,158.52748820624274,1.0,1.7105419690439392
16,0.45,both,0.10179892587228047,0.115,0.0,169.11790625992032,158.52748820624274,1.6666449385377087,1.7105419690439392
16,0.45,crump,0.13772826265051058,0.005,1.0,180.0,180.0,1.0,1.0
16,0.45,overlap,0.13770835154261452,0.005,1.0,178.84727897979948,176.2056173856482,0.2499987011137705,0.24999989440769452
16,0.6,unweighted,0.15566341830513641,0.005,1.0,180.0,180.0,1.0,1.0
16,0.6,source,0.133926842549221,0.005,1.0,169.11790625992032,180.0,1.6666449385377087,1.0
16,0.6,target,0.14315760726926094,0.005,1.0,180.0,158.52748820624274,1.0,1.7105419690439392
16,0.6,both,0.12124427186192019,0.005,1.0,169.11790625992032,158.52748820624274,1.6666449385377087,1.7105419690439392
16,0.6,crump,0.15566341830513641,0.005,1.0,180.0,180.0,1.0,1.0
16,0.6,overlap,0.15733820273654076,0.005,1.0,178.84727897979948,176.2056173856482,0.2499987011137705,0.24999989440769452
17,0.0,unweighted,0.0869177526291724,0.425,0.0,180.0,180.0,1.0,1.0
17,0.0,source,0.07352948143617499,0.905,0.0,173.32380223214932,180.0,1.447234445141676,1.0
17,0.0,target,0.07035848890463876,0.95,0.0,180.0,167.19095993314966,1.0,1.5975157577499668
17,0.0,both,0.058501605208211925,0.995,0.0,173.32380223214932,167.19095993314966,1.447234445141676,1.5975157577499668
17,0.0,crump,0.0869177526291724,0.425,0.0,180.0,180.0,1.0,1.0
17,0.0,overlap,0.08432640123022718,0.535,0.0,179.5320110037439,178.65134478455505,0.24999710918173898,0.24999986209116382
17,0.15,unweighted,0.10109699359853681,0.065,0.0,180.0,180.0,1.0,1.0
17,0.15,source,0.08646166355001998,0.445,0.0,173.32380223214932,180.0,1.447234445141676,1.0
17,0.15,target,0.0851336283582135,0.505,0.0,180.0,167.19095993314966,1.0,1.5975157577499668
17,0.15,both,0.07177177585680022,0.92,0.0,173.32380223214932,167.19095993314966,1.447234445141676,1.5975157577499668
17,0.15,crump,0.10109699359853681,0.065,0.0,180.0,180.0,1.0,1.0
17,0.15,overlap,0.09947933811848648,0.095,0.0,179.5320110037439,178.65134478455505,0.24999710918173898,0.24999986209116382
17,0.3,unweighted,0.11640218716659045,0.005,1.0,180.0,180.0,1.0,1.0
17,0.3,source,0.10054123902976699,0.07,0.0,173.32380223214932,180.0,1.447234445141676,1.0
17,0.3,target,0.10143769495406915,0.06,0.0,180.0,167.19095993314966,1.0,1.5975157577499668
17,0.3,both,0.0865425721733858,0.435,0.0,173.32380223214932,167.19095993314966,1.447234445141676,1.5975157577499668
17,0.3,crump,0.11640218716659045,0.005,1.0,180.0,180.0,1.0,1.0
17,0.3,overlap,0.11567167045196955,0.005,1.0,179.5320110037439,178.65134478455505,0.24999710918173898,0.24999986209116382
17,0.45,unweighted,0.1324298696844993,0.005,1.0,180.0,180.0,1.0,1.0
17,0.45,source,0.11572938573634689,0.005,1.0,173.32380223214932,180.0,1.447234445141676,1.0
17,0.45,target,0.11885670694561215,0.01,1.0,180.0,167.19095993314966,1.0,1.5975157577499668
17,0.45,both,0.10278982188738858,0.05,0.0,173.32380223214932,167.19095993314966,1.447234445141676,1.5975157577499668
17,0.45,crump,0.1324298696844993,0.005,1.0,180.0,180.0,1.0,1.0
17,0.45,overlap,0.13277691951609527,0.005,1.0,179.5320110037439,178.65134478455505,0.24999710918173898,0.24999986209116382
17,0.6,unweighted,0.1505971907864655,0.005,1.0,180.0,180.0,1.0,1.0
17,0.6,source,0.13329830643691157,0.005,1.0,173.32380223214932,180.0,1.447234445141676,1.0
17,0.6,target,0.13893126323588617,0.005,1.0,180.0,167.19095993314966,1.0,1.5975157577499668
17,0.6,both,0.12192607307093713,0.005,1.0,173.32380223214932,167.19095993314966,1.447234445141676,1.5975157577499668
17,0.6,crump,0.1505971907864655,0.005,1.0,180.0,180.0,1.0,1.0
17,0.6,overlap,0.1520418814369266,0.005,1.0,179.5320110037439,178.65134478455505,0.24999710918173898,0.24999986209116382
18,0.0,unweighted,0.10079669924554183,0.03,1.0,180.0,180.0,1.0,1.0
18,0.0,source,0.08290413343034639,0.59,0.0,167.75372409068072,180.0,1.6719634815840274,1.0
18,0.0,target,0.07680362093588847,0.795,0.0,180.0,156.00529631670042,1.0,1.7992467601408813
18,0.0,both,0.06080279651298244,0.99,0.0,167.75372409068072,156.00529631670042,1.6719634815840274,1.7992467601408813
18,0.0,crump,0.10079669924554183,0.03,1.0,180.0,180.0,1.0,1.0
18,0.0,overlap,0.09289960590321847,0.23,0.0,178.27987426983165,174.24597341994703,0.24999992314267291,0.24999122423097098
18,0.15,unweighted,0.11729163427831123,0.005,1.0,180.0,180.0,1.0,1.0
18,0.15,source,0.09766927895477569,0.105,0.0,167.75372409068072,180.0,1.6719634815840274,1.0
18,0.15,target,0.0950589052930322,0.17,0.0,180.0,156.00529631670042,1.0,1.7992467601408813
18,0.15,both,0.07680892250759998,0.82,0.0,167.75372409068072,156.00529631670042,1.6719634815840274,1.7992467601408813
18,0.15,crump,0.11729163427831123,0.005,1.0,180.0,180.0,1.0,1.0
18,0.15,overlap,0.11150805668428512,0.01,1.0,178.27987426983165,174.24597341994703,0.24999992314267291,0.24999122423097098
18,0.3,unweighted,0.13490086972260326,0.005,1.0,180.0,180.0,1.0,1.0
18,0.3,source,0.1139480917821151,0.01,1.0,167.75372409068072,180.0,1.6719634815840274,1.0
18,0.3,target,0.11512869124878908,0.005,1.0,180.0,156.00529631670042,1.0,1.7992467601408813
18,0.3,both,0.09496705126823372,0.205,0.0,167.75372409068072,156.00529631670042,1.6719634815840274,1.7992467601408813
18,0.3,crump,0.13490086972260326,0.005,1.0,180.0,180.0,1.0,1.0
18,0.3,overlap,0.13135057249672943,0.005,1.0,178.27987426983165,174.24597341994703,0.24999992314267291,0.24999122423097098
18,0.45,unweighted,0.15298212162780064,0.005,1.0,180.0,180.0,1.0,1.0
18,0.45,source,0.1306784968078011,0.005,1.0,167.75372409068072,180.0,1.6719634815840274,1.0
18,0.45,target,0.1362024321593322,0.005,1.0,180.0,156.00529631670042,1.0,1.7992467601408813
18,0.45,both,0.11419749307536806,0.005,1.0,167.75372409068072,156.00529631670042,1.6719634815840274,1.7992467601408813
18,0.45,crump,0.15298212162780064,0.005,1.0,180.0,180.0,1.0,1.0
18,0.45,overlap,0.15138679360556703,0.005,1.0,178.27987426983165,174.24597341994703,0.24999992314267291,0.24999122423097098
18,0.6,unweighted,0.170950873532998,0.005,1.0,180.0,180.0,1.0,1.0
18,0.6,source,0.14793555026464608,0.005,1.0,167.75372409068072,180.0,1.6719634815840274,1.0
18,0.6,target,0.15745997973947232,0.005,1.0,180.0,156.00529631670042,1.0,1.7992467601408813
18,0.6,both,0.13421144316627748,0.005,1.0,167.75372409068072,156.00529631670042,1.6719634815840274,1.7992467601408813
18,0.6,crump,0.170950873532998,0.005,1.0,180.0,180.0,1.0,1.0
18,0.6,overlap,0.1714015457610203,0.005,1.0,178.27987426983165,174.24597341994703,0.24999992314267291,0.24999122423097098
19,0.0,unweighted,0.0936674592287761,0.195,0.0,180.0,180.0,1.0,1.0
19,0.0,source,0.08290062915403118,0.61,0.0,170.5474016112884,180.0,1.608687347491077,1.0
19,0.0,target,0.07142171552834348,0.9,0.0,180.0,158.4405924491329,1.0,1.9149724469167209
19,0.0,both,0.06188110789470533,1.0,0.0,170.5474016112884,158.4405924491329,1.608687347491077,1.9149724469167209
19,0.0,crump,0.0936674592287761,0.195,0.0,180.0,180.0,1.0,1.0
19,0.0,overlap,0.08894767256857347,0.365,0.0,179.15964870987239,176.06825555093064,0.24999996282234388,0.24999762958761776
19,0.15,unweighted,0.10958772862368543,0.015,1.0,180.0,180.0,1.0,1.0
19,0.15,source,0.09794049727992722,0.145,0.0,170.5474016112884,180.0,1.608687347491077,1.0
19,0.15,target,0.08833253249943884,0.38,0.0,180.0,158.4405924491329,1.0,1.9149724469167209
19,0.15,both,0.07753828237456165,0.785,0.0,170.5474016112884,158.4405924491329,1.608687347491077,1.9149724469167209
19,0.15,crump,0.10958772862368543,0.015,1.0,180.0,180.0,1.0,1.0
19,0.15,overlap,0.10643379271905842,0.035,1.0,179.15964870987239,176.06825555093064,0.24999996282234388,0.24999762958761776
19,0.3,unweighted,0.12726871665904588,0.005,1.0,180.0,180.0,1.0,1.0
19,0.3,source,0.11471394004800531,0.005,1.0,170.5474016112884,180.0,1.608687347491077,1.0
19,0.3,target,0.10772879113624498,0.04,1.0,180.0,158.4405924491329,1.0,1.9149724469167209
19,0.3,both,0.0956119819187865,0.19,0.0,170.5474016112884,158.4405924491329,1.608687347491077,1.9149724469167209
19,0.3,crump,0.12726871665904588,0.005,1.0,180.0,180.0,1.0,1.0
19,0.3,overlap,0.12590887536748258,0.005,1.0,179.15964870987239,176.06825555093064,0.24999996282234388,0.24999762958761776
19,0.45,unweighted,0.1470264117512574,0.005,1.0,180.0,180.0,1.0,1.0
19,0.45,source,0.13415036917637863,0.005,1.0,170.5474016112884,180.0,1.608687347491077,1.0
19,0.45,target,0.1301024976541623,0.005,1.0,180.0,158.4405924491329,1.0,1.9149724469167209
19,0.45,both,0.11724388992249421,0.005,1.0,170.5474016112884,158.4405924491329,1.608687347491077,1.9149724469167209
19,0.45,crump,0.1470264117512574,0.005,1.0,180.0,180.0,1.0,1.0
19,0.45,overlap,0.14769677515912277,0.005,1.0,179.15964870987239,176.06825555093064,0.24999996282234388,0.24999762958761776
19,0.6,unweighted,0.16595758173296754,0.005,1.0,180.0,180.0,1.0,1.0
19,0.6,source,0.15295324134266924,0.005,1.0,170.5474016112884,180.0,1.608687347491077,1.0
19,0.6,target,0.1523749609072007,0.005,1.0,180.0,158.4405924491329,1.0,1.9149724469167209
19,0.6,both,0.13895422514494857,0.005,1.0,170.5474016112884,158.4405924491329,1.608687347491077,1.9149724469167209
19,0.6,crump,0.16595758173296754,0.005,1.0,180.0,180.0,1.0,1.0
19,0.6,overlap,0.1685244627056972,0.005,1.0,179.15964870987239,176.06825555093064,0.24999996282234388,0.24999762958761776
20,0.0,unweighted,0.08576292104862063,0.405,0.0,180.0,180.0,1.0,1.0
20,0.0,source,0.07606332321965285,0.775,0.0,174.23099490632086,180.0,1.4491730513653678,1.0
20,0.0,target,0.06797763226398924,0.945,0.0,180.0,165.90823566690017,1.0,1.52228958215751
20,0.0,both,0.0592264884435358,1.0,0.0,174.23099490632086,165.90823566690017,1.4491730513653678,1.52228958215751
20,0.0,crump,0.08576292104862063,0.405,0.0,180.0,180.0,1.0,1.0
20,0.0,overlap,0.08220262544705152,0.545,0.0,179.6399733141774,178.28310869822525,0.2499999042516968,0.24999673882115203
20,0.15,unweighted,0.09947404073311994,0.09,0.0,180.0,180.0,1.0,1.0
20,0.15,source,0.08883804997320656,0.32,0.0,174.23099490632086,180.0,1.4491730513653678,1.0
20,0.15,target,0.08237550808604752,0.535,0.0,180.0,165.90823566690017,1.0,1.52228958215751
20,0.15,both,0.0724644787271519,0.895,0.0,174.23099490632086,165.90823566690017,1.4491730513653678,1.52228958215751
20,0.15,crump,0.09947404073311994,0.09,0.0,180.0,180.0,1.0,1.0
20,0.15,overlap,0.09683253025553554,0.145,0.0,179.6399733141774,178.28310869822525,0.2499999042516968,0.24999673882115203
20,0.3,unweighted,0.11718875647767105,0.005,1.0,180.0,180.0,1.0,1.0
20,0.3,source,0.10597629207922553,0.03,1.0,174.23099490632086,180.0,1.4491730513653678,1.0
20,0.3,target,0.1011269574968558,0.075,0.0,180.0,165.90823566690017,1.0,1.52228958215751
20,0.3,both,0.09039045848107458,0.27,0.0,174.23099490632086,165.90823566690017,1.4491730513653678,1.52228958215751
20,0.3,crump,0.11718875647767105,0.005,1.0,180.0,180.0,1.0,1.0
20,0.3,overlap,0.11580693026582801,0.005,1.0,179.6399733141774,178.28310869822525,0.2499999042516968,0.24999673882115203
20,0.45,unweighted,0.13491226375552506,0.005,1.0,180.0,180.0,1.0,1.0
20,0.45,source,0.12336137135057798,0.005,1.0,174.23099490632086,180.0,1.4491730513653678,1.0
20,0.45,target,0.12042491894612567,0.005,1.0,180.0,165.90823566690017,1.0,1.52228958215751
20,0.45,both,0.10908543508489707,0.01,1.0,174.23099490632086,165.90823566690017,1.4491730513653678,1.52228958215751
20,0.45,crump,0.13491226375552506,0.005,1.0,180.0,180.0,1.0,1.0
20,0.45,overlap,0.13470010162957752,0.005,1.0,179.6399733141774,178.28310869822525,0.2499999042516968,0.24999673882115203
20,0.6,unweighted,0.152878730376467,0.005,1.0,180.0,180.0,1.0,1.0
20,0.6,source,0.14089914897051736,0.005,1.0,174.23099490632086,180.0,1.4491730513653678,1.0
20,0.6,target,0.14042298357887834,0.005,1.0,180.0,165.90823566690017,1.0,1.52228958215751
20,0.6,both,0.12842091407880493,0.005,1.0,174.23099490632086,165.90823566690017,1.4491730513653678,1.52228958215751
20,0.6,crump,0.152878730376467,0.005,1.0,180.0,180.0,1.0,1.0
20,0.6,overlap,0.15367546723296166,0.005,1.0,179.6399733141774,178.28310869822525,0.2499999042516968,0.24999673882115203
21,0.0,unweighted,0.09951049668495657,0.075,0.0,180.0,180.0,1.0,1.0
21,0.0,source,0.09014398563860639,0.295,0.0,173.9641077915226,180.0,1.407660231605523,1.0
21,0.0,target,0.07791386423072422,0.77,0.0,180.0,164.1504799190286,1.0,1.5789409480446255
21,0.0,both,0.06931532059893818,0.94,0.0,173.9641077915226,164.1504799190286,1.407660231605523,1.5789409480446255
21,0.0,crump,0.09951049668495657,0.075,0.0,180.0,180.0,1.0,1.0
21,0.0,overlap,0.09467600966267019,0.16,0.0,179.50721931895475,178.0526798105479,0.24999999733262324,0.24999382290174402
21,0.15,unweighted,0.11430204237158971,0.01,1.0,180.0,180.0,1.0,1.0
21,0.15,source,0.10407380932635814,0.035,1.0,173.9641077915226,180.0,1.407660231605523,1.0
21,0.15,target,0.09379934227540526,0.17,0.0,180.0,164.1504799190286,1.0,1.5789409480446255
21,0.15,both,0.08409121310617317,0.51,0.0,173.9641077915226,164.1504799190286,1.407660231605523,1.5789409480446255
21,0.15,crump,0.11430204237158971,0.01,1.0,180.0,180.0,1.0,1.0
21,0.15,overlap,0.11046868068251037,0.015,1.0,179.50721931895475,178.0526798105479,0.24999999733262324,0.24999382290174402
21,0.3,unweighted,0.13172757582685568,0.005,1.0,180.0,180.0,1.0,1.0
21,0.3,source,0.12088081220898138,0.01,1.0,173.9641077915226,180.0,1.407660231605523,1.0
21,0.3,target,0.11280957654336361,0.015,1.0,180.0,164.1504799190286,1.0,1.5789409480446255
21,0.3,both,0.10225043638888462,0.06,0.0,173.9641077915226,164.1504799190286,1.407660231605523,1.5789409480446255
21,0.3,crump,0.13172757582685568,0.005,1.0,180.0,180.0,1.0,1.0
21,0.3,overlap,0.1290971902538818,0.005,1.0,179.50721931895475,178.0526798105479,0.24999999733262324,0.24999382290174402
21,0.45,unweighted,0.14951698007163544,0.005,1.0,180.0,180.0,1.0,1.0
21,0.45,source,0.138336383717936,0.005,1.0,173.9641077915226,180.0,1.407660231605523,1.0
21,0.45,target,0.13277772936164645,0.005,1.0,180.0,164.1504799190286,1.0,1.5789409480446255
21,0.45,both,0.12162172033378885,0.01,1.0,173.9641077915226,164.1504799190286,1.407660231605523,1.5789409480446255
21,0.45,crump,0.14951698007163544,0.005,1.0,180.0,180.0,1.0,1.0
21,0.45,overlap,0.14823764396946376,0.005,1.0,179.50721931895475,178.0526798105479,0.24999999733262324,0.24999382290174402
21,0.6,unweighted,0.16874838820301785,0.005,1.0,180.0,180.0,1.0,1.0
21,0.6,source,0.15736778751779687,0.005,1.0,173.9641077915226,180.0,1.407660231605523,1.0
21,0.6,target,0.15469281871165427,0.005,1.0,180.0,164.1504799190286,1.0,1.5789409480446255
21,0.6,both,0.1431158526104364,0.005,1.0,173.9641077915226,164.1504799190286,1.407660231605523,1.5789409480446255
21,0.6,crump,0.16874838820301785,0.005,1.0,180.0,180.0,1.0,1.0
21,0.6,overlap,0.16857038495349197,0.005,1.0,179.50721931895475,178.0526798105479,0.24999999733262324,0.24999382290174402
22,0.0,unweighted,0.10914339182289286,0.015,1.0,180.0,180.0,1.0,1.0
22,0.0,source,0.09306394341380352,0.24,0.0,168.93101977812927,180.0,1.6395625714033093,1.0
22,0.0,target,0.07982174095859093,0.725,0.0,180.0,155.9868176254132,1.0,1.7189220546671402
22,0.0,both,0.06592412167674133,0.98,0.0,168.93101977812927,155.9868176254132,1.6395625714033093,1.7189220546671402
22,0.0,crump,0.10914339182289286,0.015,1.0,180.0,180.0,1.0,1.0
22,0.0,overlap,0.10032088850009888,0.065,0.0,178.85168995591678,175.2025557864837,0.2499962566681808,0.24999756869237477
22,0.15,unweighted,0.12487064471879288,0.005,1.0,180.0,180.0,1.0,1.0
22,0.15,source,0.10726096738225059,0.02,1.0,168.93101977812927,180.0,1.6395625714033093,1.0
22,0.15,target,0.09735797522766484,0.12,0.0,180.0,155.9868176254132,1.0,1.7189220546671402
22,0.15,both,0.08134494396896749,0.675,0.0,168.93101977812927,155.9868176254132,1.6395625714033093,1.7189220546671402
22,0.15,crump,0.12487064471879288,0.005,1.0,180.0,180.0,1.0,1.0
22,0.15,overlap,0.11777954895787167,0.005,1.0,178.85168995591678,175.2025557864837,0.2499962566681808,0.24999756869237477
22,0.3,unweighted,0.14153406778692273,0.005,1.0,180.0,180.0,1.0,1.0
22,0.3,source,0.12263253633803932,0.005,1.0,168.93101977812927,180.0,1.6395625714033093,1.0
22,0.3,target,0.11648237899178851,0.01,1.0,180.0,155.9868176254132,1.0,1.7189220546671402
22,0.3,both,0.09851779710282077,0.11,0.0,168.93101977812927,155.9868176254132,1.6395625714033093,1.7189220546671402
22,0.3,crump,0.14153406778692273,0.005,1.0,180.0,180.0,1.0,1.0
22,0.3,overlap,0.13631417024113165,0.005,1.0,178.85168995591678,175.2025557864837,0.2499962566681808,0.24999756869237477
22,0.45,unweighted,0.15905418857643655,0.005,1.0,180.0,180.0,1.0,1.0
22,0.45,source,0.13909559078668693,0.005,1.0,168.93101977812927,180.0,1.6395625714033093,1.0
22,0.45,target,0.13719927576514915,0.005,1.0,180.0,155.9868176254132,1.0,1.7189220546671402
22,0.45,both,0.11753511347283412,0.01,1.0,168.93101977812927,155.9868176254132,1.6395625714033093,1.7189220546671402
22,0.45,crump,0.15905418857643655,0.005,1.0,180.0,180.0,1.0,1.0
22,0.45,overlap,0.1557836945327158,0.005,1.0,178.85168995591678,175.2025557864837,0.2499962566681808,0.24999756869237477
22,0.6,unweighted,0.17609916838134432,0.005,1.0,180.0,180.0,1.0,1.0
22,0.6,source,0.15558692644168515,0.005,1.0,168.93101977812927,180.0,1.6395625714033093,1.0
22,0.6,target,0.1578045728690262,0.005,1.0,180.0,155.9868176254132,1.0,1.7189220546671402
22,0.6,both,0.13698485378912328,0.005,1.0,168.93101977812927,155.9868176254132,1.6395625714033093,1.7189220546671402
22,0.6,crump,0.17609916838134432,0.005,1.0,180.0,180.0,1.0,1.0
22,0.6,overlap,0.1747481441444637,0.005,1.0,178.85168995591678,175.2025557864837,0.2499962566681808,0.24999756869237477
23,0.0,unweighted,0.09964442729766805,0.085,0.0,180.0,180.0,1.0,1.0
23,0.0,source,0.08711063950281853,0.42,0.0,170.60474618395835,180.0,1.560704461323258,1.0
23,0.0,target,0.07251876196407961,0.89,0.0,180.0,157.31884523341463,1.0,1.7819985297587095
23,0.0,both,0.061330554258482224,1.0,0.0,170.60474618395835,157.31884523341463,1.560704461323258,1.7819985297587095
23,0.0,crump,0.09964442729766805,0.085,0.0,180.0,180.0,1.0,1.0
23,0.0,overlap,0.0912564023659294,0.265,0.0,179.05300522894007,175.35886926049113,0.24999977400232284,0.24999977544985388
23,0.15,unweighted,0.11465927259564089,0.005,1.0,180.0,180.0,1.0,1.0
23,0.15,source,0.1011403840144195,0.06,0.0,170.60474618395835,180.0,1.560704461323258,1.0
23,0.15,target,0.08846628076947391,0.37,0.0,180.0,157.31884523341463,1.0,1.7819985297587095
23,0.15,both,0.07589775413292438,0.83,0.0,170.60474618395835,157.31884523341463,1.560704461323258,1.7819985297587095
23,0.15,crump,0.11465927259564089,0.005,1.0,180.0,180.0,1.0,1.0
23,0.15,overlap,0.10774204187925604,0.02,1.0,179.05300522894007,175.35886926049113,0.24999977400232284,0.24999977544985388
23,0.3,unweighted,0.13132907998018595,0.005,1.0,180.0,180.0,1.0,1.0
23,0.3,source,0.11733701694625362,0.005,1.0,170.60474618395835,180.0,1.560704461323258,1.0
23,0.3,target,0.10665150346085481,0.025,1.0,180.0,157.31884523341463,1.0,1.7819985297587095
23,0.3,both,0.09321589159128026,0.215,0.0,170.60474618395835,157.31884523341463,1.560704461323258,1.7819985297587095
23,0.3,crump,0.13132907998018595,0.005,1.0,180.0,180.0,1.0,1.0
23,0.3,overlap,0.12634713649755328,0.005,1.0,179.05300522894007,175.35886926049113,0.24999977400232284,0.24999977544985388
23,0.45,unweighted,0.14976731157597928,0.005,1.0,180.0,180.0,1.0,1.0
23,0.45,source,0.135342839298411,0.005,1.0,170.60474618395835,180.0,1.560704461323258,1.0
23,0.45,target,0.12747635825731,0.005,1.0,180.0,157.31884523341463,1.0,1.7819985297587095
23,0.45,both,0.1132509165116409,0.005,1.0,170.60474618395835,157.31884523341463,1.560704461323258,1.7819985297587095
23,0.45,crump,0.14976731157597928,0.005,1.0,180.0,180.0,1.0,1.0
23,0.45,overlap,0.14681997917966852,0.005,1.0,179.05300522894007,175.35886926049113,0.24999977400232284,0.24999977544985388
23,0.6,unweighted,0.16781520156988267,0.005,1.0,180.0,180.0,1.0,1.0
23,0.6,source,0.15344939956131504,0.005,1.0,170.60474618395835,180.0,1.560704461323258,1.0
23,0.6,target,0.14840060640891256,0.005,1.0,180.0,157.31884523341463,1.0,1.7819985297587095
23,0.6,both,0.13396961935348145,0.005,1.0,170.60474618395835,157.31884523341463,1.560704461323258,1.7819985297587095
23,0.6,crump,0.16781520156988267,0.005,1.0,180.0,180.0,1.0,1.0
23,0.6,overlap,0.1668307711630212,0.005,1.0,179.05300522894007,175.35886926049113,0.24999977400232284,0.24999977544985388
24,0.0,unweighted,0.09458646452522482,0.225,0.0,180.0,180.0,1.0,1.0
24,0.0,source,0.08377401176075178,0.555,0.0,171.97042618959412,180.0,1.6008777842927617,1.0
24,0.0,target,0.07215559962813561,0.915,0.0,180.0,163.55497775470113,1.0,1.6292018396835746
24,0.0,both,0.06266342132173039,0.995,0.0,171.97042618959412,163.55497775470113,1.6008777842927617,1.6292018396835746
24,0.0,crump,0.09458646452522482,0.225,0.0,180.0,180.0,1.0,1.0
24,0.0,overlap,0.08985673530613768,0.335,0.0,179.32422345856742,177.5964773915048,0.24999994631149672,0.24999740558673583
24,0.15,unweighted,0.10888796010516691,0.02,1.0,180.0,180.0,1.0,1.0
24,0.15,source,0.09678754872685051,0.16,0.0,171.97042618959412,180.0,1.6008777842927617,1.0
24,0.15,target,0.08715474506377247,0.435,0.0,180.0,163.55497775470113,1.0,1.6292018396835746
24,0.15,both,0.07614911808554035,0.83,0.0,171.97042618959412,163.55497775470113,1.6008777842927617,1.6292018396835746
24,0.15,crump,0.10888796010516691,0.02,1.0,180.0,180.0,1.0,1.0
24,0.15,overlap,0.10530605210578722,0.045,1.0,179.32422345856742,177.5964773915048,0.24999994631149672,0.24999740558673583
24,0.3,unweighted,0.12581406893004116,0.005,1.0,180.0,180.0,1.0,1.0
24,0.3,source,0.11284229622464792,0.01,1.0,171.97042618959412,180.0,1.6008777842927617,1.0
24,0.3,target,0.1054684686947244,0.045,1.0,180.0,163.55497775470113,1.0,1.6292018396835746
24,0.3,both,0.09329020634458823,0.265,0.0,171.97042618959412,163.55497775470113,1.6008777842927617,1.6292018396835746
24,0.3,crump,0.12581406893004116,0.005,1.0,180.0,180.0,1.0,1.0
24,0.3,overlap,0.12370352724818451,0.005,1.0,179.32422345856742,177.5964773915048,0.24999994631149672,0.24999740558673583
24,0.45,unweighted,0.1434907274043591,0.005,1.0,180.0,180.0,1.0,1.0
24,0.45,source,0.12970819913253412,0.005,1.0,171.97042618959412,180.0,1.6008777842927617,1.0
24,0.45,target,0.12499776120715045,0.005,1.0,180.0,163.55497775470113,1.0,1.6292018396835746
24,0.45,both,0.11170494600392741,0.01,1.0,171.97042618959412,163.55497775470113,1.6008777842927617,1.6292018396835746
24,0.45,crump,0.1434907274043591,0.005,1.0,180.0,180.0,1.0,1.0
24,0.45,overlap,0.142895914650426,0.005,1.0,179.32422345856742,177.5964773915048,0.24999994631149672,0.24999740558673583
24,0.6,unweighted,0.16121211229233345,0.005,1.0,180.0,180.0,1.0,1.0
24,0.6,source,0.14712874678309906,0.005,1.0,171.97042618959412,180.0,1.6008777842927617,1.0
24,0.6,target,0.14510818884098425,0.005,1.0,180.0,163.55497775470113,1.0,1.6292018396835746
24,0.6,both,0.1312218126173749,0.005,1.0,171.97042618959412,163.55497775470113,1.6008777842927617,1.6292018396835746
24,0.6,crump,0.16121211229233345,0.005,1.0,180.0,180.0,1.0,1.0
24,0.6,overlap,0.16200388530974977,0.005,1.0,179.32422345856742,177.5964773915048,0.24999994631149672,0.24999740558673583
25,0.0,unweighted,0.09349866731443378,0.17,0.0,180.0,180.0,1.0,1.0
25,0.0,source,0.08191326451572428,0.625,0.0,173.97557219838734,180.0,1.4415847581225667,1.0
25,0.0,target,0.07424557672287316,0.84,0.0,180.0,165.8880973116676,1.0,1.5517601559385172
25,0.0,both,0.06370531701460912,0.985,0.0,173.97557219838734,165.8880973116676,1.4415847581225667,1.5517601559385172
25,0.0,crump,0.09349866731443378,0.17,0.0,180.0,180.0,1.0,1.0
25,0.0,overlap,0.09010629357390482,0.28,0.0,179.67123952151837,178.497921883396,0.24999997412567673,0.2499998531391599
25,0.15,unweighted,0.10711770214144184,0.015,1.0,180.0,180.0,1.0,1.0
25,0.15,source,0.09462624843616602,0.15,0.0,173.97557219838734,180.0,1.4415847581225667,1.0
25,0.15,target,0.08850339925340807,0.35,0.0,180.0,165.8880973116676,1.0,1.5517601559385172
25,0.15,both,0.07677084312559349,0.79,0.0,173.97557219838734,165.8880973116676,1.4415847581225667,1.5517601559385172
25,0.15,crump,0.10711770214144184,0.015,1.0,180.0,180.0,1.0,1.0
25,0.15,overlap,0.10469131363782078,0.025,1.0,179.67123952151837,178.497921883396,0.24999997412567673,0.2499998531391599
25,0.3,unweighted,0.12331878334095411,0.005,1.0,180.0,180.0,1.0,1.0
25,0.3,source,0.10994878556062417,0.005,1.0,173.97557219838734,180.0,1.4415847581225667,1.0
25,0.3,target,0.10573139532668124,0.03,1.0,180.0,165.8880973116676,1.0,1.5517601559385172
25,0.3,both,0.09278161268337902,0.22,0.0,173.97557219838734,165.8880973116676,1.4415847581225667,1.5517601559385172
25,0.3,crump,0.12331878334095411,0.005,1.0,180.0,180.0,1.0,1.0
25,0.3,overlap,0.12194080015992004,0.005,1.0,179.67123952151837,178.497921883396,0.24999997412567673,0.2499998531391599
25,0.45,unweighted,0.1404223374866636,0.005,1.0,180.0,180.0,1.0,1.0
25,0.45,source,0.12651956750404,0.005,1.0,173.97557219838734,180.0,1.4415847581225667,1.0
25,0.45,target,0.12444092209443233,0.005,1.0,180.0,165.8880973116676,1.0,1.5517601559385172
25,0.45,both,0.11063108108958439,0.01,1.0,173.97557219838734,165.8880973116676,1.4415847581225667,1.5517601559385172
25,0.45,crump,0.1404223374866636,0.005,1.0,180.0,180.0,1.0,1.0
25,0.45,overlap,0.14010605532608525,0.005,1.0,179.67123952151837,178.497921883396,0.24999997412567673,0.2499998531391599
25,0.6,unweighted,0.1590336696006706,0.005,1.0,180.0,180.0,1.0,1.0
25,0.6,source,0.1454336459876406,0.005,1.0,173.97557219838734,180.0,1.4415847581225667,1.0
25,0.6,target,0.1451415372060122,0.005,1.0,180.0,165.8880973116676,1.0,1.5517601559385172
25,0.6,both,0.13134609161086722,0.005,1.0,173.97557219838734,165.8880973116676,1.4415847581225667,1.5517601559385172
25,0.6,crump,0.1590336696006706,0.005,1.0,180.0,180.0,1.0,1.0
25,0.6,overlap,0.16009380613987123,0.005,1.0,179.67123952151837,178.497921883396,0.24999997412567673,0.2499998531391599
26,0.0,unweighted,0.10392128867550679,0.055,0.0,180.0,180.0,1.0,1.0
26,0.0,source,0.08802399858329397,0.37,0.0,169.1525030741465,180.0,1.6051464898045635,1.0
26,0.0,target,0.07775105664334547,0.7,0.0,180.0,157.5823726568253,1.0,1.6979135715284075
26,0.0,both,0.0637248612034352,0.98,0.0,169.1525030741465,157.5823726568253,1.6051464898045635,1.6979135715284075
26,0.0,crump,0.10392128867550679,0.055,0.0,180.0,180.0,1.0,1.0
26,0.0,overlap,0.09668322461893386,0.155,0.0,178.93388495528663,175.54485706333838,0.24999986254261297,0.24999776864413753
26,0.15,unweighted,0.12088070701874713,0.005,1.0,180.0,180.0,1.0,1.0
26,0.15,source,0.1033068353647844,0.06,0.0,169.1525030741465,180.0,1.6051464898045635,1.0
26,0.15,target,0.0960705578170559,0.18,0.0,180.0,157.5823726568253,1.0,1.6979135715284075
26,0.15,both,0.0798840691178362,0.62,0.0,169.1525030741465,157.5823726568253,1.6051464898045635,1.6979135715284075
26,0.15,crump,0.12088070701874713,0.005,1.0,180.0,180.0,1.0,1.0
26,0.15,overlap,0.11552691579869485,0.005,1.0,178.93388495528663,175.54485706333838,0.24999986254261297,0.24999776864413753
26,0.3,unweighted,0.13884353471269625,0.005,1.0,180.0,180.0,1.0,1.0
26,0.3,source,0.12018244180102758,0.005,1.0,169.1525030741465,180.0,1.6051464898045635,1.0
26,0.3,target,0.11605129821253174,0.01,1.0,180.0,157.5823726568253,1.0,1.6979135715284075
26,0.3,both,0.09814690066641141,0.125,0.0,169.1525030741465,157.5823726568253,1.6051464898045635,1.6979135715284075
26,0.3,crump,0.13884353471269625,0.005,1.0,180.0,180.0,1.0,1.0
26,0.3,overlap,0.13555608208871395,0.005,1.0,178.93388495528663,175.54485706333838,0.24999986254261297,0.24999776864413753
26,0.45,unweighted,0.15827947721383934,0.005,1.0,180.0,180.0,1.0,1.0
26,0.45,source,0.13890793391530548,0.005,1.0,169.1525030741465,180.0,1.6051464898045635,1.0
26,0.45,target,0.13837748752336676,0.005,1.0,180.0,157.5823726568253,1.0,1.6979135715284075
26,0.45,both,0.11926855153648307,0.005,1.0,169.1525030741465,157.5823726568253,1.6051464898045635,1.6979135715284075
26,0.45,crump,0.15827947721383934,0.005,1.0,180.0,180.0,1.0,1.0
26,0.45,overlap,0.1570692136639961,0.005,1.0,178.93388495528663,175.54485706333838,0.24999986254261297,0.24999776864413753
26,0.6,unweighted,0.17776136640755982,0.005,1.0,180.0,180.0,1.0,1.0
26,0.6,source,0.15780299092732197,0.005,1.0,169.1525030741465,180.0,1.6051464898045635,1.0
26,0.6,target,0.16127816142782414,0.005,1.0,180.0,157.5823726568253,1.0,1.6979135715284075
26,0.6,both,0.14111667923620802,0.005,1.0,169.1525030741465,157.5823726568253,1.6051464898045635,1.6979135715284075
26,0.6,crump,0.17776136640755982,0.005,1.0,180.0,180.0,1.0,1.0
26,0.6,overlap,0.17808023208795795,0.005,1.0,178.93388495528663,175.54485706333838,0.24999986254261297,0.24999776864413753
27,0.0,unweighted,0.09495117836457859,0.135,0.0,180.0,180.0,1.0,1.0
27,0.0,source,0.07837681238782483,0.765,0.0,167.8622021679295,180.0,1.7387494685131777,1.0
27,0.0,target,0.07290691751703102,0.86,0.0,180.0,156.60317001774052,1.0,1.8338859113643509
27,0.0,both,0.05821361028879384,0.995,0.0,167.8622021679295,156.60317001774052,1.7387494685131777,1.8338859113643509
27,0.0,crump,0.09495117836457859,0.135,0.0,180.0,180.0,1.0,1.0
27,0.0,overlap,0.08922576356108942,0.34,0.0,178.72577913333296,174.883030582973,0.24999788041871368,0.2499980552486634
27,0.15,unweighted,0.11156498151958541,0.005,1.0,180.0,180.0,1.0,1.0
27,0.15,source,0.09328416882303264,0.235,0.0,167.8622021679295,180.0,1.7387494685131777,1.0
27,0.15,target,0.09103299748135606,0.325,0.0,180.0,156.60317001774052,1.0,1.8338859113643509
27,0.15,both,0.07405559916456969,0.845,0.0,167.8622021679295,156.60317001774052,1.7387494685131777,1.8338859113643509
27,0.15,crump,0.11156498151958541,0.005,1.0,180.0,180.0,1.0,1.0
27,0.15,overlap,0.10769327870354264,0.01,1.0,178.72577913333296,174.883030582973,0.24999788041871368,0.2499980552486634
27,0.3,unweighted,0.1293108367626886,0.005,1.0,180.0,180.0,1.0,1.0
27,0.3,source,0.1096688919922374,0.01,1.0,167.8622021679295,180.0,1.7387494685131777,1.0
27,0.3,target,0.11103047525067938,0.005,1.0,180.0,156.60317001774052,1.0,1.8338859113643509
27,0.3,both,0.09210644938244326,0.3,0.0,167.8622021679295,156.60317001774052,1.7387494685131777,1.8338859113643509
27,0.3,crump,0.1293108367626886,0.005,1.0,180.0,180.0,1.0,1.0
27,0.3,overlap,0.127509900079248,0.005,1.0,178.72577913333296,174.883030582973,0.24999788041871368,0.2499980552486634
27,0.45,unweighted,0.14651333542905043,0.005,1.0,180.0,180.0,1.0,1.0
27,0.45,source,0.12629487960641664,0.005,1.0,167.8622021679295,180.0,1.7387494685131777,1.0
27,0.45,target,0.13072164265746045,0.005,1.0,180.0,156.60317001774052,1.0,1.8338859113643509
27,0.45,both,0.11069252286934594,0.01,1.0,167.8622021679295,156.60317001774052,1.7387494685131777,1.8338859113643509
27,0.45,crump,0.14651333542905043,0.005,1.0,180.0,180.0,1.0,1.0
27,0.45,overlap,0.14668199673355015,0.005,1.0,178.72577913333296,174.883030582973,0.24999788041871368,0.2499980552486634
27,0.6,unweighted,0.16763964239445206,0.005,1.0,180.0,180.0,1.0,1.0
27,0.6,source,0.14725436171089273,0.005,1.0,167.8622021679295,180.0,1.7387494685131777,1.0
27,0.6,target,0.15543864389032916,0.005,1.0,180.0,156.60317001774052,1.0,1.8338859113643509
27,0.6,both,0.13474210965553968,0.005,1.0,167.8622021679295,156.60317001774052,1.7387494685131777,1.8338859113643509
27,0.6,crump,0.16763964239445206,0.005,1.0,180.0,180.0,1.0,1.0
27,0.6,overlap,0.17017207082736258,0.005,1.0,178.72577913333296,174.883030582973,0.24999788041871368,0.2499980552486634
28,0.0,unweighted,0.0903760878677031,0.26,0.0,180.0,180.0,1.0,1.0
28,0.0,source,0.07172060387623255,0.915,0.0,166.59492143425814,180.0,1.620037296715214,1.0
28,0.0,target,0.06724172882150203,0.955,0.0,180.0,154.90182159565998,1.0,1.9324250781168795
28,0.0,both,0.05035494381949529,1.0,0.0,166.59492143425814,154.90182159565998,1.620037296715214,1.9324250781168795
28,0.0,crump,0.08979555524093692,0.305,0.0,179.0,180.0,1.0,1.0
28,0.0,overlap,0.08084749418895418,0.655,0.0,177.960370127544,173.4735375508251,0.24999718359886378,0.24999255852569244
28,0.15,unweighted,0.10587842459228777,0.015,1.0,180.0,180.0,1.0,1.0
28,0.15,source,0.0852628951675754,0.44,0.0,166.59492143425814,180.0,1.620037296715214,1.0
28,0.15,target,0.08412378285817546,0.51,0.0,180.0,154.90182159565998,1.0,1.9324250781168795
28,0.15,both,0.06462617639284352,0.98,0.0,166.59492143425814,154.90182159565998,1.620037296715214,1.9324250781168795
28,0.15,crump,0.10527321052861913,0.03,1.0,179.0,180.0,1.0,1.0
28,0.15,overlap,0.09811115056073795,0.105,0.0,177.960370127544,173.4735375508251,0.24999718359886378,0.24999255852569244
28,0.3,unweighted,0.1241320301783265,0.005,1.0,180.0,180.0,1.0,1.0
28,0.3,source,0.1017208459491342,0.055,0.0,166.59492143425814,180.0,1.620037296715214,1.0
28,0.3,target,0.10456058378254261,0.04,1.0,180.0,154.90182159565998,1.0,1.9324250781168795
28,0.3,both,0.08256674709438411,0.585,0.0,166.59492143425814,154.90182159565998,1.620037296715214,1.9324250781168795
28,0.3,crump,0.12351242397741827,0.005,1.0,179.0,180.0,1.0,1.0
28,0.3,overlap,0.11852596642394843,0.005,1.0,177.960370127544,173.4735375508251,0.24999718359886378,0.24999255852569244
28,0.45,unweighted,0.14459461019661637,0.005,1.0,180.0,180.0,1.0,1.0
28,0.45,source,0.12157326674251903,0.005,1.0,166.59492143425814,180.0,1.620037296715214,1.0
28,0.45,target,0.127888818173538,0.005,1.0,180.0,154.90182159565998,1.0,1.9324250781168795
28,0.45,both,0.1046091227861107,0.045,1.0,166.59492143425814,154.90182159565998,1.620037296715214,1.9324250781168795
28,0.45,crump,0.14397226369511704,0.005,1.0,179.0,180.0,1.0,1.0
28,0.45,overlap,0.14157667990102818,0.005,1.0,177.960370127544,173.4735375508251,0.24999718359886378,0.24999255852569244
28,0.6,unweighted,0.16547026558451455,0.005,1.0,180.0,180.0,1.0,1.0
28,0.6,source,0.14256670894692558,0.005,1.0,166.59492143425814,180.0,1.620037296715214,1.0
28,0.6,target,0.15215917273158813,0.005,1.0,180.0,154.90182159565998,1.0,1.9324250781168795
28,0.6,both,0.12847742744607948,0.005,1.0,166.59492143425814,154.90182159565998,1.620037296715214,1.9324250781168795
28,0.6,crump,0.1648617932126108,0.005,1.0,179.0,180.0,1.0,1.0
28,0.6,overlap,0.16508704784091566,0.005,1.0,177.960370127544,173.4735375508251,0.24999718359886378,0.24999255852569244
29,0.0,unweighted,0.09608010116598079,0.18,0.0,180.0,180.0,1.0,1.0
29,0.0,source,0.07997611573810474,0.685,0.0,170.2839585282848,180.0,1.6046498789568782,1.0
29,0.0,target,0.07054398267542179,0.925,0.0,180.0,158.72869830084682,1.0,1.8031383567192927
29,0.0,both,0.056916798374622005,1.0,0.0,170.2839585282848,158.72869830084682,1.6046498789568782,1.8031383567192927
29,0.0,crump,0.09608010116598079,0.18,0.0,180.0,180.0,1.0,1.0
29,0.0,overlap,0.0900895269652344,0.33,0.0,178.99402641339134,176.55986681634715,0.24999858945626593,0.24999927634552643
29,0.15,unweighted,0.10923891460905351,0.015,1.0,180.0,180.0,1.0,1.0
29,0.15,source,0.09166251468272786,0.3,0.0,170.2839585282848,180.0,1.6046498789568782,1.0
29,0.15,target,0.08420432121395435,0.53,0.0,180.0,158.72869830084682,1.0,1.8031383567192927
29,0.15,both,0.06872524389423285,0.945,0.0,170.2839585282848,158.72869830084682,1.6046498789568782,1.8031383567192927
29,0.15,crump,0.10923891460905351,0.015,1.0,180.0,180.0,1.0,1.0
29,0.15,overlap,0.10456263555791584,0.03,1.0,178.99402641339134,176.55986681634715,0.24999858945626593,0.24999927634552643
29,0.3,unweighted,0.12426758592440176,0.005,1.0,180.0,180.0,1.0,1.0
29,0.3,source,0.10545762426916108,0.035,1.0,170.2839585282848,180.0,1.6046498789568782,1.0
29,0.3,target,0.10027232959301809,0.09,0.0,180.0,158.72869830084682,1.0,1.8031383567192927
29,0.3,both,0.08309082019142189,0.535,0.0,170.2839585282848,158.72869830084682,1.6046498789568782,1.8031383567192927
29,0.3,crump,0.12426758592440176,0.005,1.0,180.0,180.0,1.0,1.0
29,0.3,overlap,0.12110640534154421,0.005,1.0,178.99402641339134,176.55986681634715,0.24999858945626593,0.24999927634552643
29,0.45,unweighted,0.14044616007468375,0.005,1.0,180.0,180.0,1.0,1.0
29,0.45,source,0.12055618172591112,0.005,1.0,170.2839585282848,180.0,1.6046498789568782,1.0
29,0.45,target,0.11821835462209315,0.005,1.0,180.0,158.72869830084682,1.0,1.8031383567192927
29,0.45,both,0.09944751390801292,0.11,0.0,170.2839585282848,158.72869830084682,1.6046498789568782,1.8031383567192927
29,0.45,crump,0.14044616007468375,0.005,1.0,180.0,180.0,1.0,1.0
29,0.45,overlap,0.1390829993752402,0.005,1.0,178.99402641339134,176.55986681634715,0.24999858945626593,0.24999927634552643
29,0.6,unweighted,0.156975324836153,0.005,1.0,180.0,180.0,1.0,1.0
29,0.6,source,0.1366976761182695,0.005,1.0,170.2839585282848,180.0,1.6046498789568782,1.0
29,0.6,target,0.136826491315997,0.005,1.0,180.0,158.72869830084682,1.0,1.8031383567192927
29,0.6,both,0.1171809983566133,0.005,1.0,170.2839585282848,158.72869830084682,1.6046498789568782,1.8031383567192927
29,0.6,crump,0.156975324836153,0.005,1.0,180.0,180.0,1.0,1.0
29,0.6,overlap,0.15735373273924808,0.005,1.0,178.99402641339134,176.55986681634715,0.24999858945626593,0.24999927634552643
30,0.0,unweighted,0.11119211248285324,0.01,1.0,180.0,180.0,1.0,1.0
30,0.0,source,0.09659061316958874,0.09,0.0,169.65482271039033,180.0,1.6762520158686431,1.0
30,0.0,target,0.08360895801950395,0.58,0.0,180.0,158.41132730227667,1.0,1.6464540877623828
30,0.0,both,0.0703333582142597,0.94,0.0,169.65482271039033,158.41132730227667,1.6762520158686431,1.6464540877623828
30,0.0,crump,0.11119211248285324,0.01,1.0,180.0,180.0,1.0,1.0
30,0.0,overlap,0.10239904041330644,0.04,1.0,178.93408571561838,175.4251290336709,0.24999989769193623,0.24999998816106275
30,0.15,unweighted,0.12873385345221766,0.005,1.0,180.0,180.0,1.0,1.0
30,0.15,source,0.11265077464181145,0.015,1.0,169.65482271039033,180.0,1.6762520158686431,1.0
30,0.15,target,0.10292520706744238,0.04,1.0,180.0,158.41132730227667,1.0,1.6464540877623828
30,0.15,both,0.08773796044594866,0.405,0.0,169.65482271039033,158.41132730227667,1.6762520158686431,1.6464540877623828
30,0.15,crump,0.12873385345221766,0.005,1.0,180.0,180.0,1.0,1.0
30,0.15,overlap,0.12189923039620157,0.005,1.0,178.93408571561838,175.4251290336709,0.24999989769193623,0.24999998816106275
30,0.3,unweighted,0.14726682575064776,0.005,1.0,180.0,180.0,1.0,1.0
30,0.3,source,0.12969511336208753,0.005,1.0,169.65482271039033,180.0,1.6762520158686431,1.0
30,0.3,target,0.12369990974404996,0.005,1.0,180.0,158.41132730227667,1.0,1.6464540877623828
30,0.3,both,0.10659596832435575,0.025,1.0,169.65482271039033,158.41132730227667,1.6762520158686431,1.6464540877623828
30,0.3,crump,0.14726682575064776,0.005,1.0,180.0,180.0,1.0,1.0
30,0.3,overlap,0.1419765586451356,0.005,1.0,178.93408571561838,175.4251290336709,0.24999989769193623,0.24999998816106275
30,0.45,unweighted,0.16689077408169486,0.005,1.0,180.0,180.0,1.0,1.0
30,0.45,source,0.1484724306639026,0.005,1.0,169.65482271039033,180.0,1.6762520158686431,1.0
30,0.45,target,0.14628166748272436,0.005,1.0,180.0,158.41132730227667,1.0,1.6464540877623828
30,0.45,both,0.12788177839300013,0.005,1.0,169.65482271039033,158.41132730227667,1.6762520158686431,1.6464540877623828
30,0.45,crump,0.16689077408169486,0.005,1.0,180.0,180.0,1.0,1.0
30,0.45,overlap,0.16329008791207955,0.005,1.0,178.93408571561838,175.4251290336709,0.24999989769193623,0.24999998816106275
30,0.6,unweighted,0.18697466944825483,0.005,1.0,180.0,180.0,1.0,1.0
30,0.6,source,0.1677478595073862,0.005,1.0,169.65482271039033,180.0,1.6762520158686431,1.0
30,0.6,target,0.16981241861173985,0.005,1.0,180.0,158.41132730227667,1.0,1.6464540877623828
30,0.6,both,0.15025614610091936,0.005,1.0,169.65482271039033,158.41132730227667,1.6762520158686431,1.6464540877623828
30,0.6,crump,0.18697466944825483,0.005,1.0,180.0,180.0,1.0,1.0
30,0.6,overlap,0.1845272252076812,0.005,1.0,178.93408571561838,175.4251290336709,0.24999989769193623,0.24999998816106275
31,0.0,unweighted,0.10214658302850177,0.035,1.0,180.0,180.0,1.0,1.0
31,0.0,source,0.0920023075722187,0.24,0.0,174.49056246604846,180.0,1.5822787999117582,1.0
31,0.0,target,0.08376459465814201,0.52,0.0,180.0,167.72975723454897,1.0,1.5139676262478885
31,0.0,both,0.07443450333502505,0.88,0.0,174.49056246604846,167.72975723454897,1.5822787999117582,1.5139676262478885
31,0.0,crump,0.10214658302850177,0.035,1.0,180.0,180.0,1.0,1.0
31,0.0,overlap,0.09906354743126443,0.07,0.0,179.58282351558225,178.6833341860333,0.2499998353633165,0.24999984022453228
31,0.15,unweighted,0.1176776682289285,0.005,1.0,180.0,180.0,1.0,1.0
31,0.15,source,0.1064901246298012,0.02,1.0,174.49056246604846,180.0,1.5822787999117582,1.0
31,0.15,target,0.10044263637918317,0.055,0.0,180.0,167.72975723454897,1.0,1.5139676262478885
31,0.15,both,0.08987660296994289,0.33,0.0,174.49056246604846,167.72975723454897,1.5822787999117582,1.5139676262478885
31,0.15,crump,0.1176776682289285,0.005,1.0,180.0,180.0,1.0,1.0
31,0.15,overlap,0.11552429792387608,0.01,1.0,179.58282351558225,178.6833341860333,0.2499998353633165,0.24999984022453228
31,0.3,unweighted,0.136010544314891,0.005,1.0,180.0,180.0,1.0,1.0
31,0.3,source,0.12394858531842806,0.005,1.0,174.49056246604846,180.0,1.5822787999117582,1.0
31,0.3,target,0.12037643137892048,0.005,1.0,180.0,167.72975723454897,1.0,1.5139676262478885
31,0.3,both,0.10872832847253155,0.015,1.0,174.49056246604846,167.72975723454897,1.5822787999117582,1.5139676262478885
31,0.3,crump,0.136010544314891,0.005,1.0,180.0,180.0,1.0,1.0
31,0.3,overlap,0.13510042898272712,0.005,1.0,179.58282351558225,178.6833341860333,0.2499998353633165,0.24999984022453228
31,0.45,unweighted,0.15592796925011432,0.005,1.0,180.0,180.0,1.0,1.0
31,0.45,source,0.14337384567013764,0.005,1.0,174.49056246604846,180.0,1.5822787999117582,1.0
31,0.45,target,0.1424342849436448,0.005,1.0,180.0,167.72975723454897,1.0,1.5139676262478885
31,0.45,both,0.130058197777659,0.005,1.0,174.49056246604846,167.72975723454897,1.5822787999117582,1.5139676262478885
31,0.45,crump,0.15592796925011432,0.005,1.0,180.0,180.0,1.0,1.0
31,0.45,overlap,0.15622992210257136,0.005,1.0,179.58282351558225,178.6833341860333,0.2499998353633165,0.24999984022453228
31,0.6,unweighted,0.17495391613321143,0.005,1.0,180.0,180.0,1.0,1.0
31,0.6,source,0.1622259353393361,0.005,1.0,174.49056246604846,180.0,1.5822787999117582,1.0
31,0.6,target,0.16413156245626942,0.005,1.0,180.0,167.72975723454897,1.0,1.5139676262478885
31,0.6,both,0.15140095616791155,0.005,1.0,174.49056246604846,167.72975723454897,1.5822787999117582,1.5139676262478885
31,0.6,crump,0.17495391613321143,0.005,1.0,180.0,180.0,1.0,1.0
31,0.6,overlap,0.17633918736206705,0.005,1.0,179.58282351558225,178.6833341860333,0.2499998353633165,0.24999984022453228
32,0.0,unweighted,0.08240753029263832,0.56,0.0,180.0,180.0,1.0,1.0
32,0.0,source,0.06979204118062596,0.92,0.0,170.98794133590056,180.0,1.617260555229547,1.0
32,0.0,target,0.06469472536408927,0.985,0.0,180.0,161.54986704299327,1.0,1.7530009442005274
32,0.0,both,0.05366813269974191,1.0,0.0,170.98794133590056,161.54986704299327,1.617260555229547,1.7530009442005274
32,0.0,crump,0.08240753029263832,0.56,0.0,180.0,180.0,1.0,1.0
32,0.0,overlap,0.07824215456861874,0.73,0.0,179.10665774016402,176.88462569775248,0.24999829408513913,0.2499999163523836
32,0.15,unweighted,0.09603098422496571,0.13,0.0,180.0,180.0,1.0,1.0
32,0.15,source,0.08221809737585288,0.59,0.0,170.98794133590056,180.0,1.617260555229547,1.0
32,0.15,target,0.07894965055941008,0.685,0.0,180.0,161.54986704299327,1.0,1.7530009442005274
32,0.15,both,0.06643848286722867,0.975,0.0,170.98794133590056,161.54986704299327,1.617260555229547,1.7530009442005274
32,0.15,crump,0.09603098422496571,0.13,0.0,180.0,180.0,1.0,1.0
32,0.15,overlap,0.09299595668761113,0.205,0.0,179.10665774016402,176.88462569775248,0.24999829408513913,0.2499999163523836
32,0.3,unweighted,0.11240811995122695,0.015,1.0,180.0,180.0,1.0,1.0
32,0.3,source,0.09780219870552283,0.11,0.0,170.98794133590056,180.0,1.617260555229547,1.0
32,0.3,target,0.09642998945894024,0.125,0.0,180.0,161.54986704299327,1.0,1.7530009442005274
32,0.3,both,0.08276227079021947,0.54,0.0,170.98794133590056,161.54986704299327,1.617260555229547,1.7530009442005274
32,0.3,crump,0.11240811995122695,0.015,1.0,180.0,180.0,1.0,1.0
32,0.3,overlap,0.11084103164794201,0.025,1.0,179.10665774016402,176.88462569775248,0.24999829408513913,0.2499999163523836
32,0.45,unweighted,0.12937462181832038,0.005,1.0,180.0,180.0,1.0,1.0
32,0.45,source,0.11408866060349687,0.015,1.0,170.98794133590056,180.0,1.617260555229547,1.0
32,0.45,target,0.11504904345255866,0.02,1.0,180.0,161.54986704299327,1.0,1.7530009442005274
32,0.45,both,0.10032976223249014,0.065,0.0,170.98794133590056,161.54986704299327,1.617260555229547,1.7530009442005274
32,0.45,crump,0.12937462181832038,0.005,1.0,180.0,180.0,1.0,1.0
32,0.45,overlap,0.12931800737017063,0.005,1.0,179.10665774016402,176.88462569775248,0.24999829408513913,0.2499999163523836
32,0.6,unweighted,0.1470595936213992,0.005,1.0,180.0,180.0,1.0,1.0
32,0.6,source,0.13129777538335052,0.005,1.0,170.98794133590056,180.0,1.617260555229547,1.0
32,0.6,target,0.1349873226935458,0.005,1.0,180.0,161.54986704299327,1.0,1.7530009442005274
32,0.6,both,0.11940939059829592,0.005,1.0,170.98794133590056,161.54986704299327,1.617260555229547,1.7530009442005274
32,0.6,crump,0.1470595936213992,0.005,1.0,180.0,180.0,1.0,1.0
32,0.6,overlap,0.148698004887559,0.005,1.0,179.10665774016402,176.88462569775248,0.24999829408513913,0.2499999163523836
33,0.0,unweighted,0.10567657655083067,0.03,1.0,180.0,180.0,1.0,1.0
33,0.0,source,0.09087475813614546,0.275,0.0,169.77427312440648,180.0,1.675136425105284,1.0
33,0.0,target,0.07852473054174944,0.72,0.0,180.0,157.29975379944926,1.0,1.7418042879609101
33,0.0,both,0.06532927804400859,0.965,0.0,169.77427312440648,157.29975379944926,1.675136425105284,1.7418042879609101
33,0.0,crump,0.10567657655083067,0.03,1.0,180.0,180.0,1.0,1.0
33,0.0,overlap,0.09752866240064763,0.105,0.0,179.1061299018581,175.59865229353102,0.24999758269114516,0.2499435907143414
33,0.15,unweighted,0.12136780883249504,0.01,1.0,180.0,180.0,1.0,1.0
33,0.15,source,0.10536517829121061,0.03,1.0,169.77427312440648,180.0,1.675136425105284,1.0
33,0.15,target,0.09557564856293219,0.15,0.0,180.0,157.29975379944926,1.0,1.7418042879609101
33,0.15,both,0.08061493637542072,0.66,0.0,169.77427312440648,157.29975379944926,1.675136425105284,1.7418042879609101
33,0.15,crump,0.12136780883249504,0.01,1.0,180.0,180.0,1.0,1.0
33,0.15,overlap,0.11484800674901713,0.015,1.0,179.1061299018581,175.59865229353102,0.24999758269114516,0.2499435907143414
33,0.3,unweighted,0.13764841582837983,0.005,1.0,180.0,180.0,1.0,1.0
33,0.3,source,0.12047419059823081,0.01,1.0,169.77427312440648,180.0,1.675136425105284,1.0
33,0.3,target,0.11395374341383166,0.01,1.0,180.0,157.29975379944926,1.0,1.7418042879609101
33,0.3,both,0.09730998987473834,0.12,0.0,169.77427312440648,157.29975379944926,1.675136425105284,1.7418042879609101
33,0.3,crump,0.13764841582837983,0.005,1.0,180.0,180.0,1.0,1.0
33,0.3,overlap,0.13276298025982552,0.005,1.0,179.1061299018581,175.59865229353102,0.24999758269114516,0.2499435907143414
33,0.45,unweighted,0.15528810585276634,0.005,1.0,180.0,180.0,1.0,1.0
33,0.45,source,0.13753355949420418,0.005,1.0,169.77427312440648,180.0,1.675136425105284,1.0
33,0.45,target,0.13410650002987742,0.005,1.0,180.0,157.29975379944926,1.0,1.7418042879609101
33,0.45,both,0.11644296403099022,0.01,1.0,169.77427312440648,157.29975379944926,1.675136425105284,1.7418042879609101
33,0.45,crump,0.15528810585276634,0.005,1.0,180.0,180.0,1.0,1.0
33,0.45,overlap,0.1522585726560902,0.005,1.0,179.1061299018581,175.59865229353102,0.24999758269114516,0.2499435907143414
33,0.6,unweighted,0.17305667962200882,0.005,1.0,180.0,180.0,1.0,1.0
33,0.6,source,0.15548080702155667,0.005,1.0,169.77427312440648,180.0,1.675136425105284,1.0
33,0.6,target,0.1549245321370405,0.005,1.0,180.0,157.29975379944926,1.0,1.7418042879609101
33,0.6,both,0.13706408424139574,0.005,1.0,169.77427312440648,157.29975379944926,1.675136425105284,1.7418042879609101
33,0.6,crump,0.17305667962200882,0.005,1.0,180.0,180.0,1.0,1.0
33,0.6,overlap,0.17195204842174341,0.005,1.0,179.1061299018581,175.59865229353102,0.24999758269114516,0.2499435907143414
34,0.0,unweighted,0.08155903158817254,0.58,0.0,180.0,180.0,1.0,1.0
34,0.0,source,0.06721014460945654,0.96,0.0,171.40057970763965,180.0,1.7063151693413812,1.0
34,0.0,target,0.06629703354242561,0.955,0.0,180.0,164.25344782802517,1.0,1.6768356186045714
34,0.0,both,0.05321968420321515,1.0,0.0,171.40057970763965,164.25344782802517,1.7063151693413812,1.6768356186045714
34,0.0,crump,0.08155903158817254,0.58,0.0,180.0,180.0,1.0,1.0
34,0.0,overlap,0.0779828197969469,0.73,0.0,179.12011292754462,177.74786558529493,0.2499943704901259,0.24999998393447975
34,0.15,unweighted,0.09753314567139154,0.075,0.0,180.0,180.0,1.0,1.0
34,0.15,source,0.08182102427563444,0.575,0.0,171.40057970763965,180.0,1.7063151693413812,1.0
34,0.15,target,0.08317315476615977,0.515,0.0,180.0,164.25344782802517,1.0,1.6768356186045714
34,0.15,both,0.06841509247457393,0.935,0.0,171.40057970763965,164.25344782802517,1.7063151693413812,1.6768356186045714
34,0.15,crump,0.09753314567139154,0.075,0.0,180.0,180.0,1.0,1.0
34,0.15,overlap,0.09536894448825176,0.1,0.0,179.12011292754462,177.74786558529493,0.2499943704901259,0.24999998393447975
34,0.3,unweighted,0.11424168190824571,0.01,1.0,180.0,180.0,1.0,1.0
34,0.3,source,0.09748839434312573,0.08,0.0,171.40057970763965,180.0,1.7063151693413812,1.0
34,0.3,target,0.10108888299867887,0.035,1.0,180.0,164.25344782802517,1.0,1.6768356186045714
34,0.3,both,0.08498635678095316,0.445,0.0,171.40057970763965,164.25344782802517,1.7063151693413812,1.6768356186045714
34,0.3,crump,0.11424168190824571,0.01,1.0,180.0,180.0,1.0,1.0
34,0.3,overlap,0.11348345233272886,0.01,1.0,179.12011292754462,177.74786558529493,0.2499943704901259,0.24999998393447975
34,0.45,unweighted,0.13371859948940712,0.005,1.0,180.0,180.0,1.0,1.0
34,0.45,source,0.11615057984834354,0.01,1.0,171.40057970763965,180.0,1.7063151693413812,1.0
34,0.45,target,0.12256976877682738,0.005,1.0,180.0,164.25344782802517,1.0,1.6768356186045714
34,0.45,both,0.10534889352415677,0.02,1.0,171.40057970763965,164.25344782802517,1.7063151693413812,1.6768356186045714
34,0.45,crump,0.13371859948940712,0.005,1.0,180.0,180.0,1.0,1.0
34,0.45,overlap,0.13480199435726795,0.005,1.0,179.12011292754462,177.74786558529493,0.2499943704901259,0.24999998393447975
34,0.6,unweighted,0.15345904016156073,0.005,1.0,180.0,180.0,1.0,1.0
34,0.6,source,0.13552769317524488,0.005,1.0,171.40057970763965,180.0,1.7063151693413812,1.0
34,0.6,target,0.14478684620134008,0.005,1.0,180.0,164.25344782802517,1.0,1.6768356186045714
34,0.6,both,0.12694962357173942,0.005,1.0,171.40057970763965,164.25344782802517,1.7063151693413812,1.6768356186045714
34,0.6,crump,0.15345904016156073,0.005,1.0,180.0,180.0,1.0,1.0
34,0.6,overlap,0.15620685997396563,0.005,1.0,179.12011292754462,177.74786558529493,0.2499943704901259,0.24999998393447975
35,0.0,unweighted,0.10032779492455418,0.06,0.0,180.0,180.0,1.0,1.0
35,0.0,source,0.08314584734309696,0.59,0.0,169.31684125676327,180.0,1.7389899407739984,1.0
35,0.0,target,0.07626553502515643,0.84,0.0,180.0,157.75882531247504,1.0,1.715522393594817
35,0.0,both,0.061324692705402604,1.0,0.0,169.31684125676327,157.75882531247504,1.7389899407739984,1.715522393594817
35,0.0,crump,0.10032779492455418,0.06,0.0,180.0,180.0,1.0,1.0
35,0.0,overlap,0.09420485651943421,0.17,0.0,178.96863963365257,175.25906345815824,0.2499999748946832,0.24999837011922485
35,0.15,unweighted,0.11548220164609055,0.005,1.0,180.0,180.0,1.0,1.0
35,0.15,source,0.09664738347410247,0.12,0.0,169.31684125676327,180.0,1.7389899407739984,1.0
35,0.15,target,0.09271451749287105,0.23,0.0,180.0,157.75882531247504,1.0,1.715522393594817
35,0.15,both,0.07570634446600341,0.86,0.0,169.31684125676327,157.75882531247504,1.7389899407739984,1.715522393594817
35,0.15,crump,0.11548220164609055,0.005,1.0,180.0,180.0,1.0,1.0
35,0.15,overlap,0.1112576915422567,0.005,1.0,178.96863963365257,175.25906345815824,0.2499999748946832,0.24999837011922485
35,0.3,unweighted,0.13198304945892395,0.005,1.0,180.0,180.0,1.0,1.0
35,0.3,source,0.11189838286806397,0.005,1.0,169.31684125676327,180.0,1.7389899407739984,1.0
35,0.3,target,0.11108076742788017,0.005,1.0,180.0,157.75882531247504,1.0,1.715522393594817
35,0.3,both,0.0923313915019032,0.245,0.0,169.31684125676327,157.75882531247504,1.7389899407739984,1.715522393594817
35,0.3,crump,0.13198304945892395,0.005,1.0,180.0,180.0,1.0,1.0
35,0.3,overlap,0.1299093165770707,0.005,1.0,178.96863963365257,175.25906345815824,0.2499999748946832,0.24999837011922485
35,0.45,unweighted,0.149168989102271,0.005,1.0,180.0,180.0,1.0,1.0
35,0.45,source,0.1282180705999876,0.005,1.0,169.31684125676327,180.0,1.7389899407739984,1.0
35,0.45,target,0.1307270336875217,0.005,1.0,180.0,157.75882531247504,1.0,1.715522393594817
35,0.45,both,0.11062392167597165,0.01,1.0,169.31684125676327,157.75882531247504,1.7389899407739984,1.715522393594817
35,0.45,crump,0.149168989102271,0.005,1.0,180.0,180.0,1.0,1.0
35,0.45,overlap,0.14924139936137695,0.005,1.0,178.96863963365257,175.25906345815824,0.2499999748946832,0.24999837011922485
35,0.6,unweighted,0.16623086610272825,0.005,1.0,180.0,180.0,1.0,1.0
35,0.6,source,0.14448478841819445,0.005,1.0,169.31684125676327,180.0,1.7389899407739984,1.0
35,0.6,target,0.1508374101173262,0.005,1.0,180.0,157.75882531247504,1.0,1.715522393594817
35,0.6,both,0.1294544051447727,0.005,1.0,169.31684125676327,157.75882531247504,1.7389899407739984,1.715522393594817
35,0.6,crump,0.16623086610272825,0.005,1.0,180.0,180.0,1.0,1.0
35,0.6,overlap,0.1681612487065442,0.005,1.0,178.96863963365257,175.25906345815824,0.2499999748946832,0.24999837011922485
36,0.0,unweighted,0.08663561194939795,0.37,0.0,180.0,180.0,1.0,1.0
36,0.0,source,0.07744558392652759,0.755,0.0,174.1808055209356,180.0,1.4230203579531064,1.0
36,0.0,target,0.06667879378833583,0.96,0.0,180.0,164.37512005127414,1.0,1.6151304955198598
36,0.0,both,0.058638452448792185,0.995,0.0,174.1808055209356,164.37512005127414,1.4230203579531064,1.6151304955198598
36,0.0,crump,0.08663561194939795,0.37,0.0,180.0,180.0,1.0,1.0
36,0.0,overlap,0.08197859905486006,0.535,0.0,179.64795616951255,177.87534326210567,0.2499989129088484,0.24999500696550944
36,0.15,unweighted,0.09970507735101357,0.06,0.0,180.0,180.0,1.0,1.0
36,0.15,source,0.0896520344147517,0.265,0.0,174.1808055209356,180.0,1.4230203579531064,1.0
36,0.15,target,0.08058486958430688,0.61,0.0,180.0,164.37512005127414,1.0,1.6151304955198598
36,0.15,both,0.07146550678794361,0.895,0.0,174.1808055209356,164.37512005127414,1.4230203579531064,1.6151304955198598
36,0.15,crump,0.09970507735101357,0.06,0.0,180.0,180.0,1.0,1.0
36,0.15,overlap,0.09604926696228008,0.14,0.0,179.64795616951255,177.87534326210567,0.2499989129088484,0.24999500696550944
36,0.3,unweighted,0.11582932098765433,0.01,1.0,180.0,180.0,1.0,1.0
36,0.3,source,0.10476977371697824,0.025,1.0,174.1808055209356,180.0,1.4230203579531064,1.0
36,0.3,target,0.0981063651014342,0.095,0.0,180.0,164.37512005127414,1.0,1.6151304955198598
36,0.3,both,0.08771511462600443,0.325,0.0,174.1808055209356,164.37512005127414,1.4230203579531064,1.6151304955198598
36,0.3,crump,0.11582932098765433,0.01,1.0,180.0,180.0,1.0,1.0
36,0.3,overlap,0.11338282928594563,0.015,1.0,179.64795616951255,177.87534326210567,0.2499989129088484,0.24999500696550944
36,0.45,unweighted,0.13302848651120258,0.005,1.0,180.0,180.0,1.0,1.0
36,0.45,source,0.12141516271051617,0.005,1.0,174.1808055209356,180.0,1.4230203579531064,1.0
36,0.45,target,0.1172288241872512,0.005,1.0,180.0,164.37512005127414,1.0,1.6151304955198598
36,0.45,both,0.10601698584437927,0.03,1.0,174.1808055209356,164.37512005127414,1.4230203579531064,1.6151304955198598
36,0.45,crump,0.13302848651120258,0.005,1.0,180.0,180.0,1.0,1.0
36,0.45,overlap,0.13195114080881065,0.005,1.0,179.64795616951255,177.87534326210567,0.2499989129088484,0.24999500696550944
36,0.6,unweighted,0.15177828360768175,0.005,1.0,180.0,180.0,1.0,1.0
36,0.6,source,0.13961713608052978,0.005,1.0,174.1808055209356,180.0,1.4230203579531064,1.0
36,0.6,target,0.13850330662135008,0.005,1.0,180.0,164.37512005127414,1.0,1.6151304955198598
36,0.6,both,0.1265124702957035,0.005,1.0,174.1808055209356,164.37512005127414,1.4230203579531064,1.6151304955198598
36,0.6,crump,0.15177828360768175,0.005,1.0,180.0,180.0,1.0,1.0
36,0.6,overlap,0.15221157957998654,0.005,1.0,179.64795616951255,177.87534326210567,0.2499989129088484,0.24999500696550944
37,0.0,unweighted,0.08091503581771073,0.665,0.0,180.0,180.0,1.0,1.0
37,0.0,source,0.07220188274426308,0.9,0.0,174.25032385164943,180.0,1.6190960519541244,1.0
37,0.0,target,0.061262187980312764,0.995,0.0,180.0,166.0367851102688,1.0,1.5159207535709218
37,0.0,both,0.05375717595615585,0.995,0.0,174.25032385164943,166.0367851102688,1.6190960519541244,1.5159207535709218
37,0.0,crump,0.08091503581771073,0.665,0.0,180.0,180.0,1.0,1.0
37,0.0,overlap,0.07666465747943124,0.82,0.0,179.61896521522326,178.30795065525834,0.24999995466629285,0.24999693025933625
37,0.15,unweighted,0.09352206694863588,0.23,0.0,180.0,180.0,1.0,1.0
37,0.15,source,0.08358627154390245,0.57,0.0,174.25032385164943,180.0,1.6190960519541244,1.0
37,0.15,target,0.07448688128991432,0.855,0.0,180.0,166.0367851102688,1.0,1.5159207535709218
37,0.15,both,0.06554034232456399,0.98,0.0,174.25032385164943,166.0367851102688,1.6190960519541244,1.5159207535709218
37,0.15,crump,0.09352206694863588,0.23,0.0,180.0,180.0,1.0,1.0
37,0.15,overlap,0.09016833508584379,0.335,0.0,179.61896521522326,178.30795065525834,0.24999995466629285,0.24999693025933625
37,0.3,unweighted,0.10873222641365643,0.02,1.0,180.0,180.0,1.0,1.0
37,0.3,source,0.09748031930199359,0.16,0.0,174.25032385164943,180.0,1.6190960519541244,1.0
37,0.3,target,0.09088305859685428,0.315,0.0,180.0,166.0367851102688,1.0,1.5159207535709218
37,0.3,both,0.08037100905330913,0.66,0.0,174.25032385164943,166.0367851102688,1.6190960519541244,1.5159207535709218
37,0.3,crump,0.10873222641365643,0.02,1.0,180.0,180.0,1.0,1.0
37,0.3,overlap,0.10642210022431632,0.03,1.0,179.61896521522326,178.30795065525834,0.24999995466629285,0.24999693025933625
37,0.45,unweighted,0.12557206028044504,0.005,1.0,180.0,180.0,1.0,1.0
37,0.45,source,0.11315992225468127,0.01,1.0,174.25032385164943,180.0,1.6190960519541244,1.0
37,0.45,target,0.10941865308004468,0.02,1.0,180.0,166.0367851102688,1.0,1.5159207535709218
37,0.45,both,0.09743095558041348,0.155,0.0,174.25032385164943,166.0367851102688,1.6190960519541244,1.5159207535709218
37,0.45,crump,0.12557206028044504,0.005,1.0,180.0,180.0,1.0,1.0
37,0.45,overlap,0.1243114833545654,0.005,1.0,179.61896521522326,178.30795065525834,0.24999995466629285,0.24999693025933625
37,0.6,unweighted,0.14410056108062796,0.005,1.0,180.0,180.0,1.0,1.0
37,0.6,source,0.1308197003816509,0.005,1.0,174.25032385164943,180.0,1.6190960519541244,1.0
37,0.6,target,0.13022784231225287,0.005,1.0,180.0,166.0367851102688,1.0,1.5159207535709218
37,0.6,both,0.11705976470608868,0.005,1.0,174.25032385164943,166.0367851102688,1.6190960519541244,1.5159207535709218
37,0.6,crump,0.14410056108062796,0.005,1.0,180.0,180.0,1.0,1.0
37,0.6,overlap,0.14393058298286818,0.005,1.0,179.61896521522326,178.30795065525834,0.24999995466629285,0.24999693025933625
38,0.0,unweighted,0.10100160417619265,0.055,0.0,180.0,180.0,1.0,1.0
38,0.0,source,0.08434780203030925,0.545,0.0,170.02952934873173,180.0,1.710530526648708,1.0
38,0.0,target,0.0763605405781762,0.785,0.0,180.0,158.11518868790225,1.0,1.6461490171611628
38,0.0,both,0.06174309337962048,0.99,0.0,170.02952934873173,158.11518868790225,1.710530526648708,1.6461490171611628
38,0.0,crump,0.10100160417619265,0.055,0.0,180.0,180.0,1.0,1.0
38,0.0,overlap,0.09367929525053961,0.21,0.0,178.9387389334226,175.746030836766,0.24999683987635446,0.24999968836163183
38,0.15,unweighted,0.11637953055936595,0.005,1.0,180.0,180.0,1.0,1.0
38,0.15,source,0.09788943076715026,0.11,0.0,170.02952934873173,180.0,1.710530526648708,1.0
38,0.15,target,0.09363894190222395,0.205,0.0,180.0,158.11518868790225,1.0,1.6461490171611628
38,0.15,both,0.07661120875318189,0.77,0.0,170.02952934873173,158.11518868790225,1.710530526648708,1.6461490171611628
38,0.15,crump,0.11637953055936595,0.005,1.0,180.0,180.0,1.0,1.0
38,0.15,overlap,0.11066777750273782,0.005,1.0,178.9387389334226,175.746030836766,0.24999683987635446,0.24999968836163183
38,0.3,unweighted,0.13336079961133973,0.005,1.0,180.0,180.0,1.0,1.0
38,0.3,source,0.11321728637754114,0.005,1.0,170.02952934873173,180.0,1.710530526648708,1.0
38,0.3,target,0.11327629257093598,0.005,1.0,180.0,158.11518868790225,1.0,1.6461490171611628
38,0.3,both,0.09394667582311023,0.215,0.0,170.02952934873173,158.11518868790225,1.710530526648708,1.6461490171611628
38,0.3,crump,0.13336079961133973,0.005,1.0,180.0,180.0,1.0,1.0
38,0.3,overlap,0.12942825466324637,0.005,1.0,178.9387389334226,175.746030836766,0.24999683987635446,0.24999968836163183
38,0.45,unweighted,0.15042492569730223,0.005,1.0,180.0,180.0,1.0,1.0
38,0.45,source,0.1291304936656362,0.005,1.0,170.02952934873173,180.0,1.710530526648708,1.0
38,0.45,target,0.1332108045815612,0.005,1.0,180.0,158.11518868790225,1.0,1.6461490171611628
38,0.45,both,0.11213001014873178,0.005,1.0,170.02952934873173,158.11518868790225,1.710530526648708,1.6461490171611628
38,0.45,crump,0.15042492569730223,0.005,1.0,180.0,180.0,1.0,1.0
38,0.45,overlap,0.14821395904465462,0.005,1.0,178.9387389334226,175.746030836766,0.24999683987635446,0.24999968836163183
38,0.6,unweighted,0.168659361187319,0.005,1.0,180.0,180.0,1.0,1.0
38,0.6,source,0.146396337169501,0.005,1.0,170.02952934873173,180.0,1.710530526648708,1.0
38,0.6,target,0.15508739044216766,0.005,1.0,180.0,158.11518868790225,1.0,1.6461490171611628
38,0.6,both,0.13248404467540137,0.005,1.0,170.02952934873173,158.11518868790225,1.710530526648708,1.6461490171611628
38,0.6,crump,0.168659361187319,0.005,1.0,180.0,180.0,1.0,1.0
38,0.6,overlap,0.1682756254198916,0.005,1.0,178.9387389334226,175.746030836766,0.24999683987635446,0.24999968836163183
39,0.0,unweighted,0.12440377991159884,0.005,1.0,180.0,180.0,1.0,1.0
39,0.0,source,0.10414926407156995,0.05,0.0,164.97146573440224,180.0,1.8371501584353023,1.0
39,0.0,target,0.09357910518591664,0.255,0.0,180.0,151.5228425927803,1.0,1.8676862566206736
39,0.0,both,0.07516630866234111,0.86,0.0,164.97146573440224,151.5228425927803,1.8371501584353023,1.8676862566206736
39,0.0,crump,0.12325160451678659,0.005,1.0,180.0,179.0,1.0,1.0
39,0.0,overlap,0.1156152400858422,0.01,1.0,177.85118963752151,172.85365305492903,0.24999761781196694,0.24995620071476285
39,0.15,unweighted,0.14033800106691052,0.005,1.0,180.0,180.0,1.0,1.0
39,0.15,source,0.11847732630216551,0.01,1.0,164.97146573440224,180.0,1.8371501584353023,1.0
39,0.15,target,0.11154428981299813,0.02,1.0,180.0,151.5228425927803,1.0,1.8676862566206736
39,0.15,both,0.09073177462747492,0.345,0.0,164.97146573440224,151.5228425927803,1.8371501584353023,1.8676862566206736
39,0.15,crump,0.1392746721996153,0.005,1.0,180.0,179.0,1.0,1.0
39,0.15,overlap,0.1335919867615999,0.005,1.0,177.85118963752151,172.85365305492903,0.24999761781196694,0.24995620071476285
39,0.3,unweighted,0.15776975784941322,0.005,1.0,180.0,180.0,1.0,1.0
39,0.3,source,0.1350156072022122,0.005,1.0,164.97146573440224,180.0,1.8371501584353023,1.0
39,0.3,target,0.13195913531395342,0.005,1.0,180.0,151.5228425927803,1.0,1.8676862566206736
39,0.3,both,0.10941844473102155,0.025,1.0,164.97146573440224,151.5228425927803,1.8371501584353023,1.8676862566206736
39,0.3,crump,0.15680329677908822,0.005,1.0,180.0,179.0,1.0,1.0
39,0.3,overlap,0.15334822309663987,0.005,1.0,177.85118963752151,172.85365305492903,0.24999761781196694,0.24995620071476285
39,0.45,unweighted,0.17508072416552356,0.005,1.0,180.0,180.0,1.0,1.0
39,0.45,source,0.1518768987848947,0.005,1.0,164.97146573440224,180.0,1.8371501584353023,1.0
39,0.45,target,0.15290431862717196,0.005,1.0,180.0,151.5228425927803,1.0,1.8676862566206736
39,0.45,both,0.12913890497014155,0.005,1.0,164.97146573440224,151.5228425927803,1.8371501584353023,1.8676862566206736
39,0.45,crump,0.17421009494907697,0.005,1.0,180.0,179.0,1.0,1.0
39,0.45,overlap,0.1728685963235394,0.005,1.0,177.85118963752151,172.85365305492903,0.24999761781196694,0.24995620071476285
39,0.6,unweighted,0.19208396871665903,0.005,1.0,180.0,180.0,1.0,1.0
39,0.6,source,0.16880885131667447,0.005,1.0,164.97146573440224,180.0,1.8371501584353023,1.0
39,0.6,target,0.17393499031028897,0.005,1.0,180.0,151.5228425927803,1.0,1.8676862566206736
39,0.6,both,0.14953129207334562,0.005,1.0,164.97146573440224,151.5228425927803,1.8371501584353023,1.8676862566206736
39,0.6,crump,0.1913064742012859,0.005,1.0,180.0,179.0,1.0,1.0
39,0.6,overlap,0.1918622561215309,0.005,1.0,177.85118963752151,172.85365305492903,0.24999761781196694,0.24995620071476285
