repeat,severity,mode,statistic,pvalue,reject,source_ess,target_ess,source_max_weight,target_max_weight
0,0.0,unweighted,0.0701377648224356,0.924,0.0,180.0,180.0,1.0,1.0
0,0.0,source,0.07061014165760801,0.92,0.0,179.9996893395273,180.0,1.003206768925092,1.0
0,0.0,target,0.07019633637411532,0.928,0.0,180.0,179.99979242955902,1.0,1.002837806698248
0,0.0,both,0.07066901551434523,0.918,0.0,179.9996893395273,179.99979242955902,1.003206768925092,1.002837806698248
0,0.0,crump,0.0701377648224356,0.924,0.0,180.0,180.0,1.0,1.0
0,0.1,unweighted,0.09554557327389115,0.14,0.0,180.0,180.0,1.0,1.0
0,0.1,source,0.08099804756796564,0.66,0.0,171.73117508231252,180.0,1.4734999429971232,1.0
0,0.1,target,0.07844009496446679,0.75,0.0,180.0,172.8455315550632,1.0,1.5186417347999621
0,0.1,both,0.0642739952718065,0.984,0.0,171.73117508231252,172.8455315550632,1.4734999429971232,1.5186417347999621
0,0.1,crump,0.09554557327389115,0.14,0.0,180.0,180.0,1.0,1.0
0,0.2,unweighted,0.137987316148453,0.002,1.0,180.0,180.0,1.0,1.0
0,0.2,source,0.11373796286698337,0.006,1.0,159.38404768479248,180.0,1.7419534150403786,1.0
0,0.2,target,0.1048460195023901,0.046,1.0,180.0,161.71181143099727,1.0,1.8011826633554175
0,0.2,both,0.0803506050097283,0.696,0.0,159.38404768479248,161.71181143099727,1.7419534150403786,1.8011826633554175
0,0.2,crump,0.137987316148453,0.002,1.0,180.0,180.0,1.0,1.0
0,0.3,unweighted,0.18328625971650664,0.002,1.0,180.0,180.0,1.0,1.0
0,0.3,source,0.14220879185580526,0.002,1.0,136.30588493068896,180.0,2.205308916267181,1.0
0,0.3,target,0.1292897772046666,0.002,1.0,180.0,138.55063059754912,1.0,2.2546595034842674
0,0.3,both,0.08202366846515342,0.646,0.0,136.30588493068896,138.55063059754912,2.205308916267181,2.2546595034842674
0,0.3,crump,0.1612728186494385,0.002,1.0,170.0,162.0,1.0,1.0
0,0.4,unweighted,0.22264119894071027,0.002,1.0,180.0,180.0,1.0,1.0
0,0.4,source,0.17750650633278842,0.002,1.0,116.92047915476708,180.0,2.6874898810428904,1.0
0,0.4,target,0.15426327128762063,0.002,1.0,180.0,119.70818303182921,1.0,2.7161420698485266
0,0.4,both,0.09388789465852815,0.266,0.0,116.92047915476708,119.70818303182921,2.6874898810428904,2.7161420698485266
0,0.4,crump,0.15076545923771198,0.002,1.0,136.0,124.0,1.0,1.0
1,0.0,unweighted,0.08021399939033684,0.66,0.0,180.0,180.0,1.0,1.0
1,0.0,source,0.08006550802769419,0.684,0.0,179.98280038835347,180.0,1.0211943561912133,1.0
1,0.0,target,0.07960414353189094,0.702,0.0,180.0,179.9816255643057,1.0,1.0317506153297495
1,0.0,both,0.07945487958431947,0.718,0.0,179.98280038835347,179.9816255643057,1.0211943561912133,1.0317506153297495
1,0.0,crump,0.08021399939033684,0.66,0.0,180.0,180.0,1.0,1.0
1,0.1,unweighted,0.12095886297820455,0.002,1.0,180.0,180.0,1.0,1.0
1,0.1,source,0.10325362913630144,0.04,1.0,164.39260823124033,180.0,1.549595081983691,1.0
1,0.1,target,0.09152224775231611,0.256,0.0,180.0,164.68623362081834,1.0,1.7394389464258968
1,0.1,both,0.0740544879533066,0.856,0.0,164.39260823124033,164.68623362081834,1.549595081983691,1.7394389464258968
1,0.1,crump,0.12095886297820455,0.002,1.0,180.0,180.0,1.0,1.0
1,0.2,unweighted,0.1480015174897119,0.002,1.0,180.0,180.0,1.0,1.0
1,0.2,source,0.12054826345373142,0.002,1.0,151.12131768743248,180.0,1.8076445508008196,1.0
1,0.2,target,0.10378592602132374,0.05,0.0,180.0,150.7405207328271,1.0,2.032023890841138
1,0.2,both,0.07545158734523925,0.836,0.0,151.12131768743248,150.7405207328271,1.8076445508008196,2.032023890841138
1,0.2,crump,0.14342662167916925,0.002,1.0,175.0,178.0,1.0,1.0
1,0.3,unweighted,0.18263132049230302,0.002,1.0,180.0,180.0,1.0,1.0
1,0.3,source,0.14531966868160026,0.002,1.0,133.04236195954246,180.0,2.112496695955629,1.0
1,0.3,target,0.12024800526625168,0.002,1.0,180.0,132.93345442210483,1.0,2.414104905557184
1,0.3,both,0.0780936917950735,0.756,0.0,133.04236195954246,132.93345442210483,2.112496695955629,2.414104905557184
1,0.3,crump,0.14110879283230543,0.002,1.0,145.0,155.0,1.0,1.0
1,0.4,unweighted,0.2230010631001372,0.002,1.0,180.0,180.0,1.0,1.0
1,0.4,source,0.17745631549343233,0.002,1.0,113.35366293144247,180.0,2.59132488086078,1.0
1,0.4,target,0.14648474260220357,0.002,1.0,180.0,113.43874031561174,1.0,2.8963336838525153
1,0.4,both,0.08540461224634623,0.524,0.0,113.35366293144247,113.43874031561174,2.59132488086078,2.8963336838525153
1,0.4,crump,0.12841848640896944,0.004,1.0,115.0,116.0,1.0,1.0
2,0.0,unweighted,0.09015554126657523,0.32,0.0,180.0,180.0,1.0,1.0
2,0.0,source,0.09047492707882054,0.324,0.0,179.9993400300988,180.0,1.0041149532151845,1.0
2,0.0,target,0.09001905124567455,0.342,0.0,180.0,179.99932345449716,1.0,1.006204202634336
2,0.0,both,0.09033799475022185,0.334,0.0,179.9993400300988,179.99932345449716,1.0041149532151845,1.006204202634336
2,0.0,crump,0.09015554126657523,0.32,0.0,180.0,180.0,1.0,1.0
2,0.1,unweighted,0.1121940957933242,0.014,1.0,180.0,180.0,1.0,1.0
2,0.1,source,0.09898552379770133,0.118,0.0,171.28751904246758,180.0,1.4124327103222079,1.0
2,0.1,target,0.09213441681676116,0.286,0.0,180.0,171.8393975390627,1.0,1.561784865061374
2,0.1,both,0.0790082935080878,0.734,0.0,171.28751904246758,171.8393975390627,1.4124327103222079,1.561784865061374
2,0.1,crump,0.1121940957933242,0.014,1.0,180.0,180.0,1.0,1.0
2,0.2,unweighted,0.14532565538789818,0.002,1.0,180.0,180.0,1.0,1.0
2,0.2,source,0.12404766590519928,0.002,1.0,156.05456944684494,180.0,1.7366194650775442,1.0
2,0.2,target,0.10130974207209564,0.074,0.0,180.0,154.92736785188873,1.0,1.9478584644567443
2,0.2,both,0.07876335434194863,0.73,0.0,156.05456944684494,154.92736785188873,1.7366194650775442,1.9478584644567443
2,0.2,crump,0.14532565538789818,0.002,1.0,180.0,180.0,1.0,1.0
2,0.3,unweighted,0.1805445177945435,0.002,1.0,180.0,180.0,1.0,1.0
2,0.3,source,0.1354863633382119,0.002,1.0,129.60610492946478,180.0,2.2373849739720404,1.0
2,0.3,target,0.12089515563457362,0.002,1.0,180.0,132.99116068677438,1.0,2.4319237601485804
2,0.3,both,0.06948931412856504,0.928,0.0,129.60610492946478,132.99116068677438,2.2373849739720404,2.4319237601485804
2,0.3,crump,0.13472084372142482,0.002,1.0,158.0,148.0,1.0,1.0
2,0.4,unweighted,0.21990860768175585,0.002,1.0,180.0,180.0,1.0,1.0
2,0.4,source,0.16533988012359174,0.002,1.0,106.28645350394116,180.0,2.825384769823479,1.0
2,0.4,target,0.14062839249251824,0.002,1.0,180.0,110.73715348137043,1.0,2.635697347286264
2,0.4,both,0.06767845159807123,0.944,0.0,106.28645350394116,110.73715348137043,2.825384769823479,2.635697347286264
2,0.4,crump,0.10307079014479874,0.082,0.0,114.0,112.0,1.0,1.0
3,0.0,unweighted,0.0863972155540314,0.446,0.0,180.0,180.0,1.0,1.0
3,0.0,source,0.08359745442171662,0.578,0.0,179.52091265911687,180.0,1.1344800543797173,1.0
3,0.0,target,0.08282596026280456,0.602,0.0,180.0,179.52629703051068,1.0,1.1402027960727559
3,0.0,both,0.08006362828551827,0.706,0.0,179.52091265911687,179.52629703051068,1.1344800543797173,1.1402027960727559
3,0.0,crump,0.0863972155540314,0.446,0.0,180.0,180.0,1.0,1.0
3,0.1,unweighted,0.11304343373723519,0.014,1.0,180.0,180.0,1.0,1.0
3,0.1,source,0.09795793630067026,0.12,0.0,170.12112113706593,180.0,1.5437848291798806,1.0
3,0.1,target,0.08942080098193605,0.34,0.0,180.0,168.36478222315017,1.0,1.573063054104926
3,0.1,both,0.07449981062833738,0.854,0.0,170.12112113706593,168.36478222315017,1.5437848291798806,1.573063054104926
3,0.1,crump,0.11304343373723519,0.014,1.0,180.0,180.0,1.0,1.0
3,0.2,unweighted,0.14686549401768023,0.002,1.0,180.0,180.0,1.0,1.0
3,0.2,source,0.12366102692256156,0.002,1.0,157.4105087516731,180.0,1.8149547749719603,1.0
3,0.2,target,0.10444913825124848,0.06,0.0,180.0,155.0345279483203,1.0,1.8518776530073306
3,0.2,both,0.08038643411741887,0.712,0.0,157.4105087516731,155.0345279483203,1.8149547749719603,1.8518776530073306
3,0.2,crump,0.14686549401768023,0.002,1.0,180.0,180.0,1.0,1.0
3,0.3,unweighted,0.16970384278311235,0.002,1.0,180.0,180.0,1.0,1.0
3,0.3,source,0.13889322413212815,0.002,1.0,144.41299866843963,180.0,2.0727791281412324,1.0
3,0.3,target,0.11171991463098908,0.008,1.0,180.0,141.05508830770543,1.0,2.117470078371431
3,0.3,both,0.07892180131905512,0.736,0.0,144.41299866843963,141.05508830770543,2.0727791281412324,2.117470078371431
3,0.3,crump,0.16054327955054548,0.002,1.0,174.0,173.0,1.0,1.0
3,0.4,unweighted,0.2038077998780674,0.002,1.0,180.0,180.0,1.0,1.0
3,0.4,source,0.1657328650443069,0.002,1.0,125.89542950876402,180.0,2.4530848527955613,1.0
3,0.4,target,0.12986865209480045,0.002,1.0,180.0,123.89584544744409,1.0,2.426421913801598
3,0.4,both,0.0793366618887463,0.696,0.0,125.89542950876402,123.89584544744409,2.4530848527955613,2.426421913801598
3,0.4,crump,0.140568298860229,0.002,1.0,141.0,137.0,1.0,1.0
4,0.0,unweighted,0.0842659474546563,0.5,0.0,180.0,180.0,1.0,1.0
4,0.0,source,0.08169140972244487,0.626,0.0,179.62252613261978,180.0,1.1332654922715348,1.0
4,0.0,target,0.08069081404321746,0.67,0.0,180.0,179.4994130714025,1.0,1.1254595585614107
4,0.0,both,0.07817708437971387,0.752,0.0,179.62252613261978,179.4994130714025,1.1332654922715348,1.1254595585614107
4,0.0,crump,0.0842659474546563,0.5,0.0,180.0,180.0,1.0,1.0
4,0.1,unweighted,0.13089800811614086,0.002,1.0,180.0,180.0,1.0,1.0
4,0.1,source,0.11462823610353655,0.002,1.0,167.78515345011843,180.0,1.6559674769891628,1.0
4,0.1,target,0.10084188171375541,0.074,0.0,180.0,164.382059220045,1.0,1.6513426376323366
4,0.1,both,0.08513932277587284,0.476,0.0,167.78515345011843,164.382059220045,1.6559674769891628,1.6513426376323366
4,0.1,crump,0.13089800811614086,0.002,1.0,180.0,180.0,1.0,1.0
4,0.2,unweighted,0.17224489692882183,0.002,1.0,180.0,180.0,1.0,1.0
4,0.2,source,0.14866231468598418,0.002,1.0,148.39055899775855,180.0,2.0652604820822487,1.0
4,0.2,target,0.11541806535991916,0.008,1.0,180.0,143.677095205057,1.0,2.07711438281877
4,0.2,both,0.08951755147070539,0.366,0.0,148.39055899775855,143.677095205057,2.0652604820822487,2.07711438281877
4,0.2,crump,0.16131488330996746,0.002,1.0,172.0,172.0,1.0,1.0
4,0.3,unweighted,0.19743551764212774,0.002,1.0,180.0,180.0,1.0,1.0
4,0.3,source,0.15830871199759292,0.002,1.0,126.65656605747947,180.0,2.5048025162392693,1.0
4,0.3,target,0.12785119051623756,0.002,1.0,180.0,125.2323211220413,1.0,2.4955091174370905
4,0.3,both,0.0819439907887448,0.634,0.0,126.65656605747947,125.2323211220413,2.5048025162392693,2.4955091174370905
4,0.3,crump,0.14338195089862849,0.002,1.0,137.0,146.0,1.0,1.0
4,0.4,unweighted,0.22569790047248894,0.002,1.0,180.0,180.0,1.0,1.0
4,0.4,source,0.18287685971326498,0.002,1.0,109.47497004144577,180.0,2.939444210129824,1.0
4,0.4,target,0.14400025107727077,0.002,1.0,180.0,110.51559175234907,1.0,2.91255020406688
4,0.4,both,0.08990692476536083,0.406,0.0,109.47497004144577,110.51559175234907,2.939444210129824,2.91255020406688
4,0.4,crump,0.1457805293516704,0.002,1.0,112.0,122.0,1.0,1.0
5,0.0,unweighted,0.08074990474013108,0.64,0.0,180.0,180.0,1.0,1.0
5,0.0,source,0.08048665712384363,0.658,0.0,179.97898290193854,180.0,1.0283580095265459,1.0
5,0.0,target,0.0798952672259188,0.686,0.0,180.0,179.9754716826696,1.0,1.0291781302980387
5,0.0,both,0.07963125148138982,0.7,0.0,179.97898290193854,179.9754716826696,1.0283580095265459,1.0291781302980387
5,0.0,crump,0.08074990474013108,0.64,0.0,180.0,180.0,1.0,1.0
5,0.1,unweighted,0.11791719059594574,0.004,1.0,180.0,180.0,1.0,1.0
5,0.1,source,0.10272466422491539,0.062,0.0,168.46243440874335,180.0,1.4515710479758153,1.0
5,0.1,target,0.09101468374491191,0.272,0.0,180.0,167.22293315609963,1.0,1.5793234385509256
5,0.1,both,0.07591680384679345,0.856,0.0,168.46243440874335,167.22293315609963,1.4515710479758153,1.5793234385509256
5,0.1,crump,0.11791719059594574,0.004,1.0,180.0,180.0,1.0,1.0
5,0.2,unweighted,0.1565315348270081,0.002,1.0,180.0,180.0,1.0,1.0
5,0.2,source,0.13371894622577618,0.002,1.0,154.71172126910466,180.0,1.691300382507329,1.0
5,0.2,target,0.11070384527567366,0.014,1.0,180.0,153.0968471861914,1.0,1.8637790244223407
5,0.2,both,0.0861954386276983,0.474,0.0,154.71172126910466,153.0968471861914,1.691300382507329,1.8637790244223407
5,0.2,crump,0.15609392826552088,0.002,1.0,179.0,180.0,1.0,1.0
5,0.3,unweighted,0.18606206561499772,0.002,1.0,180.0,180.0,1.0,1.0
5,0.3,source,0.15407866405734252,0.002,1.0,133.44719226723814,180.0,2.0272586537842465,1.0
5,0.3,target,0.11834351230885948,0.006,1.0,180.0,132.97087094089787,1.0,2.273788778418886
5,0.3,both,0.07879229057149142,0.708,0.0,133.44719226723814,132.97087094089787,2.0272586537842465,2.273788778418886
5,0.3,crump,0.1588371887089326,0.002,1.0,165.0,158.0,1.0,1.0
5,0.4,unweighted,0.20561862235177564,0.002,1.0,180.0,180.0,1.0,1.0
5,0.4,source,0.16462024011443727,0.002,1.0,115.2776878671323,180.0,2.42925748453997,1.0
5,0.4,target,0.12501969293540077,0.004,1.0,180.0,117.66823121282548,1.0,2.6360235205566696
5,0.4,both,0.07031784763080981,0.908,0.0,115.2776878671323,117.66823121282548,2.42925748453997,2.6360235205566696
5,0.4,crump,0.1250681506604084,0.004,1.0,135.0,127.0,1.0,1.0
6,0.0,unweighted,0.07832777968297515,0.748,0.0,180.0,180.0,1.0,1.0
6,0.0,source,0.07779982955929814,0.784,0.0,179.969476267681,180.0,1.035398129619265,1.0
6,0.0,target,0.0774711582677228,0.798,0.0,180.0,179.96716208551487,1.0,1.0329073933578026
6,0.0,both,0.0769447632091253,0.808,0.0,179.969476267681,179.96716208551487,1.035398129619265,1.0329073933578026
6,0.0,crump,0.07832777968297515,0.748,0.0,180.0,180.0,1.0,1.0
6,0.1,unweighted,0.10586900720164609,0.03,1.0,180.0,180.0,1.0,1.0
6,0.1,source,0.09014970913935606,0.3,0.0,169.03070352300836,180.0,1.515482176579072,1.0
6,0.1,target,0.08857491243740105,0.35,0.0,180.0,172.22745945067845,1.0,1.47725219794642
6,0.1,both,0.07336295367402862,0.872,0.0,169.03070352300836,172.22745945067845,1.515482176579072,1.47725219794642
6,0.1,crump,0.10586900720164609,0.03,1.0,180.0,180.0,1.0,1.0
6,0.2,unweighted,0.1612836295915257,0.002,1.0,180.0,180.0,1.0,1.0
6,0.2,source,0.12868514423783703,0.002,1.0,145.16363265872863,180.0,2.0089008523060126,1.0
6,0.2,target,0.11674811018792572,0.006,1.0,180.0,150.42441098285144,1.0,1.9440856614228474
6,0.2,both,0.08283931196214658,0.608,0.0,145.16363265872863,150.42441098285144,2.0089008523060126,1.9440856614228474
6,0.2,crump,0.15293452348602632,0.002,1.0,177.0,173.0,1.0,1.0
6,0.3,unweighted,0.177292370637098,0.002,1.0,180.0,180.0,1.0,1.0
6,0.3,source,0.1345243028805472,0.002,1.0,134.97138040460285,180.0,2.2221371782889534,1.0
6,0.3,target,0.12257025384218055,0.002,1.0,180.0,138.39295583895404,1.0,2.1553290198049475
6,0.3,both,0.07834692359037317,0.756,0.0,134.97138040460285,138.39295583895404,2.2221371782889534,2.1553290198049475
6,0.3,crump,0.15286240732227302,0.002,1.0,162.0,164.0,1.0,1.0
6,0.4,unweighted,0.20621138450693494,0.002,1.0,180.0,180.0,1.0,1.0
6,0.4,source,0.1667732391597944,0.002,1.0,116.41550830536823,180.0,2.560676664934495,1.0
6,0.4,target,0.12967892970813358,0.002,1.0,180.0,120.20891669829668,1.0,2.5660350956626674
6,0.4,both,0.0753937116782892,0.836,0.0,116.41550830536823,120.20891669829668,2.560676664934495,2.5660350956626674
6,0.4,crump,0.12940039628105476,0.002,1.0,135.0,130.0,1.0,1.0
7,0.0,unweighted,0.09625147081237617,0.136,0.0,180.0,180.0,1.0,1.0
7,0.0,source,0.09041495840904032,0.296,0.0,178.45855936820843,180.0,1.2151103535078265,1.0
7,0.0,target,0.09014915624781109,0.312,0.0,180.0,178.72578345233615,1.0,1.2255404073728828
7,0.0,both,0.08445333210197051,0.548,0.0,178.45855936820843,178.72578345233615,1.2151103535078265,1.2255404073728828
7,0.0,crump,0.09625147081237617,0.136,0.0,180.0,180.0,1.0,1.0
7,0.1,unweighted,0.12976888050602042,0.002,1.0,180.0,180.0,1.0,1.0
7,0.1,source,0.10986773102792334,0.01,1.0,163.87069374519987,180.0,1.6281580208740878,1.0
7,0.1,target,0.10081770118582652,0.074,0.0,180.0,165.45675994292918,1.0,1.4746613775793713
7,0.1,both,0.08066792677998261,0.646,0.0,163.87069374519987,165.45675994292918,1.6281580208740878,1.4746613775793713
7,0.1,crump,0.12976888050602042,0.002,1.0,180.0,180.0,1.0,1.0
7,0.2,unweighted,0.16061130163084897,0.002,1.0,180.0,180.0,1.0,1.0
7,0.2,source,0.13191661878888392,0.002,1.0,148.62972602776455,180.0,1.9235672611148453,1.0
7,0.2,target,0.11764541369641351,0.006,1.0,180.0,151.51897411590957,1.0,1.7465571458760005
7,0.2,both,0.08681818335454292,0.432,0.0,148.62972602776455,151.51897411590957,1.9235672611148453,1.7465571458760005
7,0.2,crump,0.15425345984627617,0.002,1.0,175.0,176.0,1.0,1.0
7,0.3,unweighted,0.17848324188385917,0.002,1.0,180.0,180.0,1.0,1.0
7,0.3,source,0.13276827567116534,0.002,1.0,130.525241351306,180.0,2.2340691922921825,1.0
7,0.3,target,0.12674448333079424,0.004,1.0,180.0,139.27424498078895,1.0,1.9843487551306525
7,0.3,both,0.07595937901634851,0.79,0.0,130.525241351306,139.27424498078895,2.2340691922921825,1.9843487551306525
7,0.3,crump,0.1371439101212636,0.002,1.0,147.0,158.0,1.0,1.0
7,0.4,unweighted,0.2087857481710105,0.002,1.0,180.0,180.0,1.0,1.0
7,0.4,source,0.16270482523580956,0.002,1.0,115.85146353640975,180.0,2.5698311908821476,1.0
7,0.4,target,0.1405051961826223,0.002,1.0,180.0,124.06056669592881,1.0,2.2747803657216985
7,0.4,both,0.08411352473388312,0.506,0.0,115.85146353640975,124.06056669592881,2.5698311908821476,2.2747803657216985
7,0.4,crump,0.13444943535596804,0.002,1.0,128.0,133.0,1.0,1.0
8,0.0,unweighted,0.08772612120865722,0.4,0.0,180.0,180.0,1.0,1.0
8,0.0,source,0.09073937323864559,0.314,0.0,179.62259374261382,180.0,1.1153818552734998,1.0
8,0.0,target,0.09165562609579288,0.278,0.0,180.0,179.48779437714035,1.0,1.120641784903062
8,0.0,both,0.09474670154405498,0.188,0.0,179.62259374261382,179.48779437714035,1.1153818552734998,1.120641784903062
8,0.0,crump,0.08772612120865722,0.4,0.0,180.0,180.0,1.0,1.0
8,0.1,unweighted,0.10787514098460599,0.016,1.0,180.0,180.0,1.0,1.0
8,0.1,source,0.10103522675687858,0.054,0.0,176.67974423093355,180.0,1.2721863474874733,1.0
8,0.1,target,0.09348436522512221,0.222,0.0,180.0,176.02170248719517,1.0,1.3210383301232758
8,0.1,both,0.08683885763853788,0.448,0.0,176.67974423093355,176.02170248719517,1.2721863474874733,1.3210383301232758
8,0.1,crump,0.10787514098460599,0.016,1.0,180.0,180.0,1.0,1.0
8,0.2,unweighted,0.1333312519051974,0.002,1.0,180.0,180.0,1.0,1.0
8,0.2,source,0.11849770817788366,0.002,1.0,167.98567956898907,180.0,1.5055163060379868,1.0
8,0.2,target,0.10144671313311755,0.06,0.0,180.0,166.05609431549829,1.0,1.590287763339563
8,0.2,both,0.08678088665246775,0.404,0.0,167.98567956898907,166.05609431549829,1.5055163060379868,1.590287763339563
8,0.2,crump,0.1333312519051974,0.002,1.0,180.0,180.0,1.0,1.0
8,0.3,unweighted,0.17771045667581162,0.002,1.0,180.0,180.0,1.0,1.0
8,0.3,source,0.15179946516169207,0.002,1.0,148.91979762828961,180.0,1.884925593021969,1.0
8,0.3,target,0.1182522466212632,0.004,1.0,180.0,142.72880022561756,1.0,2.0549385953756576
8,0.3,both,0.0898023826036641,0.328,0.0,148.91979762828961,142.72880022561756,1.884925593021969,2.0549385953756576
8,0.3,crump,0.1756125481484193,0.002,1.0,177.0,179.0,1.0,1.0
8,0.4,unweighted,0.1994400205761317,0.002,1.0,180.0,180.0,1.0,1.0
8,0.4,source,0.16443626719117974,0.002,1.0,132.37867903495936,180.0,2.219304752639545,1.0
8,0.4,target,0.12617160588702092,0.002,1.0,180.0,127.59870085010651,1.0,2.3841086257143496
8,0.4,both,0.08633066365732066,0.444,0.0,132.37867903495936,127.59870085010651,2.219304752639545,2.3841086257143496
8,0.4,crump,0.1780141078642313,0.002,1.0,158.0,165.0,1.0,1.0
9,0.0,unweighted,0.0820038808870599,0.604,0.0,180.0,180.0,1.0,1.0
9,0.0,source,0.07932461169656925,0.73,0.0,179.6100236763702,180.0,1.1219196791371233,1.0
9,0.0,target,0.07921157603142112,0.736,0.0,180.0,179.66302680254506,1.0,1.1263880114948135
9,0.0,both,0.07658107381029407,0.832,0.0,179.6100236763702,179.66302680254506,1.1219196791371233,1.1263880114948135
9,0.0,crump,0.0820038808870599,0.604,0.0,180.0,180.0,1.0,1.0
9,0.1,unweighted,0.10882980204999237,0.02,1.0,180.0,180.0,1.0,1.0
9,0.1,source,0.09167042246023643,0.244,0.0,169.28723757782214,180.0,1.4997943599908645,1.0
9,0.1,target,0.09126849864810344,0.258,0.0,180.0,171.17264819797956,1.0,1.5757922144357734
9,0.1,both,0.07477699017247437,0.866,0.0,169.28723757782214,171.17264819797956,1.4997943599908645,1.5757922144357734
9,0.1,crump,0.10882980204999237,0.02,1.0,180.0,180.0,1.0,1.0
9,0.2,unweighted,0.14173107186404513,0.002,1.0,180.0,180.0,1.0,1.0
9,0.2,source,0.1130618469359924,0.004,1.0,154.17644679601818,180.0,1.8078090620141136,1.0
9,0.2,target,0.10070710040475359,0.078,0.0,180.0,153.6936397522871,1.0,1.935224925082637
9,0.2,both,0.07207223670226337,0.908,0.0,154.17644679601818,153.6936397522871,1.8078090620141136,1.935224925082637
9,0.2,crump,0.13910761632026483,0.002,1.0,179.0,178.0,1.0,1.0
9,0.3,unweighted,0.17614305174516082,0.002,1.0,180.0,180.0,1.0,1.0
9,0.3,source,0.1424141015415818,0.002,1.0,138.4741689554112,180.0,2.1034492461766243,1.0
9,0.3,target,0.11653403412755092,0.002,1.0,180.0,138.04023332455654,1.0,2.2449769173822327
9,0.3,both,0.07881730346898985,0.73,0.0,138.4741689554112,138.04023332455654,2.1034492461766243,2.2449769173822327
9,0.3,crump,0.14974657564509966,0.002,1.0,162.0,162.0,1.0,1.0
9,0.4,unweighted,0.2128885678631306,0.002,1.0,180.0,180.0,1.0,1.0
9,0.4,source,0.171792614028405,0.002,1.0,123.62147823483156,180.0,2.403423803558955,1.0
9,0.4,target,0.1417209352983244,0.002,1.0,180.0,123.56106027975542,1.0,2.5685851672396387
9,0.4,both,0.08775427146124012,0.46,0.0,123.62147823483156,123.56106027975542,2.403423803558955,2.5685851672396387
9,0.4,crump,0.1460691764644883,0.002,1.0,132.0,139.0,1.0,1.0
10,0.0,unweighted,0.08410040390184423,0.49,0.0,180.0,180.0,1.0,1.0
10,0.0,source,0.08393935284068962,0.512,0.0,179.9839251492159,180.0,1.0341661449616912,1.0
10,0.0,target,0.08351057029269426,0.53,0.0,180.0,179.9845606805019,1.0,1.0252882252176083
10,0.0,both,0.0833492090158134,0.546,0.0,179.9839251492159,179.9845606805019,1.0341661449616912,1.0252882252176083
10,0.0,crump,0.08410040390184423,0.49,0.0,180.0,180.0,1.0,1.0
10,0.1,unweighted,0.11310522976680384,0.01,1.0,180.0,180.0,1.0,1.0
10,0.1,source,0.09876303951272938,0.084,0.0,169.91250161898157,180.0,1.646062704092954,1.0
10,0.1,target,0.09224163557679332,0.234,0.0,180.0,170.67912190249396,1.0,1.519377804351504
10,0.1,both,0.07809850854874117,0.762,0.0,169.91250161898157,170.67912190249396,1.646062704092954,1.519377804351504
10,0.1,crump,0.11310522976680384,0.01,1.0,180.0,180.0,1.0,1.0
10,0.2,unweighted,0.1719009040161561,0.002,1.0,180.0,180.0,1.0,1.0
10,0.2,source,0.14491211814446614,0.002,1.0,150.57296377812835,180.0,2.099556099862567,1.0
10,0.2,target,0.12505692183890554,0.004,1.0,180.0,149.9321960591824,1.0,1.95138768205626
10,0.2,both,0.09556057094377243,0.192,0.0,150.57296377812835,149.9321960591824,2.099556099862567,1.95138768205626
10,0.2,crump,0.1672645297007902,0.002,1.0,178.0,176.0,1.0,1.0
10,0.3,unweighted,0.19240883440024387,0.002,1.0,180.0,180.0,1.0,1.0
10,0.3,source,0.15766905975467976,0.002,1.0,136.42952019267915,180.0,2.3963866292810727,1.0
10,0.3,target,0.13461397009697998,0.002,1.0,180.0,135.96389862267915,1.0,2.2549821141387736
10,0.3,both,0.09662527684920308,0.158,0.0,136.42952019267915,135.96389862267915,2.3963866292810727,2.2549821141387736
10,0.3,crump,0.1727782309915718,0.002,1.0,157.0,165.0,1.0,1.0
10,0.4,unweighted,0.20681447283188537,0.002,1.0,180.0,180.0,1.0,1.0
10,0.4,source,0.16351504352273388,0.002,1.0,122.45113171085728,180.0,2.7115688387355097,1.0
10,0.4,target,0.13779652895981054,0.002,1.0,180.0,123.48451286795,1.0,2.5779577059161998
10,0.4,both,0.08542705086763067,0.488,0.0,122.45113171085728,123.48451286795,2.7115688387355097,2.5779577059161998
10,0.4,crump,0.15052772518963353,0.002,1.0,132.0,143.0,1.0,1.0
11,0.0,unweighted,0.07260913827922572,0.886,0.0,180.0,180.0,1.0,1.0
11,0.0,source,0.07369797982274139,0.856,0.0,179.98103800348738,180.0,1.0311519211111126,1.0
11,0.0,target,0.07322096438070533,0.876,0.0,180.0,179.98139568397113,1.0,1.035301221537394
11,0.0,both,0.07431551263691664,0.846,0.0,179.98103800348738,179.98139568397113,1.0311519211111126,1.035301221537394
11,0.0,crump,0.07260913827922572,0.886,0.0,180.0,180.0,1.0,1.0
11,0.1,unweighted,0.09539873113854594,0.144,0.0,180.0,180.0,1.0,1.0
11,0.1,source,0.08483093741179096,0.466,0.0,174.63343364148486,180.0,1.4475583668176377,1.0
11,0.1,target,0.08225591256130378,0.572,0.0,180.0,175.10841410107142,1.0,1.379697247528957
11,0.1,both,0.0720378410371794,0.902,0.0,174.63343364148486,175.10841410107142,1.4475583668176377,1.379697247528957
11,0.1,crump,0.09539873113854594,0.144,0.0,180.0,180.0,1.0,1.0
11,0.2,unweighted,0.13753177869227254,0.002,1.0,180.0,180.0,1.0,1.0
11,0.2,source,0.11186886023349008,0.006,1.0,158.50621181392574,180.0,1.8621795282367464,1.0
11,0.2,target,0.09865024820393316,0.098,0.0,180.0,157.12824497283964,1.0,1.7915662406886557
11,0.2,both,0.07361632593948708,0.85,0.0,158.50621181392574,157.12824497283964,1.8621795282367464,1.7915662406886557
11,0.2,crump,0.13753177869227254,0.002,1.0,180.0,180.0,1.0,1.0
11,0.3,unweighted,0.17106543114616674,0.002,1.0,180.0,180.0,1.0,1.0
11,0.3,source,0.1373034046664508,0.002,1.0,141.761863604849,180.0,2.2084989294002644,1.0
11,0.3,target,0.11237279866435473,0.006,1.0,180.0,139.29118035163475,1.0,2.139899711514905
11,0.3,both,0.07766299076175995,0.732,0.0,141.761863604849,139.29118035163475,2.2084989294002644,2.139899711514905
11,0.3,crump,0.16519928332891598,0.002,1.0,175.0,176.0,1.0,1.0
11,0.4,unweighted,0.2004055317405883,0.002,1.0,180.0,180.0,1.0,1.0
11,0.4,source,0.15619475955850662,0.002,1.0,126.57673378592649,180.0,2.5555899987113535,1.0
11,0.4,target,0.12973237291024461,0.002,1.0,180.0,123.44077568347318,1.0,2.504515354710242
11,0.4,both,0.07836681289904429,0.712,0.0,126.57673378592649,123.44077568347318,2.5555899987113535,2.504515354710242
11,0.4,crump,0.15306701163834796,0.002,1.0,148.0,145.0,1.0,1.0
12,0.0,unweighted,0.08188680746075293,0.558,0.0,180.0,180.0,1.0,1.0
12,0.0,source,0.08362487134020638,0.51,0.0,179.93062235039463,180.0,1.0565589035396172,1.0
12,0.0,target,0.08324077194737983,0.522,0.0,180.0,179.9323300502533,1.0,1.0461671814538074
12,0.0,both,0.08499612092749934,0.454,0.0,179.93062235039463,179.9323300502533,1.0565589035396172,1.0461671814538074
12,0.0,crump,0.08188680746075293,0.558,0.0,180.0,180.0,1.0,1.0
12,0.1,unweighted,0.10443410970126504,0.034,1.0,180.0,180.0,1.0,1.0
12,0.1,source,0.09161545182133136,0.264,0.0,172.40153017559166,180.0,1.4296563730335718,1.0
12,0.1,target,0.0876272340140546,0.38,0.0,180.0,173.4445286559164,1.0,1.4378848773482689
12,0.1,both,0.07515939825781344,0.814,0.0,172.40153017559166,173.4445286559164,1.4296563730335718,1.4378848773482689
12,0.1,crump,0.10443410970126504,0.034,1.0,180.0,180.0,1.0,1.0
12,0.2,unweighted,0.14940401044048165,0.002,1.0,180.0,180.0,1.0,1.0
12,0.2,source,0.12078864484858234,0.002,1.0,151.68595079761712,180.0,1.8763793398096447,1.0
12,0.2,target,0.1075554930398745,0.024,1.0,180.0,154.75651029451583,1.0,1.8822613224785278
12,0.2,both,0.07842802603234292,0.734,0.0,151.68595079761712,154.75651029451583,1.8763793398096447,1.8822613224785278
12,0.2,crump,0.14586460940684542,0.002,1.0,179.0,177.0,1.0,1.0
12,0.3,unweighted,0.18236206466239901,0.002,1.0,180.0,180.0,1.0,1.0
12,0.3,source,0.14747081586151337,0.002,1.0,134.0555131497453,180.0,2.1472568114943744,1.0
12,0.3,target,0.11935027572708998,0.004,1.0,180.0,135.76596838007356,1.0,2.247459152366934
12,0.3,both,0.07862691226761657,0.7,0.0,134.0555131497453,135.76596838007356,2.1472568114943744,2.247459152366934
12,0.3,crump,0.14275397470985676,0.002,1.0,161.0,151.0,1.0,1.0
12,0.4,unweighted,0.22086819654016157,0.002,1.0,180.0,180.0,1.0,1.0
12,0.4,source,0.16929002554985598,0.002,1.0,112.7849147792797,180.0,2.694161367671368,1.0
12,0.4,target,0.14517057375902506,0.002,1.0,180.0,114.47418724246982,1.0,2.7695062566404736
12,0.4,both,0.07591096813181836,0.8,0.0,112.7849147792797,114.47418724246982,2.694161367671368,2.7695062566404736
12,0.4,crump,0.12872028106260935,0.002,1.0,127.0,124.0,1.0,1.0
13,0.0,unweighted,0.08891310775796374,0.314,0.0,180.0,180.0,1.0,1.0
13,0.0,source,0.09172081563491982,0.246,0.0,179.8246909008876,180.0,1.0772634911818828,1.0
13,0.0,target,0.0911614919625505,0.268,0.0,180.0,179.79875163769154,1.0,1.0846001977181108
13,0.0,both,0.0940137770134876,0.176,0.0,179.8246909008876,179.79875163769154,1.0772634911818828,1.0846001977181108
13,0.0,crump,0.08891310775796374,0.314,0.0,180.0,180.0,1.0,1.0
13,0.1,unweighted,0.12894473403444595,0.002,1.0,180.0,180.0,1.0,1.0
13,0.1,source,0.11251467492180124,0.004,1.0,169.63417113797436,180.0,1.5632378424226798,1.0
13,0.1,target,0.10699973103097694,0.018,1.0,180.0,170.30181022845193,1.0,1.6409175715363828
13,0.1,both,0.09106154965670077,0.296,0.0,169.63417113797436,170.30181022845193,1.5632378424226798,1.6409175715363828
13,0.1,crump,0.12894473403444595,0.002,1.0,180.0,180.0,1.0,1.0
13,0.2,unweighted,0.1725019623532998,0.002,1.0,180.0,180.0,1.0,1.0
13,0.2,source,0.14345494199602257,0.002,1.0,149.60896139417721,180.0,1.9871236479329195,1.0
13,0.2,target,0.12619104055537994,0.002,1.0,180.0,150.17870572204896,1.0,2.098130727746903
13,0.2,both,0.09570473631666898,0.18,0.0,149.60896139417721,150.17870572204896,1.9871236479329195,2.098130727746903
13,0.2,crump,0.17069920782593495,0.002,1.0,176.0,180.0,1.0,1.0
13,0.3,unweighted,0.1939569301554641,0.002,1.0,180.0,180.0,1.0,1.0
13,0.3,source,0.1545974824350445,0.002,1.0,132.843851803206,180.0,2.2394536688906785,1.0
13,0.3,target,0.13127760396230673,0.002,1.0,180.0,132.32830795508676,1.0,2.4473085676020814
13,0.3,both,0.08623132607007572,0.448,0.0,132.843851803206,132.32830795508676,2.2394536688906785,2.4473085676020814
13,0.3,crump,0.17349541716668024,0.002,1.0,161.0,164.0,1.0,1.0
13,0.4,unweighted,0.20685445720926687,0.002,1.0,180.0,180.0,1.0,1.0
13,0.4,source,0.15566337972409158,0.002,1.0,117.53616368437908,180.0,2.596506808725928,1.0
13,0.4,target,0.13101040922209378,0.002,1.0,180.0,115.47197573379324,1.0,2.8337702173056663
13,0.4,both,0.0733241509638751,0.832,0.0,117.53616368437908,115.47197573379324,2.596506808725928,2.8337702173056663
13,0.4,crump,0.14814735934939158,0.002,1.0,135.0,135.0,1.0,1.0
14,0.0,unweighted,0.08319145995275111,0.55,0.0,180.0,180.0,1.0,1.0
14,0.0,source,0.08172093413298312,0.644,0.0,179.8307450861499,180.0,1.0781940553724778,1.0
14,0.0,target,0.08124179641888538,0.66,0.0,180.0,179.84753590018897,1.0,1.0918271171296194
14,0.0,both,0.0797840522004083,0.712,0.0,179.8307450861499,179.84753590018897,1.0781940553724778,1.0918271171296194
14,0.0,crump,0.08319145995275111,0.55,0.0,180.0,180.0,1.0,1.0
14,0.1,unweighted,0.11625430860387136,0.004,1.0,180.0,180.0,1.0,1.0
14,0.1,source,0.10307605742316178,0.042,1.0,171.31077317121256,180.0,1.5143724958167668,1.0
14,0.1,target,0.09172675023862323,0.248,0.0,180.0,169.45336792536034,1.0,1.602573735001302
14,0.1,both,0.07840904453316314,0.752,0.0,171.31077317121256,169.45336792536034,1.5143724958167668,1.602573735001302
14,0.1,crump,0.11625430860387136,0.004,1.0,180.0,180.0,1.0,1.0
14,0.2,unweighted,0.15740182994208202,0.002,1.0,180.0,180.0,1.0,1.0
14,0.2,source,0.13075840366682193,0.002,1.0,152.7522901124482,180.0,1.7976544838159538,1.0
14,0.2,target,0.1103114359399308,0.01,1.0,180.0,150.94452812631573,1.0,1.8375440179364948
14,0.2,both,0.08095083993474186,0.642,0.0,152.7522901124482,150.94452812631573,1.7976544838159538,1.8375440179364948
14,0.2,crump,0.15539170847397543,0.002,1.0,180.0,178.0,1.0,1.0
14,0.3,unweighted,0.18209894356805365,0.002,1.0,180.0,180.0,1.0,1.0
14,0.3,source,0.14388394054079334,0.002,1.0,135.8322417321094,180.0,2.1118166697182117,1.0
14,0.3,target,0.1211546020490288,0.004,1.0,180.0,135.73842055028706,1.0,2.155462819920047
14,0.3,both,0.07710416097225856,0.748,0.0,135.8322417321094,135.73842055028706,2.1118166697182117,2.155462819920047
14,0.3,crump,0.1554071108221306,0.002,1.0,165.0,161.0,1.0,1.0
14,0.4,unweighted,0.21282387117055332,0.002,1.0,180.0,180.0,1.0,1.0
14,0.4,source,0.1732553942426578,0.002,1.0,116.9971700478332,180.0,2.531981230676361,1.0
14,0.4,target,0.13208895195417794,0.002,1.0,180.0,117.16056026632624,1.0,2.58039670215552
14,0.4,both,0.0776369789760732,0.746,0.0,116.9971700478332,117.16056026632624,2.531981230676361,2.58039670215552
14,0.4,crump,0.13664612675141083,0.002,1.0,127.0,131.0,1.0,1.0
15,0.0,unweighted,0.07658700179088554,0.804,0.0,180.0,180.0,1.0,1.0
15,0.0,source,0.07901942914346366,0.734,0.0,179.82271526965138,180.0,1.079613267059463,1.0
15,0.0,target,0.07844055260323389,0.76,0.0,180.0,179.82390949493902,1.0,1.0622469448097527
15,0.0,both,0.08091207496364275,0.66,0.0,179.82271526965138,179.82390949493902,1.079613267059463,1.0622469448097527
15,0.0,crump,0.07658700179088554,0.804,0.0,180.0,180.0,1.0,1.0
15,0.1,unweighted,0.12009254115226337,0.002,1.0,180.0,180.0,1.0,1.0
15,0.1,source,0.10378614205453204,0.044,1.0,168.49669277725636,180.0,1.5486464604363985,1.0
15,0.1,target,0.09622732796136008,0.128,0.0,180.0,168.79074593800374,1.0,1.5900016709298894
15,0.1,both,0.08022990536039458,0.67,0.0,168.49669277725636,168.79074593800374,1.5486464604363985,1.5900016709298894
15,0.1,crump,0.12009254115226337,0.002,1.0,180.0,180.0,1.0,1.0
15,0.2,unweighted,0.1463882354061881,0.002,1.0,180.0,180.0,1.0,1.0
15,0.2,source,0.11818110880555444,0.004,1.0,151.2946100967542,180.0,1.908342273559019,1.0
15,0.2,target,0.10029737849433026,0.084,0.0,180.0,151.62019881286122,1.0,1.9543662101731634
15,0.2,both,0.07201654428651916,0.886,0.0,151.2946100967542,151.62019881286122,1.908342273559019,1.9543662101731634
15,0.2,crump,0.14587833043134463,0.002,1.0,179.0,180.0,1.0,1.0
15,0.3,unweighted,0.1857073807346441,0.002,1.0,180.0,180.0,1.0,1.0
15,0.3,source,0.15199031326830828,0.002,1.0,132.15169483239262,180.0,2.279208104750822,1.0
15,0.3,target,0.1181421803511652,0.002,1.0,180.0,131.9005408803458,1.0,2.2967627626551823
15,0.3,both,0.0776508020428088,0.74,0.0,132.15169483239262,131.9005408803458,2.279208104750822,2.2967627626551823
15,0.3,crump,0.15235629607392875,0.002,1.0,159.0,156.0,1.0,1.0
15,0.4,unweighted,0.22147489997713762,0.002,1.0,180.0,180.0,1.0,1.0
15,0.4,source,0.18059226586244956,0.002,1.0,117.85550400315108,180.0,2.5967888483065527,1.0
15,0.4,target,0.14719290309504143,0.002,1.0,180.0,116.55094457973001,1.0,2.6796883686618136
15,0.4,both,0.09267437207505706,0.298,0.0,117.85550400315108,116.55094457973001,2.5967888483065527,2.6796883686618136
15,0.4,crump,0.14314011001586913,0.002,1.0,128.0,125.0,1.0,1.0
16,0.0,unweighted,0.06570875628715135,0.972,0.0,180.0,180.0,1.0,1.0
16,0.0,source,0.06828079848955197,0.946,0.0,179.74497490699756,180.0,1.0865386574774256,1.0
16,0.0,target,0.06779745647445459,0.946,0.0,180.0,179.76358225556154,1.0,1.115837842776371
16,0.0,both,0.07041982141184935,0.91,0.0,179.74497490699756,179.76358225556154,1.0865386574774256,1.115837842776371
16,0.0,crump,0.06570875628715135,0.972,0.0,180.0,180.0,1.0,1.0
16,0.1,unweighted,0.09328071559213534,0.22,0.0,180.0,180.0,1.0,1.0
16,0.1,source,0.08173475069123917,0.644,0.0,173.95123017638417,180.0,1.4106747381286613,1.0
16,0.1,target,0.08045207499402424,0.706,0.0,180.0,175.16663309607907,1.0,1.4894060701917209
16,0.1,both,0.06929263651968501,0.942,0.0,173.95123017638417,175.16663309607907,1.4106747381286613,1.4894060701917209
16,0.1,crump,0.09328071559213534,0.22,0.0,180.0,180.0,1.0,1.0
16,0.2,unweighted,0.1394575055250724,0.002,1.0,180.0,180.0,1.0,1.0
16,0.2,source,0.11388154982053177,0.01,1.0,152.95617467273436,180.0,1.9143078456009242,1.0
16,0.2,target,0.09718066223703489,0.142,0.0,180.0,154.66939823838936,1.0,2.020097967848714
16,0.2,both,0.07028566261752772,0.916,0.0,152.95617467273436,154.66939823838936,1.9143078456009242,2.020097967848714
16,0.2,crump,0.13838917434918882,0.002,1.0,180.0,179.0,1.0,1.0
16,0.3,unweighted,0.18072844745465633,0.002,1.0,180.0,180.0,1.0,1.0
16,0.3,source,0.14208478670537658,0.002,1.0,131.72831313618687,180.0,2.3680369238958785,1.0
16,0.3,target,0.11897570678775307,0.002,1.0,180.0,134.3503644720766,1.0,2.455271279852569
16,0.3,both,0.07458630529746432,0.834,0.0,131.72831313618687,134.3503644720766,2.3680369238958785,2.455271279852569
16,0.3,crump,0.1400075476031422,0.002,1.0,164.0,146.0,1.0,1.0
16,0.4,unweighted,0.20813832685566225,0.002,1.0,180.0,180.0,1.0,1.0
16,0.4,source,0.15863625774547804,0.002,1.0,116.21552291872838,180.0,2.6204467190420417,1.0
16,0.4,target,0.13286006696516506,0.002,1.0,180.0,118.81248919374647,1.0,2.8280106359987784
16,0.4,both,0.06903789249892517,0.908,0.0,116.21552291872838,118.81248919374647,2.6204467190420417,2.8280106359987784
16,0.4,crump,0.11685080989663399,0.006,1.0,138.0,120.0,1.0,1.0
17,0.0,unweighted,0.09495299592287759,0.19,0.0,180.0,180.0,1.0,1.0
17,0.0,source,0.09164688471988813,0.27,0.0,179.38176517913638,180.0,1.1611097908360444,1.0
17,0.0,target,0.0908986675816597,0.308,0.0,180.0,179.4437245361568,1.0,1.1692564224125197
17,0.0,both,0.08765390661423703,0.44,0.0,179.38176517913638,179.4437245361568,1.1611097908360444,1.1692564224125197
17,0.0,crump,0.09495299592287759,0.19,0.0,180.0,180.0,1.0,1.0
17,0.1,unweighted,0.12735744455875628,0.002,1.0,180.0,180.0,1.0,1.0
17,0.1,source,0.11186480121363078,0.006,1.0,168.79095001306888,180.0,1.619984582986365,1.0
17,0.1,target,0.10118745677554145,0.076,0.0,180.0,167.08317139514227,1.0,1.6711388337275805
17,0.1,both,0.08567855339961974,0.498,0.0,168.79095001306888,167.08317139514227,1.619984582986365,1.6711388337275805
17,0.1,crump,0.12735744455875628,0.002,1.0,180.0,180.0,1.0,1.0
17,0.2,unweighted,0.15678000019051974,0.002,1.0,180.0,180.0,1.0,1.0
17,0.2,source,0.12976786671174192,0.002,1.0,153.99177655245123,180.0,1.9344246820596431,1.0
17,0.2,target,0.10937103756671776,0.018,1.0,180.0,149.95172969505828,1.0,2.001660637591795
17,0.2,both,0.08016441513312755,0.72,0.0,153.99177655245123,149.95172969505828,1.9344246820596431,2.001660637591795
17,0.2,crump,0.1531958605838625,0.002,1.0,177.0,178.0,1.0,1.0
17,0.3,unweighted,0.1989765117741198,0.002,1.0,180.0,180.0,1.0,1.0
17,0.3,source,0.15555135049087102,0.002,1.0,130.29007048654944,180.0,2.4279274755188185,1.0
17,0.3,target,0.1307006924229094,0.004,1.0,180.0,126.1197826820936,1.0,2.5183177415520785
17,0.3,both,0.08240411471226806,0.638,0.0,130.29007048654944,126.1197826820936,2.4279274755188185,2.5183177415520785
17,0.3,crump,0.15281163332783315,0.002,1.0,149.0,145.0,1.0,1.0
17,0.4,unweighted,0.23354314414723365,0.002,1.0,180.0,180.0,1.0,1.0
17,0.4,source,0.18538928109307248,0.002,1.0,112.13433164797277,180.0,2.888561635897734,1.0
17,0.4,target,0.1505536463212588,0.002,1.0,180.0,107.77763882852514,1.0,2.9825944020253803
17,0.4,both,0.08484496078117486,0.526,0.0,112.13433164797277,107.77763882852514,2.888561635897734,2.9825944020253803
17,0.4,crump,0.1488627073336265,0.002,1.0,121.0,120.0,1.0,1.0
18,0.0,unweighted,0.09176325636335925,0.236,0.0,180.0,180.0,1.0,1.0
18,0.0,source,0.0962815738684328,0.12,0.0,179.37223339769903,180.0,1.141365571829956,1.0
18,0.0,target,0.09594162526050956,0.134,0.0,180.0,179.41267725627887,1.0,1.1502498807377333
18,0.0,both,0.10057397858386882,0.072,0.0,179.37223339769903,179.41267725627887,1.141365571829956,1.1502498807377333
18,0.0,crump,0.09176325636335925,0.236,0.0,180.0,180.0,1.0,1.0
18,0.1,unweighted,0.11723578246456334,0.006,1.0,180.0,180.0,1.0,1.0
18,0.1,source,0.10571801447920899,0.036,1.0,172.9171362209363,180.0,1.545451994969869,1.0
18,0.1,target,0.09794904037604826,0.124,0.0,180.0,173.0689356979237,1.0,1.418213927893234
18,0.1,both,0.08640092084265791,0.426,0.0,172.9171362209363,173.0689356979237,1.545451994969869,1.418213927893234
18,0.1,crump,0.11723578246456334,0.006,1.0,180.0,180.0,1.0,1.0
18,0.2,unweighted,0.14055037151348881,0.002,1.0,180.0,180.0,1.0,1.0
18,0.2,source,0.11527892469452014,0.004,1.0,155.45698253257376,180.0,1.955799682307551,1.0
18,0.2,target,0.10182675219490406,0.064,0.0,180.0,157.65411842292644,1.0,1.774300609823534
18,0.2,both,0.07644185197370244,0.82,0.0,155.45698253257376,157.65411842292644,1.955799682307551,1.774300609823534
18,0.2,crump,0.13945392402541174,0.002,1.0,180.0,179.0,1.0,1.0
18,0.3,unweighted,0.16711576741350403,0.002,1.0,180.0,180.0,1.0,1.0
18,0.3,source,0.13143503668029877,0.002,1.0,140.94375508420393,180.0,2.229917198309385,1.0
18,0.3,target,0.11488400993242963,0.006,1.0,180.0,144.93419914082057,1.0,2.0320515233458076
18,0.3,both,0.07660864855134172,0.78,0.0,140.94375508420393,144.93419914082057,2.229917198309385,2.0320515233458076
18,0.3,crump,0.15938222615938344,0.002,1.0,176.0,174.0,1.0,1.0
18,0.4,unweighted,0.19101538542142965,0.002,1.0,180.0,180.0,1.0,1.0
18,0.4,source,0.14069889950718076,0.002,1.0,124.67070405544179,180.0,2.551737794557431,1.0
18,0.4,target,0.1282111198950137,0.002,1.0,180.0,131.19254914971427,1.0,2.32915577754991
18,0.4,both,0.06945935226169891,0.926,0.0,124.67070405544179,131.19254914971427,2.551737794557431,2.32915577754991
18,0.4,crump,0.15083833533247626,0.002,1.0,152.0,154.0,1.0,1.0
19,0.0,unweighted,0.09403570530406952,0.17,0.0,180.0,180.0,1.0,1.0
19,0.0,source,0.08959678754489395,0.298,0.0,179.24648468201505,180.0,1.1553981044202817,1.0
19,0.0,target,0.08941154767433504,0.292,0.0,180.0,179.17716197304375,1.0,1.2019252165603418
19,0.0,both,0.08508826769459055,0.464,0.0,179.24648468201505,179.17716197304375,1.1553981044202817,1.2019252165603418
19,0.0,crump,0.09403570530406952,0.17,0.0,180.0,180.0,1.0,1.0
19,0.1,unweighted,0.13512924859015396,0.002,1.0,180.0,180.0,1.0,1.0
19,0.1,source,0.11442992248267786,0.004,1.0,166.77621075955832,180.0,1.5899954062568644,1.0
19,0.1,target,0.10801242712779174,0.02,1.0,180.0,164.49638138940043,1.0,1.6273633507992857
19,0.1,both,0.0878488441813959,0.394,0.0,166.77621075955832,164.49638138940043,1.5899954062568644,1.6273633507992857
19,0.1,crump,0.13512924859015396,0.002,1.0,180.0,180.0,1.0,1.0
19,0.2,unweighted,0.1647056746303917,0.002,1.0,180.0,180.0,1.0,1.0
19,0.2,source,0.13626090814515454,0.002,1.0,148.03367066158984,180.0,1.9060868669566602,1.0
19,0.2,target,0.11583504506653881,0.01,1.0,180.0,148.86753988688434,1.0,1.9203905104582637
19,0.2,both,0.0845883606750233,0.516,0.0,148.03367066158984,148.86753988688434,1.9060868669566602,1.9203905104582637
19,0.2,crump,0.15838239633195492,0.002,1.0,173.0,177.0,1.0,1.0
19,0.3,unweighted,0.19715910017527816,0.002,1.0,180.0,180.0,1.0,1.0
19,0.3,source,0.16168220145087708,0.002,1.0,131.94731029886984,180.0,2.207423452625621,1.0
19,0.3,target,0.13559309127974262,0.002,1.0,180.0,133.82687419145827,1.0,2.136691055454137
19,0.3,both,0.0923423600712387,0.306,0.0,131.94731029886984,133.82687419145827,2.207423452625621,2.136691055454137
19,0.3,crump,0.15866088969351258,0.002,1.0,151.0,154.0,1.0,1.0
19,0.4,unweighted,0.21597873609205914,0.002,1.0,180.0,180.0,1.0,1.0
19,0.4,source,0.16235225179807683,0.002,1.0,112.21580703949982,180.0,2.6740248338612487,1.0
19,0.4,target,0.1439554350954228,0.002,1.0,180.0,117.18141821403437,1.0,2.4920289393391606
19,0.4,both,0.078321055942657,0.706,0.0,112.21580703949982,117.18141821403437,2.6740248338612487,2.4920289393391606
19,0.4,crump,0.12354621153590314,0.002,1.0,118.0,124.0,1.0,1.0
20,0.0,unweighted,0.07458789532845603,0.852,0.0,180.0,180.0,1.0,1.0
20,0.0,source,0.07247907008858634,0.912,0.0,179.77569983705718,180.0,1.095244158888213,1.0
20,0.0,target,0.0726197688488078,0.902,0.0,180.0,179.81449580856906,1.0,1.1092123455280045
20,0.0,both,0.07053312367905767,0.936,0.0,179.77569983705718,179.81449580856906,1.095244158888213,1.1092123455280045
20,0.0,crump,0.07458789532845603,0.852,0.0,180.0,180.0,1.0,1.0
20,0.1,unweighted,0.109365160608139,0.014,1.0,180.0,180.0,1.0,1.0
20,0.1,source,0.09450322891497953,0.19,0.0,169.31844952276506,180.0,1.574075149312204,1.0
20,0.1,target,0.08965199810545608,0.334,0.0,180.0,171.2890863608539,1.0,1.6110584589398755
20,0.1,both,0.07510882252020255,0.842,0.0,169.31844952276506,171.2890863608539,1.574075149312204,1.6110584589398755
20,0.1,crump,0.109365160608139,0.014,1.0,180.0,180.0,1.0,1.0
20,0.2,unweighted,0.13972771871665904,0.002,1.0,180.0,180.0,1.0,1.0
20,0.2,source,0.11219147396634482,0.012,1.0,153.48731750370922,180.0,1.9049290333463853,1.0
20,0.2,target,0.10248251609975996,0.072,0.0,180.0,157.61785666588946,1.0,1.9332892328935223
20,0.2,both,0.07394894392986473,0.88,0.0,153.48731750370922,157.61785666588946,1.9049290333463853,1.9332892328935223
20,0.2,crump,0.1375506253756878,0.002,1.0,180.0,178.0,1.0,1.0
20,0.3,unweighted,0.17985112501905196,0.002,1.0,180.0,180.0,1.0,1.0
20,0.3,source,0.14236627205468919,0.002,1.0,131.92060374746757,180.0,2.3684098735951724,1.0
20,0.3,target,0.11537993568122723,0.006,1.0,180.0,133.59008363895683,1.0,2.4049734042867312
20,0.3,both,0.06929971078813857,0.916,0.0,131.92060374746757,133.59008363895683,2.3684098735951724,2.4049734042867312
20,0.3,crump,0.13281603431264882,0.002,1.0,164.0,145.0,1.0,1.0
20,0.4,unweighted,0.21071422896662095,0.002,1.0,180.0,180.0,1.0,1.0
20,0.4,source,0.16525241869934437,0.002,1.0,118.25299772098036,180.0,2.712256348117603,1.0
20,0.4,target,0.1380664755520184,0.002,1.0,180.0,119.07742124191398,1.0,2.742396020810314
20,0.4,both,0.0817314212793932,0.658,0.0,118.25299772098036,119.07742124191398,2.712256348117603,2.742396020810314
20,0.4,crump,0.1382209659425252,0.002,1.0,138.0,123.0,1.0,1.0
21,0.0,unweighted,0.10329813195397042,0.014,1.0,180.0,180.0,1.0,1.0
21,0.0,source,0.095919854678017,0.138,0.0,177.27867370583664,180.0,1.2971447479385982,1.0
21,0.0,target,0.09145707368306544,0.268,0.0,180.0,176.41113152402534,1.0,1.3362519669725876
21,0.0,both,0.08447410405963256,0.502,0.0,177.27867370583664,176.41113152402534,1.2971447479385982,1.3362519669725876
21,0.0,crump,0.10329813195397042,0.014,1.0,180.0,180.0,1.0,1.0
21,0.1,unweighted,0.13359747275567752,0.002,1.0,180.0,180.0,1.0,1.0
21,0.1,source,0.11325252163115017,0.002,1.0,162.4840049829272,180.0,1.6536997317137694,1.0
21,0.1,target,0.10258461870554493,0.032,1.0,180.0,162.4108644685596,1.0,1.6937054528463815
21,0.1,both,0.0826742990118133,0.568,0.0,162.4840049829272,162.4108644685596,1.6536997317137694,1.6937054528463815
21,0.1,crump,0.13359747275567752,0.002,1.0,180.0,180.0,1.0,1.0
21,0.2,unweighted,0.15895470774272213,0.002,1.0,180.0,180.0,1.0,1.0
21,0.2,source,0.12522509234663753,0.002,1.0,143.77167477618002,180.0,1.9954448042394437,1.0
21,0.2,target,0.10895365070311458,0.016,1.0,180.0,143.95505822125133,1.0,2.0395625604075573
21,0.2,both,0.07377557957144461,0.848,0.0,143.77167477618002,143.95505822125133,1.9954448042394437,2.0395625604075573
21,0.2,crump,0.1425358186210169,0.002,1.0,172.0,168.0,1.0,1.0
21,0.3,unweighted,0.1923755934689834,0.002,1.0,180.0,180.0,1.0,1.0
21,0.3,source,0.15457385697617623,0.002,1.0,126.19731321304624,180.0,2.368523619236776,1.0
21,0.3,target,0.11871570264454016,0.002,1.0,180.0,124.7092757708364,1.0,2.439778742552579
21,0.3,both,0.0737370079312874,0.822,0.0,126.19731321304624,124.7092757708364,2.368523619236776,2.439778742552579
21,0.3,crump,0.13420201746088406,0.002,1.0,143.0,142.0,1.0,1.0
21,0.4,unweighted,0.2346509897500381,0.002,1.0,180.0,180.0,1.0,1.0
21,0.4,source,0.19363337034306372,0.002,1.0,107.44362812466362,180.0,2.867097777665832,1.0
21,0.4,target,0.14821120746562175,0.002,1.0,180.0,103.60434332477959,1.0,2.9813851694229183
21,0.4,both,0.08967866797803445,0.356,0.0,107.44362812466362,103.60434332477959,2.867097777665832,2.9813851694229183
21,0.4,crump,0.12748768127241544,0.006,1.0,110.0,106.0,1.0,1.0
22,0.0,unweighted,0.09564562376162171,0.122,0.0,180.0,180.0,1.0,1.0
22,0.0,source,0.0951616757721794,0.142,0.0,179.9613234103964,180.0,1.0323876669261163,1.0
22,0.0,target,0.09431549828873842,0.164,0.0,180.0,179.9490169854344,1.0,1.058823716835857
22,0.0,both,0.09383170317861578,0.176,0.0,179.9613234103964,179.9490169854344,1.0323876669261163,1.058823716835857
22,0.0,crump,0.09564562376162171,0.122,0.0,180.0,180.0,1.0,1.0
22,0.1,unweighted,0.12572261469288218,0.002,1.0,180.0,180.0,1.0,1.0
22,0.1,source,0.11189466136639964,0.006,1.0,170.7443998021303,180.0,1.4385895727214646,1.0
22,0.1,target,0.1030235756406723,0.05,0.0,180.0,170.37749576018433,1.0,1.6848246368482203
22,0.1,both,0.0890665219897063,0.328,0.0,170.7443998021303,170.37749576018433,1.4385895727214646,1.6848246368482203
22,0.1,crump,0.12572261469288218,0.002,1.0,180.0,180.0,1.0,1.0
22,0.2,unweighted,0.14999931698673982,0.002,1.0,180.0,180.0,1.0,1.0
22,0.2,source,0.12960173626903793,0.002,1.0,159.47045924955233,180.0,1.654145829484867,1.0
22,0.2,target,0.11152377483073342,0.012,1.0,180.0,159.01156610962474,1.0,1.9369336654793161
22,0.2,both,0.09005301493620879,0.28,0.0,159.47045924955233,159.01156610962474,1.654145829484867,1.9369336654793161
22,0.2,crump,0.14999931698673982,0.002,1.0,180.0,180.0,1.0,1.0
22,0.3,unweighted,0.17966450617283952,0.002,1.0,180.0,180.0,1.0,1.0
22,0.3,source,0.15073194720054703,0.002,1.0,145.26953594587422,180.0,1.9292389838228292,1.0
22,0.3,target,0.12434845849992729,0.006,1.0,180.0,143.27917581901676,1.0,2.2423202414455465
22,0.3,both,0.09161251988775876,0.264,0.0,145.26953594587422,143.27917581901676,1.9292389838228292,2.2423202414455465
22,0.3,crump,0.1744550898021725,0.002,1.0,174.0,175.0,1.0,1.0
22,0.4,unweighted,0.19605353890413046,0.002,1.0,180.0,180.0,1.0,1.0
22,0.4,source,0.15936939564337704,0.002,1.0,129.19661775091194,180.0,2.245346095146021,1.0
22,0.4,target,0.12562532176514102,0.002,1.0,180.0,127.2370528693575,1.0,2.5720855393027113
22,0.4,both,0.07915004068905511,0.7,0.0,129.19661775091194,127.2370528693575,2.245346095146021,2.5720855393027113
22,0.4,crump,0.16070365093365296,0.002,1.0,153.0,154.0,1.0,1.0
23,0.0,unweighted,0.07800339887212315,0.748,0.0,180.0,180.0,1.0,1.0
23,0.0,source,0.08134056387684185,0.63,0.0,179.57414839363142,180.0,1.1375914256753168,1.0
23,0.0,target,0.08150049077966676,0.62,0.0,180.0,179.52929977749432,1.0,1.1588436574948255
23,0.0,both,0.08491424904959083,0.5,0.0,179.57414839363142,179.52929977749432,1.1375914256753168,1.1588436574948255
23,0.0,crump,0.07800339887212315,0.748,0.0,180.0,180.0,1.0,1.0
23,0.1,unweighted,0.10456830513641215,0.032,1.0,180.0,180.0,1.0,1.0
23,0.1,source,0.09547628718146688,0.142,0.0,176.55405428289578,180.0,1.3304370862099717,1.0
23,0.1,target,0.09353197242291497,0.17,0.0,180.0,177.0415610033745,1.0,1.3649665075898798
23,0.1,both,0.08475720610123078,0.47,0.0,176.55405428289578,177.0415610033745,1.3304370862099717,1.3649665075898798
23,0.1,crump,0.10456830513641215,0.032,1.0,180.0,180.0,1.0,1.0
23,0.2,unweighted,0.1246052240512117,0.002,1.0,180.0,180.0,1.0,1.0
23,0.2,source,0.10886682973071787,0.012,1.0,168.22125700741546,180.0,1.5701921384390414,1.0
23,0.2,target,0.10041081821414985,0.074,0.0,180.0,170.00522795814877,1.0,1.6143678611507504
23,0.2,both,0.08486817172767275,0.494,0.0,168.22125700741546,170.00522795814877,1.5701921384390414,1.6143678611507504
23,0.2,crump,0.1246052240512117,0.002,1.0,180.0,180.0,1.0,1.0
23,0.3,unweighted,0.15664789189910075,0.002,1.0,180.0,180.0,1.0,1.0
23,0.3,source,0.12806555469687816,0.002,1.0,148.80671941424765,180.0,1.9696390221217748,1.0
23,0.3,target,0.1069487872495821,0.032,1.0,180.0,150.3318074223526,1.0,2.0526354059367207
23,0.3,both,0.07581805553816687,0.802,0.0,148.80671941424765,150.3318074223526,1.9696390221217748,2.0526354059367207
23,0.3,crump,0.15508192452067487,0.002,1.0,177.0,180.0,1.0,1.0
23,0.4,unweighted,0.18898170153177873,0.002,1.0,180.0,180.0,1.0,1.0
23,0.4,source,0.1588777604580033,0.002,1.0,132.9675251290894,180.0,2.3059775216036984,1.0
23,0.4,target,0.11878554143942924,0.002,1.0,180.0,133.76955434526772,1.0,2.392326064847532
23,0.4,both,0.08140345320613408,0.634,0.0,132.9675251290894,133.76955434526772,2.3059775216036984,2.392326064847532
23,0.4,crump,0.17155939557836547,0.002,1.0,162.0,169.0,1.0,1.0
24,0.0,unweighted,0.08403043362292334,0.532,0.0,180.0,180.0,1.0,1.0
24,0.0,source,0.08557536105177843,0.49,0.0,179.95203953125213,180.0,1.0423721477716896,1.0
24,0.0,target,0.08530335709228604,0.498,0.0,180.0,179.93767271283633,1.0,1.0752063923828508
24,0.0,both,0.08686236093095469,0.432,0.0,179.95203953125213,179.93767271283633,1.0423721477716896,1.0752063923828508
24,0.0,crump,0.08403043362292334,0.532,0.0,180.0,180.0,1.0,1.0
24,0.1,unweighted,0.11529399958085658,0.006,1.0,180.0,180.0,1.0,1.0
24,0.1,source,0.10430337399250522,0.032,1.0,172.44153558805993,180.0,1.4339712374383478,1.0
24,0.1,target,0.09186633610835898,0.254,0.0,180.0,170.9870051138813,1.0,1.470889571827846
24,0.1,both,0.08092673064282138,0.638,0.0,172.44153558805993,170.9870051138813,1.4339712374383478,1.470889571827846
24,0.1,crump,0.11529399958085658,0.006,1.0,180.0,180.0,1.0,1.0
24,0.2,unweighted,0.14392454465782656,0.002,1.0,180.0,180.0,1.0,1.0
24,0.2,source,0.12435017692538457,0.002,1.0,156.41401498831584,180.0,1.780847522493767,1.0
24,0.2,target,0.09818644256979278,0.11,0.0,180.0,154.73773415181213,1.0,1.8066035125828495
24,0.2,both,0.07730099479476832,0.768,0.0,156.41401498831584,154.73773415181213,1.780847522493767,1.8066035125828495
24,0.2,crump,0.14242653257765134,0.002,1.0,179.0,179.0,1.0,1.0
24,0.3,unweighted,0.18774743084133516,0.002,1.0,180.0,180.0,1.0,1.0
24,0.3,source,0.1572757970535286,0.002,1.0,136.2258575340278,180.0,2.2197092941856345,1.0
24,0.3,target,0.11964073449785825,0.004,1.0,180.0,132.37663980225045,1.0,2.227941558829725
24,0.3,both,0.08370965386643994,0.562,0.0,136.2258575340278,132.37663980225045,2.2197092941856345,2.227941558829725
24,0.3,crump,0.16661698876485376,0.002,1.0,163.0,165.0,1.0,1.0
24,0.4,unweighted,0.20892405121170554,0.002,1.0,180.0,180.0,1.0,1.0
24,0.4,source,0.17498111904934016,0.002,1.0,117.59674753710908,180.0,2.413717931729151,1.0
24,0.4,target,0.12208315963295235,0.008,1.0,180.0,114.27010680679948,1.0,2.6370229695831218
24,0.4,both,0.07337714292306889,0.852,0.0,117.59674753710908,114.27010680679948,2.413717931729151,2.6370229695831218
24,0.4,crump,0.13405106200918077,0.002,1.0,133.0,129.0,1.0,1.0
25,0.0,unweighted,0.08602872561347355,0.422,0.0,180.0,180.0,1.0,1.0
25,0.0,source,0.08468381881675817,0.486,0.0,179.83687527339407,180.0,1.068429550663481,1.0
25,0.0,target,0.08349520573879843,0.538,0.0,180.0,179.78235932241682,1.0,1.0812981563774264
25,0.0,both,0.08216188603977094,0.598,0.0,179.83687527339407,179.78235932241682,1.068429550663481,1.0812981563774264
25,0.0,crump,0.08602872561347355,0.422,0.0,180.0,180.0,1.0,1.0
25,0.1,unweighted,0.11826097679469594,0.004,1.0,180.0,180.0,1.0,1.0
25,0.1,source,0.1031491282085173,0.046,1.0,167.75367008480654,180.0,1.5113896030709744,1.0
25,0.1,target,0.08920428967201527,0.362,0.0,180.0,165.33810400521708,1.0,1.5987542664238212
25,0.1,both,0.07452258255342172,0.822,0.0,167.75367008480654,165.33810400521708,1.5113896030709744,1.5987542664238212
25,0.1,crump,0.11826097679469594,0.004,1.0,180.0,180.0,1.0,1.0
25,0.2,unweighted,0.15695694444444444,0.002,1.0,180.0,180.0,1.0,1.0
25,0.2,source,0.13327015548849655,0.002,1.0,152.71719187600766,180.0,1.8113701444321244,1.0
25,0.2,target,0.10753513260803517,0.024,1.0,180.0,149.70187616428242,1.0,1.8955841224747891
25,0.2,both,0.08211241409981077,0.626,0.0,152.71719187600766,149.70187616428242,1.8113701444321244,1.8955841224747891
25,0.2,crump,0.1559558820148516,0.002,1.0,180.0,179.0,1.0,1.0
25,0.3,unweighted,0.1971917600213382,0.002,1.0,180.0,180.0,1.0,1.0
25,0.3,source,0.169490222921531,0.002,1.0,133.57668234981637,180.0,2.1926489278209327,1.0
25,0.3,target,0.12040307358657201,0.002,1.0,180.0,127.33266377158189,1.0,2.3336016088855827
25,0.3,both,0.08440238132072005,0.512,0.0,133.57668234981637,127.33266377158189,2.1926489278209327,2.3336016088855827
25,0.3,crump,0.15252634938879295,0.002,1.0,153.0,148.0,1.0,1.0
25,0.4,unweighted,0.23430377038561195,0.002,1.0,180.0,180.0,1.0,1.0
25,0.4,source,0.19945280357725892,0.002,1.0,114.00823211605278,180.0,2.6323707359880566,1.0
25,0.4,target,0.1439251515956486,0.002,1.0,180.0,105.40715241252359,1.0,2.866716723748484
25,0.4,both,0.0905929111815656,0.342,0.0,114.00823211605278,105.40715241252359,2.6323707359880566,2.866716723748484
25,0.4,crump,0.12923825546775966,0.002,1.0,119.0,107.0,1.0,1.0
26,0.0,unweighted,0.08602477804450542,0.43,0.0,180.0,180.0,1.0,1.0
26,0.0,source,0.0887174407269182,0.346,0.0,179.82971110310206,180.0,1.1088315489923513,1.0
26,0.0,target,0.08820771894257348,0.362,0.0,180.0,179.8097397337143,1.0,1.0883870474298096
26,0.0,both,0.09094277177051314,0.276,0.0,179.82971110310206,179.8097397337143,1.1088315489923513,1.0883870474298096
26,0.0,crump,0.08602477804450542,0.43,0.0,180.0,180.0,1.0,1.0
26,0.1,unweighted,0.10874097126962354,0.018,1.0,180.0,180.0,1.0,1.0
26,0.1,source,0.0987729784161597,0.104,0.0,175.1485349416354,180.0,1.4392479323673306,1.0
26,0.1,target,0.0934671249857896,0.2,0.0,180.0,174.7705913379482,1.0,1.4192920087698027
26,0.1,both,0.08363624054866152,0.544,0.0,175.1485349416354,174.7705913379482,1.4392479323673306,1.4192920087698027
26,0.1,crump,0.10874097126962354,0.018,1.0,180.0,180.0,1.0,1.0
26,0.2,unweighted,0.14272372256515775,0.002,1.0,180.0,180.0,1.0,1.0
26,0.2,source,0.12348131727991932,0.002,1.0,162.6174903860016,180.0,1.8081078504869372,1.0
26,0.2,target,0.10851021890767726,0.012,1.0,180.0,162.2089040628124,1.0,1.7736831743286947
26,0.2,both,0.0886140839893024,0.382,0.0,162.6174903860016,162.2089040628124,1.8081078504869372,1.7736831743286947
26,0.2,crump,0.14272372256515775,0.002,1.0,180.0,180.0,1.0,1.0
26,0.3,unweighted,0.1704439995808566,0.002,1.0,180.0,180.0,1.0,1.0
26,0.3,source,0.14161305154449583,0.002,1.0,148.286278565853,180.0,2.11972505897709,1.0
26,0.3,target,0.11946659688487607,0.002,1.0,180.0,145.5945948111908,1.0,2.090235181380616
26,0.3,both,0.08918809794791518,0.348,0.0,148.286278565853,145.5945948111908,2.11972505897709,2.090235181380616
26,0.3,crump,0.16647855916454835,0.002,1.0,173.0,179.0,1.0,1.0
26,0.4,unweighted,0.18911174649443682,0.002,1.0,180.0,180.0,1.0,1.0
26,0.4,source,0.15108849222609644,0.002,1.0,134.6105713461536,180.0,2.3823544077594443,1.0
26,0.4,target,0.12631952234614013,0.002,1.0,180.0,133.08200721806045,1.0,2.3322554847432357
26,0.4,both,0.0813571446266637,0.602,0.0,134.6105713461536,133.08200721806045,2.3823544077594443,2.3322554847432357
26,0.4,crump,0.15666859099993788,0.002,1.0,156.0,158.0,1.0,1.0
27,0.0,unweighted,0.07445664342325864,0.86,0.0,180.0,180.0,1.0,1.0
27,0.0,source,0.0765635553595376,0.812,0.0,179.8660357675421,180.0,1.072999485439108,1.0
27,0.0,target,0.07616113458598689,0.82,0.0,180.0,179.86122615880544,1.0,1.0756187795321823
27,0.0,both,0.07829873186171857,0.76,0.0,179.8660357675421,179.86122615880544,1.072999485439108,1.0756187795321823
27,0.0,crump,0.07445664342325864,0.86,0.0,180.0,180.0,1.0,1.0
27,0.1,unweighted,0.09804084933699131,0.108,0.0,180.0,180.0,1.0,1.0
27,0.1,source,0.08575223999767967,0.478,0.0,173.03575706747986,180.0,1.4255781975283066,1.0
27,0.1,target,0.08091712485387352,0.664,0.0,180.0,173.51041315926886,1.0,1.4550008531398873
27,0.1,both,0.06901358074474008,0.948,0.0,173.03575706747986,173.51041315926886,1.4255781975283066,1.4550008531398873
27,0.1,crump,0.09804084933699131,0.108,0.0,180.0,180.0,1.0,1.0
27,0.2,unweighted,0.13360163275415332,0.002,1.0,180.0,180.0,1.0,1.0
27,0.2,source,0.1131871570819452,0.01,1.0,162.07656181427657,180.0,1.6827450088818912,1.0
27,0.2,target,0.09829881407227942,0.126,0.0,180.0,161.64563643919752,1.0,1.7324048175941689
27,0.2,both,0.0779526372835155,0.792,0.0,162.07656181427657,161.64563643919752,1.6827450088818912,1.7324048175941689
27,0.2,crump,0.13360163275415332,0.002,1.0,180.0,180.0,1.0,1.0
27,0.3,unweighted,0.1706726832799878,0.002,1.0,180.0,180.0,1.0,1.0
27,0.3,source,0.14163809579301812,0.002,1.0,143.69925643137233,180.0,2.0400365995635226,1.0
27,0.3,target,0.1086096967098327,0.02,1.0,180.0,141.26926523514183,1.0,1.9613749966333156
27,0.3,both,0.07681571375546693,0.79,0.0,143.69925643137233,141.26926523514183,2.0400365995635226,1.9613749966333156
27,0.3,crump,0.16559455887730393,0.002,1.0,175.0,177.0,1.0,1.0
27,0.4,unweighted,0.20043900224813294,0.002,1.0,180.0,180.0,1.0,1.0
27,0.4,source,0.16332172698583344,0.002,1.0,129.1744535451479,180.0,2.325806973576995,1.0
27,0.4,target,0.12828320222245038,0.002,1.0,180.0,127.48974156016267,1.0,2.2483202980928367
27,0.4,both,0.08291226765316455,0.584,0.0,129.1744535451479,127.48974156016267,2.325806973576995,2.2483202980928367
27,0.4,crump,0.17540479499341183,0.002,1.0,154.0,165.0,1.0,1.0
28,0.0,unweighted,0.08089709743179394,0.604,0.0,180.0,180.0,1.0,1.0
28,0.0,source,0.08073607812552243,0.632,0.0,179.9809980015302,180.0,1.0290642457810106,1.0
28,0.0,target,0.08025211302941006,0.642,0.0,180.0,179.98252408594118,1.0,1.0291676385483068
28,0.0,both,0.08009074764868175,0.648,0.0,179.9809980015302,179.98252408594118,1.0290642457810106,1.0291676385483068
28,0.0,crump,0.08089709743179394,0.604,0.0,180.0,180.0,1.0,1.0
28,0.1,unweighted,0.12125753410303308,0.004,1.0,180.0,180.0,1.0,1.0
28,0.1,source,0.10709081161757777,0.026,1.0,169.79226359047692,180.0,1.579930718541493,1.0
28,0.1,target,0.09557104701906016,0.166,0.0,180.0,168.77932327793135,1.0,1.59952906338184
28,0.1,both,0.08175684284140457,0.64,0.0,169.79226359047692,168.77932327793135,1.579930718541493,1.59952906338184
28,0.1,crump,0.12125753410303308,0.004,1.0,180.0,180.0,1.0,1.0
28,0.2,unweighted,0.14765001143118428,0.002,1.0,180.0,180.0,1.0,1.0
28,0.2,source,0.12287036380498255,0.002,1.0,154.13100637769853,180.0,1.9325807244948432,1.0
28,0.2,target,0.10418760289201535,0.034,1.0,180.0,154.3273658748467,1.0,1.866835242679727
28,0.2,both,0.07873485986049744,0.714,0.0,154.13100637769853,154.3273658748467,1.9325807244948432,1.866835242679727
28,0.2,crump,0.14765001143118428,0.002,1.0,180.0,180.0,1.0,1.0
28,0.3,unweighted,0.18619854633440025,0.002,1.0,180.0,180.0,1.0,1.0
28,0.3,source,0.14692043584903244,0.002,1.0,134.60186018157475,180.0,2.3411308761962353,1.0
28,0.3,target,0.12430486418382362,0.002,1.0,180.0,134.3128403982969,1.0,2.273358621363841
28,0.3,both,0.08005014111164395,0.67,0.0,134.60186018157475,134.3128403982969,2.3411308761962353,2.273358621363841
28,0.3,crump,0.16260585431354801,0.002,1.0,160.0,164.0,1.0,1.0
28,0.4,unweighted,0.23174792238225883,0.002,1.0,180.0,180.0,1.0,1.0
28,0.4,source,0.17741552793455168,0.002,1.0,113.59528085166879,180.0,2.9030089007389948,1.0
28,0.4,target,0.15950736892939274,0.002,1.0,180.0,111.60399623799714,1.0,2.834477158715949
28,0.4,both,0.09184073732354739,0.31,0.0,113.59528085166879,111.60399623799714,2.9030089007389948,2.834477158715949
28,0.4,crump,0.1511452867866679,0.002,1.0,119.0,119.0,1.0,1.0
29,0.0,unweighted,0.08049165333028502,0.688,0.0,180.0,180.0,1.0,1.0
29,0.0,source,0.07501121560666751,0.872,0.0,178.90547595004833,180.0,1.2220573197688185,1.0
29,0.0,target,0.07599913984642162,0.844,0.0,180.0,178.99501732367887,1.0,1.1953153442714977
29,0.0,both,0.07070090662253034,0.936,0.0,178.90547595004833,178.99501732367887,1.2220573197688185,1.1953153442714977
29,0.0,crump,0.08049165333028502,0.688,0.0,180.0,180.0,1.0,1.0
29,0.1,unweighted,0.113965948407255,0.008,1.0,180.0,180.0,1.0,1.0
29,0.1,source,0.0950909298741224,0.206,0.0,166.0374904250525,180.0,1.6650812279068574,1.0
29,0.1,target,0.09179568535070573,0.276,0.0,180.0,168.6571872571475,1.0,1.6000456099602764
29,0.1,both,0.07375897831504032,0.882,0.0,166.0374904250525,168.6571872571475,1.6650812279068574,1.6000456099602764
29,0.1,crump,0.113965948407255,0.008,1.0,180.0,180.0,1.0,1.0
29,0.2,unweighted,0.15630998037646704,0.002,1.0,180.0,180.0,1.0,1.0
29,0.2,source,0.13010859430169192,0.002,1.0,149.67781118393276,180.0,2.0057002469970144,1.0
29,0.2,target,0.10892807524269768,0.028,1.0,180.0,149.75885790122263,1.0,1.950831873059692
29,0.2,both,0.08147686468119612,0.646,0.0,149.67781118393276,149.75885790122263,2.0057002469970144,1.950831873059692
29,0.2,crump,0.14855285040653937,0.002,1.0,172.0,176.0,1.0,1.0
29,0.3,unweighted,0.17717093716659046,0.002,1.0,180.0,180.0,1.0,1.0
29,0.3,source,0.13603384531611085,0.002,1.0,131.25928509764222,180.0,2.347942849349639,1.0
29,0.3,target,0.11989513491655379,0.004,1.0,180.0,135.7062401241297,1.0,2.251143347220814
29,0.3,both,0.07326360830697988,0.846,0.0,131.25928509764222,135.7062401241297,2.347942849349639,2.251143347220814
29,0.3,crump,0.13199868559818234,0.002,1.0,151.0,152.0,1.0,1.0
29,0.4,unweighted,0.21597381115683584,0.002,1.0,180.0,180.0,1.0,1.0
29,0.4,source,0.16140010806267344,0.002,1.0,107.97151004504818,180.0,2.9263335807932545,1.0
29,0.4,target,0.1448315140967409,0.002,1.0,180.0,115.18534049555632,1.0,2.776646633887248
29,0.4,both,0.07186274776081888,0.848,0.0,107.97151004504818,115.18534049555632,2.9263335807932545,2.776646633887248
29,0.4,crump,0.11248807996326424,0.03,1.0,113.0,122.0,1.0,1.0
30,0.0,unweighted,0.08781008992531626,0.34,0.0,180.0,180.0,1.0,1.0
30,0.0,source,0.08455914185121183,0.472,0.0,179.44208684384708,180.0,1.121382165669281,1.0
30,0.0,target,0.08453706385518187,0.474,0.0,180.0,179.51904972397105,1.0,1.143692276239993
30,0.0,both,0.0813375837246458,0.624,0.0,179.44208684384708,179.51904972397105,1.121382165669281,1.143692276239993
30,0.0,crump,0.08781008992531626,0.34,0.0,180.0,180.0,1.0,1.0
30,0.1,unweighted,0.12976963686937967,0.002,1.0,180.0,180.0,1.0,1.0
30,0.1,source,0.10969961656266544,0.014,1.0,164.06710634434836,180.0,1.6018596654302693,1.0
30,0.1,target,0.09880452500710292,0.106,0.0,180.0,163.99946658349447,1.0,1.6969778907727915
30,0.1,both,0.07854143468968518,0.74,0.0,164.06710634434836,163.99946658349447,1.6018596654302693,1.6969778907727915
30,0.1,crump,0.12976963686937967,0.002,1.0,180.0,180.0,1.0,1.0
30,0.2,unweighted,0.14601959209724125,0.002,1.0,180.0,180.0,1.0,1.0
30,0.2,source,0.11488008198137406,0.004,1.0,148.81902939992096,180.0,1.8880436952908088,1.0
30,0.2,target,0.10238034672968743,0.068,0.0,180.0,151.59913352452045,1.0,1.9702667408491157
30,0.2,both,0.06932162804432093,0.928,0.0,148.81902939992096,151.59913352452045,1.8880436952908088,1.9702667408491157
30,0.2,crump,0.14336238475258295,0.002,1.0,179.0,178.0,1.0,1.0
30,0.3,unweighted,0.1943143385154702,0.002,1.0,180.0,180.0,1.0,1.0
30,0.3,source,0.15428076437666602,0.002,1.0,125.83909870650041,180.0,2.3599452194844375,1.0
30,0.3,target,0.1286952393860489,0.002,1.0,180.0,130.256103263711,1.0,2.4560005818331705
30,0.3,both,0.08182693931994448,0.628,0.0,125.83909870650041,130.256103263711,2.3599452194844375,2.4560005818331705
30,0.3,crump,0.15284848965091163,0.002,1.0,143.0,154.0,1.0,1.0
30,0.4,unweighted,0.2416230757506478,0.002,1.0,180.0,180.0,1.0,1.0
30,0.4,source,0.18699159674661336,0.002,1.0,98.66522757662062,180.0,3.0456989462221498,1.0
30,0.4,target,0.16734384046738576,0.002,1.0,180.0,104.19557557733962,1.0,3.189803736052743
30,0.4,both,0.09136607006718442,0.36,0.0,98.66522757662062,104.19557557733962,3.0456989462221498,3.189803736052743
30,0.4,crump,0.12724301881082273,0.008,1.0,101.0,105.0,1.0,1.0
31,0.0,unweighted,0.08791934537418077,0.416,0.0,180.0,180.0,1.0,1.0
31,0.0,source,0.08655409382199762,0.478,0.0,179.91337060823136,180.0,1.067309736332897,1.0
31,0.0,target,0.08667938533463158,0.472,0.0,180.0,179.91864272157778,1.0,1.0625153990471075
31,0.0,both,0.08532483305124247,0.534,0.0,179.91337060823136,179.91864272157778,1.067309736332897,1.0625153990471075
31,0.0,crump,0.08791934537418077,0.416,0.0,180.0,180.0,1.0,1.0
31,0.1,unweighted,0.1246428297896662,0.002,1.0,180.0,180.0,1.0,1.0
31,0.1,source,0.10431870319577102,0.054,0.0,167.25056530092485,180.0,1.6893712808801358,1.0
31,0.1,target,0.10033359518232403,0.092,0.0,180.0,167.72760440469747,1.0,1.6603403244935035
31,0.1,both,0.08069920604896921,0.686,0.0,167.25056530092485,167.72760440469747,1.6893712808801358,1.6603403244935035
31,0.1,crump,0.1246428297896662,0.002,1.0,180.0,180.0,1.0,1.0
31,0.2,unweighted,0.1650151615607377,0.002,1.0,180.0,180.0,1.0,1.0
31,0.2,source,0.13755944783835,0.002,1.0,152.15232867788518,180.0,2.0001140589244173,1.0
31,0.2,target,0.11894829857049488,0.004,1.0,180.0,151.69099206763872,1.0,1.9704708007212792
31,0.2,both,0.08939169671144304,0.36,0.0,152.15232867788518,151.69099206763872,2.0001140589244173,1.9704708007212792
31,0.2,crump,0.16320745769177417,0.002,1.0,180.0,178.0,1.0,1.0
31,0.3,unweighted,0.17320336076817558,0.002,1.0,180.0,180.0,1.0,1.0
31,0.3,source,0.13461751766582614,0.002,1.0,138.26268614379836,180.0,2.2667224249087337,1.0
31,0.3,target,0.1187973984866916,0.004,1.0,180.0,142.08561905127053,1.0,2.195677292878116
31,0.3,both,0.07591997024961752,0.816,0.0,138.26268614379836,142.08561905127053,2.2667224249087337,2.195677292878116
31,0.3,crump,0.1579291054891015,0.002,1.0,173.0,168.0,1.0,1.0
31,0.4,unweighted,0.20988983005639383,0.002,1.0,180.0,180.0,1.0,1.0
31,0.4,source,0.16431234777677495,0.002,1.0,120.67759929580366,180.0,2.6880951811336775,1.0
31,0.4,target,0.13831574702482574,0.002,1.0,180.0,121.68978466063739,1.0,2.6314039006439742
31,0.4,both,0.08137566512228378,0.67,0.0,120.67759929580366,121.68978466063739,2.6880951811336775,2.6314039006439742
31,0.4,crump,0.14360203221448992,0.002,1.0,139.0,130.0,1.0,1.0
32,0.0,unweighted,0.09009018251790885,0.29,0.0,180.0,180.0,1.0,1.0
32,0.0,source,0.08800823923576233,0.35,0.0,179.74626969864372,180.0,1.122295455003367,1.0
32,0.0,target,0.08713617230954272,0.386,0.0,180.0,179.73803425613534,1.0,1.0948968507859023
32,0.0,both,0.08508757482148618,0.5,0.0,179.74626969864372,179.73803425613534,1.122295455003367,1.0948968507859023
32,0.0,crump,0.09009018251790885,0.29,0.0,180.0,180.0,1.0,1.0
32,0.1,unweighted,0.12369867588782199,0.004,1.0,180.0,180.0,1.0,1.0
32,0.1,source,0.10999150224589055,0.01,1.0,170.72009902406768,180.0,1.591875564255359,1.0
32,0.1,target,0.10178982346808214,0.05,0.0,180.0,171.40576873798275,1.0,1.4789501863991925
32,0.1,both,0.08851258887955107,0.326,0.0,170.72009902406768,171.40576873798275,1.591875564255359,1.4789501863991925
32,0.1,crump,0.12369867588782199,0.004,1.0,180.0,180.0,1.0,1.0
32,0.2,unweighted,0.1479493446121018,0.002,1.0,180.0,180.0,1.0,1.0
32,0.2,source,0.11738917112347634,0.002,1.0,149.90705025827933,180.0,2.0707415812882193,1.0
32,0.2,target,0.10207636823788233,0.066,0.0,180.0,149.8589059557542,1.0,1.9411216764772345
32,0.2,both,0.07136371362613733,0.886,0.0,149.90705025827933,149.8589059557542,2.0707415812882193,1.9411216764772345
32,0.2,crump,0.1423152583358318,0.002,1.0,179.0,175.0,1.0,1.0
32,0.3,unweighted,0.18488437452370068,0.002,1.0,180.0,180.0,1.0,1.0
32,0.3,source,0.14428856564143916,0.002,1.0,133.571449700925,180.0,2.3978435222856564,1.0
32,0.3,target,0.1254206504029102,0.002,1.0,180.0,135.85800977604927,1.0,2.236974145370968
32,0.3,both,0.08068524798248883,0.644,0.0,133.571449700925,135.85800977604927,2.3978435222856564,2.236974145370968
32,0.3,crump,0.15635602683330008,0.002,1.0,157.0,160.0,1.0,1.0
32,0.4,unweighted,0.2097629000914495,0.002,1.0,180.0,180.0,1.0,1.0
32,0.4,source,0.1536186225565987,0.002,1.0,114.82473655545158,180.0,2.812859893936067,1.0
32,0.4,target,0.13915834542597802,0.002,1.0,180.0,120.19783023458227,1.0,2.5957603637446236
32,0.4,both,0.07347899337299729,0.814,0.0,114.82473655545158,120.19783023458227,2.812859893936067,2.5957603637446236
32,0.4,crump,0.14342124927356417,0.002,1.0,129.0,132.0,1.0,1.0
33,0.0,unweighted,0.09173896033379059,0.238,0.0,180.0,180.0,1.0,1.0
33,0.0,source,0.09394111365268258,0.196,0.0,179.89913305280447,180.0,1.0593430996239637,1.0
33,0.0,target,0.09333317900550425,0.206,0.0,180.0,179.90367048852494,1.0,1.0544499415667474
33,0.0,both,0.09556211038442783,0.166,0.0,179.89913305280447,179.90367048852494,1.0593430996239637,1.0544499415667474
33,0.0,crump,0.09173896033379059,0.238,0.0,180.0,180.0,1.0,1.0
33,0.1,unweighted,0.10731910055631763,0.016,1.0,180.0,180.0,1.0,1.0
33,0.1,source,0.09624349651370724,0.11,0.0,174.25767792541657,180.0,1.3777236785112463,1.0
33,0.1,target,0.09320218963535366,0.192,0.0,180.0,175.35822867733253,1.0,1.3617583636311061
33,0.1,both,0.08245087868317046,0.596,0.0,174.25767792541657,175.35822867733253,1.3777236785112463,1.3617583636311061
33,0.1,crump,0.10731910055631763,0.016,1.0,180.0,180.0,1.0,1.0
33,0.2,unweighted,0.15629922648986436,0.002,1.0,180.0,180.0,1.0,1.0
33,0.2,source,0.12880125214307223,0.002,1.0,152.56342290605937,180.0,1.840352023590121,1.0
33,0.2,target,0.11593087384053453,0.008,1.0,180.0,155.99353502463873,1.0,1.8255541071614891
33,0.2,both,0.08710445960032066,0.428,0.0,152.56342290605937,155.99353502463873,1.840352023590121,1.8255541071614891
33,0.2,crump,0.15578702496923022,0.002,1.0,179.0,180.0,1.0,1.0
33,0.3,unweighted,0.16675716830513643,0.002,1.0,180.0,180.0,1.0,1.0
33,0.3,source,0.13285643505387698,0.002,1.0,139.20451240193734,180.0,2.101102039411946,1.0
33,0.3,target,0.11290662174173399,0.01,1.0,180.0,143.65571778773887,1.0,2.0876434053729063
33,0.3,both,0.07710222423938258,0.754,0.0,139.20451240193734,143.65571778773887,2.101102039411946,2.0876434053729063
33,0.3,crump,0.15921474270320063,0.002,1.0,174.0,175.0,1.0,1.0
33,0.4,unweighted,0.19638971764974852,0.002,1.0,180.0,180.0,1.0,1.0
33,0.4,source,0.15565514016342175,0.002,1.0,124.4552181709494,180.0,2.4323310400270683,1.0
33,0.4,target,0.12710556988417207,0.002,1.0,180.0,127.73597789699397,1.0,2.409668967279295
33,0.4,both,0.0789863014133205,0.702,0.0,124.4552181709494,127.73597789699397,2.4323310400270683,2.409668967279295
33,0.4,crump,0.1585204567333036,0.002,1.0,142.0,158.0,1.0,1.0
34,0.0,unweighted,0.07350907159731748,0.85,0.0,180.0,180.0,1.0,1.0
34,0.0,source,0.0789054430221201,0.724,0.0,179.1323709688279,180.0,1.1903142032006677,1.0
34,0.0,target,0.07791842714102482,0.756,0.0,180.0,179.07512185321247,1.0,1.1541090953279085
34,0.0,both,0.08354614677998902,0.534,0.0,179.1323709688279,179.07512185321247,1.1903142032006677,1.1541090953279085
34,0.0,crump,0.07350907159731748,0.85,0.0,180.0,180.0,1.0,1.0
34,0.1,unweighted,0.10381742588782199,0.042,1.0,180.0,180.0,1.0,1.0
34,0.1,source,0.09380707620034674,0.194,0.0,174.93160387567897,180.0,1.3711952999063066,1.0
34,0.1,target,0.08814093687652093,0.374,0.0,180.0,174.84914062978848,1.0,1.3420515800322528
34,0.1,both,0.07839158655750922,0.748,0.0,174.93160387567897,174.84914062978848,1.3711952999063066,1.3420515800322528
34,0.1,crump,0.10381742588782199,0.042,1.0,180.0,180.0,1.0,1.0
34,0.2,unweighted,0.12824747466087488,0.002,1.0,180.0,180.0,1.0,1.0
34,0.2,source,0.10812899537364244,0.018,1.0,163.29158251554134,180.0,1.671972887088828,1.0
34,0.2,target,0.09524082135510095,0.18,0.0,180.0,163.42108859288544,1.0,1.6127762816395723
34,0.2,both,0.07524504164400819,0.816,0.0,163.29158251554134,163.42108859288544,1.671972887088828,1.6127762816395723
34,0.2,crump,0.12824747466087488,0.002,1.0,180.0,180.0,1.0,1.0
34,0.3,unweighted,0.16663820873342478,0.002,1.0,180.0,180.0,1.0,1.0
34,0.3,source,0.13621712088209859,0.002,1.0,143.84040531038892,180.0,2.0742354787214095,1.0
34,0.3,target,0.1084489668735743,0.03,1.0,180.0,142.42464900339743,1.0,1.9898639114146788
34,0.3,both,0.07445967461392808,0.86,0.0,143.84040531038892,142.42464900339743,2.0742354787214095,1.9898639114146788
34,0.3,crump,0.15713874467755679,0.002,1.0,179.0,171.0,1.0,1.0
34,0.4,unweighted,0.18146563214449019,0.002,1.0,180.0,180.0,1.0,1.0
34,0.4,source,0.14871752990710135,0.002,1.0,133.77036734099522,180.0,2.263725248150388,1.0
34,0.4,target,0.11122423274432028,0.012,1.0,180.0,133.35646103350268,1.0,2.153603969300315
34,0.4,both,0.07248788888848333,0.856,0.0,133.77036734099522,133.35646103350268,2.263725248150388,2.153603969300315
34,0.4,crump,0.15834740484429066,0.002,1.0,170.0,160.0,1.0,1.0
35,0.0,unweighted,0.08096425278158818,0.618,0.0,180.0,180.0,1.0,1.0
35,0.0,source,0.0814372115358223,0.614,0.0,179.99988582035485,180.0,1.0027833250703022,1.0
35,0.0,target,0.0810216017087676,0.624,0.0,180.0,179.99988435885695,1.0,1.0020798447521986
35,0.0,both,0.08149483473274241,0.616,0.0,179.99988582035485,179.99988435885695,1.0027833250703022,1.0020798447521986
35,0.0,crump,0.08096425278158818,0.618,0.0,180.0,180.0,1.0,1.0
35,0.1,unweighted,0.12379616769547325,0.004,1.0,180.0,180.0,1.0,1.0
35,0.1,source,0.11065945017241137,0.01,1.0,169.5010929759983,180.0,1.5555688995009747,1.0
35,0.1,target,0.09532370434727384,0.166,0.0,180.0,168.04783186083168,1.0,1.5507739544280286
35,0.1,both,0.08216850510012208,0.6,0.0,169.5010929759983,168.04783186083168,1.5555688995009747,1.5507739544280286
35,0.1,crump,0.12379616769547325,0.004,1.0,180.0,180.0,1.0,1.0
35,0.2,unweighted,0.16107868750952598,0.002,1.0,180.0,180.0,1.0,1.0
35,0.2,source,0.13556063320410938,0.002,1.0,153.70954938887684,180.0,1.9113879788112071,1.0
35,0.2,target,0.11328922566343456,0.008,1.0,180.0,151.0588080692621,1.0,1.9252287812157076
35,0.2,both,0.08717219359000397,0.416,0.0,153.70954938887684,151.0588080692621,1.9113879788112071,1.9252287812157076
35,0.2,crump,0.15936916398130319,0.002,1.0,176.0,180.0,1.0,1.0
35,0.3,unweighted,0.1989131887288523,0.002,1.0,180.0,180.0,1.0,1.0
35,0.3,source,0.16976617441065192,0.002,1.0,131.77493482333074,180.0,2.3195668394730062,1.0
35,0.3,target,0.12624497156665476,0.004,1.0,180.0,126.99344437152324,1.0,2.4026408643880055
35,0.3,both,0.0887823822190503,0.362,0.0,131.77493482333074,126.99344437152324,2.3195668394730062,2.4026408643880055
35,0.3,crump,0.14514492395132794,0.002,1.0,139.0,145.0,1.0,1.0
35,0.4,unweighted,0.22714692977442466,0.002,1.0,180.0,180.0,1.0,1.0
35,0.4,source,0.18125234338565857,0.002,1.0,107.59714819277407,180.0,2.9002626038694785,1.0
35,0.4,target,0.1391888088889416,0.002,1.0,180.0,104.5560345208679,1.0,2.9948084540427775
35,0.4,both,0.07647342476519964,0.76,0.0,107.59714819277407,104.5560345208679,2.9002626038694785,2.9948084540427775
35,0.4,crump,0.10540932168829933,0.068,0.0,105.0,103.0,1.0,1.0
36,0.0,unweighted,0.07943118331809176,0.692,0.0,180.0,180.0,1.0,1.0
36,0.0,source,0.07984856922049195,0.69,0.0,179.99982850471017,180.0,1.0026017704336443,1.0
36,0.0,target,0.07949448804224381,0.702,0.0,180.0,179.99984138012724,1.0,1.0031317561901192
36,0.0,both,0.0799121376875885,0.69,0.0,179.99982850471017,179.99984138012724,1.0026017704336443,1.0031317561901192
36,0.0,crump,0.07943118331809176,0.692,0.0,180.0,180.0,1.0,1.0
36,0.1,unweighted,0.1247700931641518,0.002,1.0,180.0,180.0,1.0,1.0
36,0.1,source,0.11016234339802433,0.02,1.0,170.35486493900328,180.0,1.5820992823868476,1.0
36,0.1,target,0.09874934868695173,0.104,0.0,180.0,169.1082894936292,1.0,1.5444812059421458
36,0.1,both,0.08420472168444157,0.522,0.0,170.35486493900328,169.1082894936292,1.5820992823868476,1.5444812059421458
36,0.1,crump,0.1247700931641518,0.002,1.0,180.0,180.0,1.0,1.0
36,0.2,unweighted,0.15101250952598688,0.002,1.0,180.0,180.0,1.0,1.0
36,0.2,source,0.12872716172742138,0.004,1.0,158.842795990987,180.0,1.7789929955423969,1.0
36,0.2,target,0.10886002710450322,0.016,1.0,180.0,155.8740917516244,1.0,1.8249768021127635
36,0.2,both,0.08540259176636544,0.476,0.0,158.842795990987,155.8740917516244,1.7789929955423969,1.8249768021127635
36,0.2,crump,0.15101250952598688,0.002,1.0,180.0,180.0,1.0,1.0
36,0.3,unweighted,0.16755158798201494,0.002,1.0,180.0,180.0,1.0,1.0
36,0.3,source,0.13965540707366,0.002,1.0,141.87021634178564,180.0,2.135445993133181,1.0
36,0.3,target,0.10323643052264792,0.066,0.0,180.0,137.27314082818006,1.0,2.182023929155937
36,0.3,both,0.07205461716502666,0.882,0.0,141.87021634178564,137.27314082818006,2.135445993133181,2.182023929155937
36,0.3,crump,0.15548516039553342,0.002,1.0,170.0,172.0,1.0,1.0
36,0.4,unweighted,0.2064699255067825,0.002,1.0,180.0,180.0,1.0,1.0
36,0.4,source,0.17276384826481142,0.002,1.0,122.57379895029655,180.0,2.525122835004584,1.0
36,0.4,target,0.12925843618130334,0.002,1.0,180.0,121.08577041791698,1.0,2.555296780288302
36,0.4,both,0.08457619549010395,0.53,0.0,122.57379895029655,121.08577041791698,2.525122835004584,2.555296780288302
36,0.4,crump,0.15021785788660605,0.002,1.0,134.0,142.0,1.0,1.0
37,0.0,unweighted,0.0825306670096022,0.58,0.0,180.0,180.0,1.0,1.0
37,0.0,source,0.08182484143030569,0.63,0.0,179.9449853487045,180.0,1.0383855090339866,1.0
37,0.0,target,0.0814561033067913,0.642,0.0,180.0,179.94543359290563,1.0,1.0562966373008846
37,0.0,both,0.08075228137073727,0.676,0.0,179.9449853487045,179.94543359290563,1.0383855090339866,1.0562966373008846
37,0.0,crump,0.0825306670096022,0.58,0.0,180.0,180.0,1.0,1.0
37,0.1,unweighted,0.12323771909769854,0.002,1.0,180.0,180.0,1.0,1.0
37,0.1,source,0.10456325798658019,0.044,1.0,166.89533110437569,180.0,1.5269867348237398,1.0
37,0.1,target,0.09949782867980284,0.106,0.0,180.0,167.7978652816312,1.0,1.6065589347335656
37,0.1,both,0.08098883697087624,0.656,0.0,166.89533110437569,167.7978652816312,1.5269867348237398,1.6065589347335656
37,0.1,crump,0.12323771909769854,0.002,1.0,180.0,180.0,1.0,1.0
37,0.2,unweighted,0.15877889803383632,0.002,1.0,180.0,180.0,1.0,1.0
37,0.2,source,0.1284750174053061,0.002,1.0,149.2150552779403,180.0,1.8650843177059224,1.0
37,0.2,target,0.1158118102348385,0.008,1.0,180.0,152.38726002943818,1.0,1.9507697837137803
37,0.2,both,0.08427593371222379,0.548,0.0,149.2150552779403,152.38726002943818,1.8650843177059224,1.9507697837137803
37,0.2,crump,0.1583125465159465,0.002,1.0,179.0,180.0,1.0,1.0
37,0.3,unweighted,0.18344531988263985,0.002,1.0,180.0,180.0,1.0,1.0
37,0.3,source,0.14106901037565928,0.002,1.0,135.52267341469437,180.0,2.124418463777428,1.0
37,0.3,target,0.13173405089835294,0.002,1.0,180.0,138.86332101975955,1.0,2.213075372974157
37,0.3,both,0.0853239975789967,0.536,0.0,135.52267341469437,138.86332101975955,2.124418463777428,2.213075372974157
37,0.3,crump,0.16586801035370896,0.002,1.0,163.0,170.0,1.0,1.0
37,0.4,unweighted,0.22027427888279227,0.002,1.0,180.0,180.0,1.0,1.0
37,0.4,source,0.1770720662859786,0.002,1.0,114.54367152665657,180.0,2.5912607665530043,1.0
37,0.4,target,0.14673779983580984,0.002,1.0,180.0,117.66343621221645,1.0,2.7061155986400363
37,0.4,both,0.08875738134642099,0.424,0.0,114.54367152665657,117.66343621221645,2.5912607665530043,2.7061155986400363
37,0.4,crump,0.14111398846773965,0.002,1.0,119.0,130.0,1.0,1.0
38,0.0,unweighted,0.08594316319920745,0.45,0.0,180.0,180.0,1.0,1.0
38,0.0,source,0.08635845717562536,0.448,0.0,179.99999261081342,180.0,1.0006026540086124,1.0
38,0.0,target,0.08592559131037426,0.472,0.0,180.0,179.9999907652827,1.0,1.0005466037850423
38,0.0,both,0.08634081258662639,0.456,0.0,179.99999261081342,179.9999907652827,1.0006026540086124,1.0005466037850423
38,0.0,crump,0.08594316319920745,0.45,0.0,180.0,180.0,1.0,1.0
38,0.1,unweighted,0.10448480224051211,0.048,1.0,180.0,180.0,1.0,1.0
38,0.1,source,0.09236931004918514,0.236,0.0,172.90502576560286,180.0,1.4709377015321063,1.0
38,0.1,target,0.08722513926661604,0.428,0.0,180.0,173.48838510143355,1.0,1.4159366672899887
38,0.1,both,0.07550968989716221,0.828,0.0,172.90502576560286,173.48838510143355,1.4709377015321063,1.4159366672899887
38,0.1,crump,0.10448480224051211,0.048,1.0,180.0,180.0,1.0,1.0
38,0.2,unweighted,0.13231329065691205,0.002,1.0,180.0,180.0,1.0,1.0
38,0.2,source,0.1102546116174791,0.02,1.0,158.47536507622993,180.0,1.8070430884874162,1.0
38,0.2,target,0.09404689925260327,0.214,0.0,180.0,159.37244997638314,1.0,1.7422594317607891
38,0.2,both,0.07182144552651468,0.908,0.0,158.47536507622993,159.37244997638314,1.8070430884874162,1.7422594317607891
38,0.2,crump,0.13231329065691205,0.002,1.0,180.0,180.0,1.0,1.0
38,0.3,unweighted,0.17255817520195094,0.002,1.0,180.0,180.0,1.0,1.0
38,0.3,source,0.14258139287142674,0.002,1.0,139.80482034129372,180.0,2.1780913380433207,1.0
38,0.3,target,0.10935450314173989,0.02,1.0,180.0,138.11931143005484,1.0,2.1554395430394897
38,0.3,both,0.07582339916799058,0.828,0.0,139.80482034129372,138.11931143005484,2.1780913380433207,2.1554395430394897
38,0.3,crump,0.16008497846442776,0.002,1.0,163.0,174.0,1.0,1.0
38,0.4,unweighted,0.21354866064624295,0.002,1.0,180.0,180.0,1.0,1.0
38,0.4,source,0.17594056753219456,0.002,1.0,122.21448273079265,180.0,2.581817025817983,1.0
38,0.4,target,0.13109230519671133,0.002,1.0,180.0,118.6963279565453,1.0,2.555592285997474
38,0.4,both,0.08142003260985924,0.658,0.0,122.21448273079265,118.6963279565453,2.581817025817983,2.555592285997474
38,0.4,crump,0.14656512051189596,0.002,1.0,138.0,132.0,1.0,1.0
39,0.0,unweighted,0.09587081713915561,0.126,0.0,180.0,180.0,1.0,1.0
39,0.0,source,0.09824063542856756,0.096,0.0,179.8786607344945,180.0,1.0709702717832341,1.0
39,0.0,target,0.09773361157027177,0.1,0.0,180.0,179.87984260430136,1.0,1.0691592909297012
39,0.0,both,0.10013113365595032,0.07,0.0,179.8786607344945,179.87984260430136,1.0709702717832341,1.0691592909297012
39,0.0,crump,0.09587081713915561,0.126,0.0,180.0,180.0,1.0,1.0
39,0.1,unweighted,0.12036046143880506,0.002,1.0,180.0,180.0,1.0,1.0
39,0.1,source,0.10884577007771884,0.014,1.0,173.8154243025879,180.0,1.4307042268139527,1.0
39,0.1,target,0.10298336512323238,0.06,0.0,180.0,173.80613857273747,1.0,1.3753540682582894
39,0.1,both,0.0917172223248887,0.282,0.0,173.8154243025879,173.80613857273747,1.4307042268139527,1.3753540682582894
39,0.1,crump,0.12036046143880506,0.002,1.0,180.0,180.0,1.0,1.0
39,0.2,unweighted,0.14788732186404513,0.002,1.0,180.0,180.0,1.0,1.0
39,0.2,source,0.12705405861315727,0.002,1.0,159.58224747488632,180.0,1.7699358711736393,1.0
39,0.2,target,0.11066983052497782,0.012,1.0,180.0,159.56472257991697,1.0,1.7037030410020635
39,0.2,both,0.09010947573883346,0.356,0.0,159.58224747488632,159.56472257991697,1.7699358711736393,1.7037030410020635
39,0.2,crump,0.14788732186404513,0.002,1.0,180.0,180.0,1.0,1.0
39,0.3,unweighted,0.17743199207437893,0.002,1.0,180.0,180.0,1.0,1.0
39,0.3,source,0.14299053716355295,0.002,1.0,136.28243593270287,180.0,2.236232602728512,1.0
39,0.3,target,0.11826591939795457,0.004,1.0,180.0,137.94591107975106,1.0,2.14758165923329
39,0.3,both,0.07809819946365802,0.768,0.0,136.28243593270287,137.94591107975106,2.236232602728512,2.14758165923329
39,0.3,crump,0.15788736356877422,0.002,1.0,162.0,170.0,1.0,1.0
39,0.4,unweighted,0.21654862825788754,0.002,1.0,180.0,180.0,1.0,1.0
39,0.4,source,0.18378849946050974,0.002,1.0,119.53290088509675,180.0,2.447856296375786,1.0
39,0.4,target,0.1378689259925976,0.002,1.0,180.0,118.5402476075658,1.0,2.5508138203455824
39,0.4,both,0.09220658460799831,0.34,0.0,119.53290088509675,118.5402476075658,2.447856296375786,2.5508138203455824
39,0.4,crump,0.14201563766153846,0.002,1.0,125.0,130.0,1.0,1.0
40,0.0,unweighted,0.08039002248132907,0.658,0.0,180.0,180.0,1.0,1.0
40,0.0,source,0.07906071557656816,0.704,0.0,179.88087445581766,180.0,1.0766297570512204,1.0
40,0.0,target,0.07893029393801927,0.712,0.0,180.0,179.89531464948496,1.0,1.0678460825530074
40,0.0,both,0.07761310324084085,0.754,0.0,179.88087445581766,179.89531464948496,1.0766297570512204,1.0678460825530074
40,0.0,crump,0.08039002248132907,0.658,0.0,180.0,180.0,1.0,1.0
40,0.1,unweighted,0.10061605033531475,0.042,1.0,180.0,180.0,1.0,1.0
40,0.1,source,0.08346704253992022,0.544,0.0,167.8458673381972,180.0,1.6302602109174056,1.0
40,0.1,target,0.08234572105184874,0.606,0.0,180.0,170.99293789191958,1.0,1.5495028784000717
40,0.1,both,0.06578485765987951,0.982,0.0,167.8458673381972,170.99293789191958,1.6302602109174056,1.5495028784000717
40,0.1,crump,0.10061605033531475,0.042,1.0,180.0,180.0,1.0,1.0
40,0.2,unweighted,0.1370421658283798,0.002,1.0,180.0,180.0,1.0,1.0
40,0.2,source,0.10780416713288135,0.022,1.0,150.40258228851346,180.0,1.8415275045455048,1.0
40,0.2,target,0.09850062929189737,0.104,0.0,180.0,156.14869404776837,1.0,1.8859083097165794
40,0.2,both,0.06868295039486866,0.934,0.0,150.40258228851346,156.14869404776837,1.8415275045455048,1.8859083097165794
40,0.2,crump,0.1370421658283798,0.002,1.0,180.0,180.0,1.0,1.0
40,0.3,unweighted,0.1783950474394147,0.002,1.0,180.0,180.0,1.0,1.0
40,0.3,source,0.1404999582465848,0.002,1.0,132.07564613423554,180.0,2.1861551109707817,1.0
40,0.3,target,0.11618246926241485,0.006,1.0,180.0,135.43875697324745,1.0,2.2742934359766327
40,0.3,both,0.07486616380988698,0.802,0.0,132.07564613423554,135.43875697324745,2.1861551109707817,2.2742934359766327
40,0.3,crump,0.1479052989482042,0.002,1.0,154.0,161.0,1.0,1.0
40,0.4,unweighted,0.2278787570492303,0.002,1.0,180.0,180.0,1.0,1.0
40,0.4,source,0.18460492474526122,0.002,1.0,113.2636542215169,180.0,2.6915561368171135,1.0
40,0.4,target,0.15015309619587097,0.002,1.0,180.0,114.32533643291698,1.0,2.751753972656862
40,0.4,both,0.08956557034249246,0.418,0.0,113.2636542215169,114.32533643291698,2.6915561368171135,2.751753972656862
40,0.4,crump,0.1372449495106293,0.002,1.0,121.0,120.0,1.0,1.0
41,0.0,unweighted,0.0879593697607072,0.364,0.0,180.0,180.0,1.0,1.0
41,0.0,source,0.08694310630216974,0.418,0.0,179.90984647503583,180.0,1.0569646547182296,1.0
41,0.0,target,0.08621302015839902,0.458,0.0,180.0,179.88995653710145,1.0,1.084188308872497
41,0.0,both,0.08520641354941097,0.504,0.0,179.90984647503583,179.88995653710145,1.0569646547182296,1.084188308872497
41,0.0,crump,0.0879593697607072,0.364,0.0,180.0,180.0,1.0,1.0
41,0.1,unweighted,0.12606099394147235,0.002,1.0,180.0,180.0,1.0,1.0
41,0.1,source,0.10757439692526032,0.028,1.0,165.9857047614419,180.0,1.5993898280213437,1.0
41,0.1,target,0.09760152673081457,0.15,0.0,180.0,165.35879560856483,1.0,1.6944244700339695
41,0.1,both,0.07925280756573157,0.714,0.0,165.9857047614419,165.35879560856483,1.5993898280213437,1.6944244700339695
41,0.1,crump,0.12606099394147235,0.002,1.0,180.0,180.0,1.0,1.0
41,0.2,unweighted,0.1705697140298735,0.002,1.0,180.0,180.0,1.0,1.0
41,0.2,source,0.14527516223060175,0.002,1.0,149.58538532318263,180.0,1.9209949585622224,1.0
41,0.2,target,0.12138897632961247,0.004,1.0,180.0,149.27134150331858,1.0,2.037554223711124
41,0.2,both,0.09423386041313875,0.204,0.0,149.58538532318263,149.27134150331858,1.9209949585622224,2.037554223711124
41,0.2,crump,0.16667023841189765,0.002,1.0,175.0,178.0,1.0,1.0
41,0.3,unweighted,0.2035822407026368,0.002,1.0,180.0,180.0,1.0,1.0
41,0.3,source,0.16879782318941086,0.002,1.0,130.88293499131228,180.0,2.265826137855097,1.0
41,0.3,target,0.1399061279193617,0.002,1.0,180.0,131.85288417322124,1.0,2.3697307479769467
41,0.3,both,0.09648203009348127,0.166,0.0,130.88293499131228,131.85288417322124,2.265826137855097,2.3697307479769467
41,0.3,crump,0.16986081998965086,0.002,1.0,155.0,154.0,1.0,1.0
41,0.4,unweighted,0.22736852423411066,0.002,1.0,180.0,180.0,1.0,1.0
41,0.4,source,0.17906278314866061,0.002,1.0,111.90782748419957,180.0,2.7347148504918914,1.0
41,0.4,target,0.15014533414003153,0.002,1.0,180.0,111.24343472455261,1.0,2.792980094649633
41,0.4,both,0.08368233737622632,0.568,0.0,111.90782748419957,111.24343472455261,2.7347148504918914,2.792980094649633
41,0.4,crump,0.12437673079623522,0.002,1.0,116.0,113.0,1.0,1.0
42,0.0,unweighted,0.08075792085810089,0.63,0.0,180.0,180.0,1.0,1.0
42,0.0,source,0.08016909247820059,0.652,0.0,179.93158511682583,180.0,1.0654148743687701,1.0
42,0.0,target,0.07911519172819967,0.71,0.0,180.0,179.9084661530543,1.0,1.0671161783690288
42,0.0,both,0.07852986729656376,0.728,0.0,179.93158511682583,179.9084661530543,1.0654148743687701,1.0671161783690288
42,0.0,crump,0.08075792085810089,0.63,0.0,180.0,180.0,1.0,1.0
42,0.1,unweighted,0.11966196654473404,0.002,1.0,180.0,180.0,1.0,1.0
42,0.1,source,0.10832153811955203,0.026,1.0,171.16536716360963,180.0,1.5710912549115161,1.0
42,0.1,target,0.09447414248216252,0.206,0.0,180.0,169.28502903474697,1.0,1.5890550244487809
42,0.1,both,0.08307621073237323,0.568,0.0,171.16536716360963,169.28502903474697,1.5710912549115161,1.5890550244487809
42,0.1,crump,0.11966196654473404,0.002,1.0,180.0,180.0,1.0,1.0
42,0.2,unweighted,0.16122976870903827,0.002,1.0,180.0,180.0,1.0,1.0
42,0.2,source,0.1418499699132238,0.002,1.0,157.4811636353533,180.0,1.9146897647836292,1.0
42,0.2,target,0.11408237835611641,0.014,1.0,180.0,152.1843417921678,1.0,1.9710666909239425
42,0.2,both,0.09396256924311186,0.238,0.0,157.4811636353533,152.1843417921678,1.9146897647836292,1.9710666909239425
42,0.2,crump,0.16082373005520878,0.002,1.0,179.0,180.0,1.0,1.0
42,0.3,unweighted,0.18958066415180613,0.002,1.0,180.0,180.0,1.0,1.0
42,0.3,source,0.16154011733714718,0.002,1.0,139.81716164264267,180.0,2.2742422403035882,1.0
42,0.3,target,0.12456212704683763,0.002,1.0,180.0,134.0441296864543,1.0,2.3459687380142262
42,0.3,both,0.09102389276243325,0.336,0.0,139.81716164264267,134.0441296864543,2.2742422403035882,2.3459687380142262
42,0.3,crump,0.1756558265617416,0.002,1.0,161.0,170.0,1.0,1.0
42,0.4,unweighted,0.21227905044962658,0.002,1.0,180.0,180.0,1.0,1.0
42,0.4,source,0.17261874217277878,0.002,1.0,122.6778891731236,180.0,2.6721374219234955,1.0
42,0.4,target,0.13637440354013627,0.002,1.0,180.0,117.69489330788379,1.0,2.7295665491909458
42,0.4,both,0.08842810371009446,0.392,0.0,122.6778891731236,117.69489330788379,2.6721374219234955,2.7295665491909458
42,0.4,crump,0.15636372783028737,0.002,1.0,132.0,135.0,1.0,1.0
43,0.0,unweighted,0.07644611339734796,0.782,0.0,180.0,180.0,1.0,1.0
43,0.0,source,0.0779745911260798,0.748,0.0,179.95465202485966,180.0,1.0346685484226181,1.0
43,0.0,target,0.07750214192079108,0.766,0.0,180.0,179.94926302155503,1.0,1.0402190707171053
43,0.0,both,0.07904404432991659,0.714,0.0,179.95465202485966,179.94926302155503,1.0346685484226181,1.0402190707171053
43,0.0,crump,0.07644611339734796,0.782,0.0,180.0,180.0,1.0,1.0
43,0.1,unweighted,0.10663911751257432,0.024,1.0,180.0,180.0,1.0,1.0
43,0.1,source,0.09691651277525452,0.118,0.0,174.35392001798093,180.0,1.3857533855619442,1.0
43,0.1,target,0.08763013316516267,0.386,0.0,180.0,173.5017484180783,1.0,1.3902621612849448
43,0.1,both,0.07806200799315258,0.758,0.0,174.35392001798093,173.5017484180783,1.3857533855619442,1.3902621612849448
43,0.1,crump,0.10663911751257432,0.024,1.0,180.0,180.0,1.0,1.0
43,0.2,unweighted,0.12810507544581617,0.002,1.0,180.0,180.0,1.0,1.0
43,0.2,source,0.10862104704057739,0.022,1.0,162.072043563664,180.0,1.6750536273770553,1.0
43,0.2,target,0.09045612354964067,0.302,0.0,180.0,160.435193963164,1.0,1.6808474220781036
43,0.2,both,0.07078914632212643,0.924,0.0,162.072043563664,160.435193963164,1.6750536273770553,1.6808474220781036
43,0.2,crump,0.12810507544581617,0.002,1.0,180.0,180.0,1.0,1.0
43,0.3,unweighted,0.17309356710105167,0.002,1.0,180.0,180.0,1.0,1.0
43,0.3,source,0.1433202508041507,0.002,1.0,143.39933724158647,180.0,2.0564256903894553,1.0
43,0.3,target,0.1142484847639898,0.006,1.0,180.0,140.18059798946754,1.0,2.0790148816398926
43,0.3,both,0.08101395356858422,0.672,0.0,143.39933724158647,140.18059798946754,2.0564256903894553,2.0790148816398926
43,0.3,crump,0.16857773521214797,0.002,1.0,178.0,176.0,1.0,1.0
43,0.4,unweighted,0.1988031654854443,0.002,1.0,180.0,180.0,1.0,1.0
43,0.4,source,0.16237227447460226,0.002,1.0,128.67120142983958,180.0,2.3736954316126657,1.0
43,0.4,target,0.12643565486368435,0.004,1.0,180.0,124.64352880050538,1.0,2.402662130650091
43,0.4,both,0.08078634892592544,0.678,0.0,128.67120142983958,124.64352880050538,2.3736954316126657,2.402662130650091
43,0.4,crump,0.15955286890146686,0.002,1.0,160.0,147.0,1.0,1.0
44,0.0,unweighted,0.09098400301021187,0.276,0.0,180.0,180.0,1.0,1.0
44,0.0,source,0.09240752227785116,0.228,0.0,179.95785398381588,180.0,1.0484949294694421,1.0
44,0.0,target,0.09208411846420633,0.242,0.0,180.0,179.95783913338218,1.0,1.0375637583362778
44,0.0,both,0.09351754131686082,0.212,0.0,179.95785398381588,179.95783913338218,1.0484949294694421,1.0375637583362778
44,0.0,crump,0.09098400301021187,0.276,0.0,180.0,180.0,1.0,1.0
44,0.1,unweighted,0.1090393118427069,0.016,1.0,180.0,180.0,1.0,1.0
44,0.1,source,0.09704207508956335,0.136,0.0,172.69941175623177,180.0,1.4665028496064458,1.0
44,0.1,target,0.09162161037934398,0.258,0.0,180.0,173.4352328571631,1.0,1.4434056206907715
44,0.1,both,0.07987377478453733,0.712,0.0,172.69941175623177,173.4352328571631,1.4665028496064458,1.4434056206907715
44,0.1,crump,0.1090393118427069,0.016,1.0,180.0,180.0,1.0,1.0
44,0.2,unweighted,0.13954278787532387,0.002,1.0,180.0,180.0,1.0,1.0
44,0.2,source,0.11305158148245835,0.014,1.0,153.80928948938444,180.0,1.8264524325248237,1.0
44,0.2,target,0.10185986788772533,0.07,0.0,180.0,157.65974180113108,1.0,1.8253820980563755
44,0.2,both,0.07524836001485893,0.842,0.0,153.80928948938444,157.65974180113108,1.8264524325248237,1.8253820980563755
44,0.2,crump,0.13954278787532387,0.002,1.0,180.0,180.0,1.0,1.0
44,0.3,unweighted,0.17150447721383935,0.002,1.0,180.0,180.0,1.0,1.0
44,0.3,source,0.14513735319879653,0.002,1.0,138.53580165475938,180.0,2.123181161565649,1.0
44,0.3,target,0.10942198557581051,0.008,1.0,180.0,140.33353003852432,1.0,2.1621734002920796
44,0.3,both,0.07780850836900188,0.75,0.0,138.53580165475938,140.33353003852432,2.123181161565649,2.1621734002920796
44,0.3,crump,0.15465483165655267,0.002,1.0,169.0,168.0,1.0,1.0
44,0.4,unweighted,0.20849484358329526,0.002,1.0,180.0,180.0,1.0,1.0
44,0.4,source,0.16407187062270023,0.002,1.0,121.04731135924816,180.0,2.5390279047453506,1.0
44,0.4,target,0.13690788094962464,0.002,1.0,180.0,120.68169277566082,1.0,2.590264315167978
44,0.4,both,0.08035149387821897,0.658,0.0,121.04731135924816,120.68169277566082,2.5390279047453506,2.590264315167978
44,0.4,crump,0.14073988345029545,0.002,1.0,128.0,139.0,1.0,1.0
45,0.0,unweighted,0.07737526005944216,0.798,0.0,180.0,180.0,1.0,1.0
45,0.0,source,0.0800768777387934,0.73,0.0,179.83307910397582,180.0,1.0839084545675908,1.0
45,0.0,target,0.07925012656342659,0.756,0.0,180.0,179.84377364497448,1.0,1.1019640039836582
45,0.0,both,0.08198765838788231,0.65,0.0,179.83307910397582,179.84377364497448,1.0839084545675908,1.1019640039836582
45,0.0,crump,0.07737526005944216,0.798,0.0,180.0,180.0,1.0,1.0
45,0.1,unweighted,0.11735505353604633,0.004,1.0,180.0,180.0,1.0,1.0
45,0.1,source,0.10408423222160589,0.042,1.0,170.05158153802782,180.0,1.5916286105968493,1.0
45,0.1,target,0.09431154047928336,0.168,0.0,180.0,170.7451694360367,1.0,1.4377343932486424
45,0.1,both,0.08131625337965126,0.61,0.0,170.05158153802782,170.7451694360367,1.5916286105968493,1.4377343932486424
45,0.1,crump,0.11735505353604633,0.004,1.0,180.0,180.0,1.0,1.0
45,0.2,unweighted,0.14422081237616216,0.002,1.0,180.0,180.0,1.0,1.0
45,0.2,source,0.11820480648691008,0.006,1.0,154.18466730963368,180.0,1.9418770637340839,1.0
45,0.2,target,0.10270400733641522,0.058,0.0,180.0,156.18273873976025,1.0,1.7127731744133903
45,0.2,both,0.07608990091648911,0.784,0.0,154.18466730963368,156.18273873976025,1.9418770637340839,1.7127731744133903
45,0.2,crump,0.14422081237616216,0.002,1.0,180.0,180.0,1.0,1.0
45,0.3,unweighted,0.16364045591373266,0.002,1.0,180.0,180.0,1.0,1.0
45,0.3,source,0.12659616450655428,0.002,1.0,136.93330725052923,180.0,2.2977089365154186,1.0
45,0.3,target,0.10452293788728419,0.042,1.0,180.0,139.62011568578552,1.0,2.030213480131641
45,0.3,both,0.06479935212355356,0.96,0.0,136.93330725052923,139.62011568578552,2.2977089365154186,2.030213480131641
45,0.3,crump,0.14844227788369702,0.002,1.0,170.0,169.0,1.0,1.0
45,0.4,unweighted,0.21088128905654624,0.002,1.0,180.0,180.0,1.0,1.0
45,0.4,source,0.15753555193808866,0.002,1.0,113.7981638471884,180.0,2.815486693635299,1.0
45,0.4,target,0.1397862435799076,0.002,1.0,180.0,119.76915910187199,1.0,2.4845689264503004
45,0.4,both,0.07141624713930675,0.86,0.0,113.7981638471884,119.76915910187199,2.815486693635299,2.4845689264503004
45,0.4,crump,0.1317925765321158,0.002,1.0,132.0,127.0,1.0,1.0
46,0.0,unweighted,0.0837967830742265,0.51,0.0,180.0,180.0,1.0,1.0
46,0.0,source,0.07677666007360927,0.774,0.0,178.25836738457548,180.0,1.3070099980492882,1.0
46,0.0,target,0.07795444682465018,0.756,0.0,180.0,178.35635562020232,1.0,1.2858566377097222
46,0.0,both,0.07118520596470762,0.91,0.0,178.25836738457548,178.35635562020232,1.3070099980492882,1.2858566377097222
46,0.0,crump,0.0837967830742265,0.51,0.0,180.0,180.0,1.0,1.0
46,0.1,unweighted,0.10911067291571408,0.02,1.0,180.0,180.0,1.0,1.0
46,0.1,source,0.09136690573866692,0.286,0.0,165.95653492021535,180.0,1.7362114109438336,1.0
46,0.1,target,0.08492033810969514,0.5,0.0,180.0,166.47000036051026,1.0,1.6993497319379058
46,0.1,both,0.06789980170402139,0.96,0.0,165.95653492021535,166.47000036051026,1.7362114109438336,1.6993497319379058
46,0.1,crump,0.10911067291571408,0.02,1.0,180.0,180.0,1.0,1.0
46,0.2,unweighted,0.14676092535436672,0.002,1.0,180.0,180.0,1.0,1.0
46,0.2,source,0.12364930338578431,0.002,1.0,148.21065597124465,180.0,2.111085082948877,1.0
46,0.2,target,0.09937776130189294,0.122,0.0,180.0,149.44665240485628,1.0,2.0691119882786095
46,0.2,both,0.07587329924830362,0.796,0.0,148.21065597124465,149.44665240485628,2.111085082948877,2.0691119882786095
46,0.2,crump,0.12856295648891927,0.002,1.0,167.0,169.0,1.0,1.0
46,0.3,unweighted,0.17974481786313062,0.002,1.0,180.0,180.0,1.0,1.0
46,0.3,source,0.13658591745290002,0.002,1.0,126.91598872123386,180.0,2.506168458322416,1.0
46,0.3,target,0.11961540924787009,0.004,1.0,180.0,132.77000094758657,1.0,2.4234855998983362
46,0.3,both,0.07105322737388894,0.872,0.0,126.91598872123386,132.77000094758657,2.506168458322416,2.4234855998983362
46,0.3,crump,0.12031427938412513,0.002,1.0,139.0,143.0,1.0,1.0
46,0.4,unweighted,0.22694443110806278,0.002,1.0,180.0,180.0,1.0,1.0
46,0.4,source,0.17505339394022026,0.002,1.0,109.6120884841424,180.0,2.7645091089681872,1.0
46,0.4,target,0.15889823677754436,0.002,1.0,180.0,114.3046974386871,1.0,2.8750453682825445
46,0.4,both,0.09081713575653666,0.346,0.0,109.6120884841424,114.3046974386871,2.7645091089681872,2.8750453682825445
46,0.4,crump,0.1308833710894515,0.006,1.0,117.0,116.0,1.0,1.0
47,0.0,unweighted,0.08347174306508155,0.518,0.0,180.0,180.0,1.0,1.0
47,0.0,source,0.07894303143512378,0.718,0.0,178.9478485452644,180.0,1.2045385950763197,1.0
47,0.0,target,0.07786024163672275,0.764,0.0,180.0,178.90321914387718,1.0,1.2077802162953128
47,0.0,both,0.07350257735544719,0.886,0.0,178.9478485452644,178.90321914387718,1.2045385950763197,1.2077802162953128
47,0.0,crump,0.08347174306508155,0.518,0.0,180.0,180.0,1.0,1.0
47,0.1,unweighted,0.11516424897119341,0.01,1.0,180.0,180.0,1.0,1.0
47,0.1,source,0.10050617765530503,0.084,0.0,168.42308868093377,180.0,1.5874292236454344,1.0
47,0.1,target,0.08834108323932124,0.362,0.0,180.0,167.3667484155266,1.0,1.603636628120836
47,0.1,both,0.0741788330042924,0.87,0.0,168.42308868093377,167.3667484155266,1.5874292236454344,1.603636628120836
47,0.1,crump,0.11516424897119341,0.01,1.0,180.0,180.0,1.0,1.0
47,0.2,unweighted,0.15751777358634356,0.002,1.0,180.0,180.0,1.0,1.0
47,0.2,source,0.1330137427308881,0.002,1.0,147.91368385904485,180.0,1.9796382507234151,1.0
47,0.2,target,0.10486730217351861,0.038,1.0,180.0,147.8675856255007,1.0,2.0086189174535933
47,0.2,both,0.07829005268113035,0.73,0.0,147.91368385904485,147.8675856255007,1.9796382507234151,2.0086189174535933
47,0.2,crump,0.1531376446948135,0.002,1.0,177.0,177.0,1.0,1.0
47,0.3,unweighted,0.20000224622770918,0.002,1.0,180.0,180.0,1.0,1.0
47,0.3,source,0.15922863810270063,0.002,1.0,126.29971000353946,180.0,2.44036809886843,1.0
47,0.3,target,0.12998894771426342,0.002,1.0,180.0,126.66948589658197,1.0,2.4244873331139063
47,0.3,both,0.08093970693723809,0.624,0.0,126.29971000353946,126.66948589658197,2.44036809886843,2.4244873331139063
47,0.3,crump,0.14230136484038405,0.002,1.0,144.0,142.0,1.0,1.0
47,0.4,unweighted,0.22977889612863894,0.002,1.0,180.0,180.0,1.0,1.0
47,0.4,source,0.17796814425332552,0.002,1.0,109.02772504371782,180.0,2.8746150426820063,1.0
47,0.4,target,0.149696629212677,0.002,1.0,180.0,110.7907370862227,1.0,2.6792420377990798
47,0.4,both,0.08136711656913995,0.596,0.0,109.02772504371782,110.7907370862227,2.8746150426820063,2.6792420377990798
47,0.4,crump,0.1245488727991355,0.004,1.0,113.0,118.0,1.0,1.0
48,0.0,unweighted,0.08146745637098003,0.594,0.0,180.0,180.0,1.0,1.0
48,0.0,source,0.0794698250314064,0.69,0.0,179.75864994043633,180.0,1.0916707426702152,1.0
48,0.0,target,0.07874569460650475,0.718,0.0,180.0,179.7294396776297,1.0,1.100109458786108
48,0.0,both,0.07677133877065388,0.8,0.0,179.75864994043633,179.7294396776297,1.0916707426702152,1.100109458786108
48,0.0,crump,0.08146745637098003,0.594,0.0,180.0,180.0,1.0,1.0
48,0.1,unweighted,0.1228663723136717,0.002,1.0,180.0,180.0,1.0,1.0
48,0.1,source,0.10924189087007445,0.004,1.0,171.83424852641738,180.0,1.4845799033402232,1.0
48,0.1,target,0.0987131877010547,0.09,0.0,180.0,169.54052729805898,1.0,1.5458834005657138
48,0.1,both,0.08540169194079446,0.51,0.0,171.83424852641738,169.54052729805898,1.4845799033402232,1.5458834005657138
48,0.1,crump,0.1228663723136717,0.002,1.0,180.0,180.0,1.0,1.0
48,0.2,unweighted,0.1548833076131687,0.002,1.0,180.0,180.0,1.0,1.0
48,0.2,source,0.12838198128842743,0.002,1.0,155.762480192403,180.0,1.8290131622293666,1.0
48,0.2,target,0.11155492196718411,0.01,1.0,180.0,152.82313622503528,1.0,1.9171129134950977
48,0.2,both,0.08464546000977193,0.532,0.0,155.762480192403,152.82313622503528,1.8290131622293666,1.9171129134950977
48,0.2,crump,0.1548833076131687,0.002,1.0,180.0,180.0,1.0,1.0
48,0.3,unweighted,0.17996067196311538,0.002,1.0,180.0,180.0,1.0,1.0
48,0.3,source,0.1482136984984683,0.002,1.0,139.95897064676217,180.0,2.1243450224090346,1.0
48,0.3,target,0.11918481671164007,0.006,1.0,180.0,137.4107001771789,1.0,2.2201789962929817
48,0.3,both,0.08303731473807523,0.586,0.0,139.95897064676217,137.4107001771789,2.1243450224090346,2.2201789962929817
48,0.3,crump,0.1619804961767105,0.002,1.0,167.0,167.0,1.0,1.0
48,0.4,unweighted,0.21396277149062642,0.002,1.0,180.0,180.0,1.0,1.0
48,0.4,source,0.1789662888687665,0.002,1.0,121.88018999925842,180.0,2.4041931247194,1.0
48,0.4,target,0.1335282550421115,0.002,1.0,180.0,117.64283101377485,1.0,2.6460843554235622
48,0.4,both,0.08542463914824922,0.492,0.0,121.88018999925842,117.64283101377485,2.4041931247194,2.6460843554235622
48,0.4,crump,0.14390247375898263,0.002,1.0,130.0,132.0,1.0,1.0
49,0.0,unweighted,0.08186349832342629,0.592,0.0,180.0,180.0,1.0,1.0
49,0.0,source,0.07987763548453214,0.692,0.0,179.74242170641736,180.0,1.100394149674676,1.0
49,0.0,target,0.07933879438971486,0.714,0.0,180.0,179.7792686637685,1.0,1.0952061320247282
49,0.0,both,0.07737614383044907,0.786,0.0,179.74242170641736,179.7792686637685,1.100394149674676,1.0952061320247282
49,0.0,crump,0.08186349832342629,0.592,0.0,180.0,180.0,1.0,1.0
49,0.1,unweighted,0.0992642413504039,0.064,0.0,180.0,180.0,1.0,1.0
49,0.1,source,0.08762189698327719,0.378,0.0,174.6727542939678,180.0,1.4139837694236994,1.0
49,0.1,target,0.0858768438968271,0.446,0.0,180.0,175.18353493148277,1.0,1.3965022593480025
49,0.1,both,0.07463790171415288,0.874,0.0,174.6727542939678,175.18353493148277,1.4139837694236994,1.3965022593480025
49,0.1,crump,0.0992642413504039,0.064,0.0,180.0,180.0,1.0,1.0
49,0.2,unweighted,0.1337049144566377,0.002,1.0,180.0,180.0,1.0,1.0
49,0.2,source,0.11410014496730024,0.012,1.0,161.31687332258005,180.0,1.7401849817304376,1.0
49,0.2,target,0.09779820150649529,0.118,0.0,180.0,161.2698578878703,1.0,1.7294502301171795
49,0.2,both,0.07741785272796396,0.764,0.0,161.31687332258005,161.2698578878703,1.7401849817304376,1.7294502301171795
49,0.2,crump,0.1337049144566377,0.002,1.0,180.0,180.0,1.0,1.0
49,0.3,unweighted,0.16477269852156684,0.002,1.0,180.0,180.0,1.0,1.0
49,0.3,source,0.1323866376045195,0.002,1.0,146.7025621962525,180.0,2.004119155864591,1.0
49,0.3,target,0.1155697649841108,0.002,1.0,180.0,148.69944592355805,1.0,1.9806211529264224
49,0.3,both,0.08092702821466433,0.656,0.0,146.7025621962525,148.69944592355805,2.004119155864591,1.9806211529264224
49,0.3,crump,0.16322422777966722,0.002,1.0,179.0,179.0,1.0,1.0
49,0.4,unweighted,0.1917339639536656,0.002,1.0,180.0,180.0,1.0,1.0
49,0.4,source,0.15095964370000958,0.002,1.0,130.08646671556937,180.0,2.363812564860548,1.0
49,0.4,target,0.12511313661174223,0.002,1.0,180.0,129.96397066608,1.0,2.3435974125447276
49,0.4,both,0.07445825975027506,0.812,0.0,130.08646671556937,129.96397066608,2.363812564860548,2.3435974125447276
49,0.4,crump,0.1638593015141165,0.002,1.0,169.0,156.0,1.0,1.0
50,0.0,unweighted,0.07766718678555098,0.77,0.0,180.0,180.0,1.0,1.0
50,0.0,source,0.07968973459573603,0.72,0.0,179.8981945400088,180.0,1.0759492819917114,1.0
50,0.0,target,0.07911334742742551,0.74,0.0,180.0,179.89645839913385,1.0,1.0544863105311808
50,0.0,both,0.081158551462426,0.672,0.0,179.8981945400088,179.89645839913385,1.0759492819917114,1.0544863105311808
50,0.0,crump,0.07766718678555098,0.77,0.0,180.0,180.0,1.0,1.0
50,0.1,unweighted,0.0923699721841183,0.22,0.0,180.0,180.0,1.0,1.0
50,0.1,source,0.0844383387079816,0.49,0.0,176.83734895611127,180.0,1.3186793796175087,1.0
50,0.1,target,0.08267722413628809,0.56,0.0,180.0,177.10322174323193,1.0,1.3158250557329014
50,0.1,both,0.07487903941774478,0.842,0.0,176.83734895611127,177.10322174323193,1.3186793796175087,1.3158250557329014
50,0.1,crump,0.0923699721841183,0.22,0.0,180.0,180.0,1.0,1.0
50,0.2,unweighted,0.1357665847431794,0.002,1.0,180.0,180.0,1.0,1.0
50,0.2,source,0.11731385546942363,0.002,1.0,163.83227203609658,180.0,1.6953706737378467,1.0
50,0.2,target,0.100763208310702,0.074,0.0,180.0,162.14877613260586,1.0,1.7211505961426514
50,0.2,both,0.0821353885493816,0.586,0.0,163.83227203609658,162.14877613260586,1.6953706737378467,1.7211505961426514
50,0.2,crump,0.1357665847431794,0.002,1.0,180.0,180.0,1.0,1.0
50,0.3,unweighted,0.1721374666590459,0.002,1.0,180.0,180.0,1.0,1.0
50,0.3,source,0.14278925294616157,0.002,1.0,148.21732896940716,180.0,1.9493256072615526,1.0
50,0.3,target,0.11871684006116628,0.002,1.0,180.0,144.17699887597217,1.0,2.079025061922075
50,0.3,both,0.08744477871809261,0.41,0.0,148.21732896940716,144.17699887597217,1.9493256072615526,2.079025061922075
50,0.3,crump,0.16890106813036465,0.002,1.0,175.0,179.0,1.0,1.0
50,0.4,unweighted,0.20070198331047095,0.002,1.0,180.0,180.0,1.0,1.0
50,0.4,source,0.16242803001777945,0.002,1.0,124.77375235331928,180.0,2.43254048250358,1.0
50,0.4,target,0.12844122023543147,0.002,1.0,180.0,123.70738404771137,1.0,2.526475827888332
50,0.4,both,0.08177250153100629,0.608,0.0,124.77375235331928,123.70738404771137,2.43254048250358,2.526475827888332
50,0.4,crump,0.1464361988504573,0.002,1.0,141.0,144.0,1.0,1.0
51,0.0,unweighted,0.10331348784484073,0.042,1.0,180.0,180.0,1.0,1.0
51,0.0,source,0.10337230040272959,0.044,1.0,179.99241217746558,180.0,1.021897262081561,1.0
51,0.0,target,0.10281230051845784,0.048,1.0,180.0,179.99292813017348,1.0,1.0169642371490397
51,0.0,both,0.10287031289245249,0.048,1.0,179.99241217746558,179.99292813017348,1.021897262081561,1.0169642371490397
51,0.0,crump,0.10331348784484073,0.042,1.0,180.0,180.0,1.0,1.0
51,0.1,unweighted,0.12992542009602195,0.002,1.0,180.0,180.0,1.0,1.0
51,0.1,source,0.11615960570686273,0.004,1.0,171.99203353881444,180.0,1.5904322146582892,1.0
51,0.1,target,0.1094457794685667,0.012,1.0,180.0,172.5249243414669,1.0,1.396988043690682
51,0.1,both,0.09600172365380577,0.162,0.0,171.99203353881444,172.5249243414669,1.5904322146582892,1.396988043690682
51,0.1,crump,0.12992542009602195,0.002,1.0,180.0,180.0,1.0,1.0
51,0.2,unweighted,0.1468839191815272,0.002,1.0,180.0,180.0,1.0,1.0
51,0.2,source,0.12256454151347113,0.004,1.0,159.61474779334964,180.0,1.901699062252221,1.0
51,0.2,target,0.11002418354574395,0.018,1.0,180.0,160.32324993785463,1.0,1.6737823478564033
51,0.2,both,0.08605536020304025,0.466,0.0,159.61474779334964,160.32324993785463,1.901699062252221,1.6737823478564033
51,0.2,crump,0.1468839191815272,0.002,1.0,180.0,180.0,1.0,1.0
51,0.3,unweighted,0.17860901539399482,0.002,1.0,180.0,180.0,1.0,1.0
51,0.3,source,0.13969201613975746,0.002,1.0,138.8724320972561,180.0,2.3333688641241914,1.0
51,0.3,target,0.12359948627336598,0.002,1.0,180.0,140.60032050302155,1.0,2.0528098432278936
51,0.3,both,0.08179206945929693,0.63,0.0,138.8724320972561,140.60032050302155,2.3333688641241914,2.0528098432278936
51,0.3,crump,0.16906872614780985,0.002,1.0,173.0,171.0,1.0,1.0
51,0.4,unweighted,0.20672586114921504,0.002,1.0,180.0,180.0,1.0,1.0
51,0.4,source,0.1599091728503901,0.002,1.0,120.4621043800327,180.0,2.7871109982613853,1.0
51,0.4,target,0.13504484364161407,0.002,1.0,180.0,120.02003198124126,1.0,2.4731008059315354
51,0.4,both,0.07955896154640509,0.7,0.0,120.4621043800327,120.02003198124126,2.7871109982613853,2.4731008059315354
51,0.4,crump,0.145758824820534,0.002,1.0,136.0,134.0,1.0,1.0
52,0.0,unweighted,0.08674567901234567,0.404,0.0,180.0,180.0,1.0,1.0
52,0.0,source,0.09020287860049296,0.3,0.0,179.76385843351085,180.0,1.0818311822067705,1.0
52,0.0,target,0.0889351934724381,0.34,0.0,180.0,179.76503616085708,1.0,1.0995127163417033
52,0.0,both,0.0924457238685457,0.246,0.0,179.76385843351085,179.76503616085708,1.0818311822067705,1.0995127163417033
52,0.0,crump,0.08674567901234567,0.404,0.0,180.0,180.0,1.0,1.0
52,0.1,unweighted,0.10577869227251943,0.028,1.0,180.0,180.0,1.0,1.0
52,0.1,source,0.09424857164055317,0.22,0.0,172.01419628071767,180.0,1.5070202854694135,1.0
52,0.1,target,0.08460495783049894,0.532,0.0,180.0,171.84816269995667,1.0,1.5021063279964608
52,0.1,both,0.0732906461389454,0.9,0.0,172.01419628071767,171.84816269995667,1.5070202854694135,1.5021063279964608
52,0.1,crump,0.10577869227251943,0.028,1.0,180.0,180.0,1.0,1.0
52,0.2,unweighted,0.14661967116293248,0.002,1.0,180.0,180.0,1.0,1.0
52,0.2,source,0.12671057489192603,0.002,1.0,157.28226447192569,180.0,1.8615609737083987,1.0
52,0.2,target,0.099237017207951,0.09,0.0,180.0,154.30347096586135,1.0,1.8678755549010122
52,0.2,both,0.07879039041150383,0.73,0.0,157.28226447192569,154.30347096586135,1.8615609737083987,1.8678755549010122
52,0.2,crump,0.14661967116293248,0.002,1.0,180.0,180.0,1.0,1.0
52,0.3,unweighted,0.1842040933165676,0.002,1.0,180.0,180.0,1.0,1.0
52,0.3,source,0.15372842374201662,0.002,1.0,140.61649122785937,180.0,2.2307226560296862,1.0
52,0.3,target,0.11993156035548957,0.004,1.0,180.0,135.5778105347135,1.0,2.229930275619894
52,0.3,both,0.08417942384140364,0.56,0.0,140.61649122785937,135.5778105347135,2.2307226560296862,2.229930275619894
52,0.3,crump,0.17053522377644864,0.002,1.0,169.0,170.0,1.0,1.0
52,0.4,unweighted,0.2107902853985673,0.002,1.0,180.0,180.0,1.0,1.0
52,0.4,source,0.17055635753264214,0.002,1.0,123.6878982449676,180.0,2.5936906619466606,1.0
52,0.4,target,0.13361260862356944,0.002,1.0,180.0,119.4440935507385,1.0,2.5839583701914304
52,0.4,both,0.08407758406904803,0.578,0.0,123.6878982449676,119.4440935507385,2.5936906619466606,2.5839583701914304
52,0.4,crump,0.16757434045839037,0.002,1.0,151.0,144.0,1.0,1.0
53,0.0,unweighted,0.07638530902301478,0.804,0.0,180.0,180.0,1.0,1.0
53,0.0,source,0.07767016090363084,0.768,0.0,179.9637026246299,180.0,1.0415099346364158,1.0
53,0.0,target,0.07731494635871805,0.782,0.0,180.0,179.96496007518937,1.0,1.034740488686141
53,0.0,both,0.07860889686490947,0.746,0.0,179.9637026246299,179.96496007518937,1.0415099346364158,1.034740488686141
53,0.0,crump,0.07638530902301478,0.804,0.0,180.0,180.0,1.0,1.0
53,0.1,unweighted,0.12098836210181374,0.002,1.0,180.0,180.0,1.0,1.0
53,0.1,source,0.10482473321970316,0.044,1.0,168.961534802849,180.0,1.5396910035014055,1.0
53,0.1,target,0.0924501418546677,0.228,0.0,180.0,166.68559513318525,1.0,1.6013606865129062
53,0.1,both,0.07622112933077413,0.808,0.0,168.961534802849,166.68559513318525,1.5396910035014055,1.6013606865129062
53,0.1,crump,0.12098836210181374,0.002,1.0,180.0,180.0,1.0,1.0
53,0.2,unweighted,0.16536156550068587,0.002,1.0,180.0,180.0,1.0,1.0
53,0.2,source,0.14368383061826812,0.002,1.0,155.04977216182954,180.0,1.8327674999015935,1.0
53,0.2,target,0.11497974884285746,0.006,1.0,180.0,149.27736311089777,1.0,1.949117452869819
53,0.2,both,0.09082641999017944,0.304,0.0,155.04977216182954,149.27736311089777,1.8327674999015935,1.949117452869819
53,0.2,crump,0.16261779783256386,0.002,1.0,178.0,178.0,1.0,1.0
53,0.3,unweighted,0.20002746818320377,0.002,1.0,180.0,180.0,1.0,1.0
53,0.3,source,0.16874948772432685,0.002,1.0,134.08790934389995,180.0,2.246149683130825,1.0
53,0.3,target,0.12925047339628876,0.002,1.0,180.0,127.18988693425905,1.0,2.388079595158209
53,0.3,both,0.08973542924861473,0.41,0.0,134.08790934389995,127.18988693425905,2.246149683130825,2.388079595158209
53,0.3,crump,0.15254453138223645,0.002,1.0,157.0,141.0,1.0,1.0
53,0.4,unweighted,0.23128698654930652,0.002,1.0,180.0,180.0,1.0,1.0
53,0.4,source,0.19110726548120838,0.002,1.0,116.61392928527722,180.0,2.6582289586894023,1.0
53,0.4,target,0.14932752284004397,0.002,1.0,180.0,110.2627948790406,1.0,2.8188103426640927
53,0.4,both,0.09025804342545941,0.364,0.0,116.61392928527722,110.2627948790406,2.6582289586894023,2.8188103426640927
53,0.4,crump,0.14592251695435624,0.002,1.0,128.0,116.0,1.0,1.0
54,0.0,unweighted,0.07930737978204543,0.692,0.0,180.0,180.0,1.0,1.0
54,0.0,source,0.07907636998739408,0.72,0.0,179.9800465383621,180.0,1.0287295653252564,1.0
54,0.0,target,0.07865106486367457,0.73,0.0,180.0,179.98028730372005,1.0,1.0294510849243272
54,0.0,both,0.07842044292033037,0.752,0.0,179.9800465383621,179.98028730372005,1.0287295653252564,1.0294510849243272
54,0.0,crump,0.07930737978204543,0.692,0.0,180.0,180.0,1.0,1.0
54,0.1,unweighted,0.10589181146166743,0.018,1.0,180.0,180.0,1.0,1.0
54,0.1,source,0.09048085446601292,0.324,0.0,169.7325405958396,180.0,1.5614135871957078,1.0
54,0.1,target,0.0850913768178701,0.478,0.0,180.0,169.8571729224098,1.0,1.5617042847228473
54,0.1,both,0.07036698098227373,0.946,0.0,169.7325405958396,169.8571729224098,1.5614135871957078,1.5617042847228473
54,0.1,crump,0.10589181146166743,0.018,1.0,180.0,180.0,1.0,1.0
54,0.2,unweighted,0.15645310737692425,0.002,1.0,180.0,180.0,1.0,1.0
54,0.2,source,0.13202398264443843,0.002,1.0,151.17445364990715,180.0,1.9603074869733543,1.0
54,0.2,target,0.10977431933563347,0.024,1.0,180.0,150.90386027775082,1.0,1.9623854094494366
54,0.2,both,0.08462158512737199,0.55,0.0,151.17445364990715,150.90386027775082,1.9603074869733543,1.9623854094494366
54,0.2,crump,0.15558630946892701,0.002,1.0,178.0,180.0,1.0,1.0
54,0.3,unweighted,0.1783455446959305,0.002,1.0,180.0,180.0,1.0,1.0
54,0.3,source,0.1479319973840466,0.002,1.0,137.09321952055896,180.0,2.241940749613937,1.0
54,0.3,target,0.1132619388105474,0.004,1.0,180.0,135.364119169468,1.0,2.270735572062424
54,0.3,both,0.07742569647430579,0.764,0.0,137.09321952055896,135.364119169468,2.241940749613937,2.270735572062424
54,0.3,crump,0.155686677040976,0.002,1.0,162.0,165.0,1.0,1.0
54,0.4,unweighted,0.21084023205304067,0.002,1.0,180.0,180.0,1.0,1.0
54,0.4,source,0.17471513118070747,0.002,1.0,124.59797909541689,180.0,2.5186159527248724,1.0
54,0.4,target,0.13371534565262855,0.002,1.0,180.0,121.71486342539173,1.0,2.5753073528910964
54,0.4,both,0.08912948904738009,0.376,0.0,124.59797909541689,121.71486342539173,2.5186159527248724,2.5753073528910964
54,0.4,crump,0.16288445025759812,0.002,1.0,140.0,146.0,1.0,1.0
55,0.0,unweighted,0.07645668629019967,0.818,0.0,180.0,180.0,1.0,1.0
55,0.0,source,0.07660017629206667,0.818,0.0,179.99452584877278,180.0,1.0136357810711067,1.0
55,0.0,target,0.07609191384660913,0.834,0.0,180.0,179.99390478888483,1.0,1.0160189242568884
55,0.0,both,0.07623420557071375,0.832,0.0,179.99452584877278,179.99390478888483,1.0136357810711067,1.0160189242568884
55,0.0,crump,0.07645668629019967,0.818,0.0,180.0,180.0,1.0,1.0
55,0.1,unweighted,0.11397740340649293,0.002,1.0,180.0,180.0,1.0,1.0
55,0.1,source,0.10541007978306628,0.028,1.0,173.87089854602124,180.0,1.4010170758922835,1.0
55,0.1,target,0.09497443678107463,0.202,0.0,180.0,172.95964012685076,1.0,1.4637124307166152
55,0.1,both,0.08649480858710822,0.462,0.0,173.87089854602124,172.95964012685076,1.4010170758922835,1.4637124307166152
55,0.1,crump,0.11397740340649293,0.002,1.0,180.0,180.0,1.0,1.0
55,0.2,unweighted,0.13559845107453133,0.002,1.0,180.0,180.0,1.0,1.0
55,0.2,source,0.11532858701943055,0.008,1.0,159.3210336632461,180.0,1.7302557388177615,1.0
55,0.2,target,0.09494842114604876,0.184,0.0,180.0,156.49645954692878,1.0,1.8358206219582227
55,0.2,both,0.07409793042489289,0.882,0.0,159.3210336632461,156.49645954692878,1.7302557388177615,1.8358206219582227
55,0.2,crump,0.13559845107453133,0.002,1.0,180.0,180.0,1.0,1.0
55,0.3,unweighted,0.17180364464258496,0.002,1.0,180.0,180.0,1.0,1.0
55,0.3,source,0.1431188654312021,0.002,1.0,141.6282998547344,180.0,2.0667781555075715,1.0
55,0.3,target,0.11438448999884883,0.004,1.0,180.0,141.61762969253542,1.0,2.1464978276746063
55,0.3,both,0.08226306062258155,0.64,0.0,141.6282998547344,141.61762969253542,2.0667781555075715,2.1464978276746063
55,0.3,crump,0.15942739574816356,0.002,1.0,174.0,170.0,1.0,1.0
55,0.4,unweighted,0.20815864864349948,0.002,1.0,180.0,180.0,1.0,1.0
55,0.4,source,0.1656506723619206,0.002,1.0,118.94049959975567,180.0,2.5071212631077873,1.0
55,0.4,target,0.1352055523511136,0.002,1.0,180.0,120.70442464193253,1.0,2.646254858730747
55,0.4,both,0.08057192844816657,0.672,0.0,118.94049959975567,120.70442464193253,2.5071212631077873,2.646254858730747
55,0.4,crump,0.12503773483778294,0.008,1.0,131.0,126.0,1.0,1.0
56,0.0,unweighted,0.08882557060661485,0.32,0.0,180.0,180.0,1.0,1.0
56,0.0,source,0.09215144802600314,0.23,0.0,179.63090032281602,180.0,1.1294433849022214,1.0
56,0.0,target,0.09249108606873223,0.228,0.0,180.0,179.56085188868462,1.0,1.1157816415844537
56,0.0,both,0.0959021738357306,0.158,0.0,179.63090032281602,179.56085188868462,1.1294433849022214,1.1157816415844537
56,0.0,crump,0.08882557060661485,0.32,0.0,180.0,180.0,1.0,1.0
56,0.1,unweighted,0.1220512993446121,0.002,1.0,180.0,180.0,1.0,1.0
56,0.1,source,0.10800244724881713,0.02,1.0,169.8223651141794,180.0,1.4870445981739009,1.0
56,0.1,target,0.09771092721580929,0.106,0.0,180.0,169.6611227909572,1.0,1.5188880057443075
56,0.1,both,0.08392141197153372,0.56,0.0,169.8223651141794,169.6611227909572,1.4870445981739009,1.5188880057443075
56,0.1,crump,0.1220512993446121,0.002,1.0,180.0,180.0,1.0,1.0
56,0.2,unweighted,0.1473918590916019,0.002,1.0,180.0,180.0,1.0,1.0
56,0.2,source,0.12505297008974414,0.002,1.0,158.08950907111918,180.0,1.733210649483871,1.0
56,0.2,target,0.10613911520529734,0.032,1.0,180.0,156.6341442907131,1.0,1.79517281429801
56,0.2,both,0.08316699892587529,0.544,0.0,158.08950907111918,156.6341442907131,1.733210649483871,1.79517281429801
56,0.2,crump,0.1473918590916019,0.002,1.0,180.0,180.0,1.0,1.0
56,0.3,unweighted,0.18216884525986893,0.002,1.0,180.0,180.0,1.0,1.0
56,0.3,source,0.15452716516467485,0.002,1.0,142.20728018868326,180.0,2.0426015445169026,1.0
56,0.3,target,0.11958042388111263,0.004,1.0,180.0,139.20123282711958,1.0,2.113760736612731
56,0.3,both,0.08696543579390088,0.432,0.0,142.20728018868326,139.20123282711958,2.0426015445169026,2.113760736612731
56,0.3,crump,0.17707831826667356,0.002,1.0,174.0,177.0,1.0,1.0
56,0.4,unweighted,0.2081644423487273,0.002,1.0,180.0,180.0,1.0,1.0
56,0.4,source,0.16742240224208782,0.002,1.0,120.41496857354404,180.0,2.519418138465552,1.0
56,0.4,target,0.12883130752170815,0.002,1.0,180.0,118.53569995210792,1.0,2.625779945846003
56,0.4,both,0.07854687614140295,0.712,0.0,120.41496857354404,118.53569995210792,2.519418138465552,2.625779945846003
56,0.4,crump,0.15149040358064025,0.002,1.0,130.0,144.0,1.0,1.0
57,0.0,unweighted,0.07453856405273586,0.868,0.0,180.0,180.0,1.0,1.0
57,0.0,source,0.07240448642564248,0.912,0.0,179.63146178064133,180.0,1.1158807065113727,1.0
57,0.0,target,0.07166845380172424,0.922,0.0,180.0,179.61734149482965,1.0,1.142532912236878
57,0.0,both,0.06957099394327725,0.948,0.0,179.63146178064133,179.61734149482965,1.1158807065113727,1.142532912236878
57,0.0,crump,0.07453856405273586,0.868,0.0,180.0,180.0,1.0,1.0
57,0.1,unweighted,0.10626686671239138,0.016,1.0,180.0,180.0,1.0,1.0
57,0.1,source,0.09375046103052204,0.18,0.0,171.2096891058741,180.0,1.4905701465043442,1.0
57,0.1,target,0.08692879856902451,0.422,0.0,180.0,171.32160233810916,1.0,1.5829846697104037
57,0.1,both,0.07485360944087542,0.824,0.0,171.2096891058741,171.32160233810916,1.4905701465043442,1.5829846697104037
57,0.1,crump,0.10626686671239138,0.016,1.0,180.0,180.0,1.0,1.0
57,0.2,unweighted,0.1579581675811614,0.002,1.0,180.0,180.0,1.0,1.0
57,0.2,source,0.13182861025585133,0.002,1.0,144.09125486285166,180.0,2.014689437129923,1.0
57,0.2,target,0.10314451206044117,0.062,0.0,180.0,144.80373025621012,1.0,2.0258076595529584
57,0.2,both,0.07342373843313105,0.844,0.0,144.09125486285166,144.80373025621012,2.014689437129923,2.0258076595529584
57,0.2,crump,0.14544014781398845,0.002,1.0,168.0,173.0,1.0,1.0
57,0.3,unweighted,0.20985393423258653,0.002,1.0,180.0,180.0,1.0,1.0
57,0.3,source,0.1763807271743152,0.002,1.0,125.91888953952567,180.0,2.3807720833511357,1.0
57,0.3,target,0.14110405450719465,0.002,1.0,180.0,127.93005800022424,1.0,2.361648290991791
57,0.3,both,0.09744010072076958,0.176,0.0,125.91888953952567,127.93005800022424,2.3807720833511357,2.361648290991791
57,0.3,crump,0.15966771835935936,0.002,1.0,140.0,146.0,1.0,1.0
57,0.4,unweighted,0.22560026577503428,0.002,1.0,180.0,180.0,1.0,1.0
57,0.4,source,0.1875113023868838,0.002,1.0,108.98083487499359,180.0,2.8392043795740345,1.0
57,0.4,target,0.14002904198695015,0.002,1.0,180.0,109.58334659704454,1.0,2.810201829745396
57,0.4,both,0.08715556558557812,0.458,0.0,108.98083487499359,109.58334659704454,2.8392043795740345,2.810201829745396
57,0.4,crump,0.12917135468255522,0.002,1.0,112.0,117.0,1.0,1.0
58,0.0,unweighted,0.07514776996646853,0.838,0.0,180.0,180.0,1.0,1.0
58,0.0,source,0.07729807835985342,0.774,0.0,179.8401623806478,180.0,1.0721156199442727,1.0
58,0.0,target,0.07738021617762272,0.774,0.0,180.0,179.82490194974355,1.0,1.065202944166295
58,0.0,both,0.07957214783779316,0.714,0.0,179.8401623806478,179.82490194974355,1.0721156199442727,1.065202944166295
58,0.0,crump,0.07514776996646853,0.838,0.0,180.0,180.0,1.0,1.0
58,0.1,unweighted,0.09223988054412438,0.234,0.0,180.0,180.0,1.0,1.0
58,0.1,source,0.08592960535164883,0.492,0.0,177.33119486250138,180.0,1.3264191922881345,1.0
58,0.1,target,0.07998781447985395,0.698,0.0,180.0,176.80335177438008,1.0,1.2717255219134718
58,0.1,both,0.07393137013716451,0.888,0.0,177.33119486250138,176.80335177438008,1.3264191922881345,1.2717255219134718
58,0.1,crump,0.09223988054412438,0.234,0.0,180.0,180.0,1.0,1.0
58,0.2,unweighted,0.12891972546105776,0.002,1.0,180.0,180.0,1.0,1.0
58,0.2,source,0.11135319275274197,0.012,1.0,166.3039929159604,180.0,1.6850906656967406,1.0
58,0.2,target,0.0969044085864799,0.132,0.0,180.0,163.60795707438888,1.0,1.6109674247361347
58,0.2,both,0.07979636983089128,0.708,0.0,166.3039929159604,163.60795707438888,1.6850906656967406,1.6109674247361347
58,0.2,crump,0.12891972546105776,0.002,1.0,180.0,180.0,1.0,1.0
58,0.3,unweighted,0.1599333180917543,0.002,1.0,180.0,180.0,1.0,1.0
58,0.3,source,0.13328105960443515,0.002,1.0,149.32666339120854,180.0,2.0383002255332605,1.0
58,0.3,target,0.10612640071993293,0.052,0.0,180.0,145.86524866366702,1.0,1.9429120974446838
58,0.3,both,0.07784220423099689,0.744,0.0,149.32666339120854,145.86524866366702,2.0383002255332605,1.9429120974446838
58,0.3,crump,0.1570039437585734,0.002,1.0,180.0,177.0,1.0,1.0
58,0.4,unweighted,0.19955982415028195,0.002,1.0,180.0,180.0,1.0,1.0
58,0.4,source,0.16498753830873067,0.002,1.0,128.1505652766518,180.0,2.5202433849891475,1.0
58,0.4,target,0.1234665043830608,0.002,1.0,180.0,123.64752121862975,1.0,2.3838619394383898
58,0.4,both,0.08017989150265806,0.676,0.0,128.1505652766518,123.64752121862975,2.5202433849891475,2.3838619394383898
58,0.4,crump,0.15169324238234386,0.002,1.0,153.0,143.0,1.0,1.0
59,0.0,unweighted,0.07990096498247218,0.704,0.0,180.0,180.0,1.0,1.0
59,0.0,source,0.08337391704907683,0.6,0.0,179.63759883999472,180.0,1.1148907125411671,1.0
59,0.0,target,0.08277676788960284,0.63,0.0,180.0,179.63264892539723,1.0,1.0965240133061152
59,0.0,both,0.08632367374338303,0.464,0.0,179.63759883999472,179.63264892539723,1.1148907125411671,1.0965240133061152
59,0.0,crump,0.07990096498247218,0.704,0.0,180.0,180.0,1.0,1.0
59,0.1,unweighted,0.1172999914266118,0.004,1.0,180.0,180.0,1.0,1.0
59,0.1,source,0.10692018263014291,0.018,1.0,174.5379776433079,180.0,1.420340565295244,1.0
59,0.1,target,0.10006618953804161,0.086,0.0,180.0,174.28391037535187,1.0,1.4706901394723024
59,0.1,both,0.08980320787032088,0.384,0.0,174.5379776433079,174.28391037535187,1.420340565295244,1.4706901394723024
59,0.1,crump,0.1172999914266118,0.004,1.0,180.0,180.0,1.0,1.0
59,0.2,unweighted,0.14597580780368846,0.002,1.0,180.0,180.0,1.0,1.0
59,0.2,source,0.12471675018735584,0.002,1.0,159.48134921384363,180.0,1.7899913541534915,1.0
59,0.2,target,0.10741817910395296,0.02,1.0,180.0,158.95483464762174,1.0,1.8500442285030785
59,0.2,both,0.08523368417096948,0.52,0.0,159.48134921384363,158.95483464762174,1.7899913541534915,1.8500442285030785
59,0.2,crump,0.14597580780368846,0.002,1.0,180.0,180.0,1.0,1.0
59,0.3,unweighted,0.1800095755220241,0.002,1.0,180.0,180.0,1.0,1.0
59,0.3,source,0.1444228627759413,0.002,1.0,139.45504110395532,180.0,2.1918041920591578,1.0
59,0.3,target,0.12545497378992942,0.002,1.0,180.0,141.090646452497,1.0,2.233891276318677
59,0.3,both,0.08513263897487709,0.534,0.0,139.45504110395532,141.090646452497,2.1918041920591578,2.233891276318677
59,0.3,crump,0.1692623285973161,0.002,1.0,169.0,174.0,1.0,1.0
59,0.4,unweighted,0.20883844021490627,0.002,1.0,180.0,180.0,1.0,1.0
59,0.4,source,0.17245816636513622,0.002,1.0,120.21999315441343,180.0,2.4897243094441133,1.0
59,0.4,target,0.1333435454355754,0.002,1.0,180.0,120.55782543868683,1.0,2.6990685584079475
59,0.4,both,0.08427266065904807,0.568,0.0,120.21999315441343,120.55782543868683,2.4897243094441133,2.6990685584079475
59,0.4,crump,0.14681882905776242,0.002,1.0,131.0,136.0,1.0,1.0
60,0.0,unweighted,0.10675289399481787,0.014,1.0,180.0,180.0,1.0,1.0
60,0.0,source,0.10259721921319279,0.034,1.0,179.2852918416492,180.0,1.190829358827768,1.0
60,0.0,target,0.10168262812836634,0.046,1.0,180.0,179.33473353744787,1.0,1.143970260487219
60,0.0,both,0.09761487235006677,0.092,0.0,179.2852918416492,179.33473353744787,1.190829358827768,1.143970260487219
60,0.0,crump,0.10675289399481787,0.014,1.0,180.0,180.0,1.0,1.0
60,0.1,unweighted,0.1324731786313062,0.002,1.0,180.0,180.0,1.0,1.0
60,0.1,source,0.11494105450228415,0.002,1.0,169.5787396792476,180.0,1.6353755874688445,1.0
60,0.1,target,0.10952503782421269,0.008,1.0,180.0,169.59799452317964,1.0,1.525525267558766
60,0.1,both,0.09235655074110974,0.272,0.0,169.5787396792476,169.59799452317964,1.6353755874688445,1.525525267558766
60,0.1,crump,0.1324731786313062,0.002,1.0,180.0,180.0,1.0,1.0
60,0.2,unweighted,0.1661405597469898,0.002,1.0,180.0,180.0,1.0,1.0
60,0.2,source,0.13082155065985113,0.002,1.0,148.3836807105638,180.0,2.0594272882324347,1.0
60,0.2,target,0.12565960693926537,0.002,1.0,180.0,152.4974973568876,1.0,1.884070096724421
60,0.2,both,0.08843918552138981,0.386,0.0,148.3836807105638,152.4974973568876,2.0594272882324347,1.884070096724421
60,0.2,crump,0.16331478284624865,0.002,1.0,180.0,177.0,1.0,1.0
60,0.3,unweighted,0.18819041304679165,0.002,1.0,180.0,180.0,1.0,1.0
60,0.3,source,0.14528265778798677,0.002,1.0,127.60684104456048,180.0,2.510420392483511,1.0
60,0.3,target,0.12590896520505063,0.002,1.0,180.0,133.43604553255403,1.0,2.299635375265449
60,0.3,both,0.07559085701084528,0.812,0.0,127.60684104456048,133.43604553255403,2.510420392483511,2.299635375265449
60,0.3,crump,0.14632767446393763,0.002,1.0,150.0,152.0,1.0,1.0
60,0.4,unweighted,0.2322870160798659,0.002,1.0,180.0,180.0,1.0,1.0
60,0.4,source,0.18066741604394768,0.002,1.0,110.4387827026399,180.0,2.9751086200741206,1.0
60,0.4,target,0.1572811200192598,0.002,1.0,180.0,112.57890170916123,1.0,2.786524352368991
60,0.4,both,0.0901360127577118,0.388,0.0,110.4387827026399,112.57890170916123,2.9751086200741206,2.786524352368991
60,0.4,crump,0.14427555625364746,0.002,1.0,119.0,119.0,1.0,1.0
61,0.0,unweighted,0.08396781169029112,0.494,0.0,180.0,180.0,1.0,1.0
61,0.0,source,0.08714158282091579,0.4,0.0,179.68601645748663,180.0,1.1079264349956246,1.0
61,0.0,target,0.08691931096716238,0.412,0.0,180.0,179.66783073859457,1.0,1.1059426717666927
61,0.0,both,0.09016183890298257,0.304,0.0,179.68601645748663,179.66783073859457,1.1079264349956246,1.1059426717666927
61,0.0,crump,0.08396781169029112,0.494,0.0,180.0,180.0,1.0,1.0
61,0.1,unweighted,0.1219537932479805,0.004,1.0,180.0,180.0,1.0,1.0
61,0.1,source,0.11056077633436293,0.014,1.0,172.9601007787019,180.0,1.449347245096516,1.0
61,0.1,target,0.10215587783847631,0.05,0.0,180.0,172.7769901201729,1.0,1.4392474013455234
61,0.1,both,0.09082031920227458,0.31,0.0,172.9601007787019,172.7769901201729,1.449347245096516,1.4392474013455234
61,0.1,crump,0.1219537932479805,0.004,1.0,180.0,180.0,1.0,1.0
61,0.2,unweighted,0.1543765975080018,0.002,1.0,180.0,180.0,1.0,1.0
61,0.2,source,0.13116670634796146,0.002,1.0,156.69489891644633,180.0,1.6941125012369098,1.0
61,0.2,target,0.111991997871324,0.014,1.0,180.0,156.02146053550155,1.0,1.8268673661151598
61,0.2,both,0.0877080970141769,0.418,0.0,156.69489891644633,156.02146053550155,1.6941125012369098,1.8268673661151598
61,0.2,crump,0.1543765975080018,0.002,1.0,180.0,180.0,1.0,1.0
61,0.3,unweighted,0.19535174611339734,0.002,1.0,180.0,180.0,1.0,1.0
61,0.3,source,0.16437341206931577,0.002,1.0,134.63280391203378,180.0,2.1500556882325963,1.0
61,0.3,target,0.12687939327146336,0.002,1.0,180.0,132.3324401996044,1.0,2.2810429152152554
61,0.3,both,0.08958331329601912,0.366,0.0,134.63280391203378,132.3324401996044,2.1500556882325963,2.2810429152152554
61,0.3,crump,0.1755731644189138,0.002,1.0,170.0,162.0,1.0,1.0
61,0.4,unweighted,0.22889232491236094,0.002,1.0,180.0,180.0,1.0,1.0
61,0.4,source,0.18691867289170172,0.002,1.0,113.6750955372916,180.0,2.6586790665004276,1.0
61,0.4,target,0.14152478472748237,0.002,1.0,180.0,108.28992940023348,1.0,2.8047993248212744
61,0.4,both,0.08518018233818758,0.52,0.0,113.6750955372916,108.28992940023348,2.6586790665004276,2.8047993248212744
61,0.4,crump,0.15061486195972865,0.002,1.0,124.0,123.0,1.0,1.0
62,0.0,unweighted,0.07825589849108368,0.726,0.0,180.0,180.0,1.0,1.0
62,0.0,source,0.08432793189765199,0.512,0.0,178.93739636792446,180.0,1.1881374819271737,1.0
62,0.0,target,0.08268657905537964,0.574,0.0,180.0,179.10767824083825,1.0,1.1696829062406093
62,0.0,both,0.08896473427536021,0.336,0.0,178.93739636792446,179.10767824083825,1.1881374819271737,1.1696829062406093
62,0.0,crump,0.07825589849108368,0.726,0.0,180.0,180.0,1.0,1.0
62,0.1,unweighted,0.10167240512117057,0.038,1.0,180.0,180.0,1.0,1.0
62,0.1,source,0.09309790320222022,0.19,0.0,176.05305746533628,180.0,1.3055316654061442,1.0
62,0.1,target,0.08841361900566598,0.348,0.0,180.0,176.21795162151435,1.0,1.339045338977838
62,0.1,both,0.07986464600015776,0.678,0.0,176.05305746533628,176.21795162151435,1.3055316654061442,1.339045338977838
62,0.1,crump,0.10167240512117057,0.038,1.0,180.0,180.0,1.0,1.0
62,0.2,unweighted,0.13854370522786158,0.002,1.0,180.0,180.0,1.0,1.0
62,0.2,source,0.12024086812605243,0.002,1.0,165.4339161517311,180.0,1.5823655712074698,1.0
62,0.2,target,0.10591245228428867,0.018,1.0,180.0,164.05604106746475,1.0,1.6560717284732673
62,0.2,both,0.08700816523630556,0.404,0.0,165.4339161517311,164.05604106746475,1.5823655712074698,1.6560717284732673
62,0.2,crump,0.13854370522786158,0.002,1.0,180.0,180.0,1.0,1.0
62,0.3,unweighted,0.15997393785246153,0.002,1.0,180.0,180.0,1.0,1.0
62,0.3,source,0.13578778667205008,0.002,1.0,151.19065305899883,180.0,1.8524531912922282,1.0
62,0.3,target,0.10882062074343332,0.014,1.0,180.0,150.0913216329254,1.0,1.813783943453385
62,0.3,both,0.08276872661183902,0.57,0.0,151.19065305899883,150.0913216329254,1.8524531912922282,1.813783943453385
62,0.3,crump,0.15997393785246153,0.002,1.0,180.0,180.0,1.0,1.0
62,0.4,unweighted,0.19349058165675964,0.002,1.0,180.0,180.0,1.0,1.0
62,0.4,source,0.15060622125106565,0.002,1.0,130.60097933335618,180.0,2.2698597170209447,1.0
62,0.4,target,0.12609248784433846,0.002,1.0,180.0,128.34233717784045,1.0,2.2766807600356347
62,0.4,both,0.07833756962356125,0.732,0.0,130.60097933335618,128.34233717784045,2.2698597170209447,2.2766807600356347
62,0.4,crump,0.16565823247318157,0.002,1.0,154.0,162.0,1.0,1.0
63,0.0,unweighted,0.09162304145709496,0.24,0.0,180.0,180.0,1.0,1.0
63,0.0,source,0.08939447674701184,0.336,0.0,179.6190352814292,180.0,1.1519236290355364,1.0
63,0.0,target,0.08795850578519121,0.386,0.0,180.0,179.5339138068019,1.0,1.160598662969569
63,0.0,both,0.08576615707451549,0.462,0.0,179.6190352814292,179.5339138068019,1.1519236290355364,1.160598662969569
63,0.0,crump,0.09162304145709496,0.24,0.0,180.0,180.0,1.0,1.0
63,0.1,unweighted,0.12081045858100901,0.002,1.0,180.0,180.0,1.0,1.0
63,0.1,source,0.10580272325725383,0.036,1.0,167.63963584401014,180.0,1.6829078728079878,1.0
63,0.1,target,0.09370382838093103,0.232,0.0,180.0,166.53311848061392,1.0,1.7006526548808525
63,0.1,both,0.07877188605515108,0.696,0.0,167.63963584401014,166.53311848061392,1.6829078728079878,1.7006526548808525
63,0.1,crump,0.12081045858100901,0.002,1.0,180.0,180.0,1.0,1.0
63,0.2,unweighted,0.15633389155616523,0.002,1.0,180.0,180.0,1.0,1.0
63,0.2,source,0.1316386014549384,0.002,1.0,153.7804406687557,180.0,2.000705591542373,1.0
63,0.2,target,0.1097214379251028,0.012,1.0,180.0,150.0898685434299,1.0,2.044607508311227
63,0.2,both,0.08307317442685881,0.564,0.0,153.7804406687557,150.0898685434299,2.000705591542373,2.044607508311227
63,0.2,crump,0.1512567136978248,0.002,1.0,180.0,175.0,1.0,1.0
63,0.3,unweighted,0.1808206647233654,0.002,1.0,180.0,180.0,1.0,1.0
63,0.3,source,0.15466098848444831,0.002,1.0,140.71860934707044,180.0,2.267548804741505,1.0
63,0.3,target,0.11557603744557465,0.008,1.0,180.0,137.13792613497563,1.0,2.309033244787873
63,0.3,both,0.08365855562262978,0.532,0.0,140.71860934707044,137.13792613497563,2.267548804741505,2.309033244787873
63,0.3,crump,0.16284717269632604,0.002,1.0,169.0,166.0,1.0,1.0
63,0.4,unweighted,0.2048745237006554,0.002,1.0,180.0,180.0,1.0,1.0
63,0.4,source,0.15520179878544646,0.002,1.0,119.88978310483539,180.0,2.7482619038937885,1.0
63,0.4,target,0.1318276001478611,0.002,1.0,180.0,117.72186026992729,1.0,2.6536179872963785
63,0.4,both,0.07235530777919016,0.866,0.0,119.88978310483539,117.72186026992729,2.7482619038937885,2.6536179872963785
63,0.4,crump,0.1336190026629324,0.002,1.0,140.0,127.0,1.0,1.0
64,0.0,unweighted,0.08671729919219631,0.402,0.0,180.0,180.0,1.0,1.0
64,0.0,source,0.08833951741460475,0.36,0.0,179.95520175947505,180.0,1.0390457812844172,1.0
64,0.0,target,0.08787175864053419,0.378,0.0,180.0,179.9516357368212,1.0,1.0413128167102577
64,0.0,both,0.08950639879429265,0.32,0.0,179.95520175947505,179.9516357368212,1.0390457812844172,1.0413128167102577
64,0.0,crump,0.08671729919219631,0.402,0.0,180.0,180.0,1.0,1.0
64,0.1,unweighted,0.09553174154092364,0.164,0.0,180.0,180.0,1.0,1.0
64,0.1,source,0.08546476780441287,0.474,0.0,175.21371660602009,180.0,1.4163778118555872,1.0
64,0.1,target,0.08415445113283818,0.524,0.0,180.0,176.21880769242526,1.0,1.3724432447459578
64,0.1,both,0.07427429931217185,0.868,0.0,175.21371660602009,176.21880769242526,1.4163778118555872,1.3724432447459578
64,0.1,crump,0.09553174154092364,0.164,0.0,180.0,180.0,1.0,1.0
64,0.2,unweighted,0.14023533379058067,0.002,1.0,180.0,180.0,1.0,1.0
64,0.2,source,0.11838695215858457,0.004,1.0,160.02171530075233,180.0,1.8251750717291493,1.0
64,0.2,target,0.10308715404690229,0.056,0.0,180.0,160.680022470786,1.0,1.6919107407819673
64,0.2,both,0.0813090268887883,0.656,0.0,160.02171530075233,160.680022470786,1.8251750717291493,1.6919107407819673
64,0.2,crump,0.14023533379058067,0.002,1.0,180.0,180.0,1.0,1.0
64,0.3,unweighted,0.17360538218259414,0.002,1.0,180.0,180.0,1.0,1.0
64,0.3,source,0.14270771464080118,0.002,1.0,143.92238713709725,180.0,2.1400871984817758,1.0
64,0.3,target,0.12308797707249153,0.002,1.0,180.0,146.40930137084,1.0,1.977860407767477
64,0.3,both,0.0892849354095763,0.358,0.0,143.92238713709725,146.40930137084,2.1400871984817758,1.977860407767477
64,0.3,crump,0.16726501433907073,0.002,1.0,172.0,177.0,1.0,1.0
64,0.4,unweighted,0.21191416323731138,0.002,1.0,180.0,180.0,1.0,1.0
64,0.4,source,0.16094275906991645,0.002,1.0,119.93277565516934,180.0,2.647475448894786,1.0
64,0.4,target,0.15123034907213878,0.002,1.0,180.0,125.57534724356914,1.0,2.4412225838006996
64,0.4,both,0.08903002962164512,0.4,0.0,119.93277565516934,125.57534724356914,2.647475448894786,2.4412225838006996
64,0.4,crump,0.16210179984990838,0.002,1.0,139.0,144.0,1.0,1.0
65,0.0,unweighted,0.09428012688614541,0.178,0.0,180.0,180.0,1.0,1.0
65,0.0,source,0.09274892123692954,0.218,0.0,179.82941929589032,180.0,1.1028171281725492,1.0
65,0.0,target,0.09238355680905894,0.23,0.0,180.0,179.85645080765315,1.0,1.08569712259883
65,0.0,both,0.09086364802983148,0.268,0.0,179.82941929589032,179.85645080765315,1.1028171281725492,1.08569712259883
65,0.0,crump,0.09428012688614541,0.178,0.0,180.0,180.0,1.0,1.0
65,0.1,unweighted,0.12524259926078343,0.002,1.0,180.0,180.0,1.0,1.0
65,0.1,source,0.10776497013510339,0.016,1.0,168.69712720163915,180.0,1.6993828006230043,1.0
65,0.1,target,0.10165733111631954,0.048,1.0,180.0,168.5420920914765,1.0,1.6193912393158423
65,0.1,both,0.08447338315857744,0.47,0.0,168.69712720163915,168.5420920914765,1.6993828006230043,1.6193912393158423
65,0.1,crump,0.12524259926078343,0.002,1.0,180.0,180.0,1.0,1.0
65,0.2,unweighted,0.1517301897576589,0.002,1.0,180.0,180.0,1.0,1.0
65,0.2,source,0.12539855035138023,0.002,1.0,151.3592582266402,180.0,2.0806956742157685,1.0
65,0.2,target,0.1050160943981584,0.042,1.0,180.0,151.2031036730745,1.0,1.9934411478865335
65,0.2,both,0.0780253701291652,0.736,0.0,151.3592582266402,151.2031036730745,2.0806956742157685,1.9934411478865335
65,0.2,crump,0.14971850483962948,0.002,1.0,180.0,178.0,1.0,1.0
65,0.3,unweighted,0.1815092459228776,0.002,1.0,180.0,180.0,1.0,1.0
65,0.3,source,0.1424052474528159,0.002,1.0,133.31489082008792,180.0,2.4637857999905135,1.0
65,0.3,target,0.12019362296579182,0.002,1.0,180.0,133.53858460630474,1.0,2.3811490612453414
65,0.3,both,0.07622012991713166,0.8,0.0,133.31489082008792,133.53858460630474,2.4637857999905135,2.3811490612453414
65,0.3,crump,0.14970439223285587,0.002,1.0,152.0,158.0,1.0,1.0
65,0.4,unweighted,0.21769106843468986,0.002,1.0,180.0,180.0,1.0,1.0
65,0.4,source,0.1712704905322476,0.002,1.0,110.09293177399897,180.0,2.8907326932948236,1.0
65,0.4,target,0.13487364994078765,0.002,1.0,180.0,108.52576277710706,1.0,2.9579453181532407
65,0.4,both,0.07097631461992149,0.874,0.0,110.09293177399897,108.52576277710706,2.8907326932948236,2.9579453181532407
65,0.4,crump,0.09512981154445103,0.204,0.0,117.0,105.0,1.0,1.0
66,0.0,unweighted,0.070374071216278,0.902,0.0,180.0,180.0,1.0,1.0
66,0.0,source,0.07424486430206481,0.834,0.0,179.41797027040232,180.0,1.1631690409944206,1.0
66,0.0,target,0.07330563503750953,0.852,0.0,180.0,179.51386037547314,1.0,1.1309777180276657
66,0.0,both,0.07727680051536787,0.768,0.0,179.41797027040232,179.51386037547314,1.1631690409944206,1.1309777180276657
66,0.0,crump,0.070374071216278,0.902,0.0,180.0,180.0,1.0,1.0
66,0.1,unweighted,0.1001789770995275,0.046,1.0,180.0,180.0,1.0,1.0
66,0.1,source,0.08877859200854571,0.35,0.0,173.86403833161697,180.0,1.4813563718800866,1.0
66,0.1,target,0.08313440282381115,0.598,0.0,180.0,173.5114640467981,1.0,1.3987311543747358
66,0.1,both,0.07198044552433278,0.918,0.0,173.86403833161697,173.5114640467981,1.4813563718800866,1.3987311543747358
66,0.1,crump,0.1001789770995275,0.046,1.0,180.0,180.0,1.0,1.0
66,0.2,unweighted,0.12365149272214601,0.002,1.0,180.0,180.0,1.0,1.0
66,0.2,source,0.10449287860638372,0.05,0.0,161.05918405184138,180.0,1.8057498127968326,1.0
66,0.2,target,0.08829913224068581,0.366,0.0,180.0,161.08674270798966,1.0,1.6803468894635047
66,0.2,both,0.06889154483061882,0.962,0.0,161.05918405184138,161.08674270798966,1.8057498127968326,1.6803468894635047
66,0.2,crump,0.12365149272214601,0.002,1.0,180.0,180.0,1.0,1.0
66,0.3,unweighted,0.16283751809937508,0.002,1.0,180.0,180.0,1.0,1.0
66,0.3,source,0.1343195750751004,0.002,1.0,144.90940614206485,180.0,2.1439845170053378,1.0
66,0.3,target,0.10676595969806504,0.024,1.0,180.0,144.69441146893294,1.0,2.007334353488041
66,0.3,both,0.07566658510887103,0.818,0.0,144.90940614206485,144.69441146893294,2.1439845170053378,2.007334353488041
66,0.3,crump,0.1600438172108006,0.002,1.0,178.0,178.0,1.0,1.0
66,0.4,unweighted,0.19574156950160038,0.002,1.0,180.0,180.0,1.0,1.0
66,0.4,source,0.15662041053519674,0.002,1.0,126.83652960206804,180.0,2.549547377719372,1.0
66,0.4,target,0.12335025948162413,0.002,1.0,180.0,124.27452465152173,1.0,2.417704740295004
66,0.4,both,0.07578217961395625,0.778,0.0,126.83652960206804,124.27452465152173,2.549547377719372,2.417704740295004
66,0.4,crump,0.1430016348861961,0.002,1.0,145.0,142.0,1.0,1.0
67,0.0,unweighted,0.06650364750038104,0.974,0.0,180.0,180.0,1.0,1.0
67,0.0,source,0.06752688524693595,0.958,0.0,179.97621685425514,180.0,1.0407144687097503,1.0
67,0.0,target,0.06704766883046151,0.97,0.0,180.0,179.98327035264708,1.0,1.022666047853207
67,0.0,both,0.06807610841532859,0.952,0.0,179.97621685425514,179.98327035264708,1.0407144687097503,1.022666047853207
67,0.0,crump,0.06650364750038104,0.974,0.0,180.0,180.0,1.0,1.0
67,0.1,unweighted,0.10375744170096021,0.026,1.0,180.0,180.0,1.0,1.0
67,0.1,source,0.09113198572966123,0.222,0.0,172.4934549604448,180.0,1.4870340365878356,1.0
67,0.1,target,0.08710501854509198,0.372,0.0,180.0,173.63063899282022,1.0,1.411210056556521
67,0.1,both,0.07476460657087786,0.822,0.0,172.4934549604448,173.63063899282022,1.4870340365878356,1.411210056556521
67,0.1,crump,0.10375744170096021,0.026,1.0,180.0,180.0,1.0,1.0
67,0.2,unweighted,0.12983204923030028,0.002,1.0,180.0,180.0,1.0,1.0
67,0.2,source,0.10438558791937641,0.03,1.0,159.29187129290088,180.0,1.8039249925169651,1.0
67,0.2,target,0.09662301099644213,0.142,0.0,180.0,160.55362774909804,1.0,1.712543468683183
67,0.2,both,0.07145820525445533,0.89,0.0,159.29187129290088,160.55362774909804,1.8039249925169651,1.712543468683183
67,0.2,crump,0.12983204923030028,0.002,1.0,180.0,180.0,1.0,1.0
67,0.3,unweighted,0.17697684994665447,0.002,1.0,180.0,180.0,1.0,1.0
67,0.3,source,0.14065178178935966,0.002,1.0,136.98193006423446,180.0,2.2706835818597395,1.0
67,0.3,target,0.11662317712520852,0.01,1.0,180.0,138.25550817266515,1.0,2.145410418594125
67,0.3,both,0.07618319415722202,0.76,0.0,136.98193006423446,138.25550817266515,2.2706835818597395,2.145410418594125
67,0.3,crump,0.15546597882811225,0.002,1.0,168.0,163.0,1.0,1.0
67,0.4,unweighted,0.2029150710638622,0.002,1.0,180.0,180.0,1.0,1.0
67,0.4,source,0.16582394065173045,0.002,1.0,122.20471435022563,180.0,2.6140992477312417,1.0
67,0.4,target,0.12451348756915932,0.002,1.0,180.0,121.5214698104977,1.0,2.494083606342098
67,0.4,both,0.0753439773665621,0.788,0.0,122.20471435022563,121.5214698104977,2.6140992477312417,2.494083606342098
67,0.4,crump,0.13812226155721097,0.002,1.0,138.0,137.0,1.0,1.0
68,0.0,unweighted,0.06980105357415028,0.94,0.0,180.0,180.0,1.0,1.0
68,0.0,source,0.07372021820545259,0.872,0.0,179.2617342130635,180.0,1.1189575608483886,1.0
68,0.0,target,0.07420851520689416,0.868,0.0,180.0,179.25695656968063,1.0,1.195209006575056
68,0.0,both,0.07825980021120017,0.75,0.0,179.2617342130635,179.25695656968063,1.1189575608483886,1.195209006575056
68,0.0,crump,0.06980105357415028,0.94,0.0,180.0,180.0,1.0,1.0
68,0.1,unweighted,0.09690868484224967,0.14,0.0,180.0,180.0,1.0,1.0
68,0.1,source,0.08718666541872828,0.434,0.0,175.9172350406573,180.0,1.2958167235452338,1.0
68,0.1,target,0.0834569557173904,0.57,0.0,180.0,176.06687248188334,1.0,1.3018804061199978
68,0.1,both,0.07392137691752942,0.878,0.0,175.9172350406573,176.06687248188334,1.2958167235452338,1.3018804061199978
68,0.1,crump,0.09690868484224967,0.14,0.0,180.0,180.0,1.0,1.0
68,0.2,unweighted,0.14362907140679773,0.002,1.0,180.0,180.0,1.0,1.0
68,0.2,source,0.12309975432535128,0.002,1.0,162.3642132531686,180.0,1.620809736763838,1.0
68,0.2,target,0.10612453013564813,0.034,1.0,180.0,161.17830713474837,1.0,1.6602493392418791
68,0.2,both,0.08518296769209449,0.538,0.0,162.3642132531686,161.17830713474837,1.620809736763838,1.6602493392418791
68,0.2,crump,0.14362907140679773,0.002,1.0,180.0,180.0,1.0,1.0
68,0.3,unweighted,0.17987557727480566,0.002,1.0,180.0,180.0,1.0,1.0
68,0.3,source,0.15199581212258684,0.002,1.0,145.23754342753585,180.0,1.8937636357754468,1.0
68,0.3,target,0.1199172380645923,0.002,1.0,180.0,142.5259656883363,1.0,2.021854409563165
68,0.3,both,0.08735357380925211,0.426,0.0,145.23754342753585,142.5259656883363,1.8937636357754468,2.021854409563165
68,0.3,crump,0.17941609709363104,0.002,1.0,179.0,180.0,1.0,1.0
68,0.4,unweighted,0.2113113159198293,0.002,1.0,180.0,180.0,1.0,1.0
68,0.4,source,0.17131986827394385,0.002,1.0,124.1838150145775,180.0,2.3238931009343666,1.0
68,0.4,target,0.13363200357414956,0.002,1.0,180.0,121.7141952261635,1.0,2.466836612972611
68,0.4,both,0.08307616023209595,0.574,0.0,124.1838150145775,121.7141952261635,2.3238931009343666,2.466836612972611
68,0.4,crump,0.16737390316974002,0.002,1.0,149.0,146.0,1.0,1.0
69,0.0,unweighted,0.08820225003810395,0.398,0.0,180.0,180.0,1.0,1.0
69,0.0,source,0.08948360212682988,0.368,0.0,179.968042828167,180.0,1.0344740253415574,1.0
69,0.0,target,0.0892935676122011,0.378,0.0,180.0,179.9636517322464,1.0,1.038719633897617
69,0.0,both,0.09058626212906044,0.338,0.0,179.968042828167,179.9636517322464,1.0344740253415574,1.038719633897617
69,0.0,crump,0.08820225003810395,0.398,0.0,180.0,180.0,1.0,1.0
69,0.1,unweighted,0.11483585390946502,0.002,1.0,180.0,180.0,1.0,1.0
69,0.1,source,0.1029396263285754,0.038,1.0,172.5111168481691,180.0,1.5160694023430101,1.0
69,0.1,target,0.095419157550404,0.152,0.0,180.0,172.03827083520457,1.0,1.5019073237798246
69,0.1,both,0.08382257495049503,0.544,0.0,172.5111168481691,172.03827083520457,1.5160694023430101,1.5019073237798246
69,0.1,crump,0.11483585390946502,0.002,1.0,180.0,180.0,1.0,1.0
69,0.2,unweighted,0.14774721555403142,0.002,1.0,180.0,180.0,1.0,1.0
69,0.2,source,0.12383861163198173,0.002,1.0,158.06242687687222,180.0,1.862416355797063,1.0
69,0.2,target,0.11004076906680763,0.014,1.0,180.0,157.86213823035422,1.0,1.7988492884335678
69,0.2,both,0.0861379372558628,0.474,0.0,158.06242687687222,157.86213823035422,1.862416355797063,1.7988492884335678
69,0.2,crump,0.14774721555403142,0.002,1.0,180.0,180.0,1.0,1.0
69,0.3,unweighted,0.18285383039932937,0.002,1.0,180.0,180.0,1.0,1.0
69,0.3,source,0.1536391872089706,0.002,1.0,142.42370712728888,180.0,2.165221631171139,1.0
69,0.3,target,0.12661627677357798,0.002,1.0,180.0,142.58895325212083,1.0,2.083896194566244
69,0.3,both,0.09407461807040612,0.218,0.0,142.42370712728888,142.58895325212083,2.165221631171139,2.083896194566244
69,0.3,crump,0.171802187192378,0.002,1.0,173.0,171.0,1.0,1.0
69,0.4,unweighted,0.2035606348117665,0.002,1.0,180.0,180.0,1.0,1.0
69,0.4,source,0.16120477906078962,0.002,1.0,126.22420387242921,180.0,2.50411997384252,1.0
69,0.4,target,0.13747593195482935,0.002,1.0,180.0,127.54865230795222,1.0,2.4176991119128353
69,0.4,both,0.08643890888781026,0.452,0.0,126.22420387242921,127.54865230795222,2.50411997384252,2.4176991119128353
69,0.4,crump,0.15923595061728393,0.002,1.0,150.0,147.0,1.0,1.0
70,0.0,unweighted,0.08625348555860386,0.442,0.0,180.0,180.0,1.0,1.0
70,0.0,source,0.08684114113529681,0.436,0.0,179.99916794534613,180.0,1.0050433269298276,1.0
70,0.0,target,0.08641012881291343,0.448,0.0,180.0,179.9989224451049,1.0,1.0066751024806664
70,0.0,both,0.08699861113687168,0.428,0.0,179.99916794534613,179.9989224451049,1.0050433269298276,1.0066751024806664
70,0.0,crump,0.08625348555860386,0.442,0.0,180.0,180.0,1.0,1.0
70,0.1,unweighted,0.10578426973784485,0.024,1.0,180.0,180.0,1.0,1.0
70,0.1,source,0.09627135102791705,0.128,0.0,174.75063761806052,180.0,1.3383936343122869,1.0
70,0.1,target,0.08903750191991909,0.346,0.0,180.0,173.88609213894338,1.0,1.488007270150243
70,0.1,both,0.07978713604330921,0.716,0.0,174.75063761806052,173.88609213894338,1.3383936343122869,1.488007270150243
70,0.1,crump,0.10578426973784485,0.024,1.0,180.0,180.0,1.0,1.0
70,0.2,unweighted,0.14669573997866178,0.002,1.0,180.0,180.0,1.0,1.0
70,0.2,source,0.12749117385011063,0.002,1.0,159.0972358264453,180.0,1.705697085313476,1.0
70,0.2,target,0.10733292508239134,0.03,1.0,180.0,158.02306703080018,1.0,1.915006578289014
70,0.2,both,0.08763807128138339,0.402,0.0,159.0972358264453,158.02306703080018,1.705697085313476,1.915006578289014
70,0.2,crump,0.14669573997866178,0.002,1.0,180.0,180.0,1.0,1.0
70,0.3,unweighted,0.17377123247218412,0.002,1.0,180.0,180.0,1.0,1.0
70,0.3,source,0.14434074644484368,0.002,1.0,141.84862625227996,180.0,2.0407665160568706,1.0
70,0.3,target,0.11429318222843715,0.006,1.0,180.0,139.76048928516002,1.0,2.267965616488883
70,0.3,both,0.08057764759361177,0.686,0.0,141.84862625227996,139.76048928516002,2.0407665160568706,2.267965616488883
70,0.3,crump,0.1639354495739821,0.002,1.0,173.0,173.0,1.0,1.0
70,0.4,unweighted,0.20092710143270842,0.002,1.0,180.0,180.0,1.0,1.0
70,0.4,source,0.1661555433469996,0.002,1.0,126.01002171060362,180.0,2.3616715024847634,1.0
70,0.4,target,0.1266657185139508,0.004,1.0,180.0,124.34839952533753,1.0,2.606930409908708
70,0.4,both,0.08373914718462591,0.556,0.0,126.01002171060362,124.34839952533753,2.3616715024847634,2.606930409908708
70,0.4,crump,0.15517633307929876,0.002,1.0,149.0,144.0,1.0,1.0
71,0.0,unweighted,0.08725239673830208,0.368,0.0,180.0,180.0,1.0,1.0
71,0.0,source,0.09028170452004841,0.282,0.0,179.70376897777726,180.0,1.1122492335804715,1.0
71,0.0,target,0.09061584672566352,0.278,0.0,180.0,179.63812079175105,1.0,1.1095688368471825
71,0.0,both,0.0937006936523493,0.202,0.0,179.70376897777726,179.63812079175105,1.1122492335804715,1.1095688368471825
71,0.0,crump,0.08725239673830208,0.368,0.0,180.0,180.0,1.0,1.0
71,0.1,unweighted,0.10004978376009754,0.084,0.0,180.0,180.0,1.0,1.0
71,0.1,source,0.08864313314042743,0.36,0.0,174.56146208104838,180.0,1.3383292170006118,1.0
71,0.1,target,0.08657942427715043,0.43,0.0,180.0,175.11794595843548,1.0,1.4848647372643977
71,0.1,both,0.07548559205671865,0.806,0.0,174.56146208104838,175.11794595843548,1.3383292170006118,1.4848647372643977
71,0.1,crump,0.10004978376009754,0.084,0.0,180.0,180.0,1.0,1.0
71,0.2,unweighted,0.13016713248742567,0.002,1.0,180.0,180.0,1.0,1.0
71,0.2,source,0.11037452299946407,0.008,1.0,164.73129111044702,180.0,1.5673809124237916,1.0
71,0.2,target,0.10148170110382221,0.054,0.0,180.0,165.49906524190706,1.0,1.7594643933054253
71,0.2,both,0.08179096805081745,0.628,0.0,164.73129111044702,165.49906524190706,1.5673809124237916,1.7594643933054253
71,0.2,crump,0.13016713248742567,0.002,1.0,180.0,180.0,1.0,1.0
71,0.3,unweighted,0.15993186728395062,0.002,1.0,180.0,180.0,1.0,1.0
71,0.3,source,0.12561750250063958,0.002,1.0,142.29845960272058,180.0,1.990400942965186,1.0
71,0.3,target,0.10909950412544564,0.016,1.0,180.0,146.87175638397287,1.0,2.188747276928931
71,0.3,both,0.07268191341971655,0.892,0.0,142.29845960272058,146.87175638397287,1.990400942965186,2.188747276928931
71,0.3,crump,0.1565138146691476,0.002,1.0,179.0,177.0,1.0,1.0
71,0.4,unweighted,0.18791436233043743,0.002,1.0,180.0,180.0,1.0,1.0
71,0.4,source,0.1476956228844076,0.002,1.0,127.39254781969404,180.0,2.2843549838536763,1.0
71,0.4,target,0.12249611733823743,0.004,1.0,180.0,131.21826875306465,1.0,2.516764151188251
71,0.4,both,0.0747143148729695,0.842,0.0,127.39254781969404,131.21826875306465,2.2843549838536763,2.516764151188251
71,0.4,crump,0.15965231040538969,0.002,1.0,163.0,157.0,1.0,1.0
72,0.0,unweighted,0.07675333409541228,0.76,0.0,180.0,180.0,1.0,1.0
72,0.0,source,0.07890701013259296,0.718,0.0,179.8183629915386,180.0,1.1107520877825485,1.0
72,0.0,target,0.07879484886875605,0.714,0.0,180.0,179.81588554183836,1.0,1.0873876998881415
72,0.0,both,0.08098191521981292,0.642,0.0,179.8183629915386,179.81588554183836,1.1107520877825485,1.0873876998881415
72,0.0,crump,0.07675333409541228,0.76,0.0,180.0,180.0,1.0,1.0
72,0.1,unweighted,0.1146033417162018,0.008,1.0,180.0,180.0,1.0,1.0
72,0.1,source,0.10425962324364409,0.036,1.0,173.67766413768894,180.0,1.5360723299699603,1.0
72,0.1,target,0.09481458590410699,0.18,0.0,180.0,172.58760551018193,1.0,1.4370265089642036
72,0.1,both,0.08456894315656502,0.53,0.0,173.67766413768894,172.58760551018193,1.5360723299699603,1.4370265089642036
72,0.1,crump,0.1146033417162018,0.008,1.0,180.0,180.0,1.0,1.0
72,0.2,unweighted,0.1474018375628715,0.002,1.0,180.0,180.0,1.0,1.0
72,0.2,source,0.12813041256593297,0.002,1.0,159.8885321461567,180.0,1.8736810890893796,1.0
72,0.2,target,0.10802093015619527,0.024,1.0,180.0,158.835767983439,1.0,1.7361078094281606
72,0.2,both,0.08759248561430773,0.434,0.0,159.8885321461567,158.835767983439,1.8736810890893796,1.7361078094281606
72,0.2,crump,0.1474018375628715,0.002,1.0,180.0,180.0,1.0,1.0
72,0.3,unweighted,0.1806422953818016,0.002,1.0,180.0,180.0,1.0,1.0
72,0.3,source,0.15142737490964875,0.002,1.0,143.51639330059808,180.0,2.23570755991637,1.0
72,0.3,target,0.11894654261514004,0.004,1.0,180.0,137.92315912616195,1.0,2.1253277780186086
72,0.3,both,0.08430608470358099,0.512,0.0,143.51639330059808,137.92315912616195,2.23570755991637,2.1253277780186086
72,0.3,crump,0.16840832640806697,0.002,1.0,169.0,172.0,1.0,1.0
72,0.4,unweighted,0.21199656016613322,0.002,1.0,180.0,180.0,1.0,1.0
72,0.4,source,0.17688810116475456,0.002,1.0,123.17615437083217,180.0,2.674736526564211,1.0
72,0.4,target,0.13358501467226136,0.002,1.0,180.0,119.344027368584,1.0,2.5548445902820003
72,0.4,both,0.08515065259457696,0.488,0.0,123.17615437083217,119.344027368584,2.674736526564211,2.5548445902820003
72,0.4,crump,0.15895246971601643,0.002,1.0,136.0,142.0,1.0,1.0
73,0.0,unweighted,0.06465298639689071,0.976,0.0,180.0,180.0,1.0,1.0
73,0.0,source,0.06945034435878539,0.928,0.0,179.00850885490237,180.0,1.1938099652604406,1.0
73,0.0,target,0.06897625886559888,0.934,0.0,180.0,179.0876889269168,1.0,1.1891648497905623
73,0.0,both,0.07392785340860891,0.848,0.0,179.00850885490237,179.0876889269168,1.1938099652604406,1.1891648497905623
73,0.0,crump,0.06465298639689071,0.976,0.0,180.0,180.0,1.0,1.0
73,0.1,unweighted,0.10099997427983538,0.05,0.0,180.0,180.0,1.0,1.0
73,0.1,source,0.09269529174822348,0.214,0.0,175.8245882003942,180.0,1.3273495177339412,1.0
73,0.1,target,0.08628234198507734,0.436,0.0,180.0,175.51136280631985,1.0,1.2778529807211358
73,0.1,both,0.07813930984593806,0.754,0.0,175.8245882003942,175.51136280631985,1.3273495177339412,1.2778529807211358
73,0.1,crump,0.10099997427983538,0.05,0.0,180.0,180.0,1.0,1.0
73,0.2,unweighted,0.13582788542142968,0.002,1.0,180.0,180.0,1.0,1.0
73,0.2,source,0.11546690990682426,0.004,1.0,161.32953274196583,180.0,1.6949465977827842,1.0
73,0.2,target,0.0985910012818823,0.122,0.0,180.0,160.15140827198147,1.0,1.6250734383090888
73,0.2,both,0.07799660135331776,0.746,0.0,161.32953274196583,160.15140827198147,1.6949465977827842,1.6250734383090888
73,0.2,crump,0.13582788542142968,0.002,1.0,180.0,180.0,1.0,1.0
73,0.3,unweighted,0.1785576388888889,0.002,1.0,180.0,180.0,1.0,1.0
73,0.3,source,0.15152519390888058,0.002,1.0,140.61657320709773,180.0,2.1042326110858207,1.0
73,0.3,target,0.11407384300979265,0.016,1.0,180.0,138.44171326990448,1.0,2.0328817579112983
73,0.3,both,0.08145043286831162,0.634,0.0,140.61657320709773,138.44171326990448,2.1042326110858207,2.0328817579112983
73,0.3,crump,0.1701584510311593,0.002,1.0,173.0,174.0,1.0,1.0
73,0.4,unweighted,0.20082623171010516,0.002,1.0,180.0,180.0,1.0,1.0
73,0.4,source,0.15299219200845446,0.002,1.0,127.72720525654167,180.0,2.3521858152554382,1.0
73,0.4,target,0.13029607772979115,0.002,1.0,180.0,126.35989808613817,1.0,2.257992894378445
73,0.4,both,0.0725252624787134,0.83,0.0,127.72720525654167,126.35989808613817,2.3521858152554382,2.257992894378445
73,0.4,crump,0.16532566419103795,0.002,1.0,157.0,157.0,1.0,1.0
74,0.0,unweighted,0.08161439471879287,0.606,0.0,180.0,180.0,1.0,1.0
74,0.0,source,0.08741166447988227,0.414,0.0,178.26529026592783,180.0,1.3992548597800802,1.0
74,0.0,target,0.08882784018797453,0.366,0.0,180.0,178.31128471935304,1.0,1.3090725517388884
74,0.0,both,0.09485246283948845,0.182,0.0,178.26529026592783,178.31128471935304,1.3992548597800802,1.3090725517388884
74,0.0,crump,0.08161439471879287,0.606,0.0,180.0,180.0,1.0,1.0
74,0.1,unweighted,0.09630184137326628,0.162,0.0,180.0,180.0,1.0,1.0
74,0.1,source,0.09014185355772122,0.334,0.0,177.8261846521121,180.0,1.2603476465690646,1.0
74,0.1,target,0.08834554684363298,0.38,0.0,180.0,178.41757316601976,1.0,1.23342893290488
74,0.1,both,0.08228384646291237,0.638,0.0,177.8261846521121,178.41757316601976,1.2603476465690646,1.23342893290488
74,0.1,crump,0.09630184137326628,0.162,0.0,180.0,180.0,1.0,1.0
74,0.2,unweighted,0.13122410169943607,0.002,1.0,180.0,180.0,1.0,1.0
74,0.2,source,0.11513180217389608,0.006,1.0,167.05297747282924,180.0,1.6023847486873413,1.0
74,0.2,target,0.10560115541970139,0.03,1.0,180.0,169.4466092981426,1.0,1.5482088186772756
74,0.2,both,0.08962015373661086,0.344,0.0,167.05297747282924,169.4466092981426,1.6023847486873413,1.5482088186772756
74,0.2,crump,0.13122410169943607,0.002,1.0,180.0,180.0,1.0,1.0
74,0.3,unweighted,0.16272156588172532,0.002,1.0,180.0,180.0,1.0,1.0
74,0.3,source,0.13747288524566065,0.002,1.0,148.40043685164895,180.0,1.8607044509759394,1.0
74,0.3,target,0.11157036978243703,0.014,1.0,180.0,149.51312650645264,1.0,1.942021979789664
74,0.3,both,0.08425277372442981,0.512,0.0,148.40043685164895,149.51312650645264,1.8607044509759394,1.942021979789664
74,0.3,crump,0.1622532086691921,0.002,1.0,179.0,180.0,1.0,1.0
74,0.4,unweighted,0.21104547515622618,0.002,1.0,180.0,180.0,1.0,1.0
74,0.4,source,0.16822453763799317,0.002,1.0,123.55620296125582,180.0,2.3744923454559212,1.0
74,0.4,target,0.13462584543885167,0.002,1.0,180.0,122.97370323382795,1.0,2.5206640078513587
74,0.4,both,0.07954911628642154,0.69,0.0,123.55620296125582,122.97370323382795,2.3744923454559212,2.5206640078513587
74,0.4,crump,0.16505665192137686,0.002,1.0,149.0,150.0,1.0,1.0
75,0.0,unweighted,0.06748357434080171,0.958,0.0,180.0,180.0,1.0,1.0
75,0.0,source,0.0711869765795801,0.926,0.0,179.37811487647267,180.0,1.195654163467679,1.0
75,0.0,target,0.07084983584396304,0.93,0.0,180.0,179.43747096969457,1.0,1.1300753539525838
75,0.0,both,0.07465713704618271,0.838,0.0,179.37811487647267,179.43747096969457,1.195654163467679,1.1300753539525838
75,0.0,crump,0.06748357434080171,0.958,0.0,180.0,180.0,1.0,1.0
75,0.1,unweighted,0.10795777225270539,0.018,1.0,180.0,180.0,1.0,1.0
75,0.1,source,0.09767045742243037,0.102,0.0,172.24812543200997,180.0,1.4689527971216623,1.0
75,0.1,target,0.08598076738003951,0.454,0.0,180.0,171.73721666636484,1.0,1.4581485277419801
75,0.1,both,0.07569383235410784,0.814,0.0,172.24812543200997,171.73721666636484,1.4689527971216623,1.4581485277419801
75,0.1,crump,0.10795777225270539,0.018,1.0,180.0,180.0,1.0,1.0
75,0.2,unweighted,0.13216982548392014,0.002,1.0,180.0,180.0,1.0,1.0
75,0.2,source,0.11505374807628194,0.01,1.0,161.48324733376427,180.0,1.729625049350035,1.0
75,0.2,target,0.09322317159875508,0.22,0.0,180.0,159.99572291113526,1.0,1.7216117950860241
75,0.2,both,0.07537894235489037,0.784,0.0,161.48324733376427,159.99572291113526,1.729625049350035,1.7216117950860241
75,0.2,crump,0.13216982548392014,0.002,1.0,180.0,180.0,1.0,1.0
75,0.3,unweighted,0.1585288094421582,0.002,1.0,180.0,180.0,1.0,1.0
75,0.3,source,0.13612666412054894,0.002,1.0,150.7561968824424,180.0,1.945404436794847,1.0
75,0.3,target,0.10279631777685674,0.046,1.0,180.0,147.44292850446453,1.0,1.9520658851803276
75,0.3,both,0.07786304278312728,0.752,0.0,150.7561968824424,147.44292850446453,1.945404436794847,1.9520658851803276
75,0.3,crump,0.15706926291083106,0.002,1.0,179.0,179.0,1.0,1.0
75,0.4,unweighted,0.20003063557384543,0.002,1.0,180.0,180.0,1.0,1.0
75,0.4,source,0.1695829622920534,0.002,1.0,131.75139708550233,180.0,2.3401696385937187,1.0
75,0.4,target,0.12515383095440166,0.002,1.0,180.0,127.8133799685751,1.0,2.3250236657444385
75,0.4,both,0.0852291535770357,0.484,0.0,131.75139708550233,127.8133799685751,2.3401696385937187,2.3250236657444385
75,0.4,crump,0.16776212613205135,0.002,1.0,161.0,154.0,1.0,1.0
76,0.0,unweighted,0.06580171848803537,0.976,0.0,180.0,180.0,1.0,1.0
76,0.0,source,0.07348053361336779,0.872,0.0,177.98832526262348,180.0,1.2577968254443568,1.0
76,0.0,target,0.07147865396908444,0.908,0.0,180.0,177.77690009741954,1.0,1.2923263968621037
76,0.0,both,0.07952440110126233,0.708,0.0,177.98832526262348,177.77690009741954,1.2577968254443568,1.2923263968621037
76,0.0,crump,0.06580171848803537,0.976,0.0,180.0,180.0,1.0,1.0
76,0.1,unweighted,0.10249534274500838,0.046,1.0,180.0,180.0,1.0,1.0
76,0.1,source,0.09062645839825936,0.306,0.0,172.76647365719597,180.0,1.4411041278861734,1.0
76,0.1,target,0.08349477970357981,0.576,0.0,180.0,172.4460848671855,1.0,1.4279205985547858
76,0.1,both,0.07192983958538507,0.912,0.0,172.76647365719597,172.4460848671855,1.4411041278861734,1.4279205985547858
76,0.1,crump,0.10249534274500838,0.046,1.0,180.0,180.0,1.0,1.0
76,0.2,unweighted,0.13633166057003504,0.002,1.0,180.0,180.0,1.0,1.0
76,0.2,source,0.11570147866794797,0.004,1.0,158.4079994577253,180.0,1.7430860298242647,1.0
76,0.2,target,0.09854873183354697,0.116,0.0,180.0,159.56776492123007,1.0,1.7354114853164027
76,0.2,both,0.07833451355931031,0.762,0.0,158.4079994577253,159.56776492123007,1.7430860298242647,1.7354114853164027
76,0.2,crump,0.13633166057003504,0.002,1.0,180.0,180.0,1.0,1.0
76,0.3,unweighted,0.16401533112330438,0.002,1.0,180.0,180.0,1.0,1.0
76,0.3,source,0.13997659235391138,0.002,1.0,144.7864328840621,180.0,2.0201614158716565,1.0
76,0.3,target,0.10444742577721056,0.044,1.0,180.0,141.3268670638664,1.0,2.057869513479762
76,0.3,both,0.07730524661759725,0.762,0.0,144.7864328840621,141.3268670638664,2.0201614158716565,2.057869513479762
76,0.3,crump,0.15470669922398217,0.002,1.0,172.0,174.0,1.0,1.0
76,0.4,unweighted,0.2008845478966621,0.002,1.0,180.0,180.0,1.0,1.0
76,0.4,source,0.1695166813142866,0.002,1.0,132.73484713866114,180.0,2.2614850164134928,1.0
76,0.4,target,0.133297311943329,0.002,1.0,180.0,129.91471940281025,1.0,2.2817701518123914
76,0.4,both,0.09438592249279708,0.248,0.0,132.73484713866114,129.91471940281025,2.2614850164134928,2.2817701518123914
76,0.4,crump,0.17039560362453948,0.002,1.0,153.0,159.0,1.0,1.0
77,0.0,unweighted,0.07893551573693036,0.736,0.0,180.0,180.0,1.0,1.0
77,0.0,source,0.08104614036504536,0.656,0.0,179.9036876037475,180.0,1.054006280317333,1.0
77,0.0,target,0.0804740181346191,0.686,0.0,180.0,179.90709060873832,1.0,1.0567055872721611
77,0.0,both,0.08260993115673422,0.612,0.0,179.9036876037475,179.90709060873832,1.054006280317333,1.0567055872721611
77,0.0,crump,0.07893551573693036,0.736,0.0,180.0,180.0,1.0,1.0
77,0.1,unweighted,0.11537087143728089,0.004,1.0,180.0,180.0,1.0,1.0
77,0.1,source,0.09768195651741639,0.096,0.0,170.77403761225997,180.0,1.6032266076136634,1.0
77,0.1,target,0.09692543934055084,0.104,0.0,180.0,171.61500782942602,1.0,1.6181798888681025
77,0.1,both,0.07977251634785561,0.702,0.0,170.77403761225997,171.61500782942602,1.6032266076136634,1.6181798888681025
77,0.1,crump,0.11537087143728089,0.004,1.0,180.0,180.0,1.0,1.0
77,0.2,unweighted,0.1503518223212925,0.002,1.0,180.0,180.0,1.0,1.0
77,0.2,source,0.1197611430963795,0.002,1.0,153.03437991984603,180.0,2.0037022275145007,1.0
77,0.2,target,0.11077110330774675,0.012,1.0,180.0,155.482222015871,1.0,2.015852151137182
77,0.2,both,0.07942816475833347,0.688,0.0,153.03437991984603,155.482222015871,2.0037022275145007,2.015852151137182
77,0.2,crump,0.1503518223212925,0.002,1.0,180.0,180.0,1.0,1.0
77,0.3,unweighted,0.18510546696387745,0.002,1.0,180.0,180.0,1.0,1.0
77,0.3,source,0.14380719690782268,0.002,1.0,135.04345342813977,180.0,2.363805353496822,1.0
77,0.3,target,0.12913174853773846,0.002,1.0,180.0,139.05860101753677,1.0,2.367661915886198
77,0.3,both,0.08391597104960591,0.556,0.0,135.04345342813977,139.05860101753677,2.363805353496822,2.367661915886198
77,0.3,crump,0.1733978551913724,0.002,1.0,163.0,170.0,1.0,1.0
77,0.4,unweighted,0.23010870865721691,0.002,1.0,180.0,180.0,1.0,1.0
77,0.4,source,0.17681330811220825,0.002,1.0,110.48212191265623,180.0,2.9555977616904867,1.0
77,0.4,target,0.1586174646737176,0.002,1.0,180.0,116.58098929587068,1.0,2.943103114174665
77,0.4,both,0.09223887587156666,0.326,0.0,110.48212191265623,116.58098929587068,2.9555977616904867,2.943103114174665
77,0.4,crump,0.14639422629588172,0.002,1.0,114.0,121.0,1.0,1.0
78,0.0,unweighted,0.06232436271147691,0.988,0.0,180.0,180.0,1.0,1.0
78,0.0,source,0.06690988736609232,0.952,0.0,179.32397286345997,180.0,1.138219460173591,1.0
78,0.0,target,0.06533099471009127,0.976,0.0,180.0,179.4399047562714,1.0,1.1757413071698946
78,0.0,both,0.07003431930808339,0.918,0.0,179.32397286345997,179.4399047562714,1.138219460173591,1.1757413071698946
78,0.0,crump,0.06232436271147691,0.988,0.0,180.0,180.0,1.0,1.0
78,0.1,unweighted,0.09294998856881571,0.222,0.0,180.0,180.0,1.0,1.0
78,0.1,source,0.08078568290043076,0.662,0.0,175.07438943693884,180.0,1.323506588029107,1.0
78,0.1,target,0.08127360160787866,0.632,0.0,180.0,176.20429937349715,1.0,1.3590114002105294
78,0.1,both,0.06942179701140223,0.934,0.0,175.07438943693884,176.20429937349715,1.323506588029107,1.3590114002105294
78,0.1,crump,0.09294998856881571,0.222,0.0,180.0,180.0,1.0,1.0
78,0.2,unweighted,0.13559284884164,0.002,1.0,180.0,180.0,1.0,1.0
78,0.2,source,0.11088555469939632,0.008,1.0,160.72555706036192,180.0,1.6610165479509582,1.0
78,0.2,target,0.10312294204806352,0.06,0.0,180.0,163.57406762990882,1.0,1.7086265004110568
78,0.2,both,0.07846610066523274,0.726,0.0,160.72555706036192,163.57406762990882,1.6610165479509582,1.7086265004110568
78,0.2,crump,0.13559284884164,0.002,1.0,180.0,180.0,1.0,1.0
78,0.3,unweighted,0.1610093354671544,0.002,1.0,180.0,180.0,1.0,1.0
78,0.3,source,0.1309794423556025,0.004,1.0,148.7996603307712,180.0,1.8819290359919474,1.0
78,0.3,target,0.11066856189693694,0.022,1.0,180.0,150.1952214108086,1.0,1.965793725719646
78,0.3,both,0.07700080629707681,0.776,0.0,148.7996603307712,150.1952214108086,1.8819290359919474,1.965793725719646
78,0.3,crump,0.1610093354671544,0.002,1.0,180.0,180.0,1.0,1.0
78,0.4,unweighted,0.18795822473708274,0.002,1.0,180.0,180.0,1.0,1.0
78,0.4,source,0.13608272704180352,0.002,1.0,133.66602657149997,180.0,2.1856891794264603,1.0
78,0.4,target,0.13524460568405505,0.002,1.0,180.0,136.3169000006954,1.0,2.2613054070302696
78,0.4,both,0.07756825389134081,0.776,0.0,133.66602657149997,136.3169000006954,2.1856891794264603,2.2613054070302696
78,0.4,crump,0.1757814767222553,0.002,1.0,177.0,167.0,1.0,1.0
79,0.0,unweighted,0.0810720469440634,0.636,0.0,180.0,180.0,1.0,1.0
79,0.0,source,0.08407538367268692,0.55,0.0,179.6685363676692,180.0,1.1225997470378137,1.0
79,0.0,target,0.08396637043707623,0.556,0.0,180.0,179.66697297569593,1.0,1.1136086547984023
79,0.0,both,0.08702424908408335,0.426,0.0,179.6685363676692,179.66697297569593,1.1225997470378137,1.1136086547984023
79,0.0,crump,0.0810720469440634,0.636,0.0,180.0,180.0,1.0,1.0
79,0.1,unweighted,0.11440713210638623,0.004,1.0,180.0,180.0,1.0,1.0
79,0.1,source,0.10563426190713324,0.034,1.0,173.96930901855956,180.0,1.3571982817467918,1.0
79,0.1,target,0.0947524429646937,0.202,0.0,180.0,173.2547968313687,1.0,1.391061054675632
79,0.1,both,0.08612296485219141,0.474,0.0,173.96930901855956,173.2547968313687,1.3571982817467918,1.391061054675632
79,0.1,crump,0.11440713210638623,0.004,1.0,180.0,180.0,1.0,1.0
79,0.2,unweighted,0.14854509125895443,0.002,1.0,180.0,180.0,1.0,1.0
79,0.2,source,0.13168727383046305,0.002,1.0,158.23438466259697,180.0,1.7015867511261928,1.0
79,0.2,target,0.101724567648485,0.058,0.0,180.0,156.16529073674062,1.0,1.759697562131832
79,0.2,both,0.0836940088888375,0.526,0.0,158.23438466259697,156.16529073674062,1.7015867511261928,1.759697562131832
79,0.2,crump,0.14854509125895443,0.002,1.0,180.0,180.0,1.0,1.0
79,0.3,unweighted,0.18227802735863435,0.002,1.0,180.0,180.0,1.0,1.0
79,0.3,source,0.15371182010838705,0.002,1.0,144.47743872067008,180.0,1.9658872496099662,1.0
79,0.3,target,0.11955827820015133,0.008,1.0,180.0,138.4082559665048,1.0,2.080980698982995
79,0.3,both,0.08744810569291273,0.422,0.0,144.47743872067008,138.4082559665048,1.9658872496099662,2.080980698982995
79,0.3,crump,0.1741881503532006,0.002,1.0,169.0,176.0,1.0,1.0
79,0.4,unweighted,0.2239370722831885,0.002,1.0,180.0,180.0,1.0,1.0
79,0.4,source,0.19925450164032532,0.002,1.0,127.28480756639108,180.0,2.3209015846555823,1.0
79,0.4,target,0.14287648844606007,0.002,1.0,180.0,119.83380315517954,1.0,2.5004331104526853
79,0.4,both,0.10644467366249405,0.05,0.0,127.28480756639108,119.83380315517954,2.3209015846555823,2.5004331104526853
79,0.4,crump,0.19270803931217617,0.002,1.0,140.0,157.0,1.0,1.0
80,0.0,unweighted,0.08132563443072703,0.612,0.0,180.0,180.0,1.0,1.0
80,0.0,source,0.08812444048918189,0.34,0.0,178.43531867309252,180.0,1.2920529578066993,1.0
80,0.0,target,0.08709228486955449,0.384,0.0,180.0,178.74719160959623,1.0,1.2489186736990283
80,0.0,both,0.09412181438065131,0.178,0.0,178.43531867309252,178.74719160959623,1.2920529578066993,1.2489186736990283
80,0.0,crump,0.08132563443072703,0.612,0.0,180.0,180.0,1.0,1.0
80,0.1,unweighted,0.11245329313366864,0.012,1.0,180.0,180.0,1.0,1.0
80,0.1,source,0.10201905465918681,0.074,0.0,174.79114890898268,180.0,1.3613358471087658,1.0
80,0.1,target,0.09476134626023203,0.184,0.0,180.0,174.3124821147721,1.0,1.3659786785936692
80,0.1,both,0.08443514867777266,0.544,0.0,174.79114890898268,174.3124821147721,1.3613358471087658,1.3659786785936692
80,0.1,crump,0.11245329313366864,0.012,1.0,180.0,180.0,1.0,1.0
80,0.2,unweighted,0.1307827522481329,0.002,1.0,180.0,180.0,1.0,1.0
80,0.2,source,0.11315159253103864,0.004,1.0,162.1309589931341,180.0,1.64614062246305,1.0
80,0.2,target,0.09598854084969854,0.16,0.0,180.0,163.47124034687295,1.0,1.640845481723906
80,0.2,both,0.07788356779638397,0.754,0.0,162.1309589931341,163.47124034687295,1.64614062246305,1.640845481723906
80,0.2,crump,0.1307827522481329,0.002,1.0,180.0,180.0,1.0,1.0
80,0.3,unweighted,0.18103976623228168,0.002,1.0,180.0,180.0,1.0,1.0
80,0.3,source,0.14396796998993486,0.002,1.0,133.9572733923715,180.0,2.1791669953491155,1.0
80,0.3,target,0.11846596578376746,0.004,1.0,180.0,137.277111873478,1.0,2.157789840856158
80,0.3,both,0.07569551641800781,0.784,0.0,133.9572733923715,137.277111873478,2.1791669953491155,2.157789840856158
80,0.3,crump,0.16445388563987828,0.002,1.0,167.0,169.0,1.0,1.0
80,0.4,unweighted,0.20614762898186248,0.002,1.0,180.0,180.0,1.0,1.0
80,0.4,source,0.164640710795312,0.002,1.0,118.93657240908549,180.0,2.5015952983189598,1.0
80,0.4,target,0.13139210702667553,0.002,1.0,180.0,122.49722868015621,1.0,2.4910095546822255
80,0.4,both,0.07731197562790419,0.738,0.0,118.93657240908549,122.49722868015621,2.5015952983189598,2.4910095546822255
80,0.4,crump,0.1581783908632952,0.002,1.0,139.0,148.0,1.0,1.0
81,0.0,unweighted,0.09945622142203933,0.076,0.0,180.0,180.0,1.0,1.0
81,0.0,source,0.10040837371691133,0.072,0.0,179.99146867041807,180.0,1.0259921295103747,1.0
81,0.0,target,0.09996261089992149,0.076,0.0,180.0,179.991530288578,1.0,1.0157054378892834
81,0.0,both,0.10091836194508791,0.068,0.0,179.99146867041807,179.991530288578,1.0259921295103747,1.0157054378892834
81,0.0,crump,0.09945622142203933,0.076,0.0,180.0,180.0,1.0,1.0
81,0.1,unweighted,0.11486859567901235,0.004,1.0,180.0,180.0,1.0,1.0
81,0.1,source,0.10539691463463519,0.036,1.0,174.29338249010684,180.0,1.3812241265250214,1.0
81,0.1,target,0.09691997767265534,0.168,0.0,180.0,174.16450047192757,1.0,1.4374893688647457
81,0.1,both,0.0875671570623913,0.436,0.0,174.29338249010684,174.16450047192757,1.3812241265250214,1.4374893688647457
81,0.1,crump,0.11486859567901235,0.004,1.0,180.0,180.0,1.0,1.0
81,0.2,unweighted,0.14146346117207745,0.002,1.0,180.0,180.0,1.0,1.0
81,0.2,source,0.12257691400084418,0.004,1.0,159.82998645102802,180.0,1.726790707889762,1.0
81,0.2,target,0.10019841348868769,0.1,0.0,180.0,158.51875178706717,1.0,1.8093660031550267
81,0.2,both,0.08130304890310139,0.64,0.0,159.82998645102802,158.51875178706717,1.726790707889762,1.8093660031550267
81,0.2,crump,0.14146346117207745,0.002,1.0,180.0,180.0,1.0,1.0
81,0.3,unweighted,0.17866078722755677,0.002,1.0,180.0,180.0,1.0,1.0
81,0.3,source,0.1465116602301367,0.002,1.0,138.64814905589262,180.0,2.0377028119262217,1.0
81,0.3,target,0.11498909140223389,0.008,1.0,180.0,134.1439439541575,1.0,2.2737278509625383
81,0.3,both,0.07953398787480266,0.666,0.0,138.64814905589262,134.1439439541575,2.0377028119262217,2.2737278509625383
81,0.3,crump,0.15906870417514923,0.002,1.0,155.0,171.0,1.0,1.0
81,0.4,unweighted,0.21783707228318852,0.002,1.0,180.0,180.0,1.0,1.0
81,0.4,source,0.17487806164013564,0.002,1.0,113.69422397566309,180.0,2.5689206730606347,1.0
81,0.4,target,0.13671492884761263,0.002,1.0,180.0,113.74610056879465,1.0,2.8126366278368615
81,0.4,both,0.08271963393207506,0.582,0.0,113.69422397566309,113.74610056879465,2.5689206730606347,2.8126366278368615
81,0.4,crump,0.14304856048778777,0.002,1.0,117.0,129.0,1.0,1.0
82,0.0,unweighted,0.10170949455113551,0.054,0.0,180.0,180.0,1.0,1.0
82,0.0,source,0.09995664536657983,0.082,0.0,179.7069927151921,180.0,1.1108968087620652,1.0
82,0.0,target,0.09831542620469866,0.112,0.0,180.0,179.70595601185457,1.0,1.0978760758352062
82,0.0,both,0.09658224189895744,0.16,0.0,179.7069927151921,179.70595601185457,1.1108968087620652,1.0978760758352062
82,0.0,crump,0.10170949455113551,0.054,0.0,180.0,180.0,1.0,1.0
82,0.1,unweighted,0.12488034693644262,0.002,1.0,180.0,180.0,1.0,1.0
82,0.1,source,0.1064766011285795,0.024,1.0,167.05535431970225,180.0,1.6222154307114638,1.0
82,0.1,target,0.09859053929864356,0.114,0.0,180.0,167.19678580658598,1.0,1.5568921160603526
82,0.1,both,0.08045493624613892,0.666,0.0,167.05535431970225,167.19678580658598,1.6222154307114638,1.5568921160603526
82,0.1,crump,0.12488034693644262,0.002,1.0,180.0,180.0,1.0,1.0
82,0.2,unweighted,0.1489669267261088,0.002,1.0,180.0,180.0,1.0,1.0
82,0.2,source,0.12591222958523715,0.002,1.0,154.18281963771759,180.0,1.8956203101104379,1.0
82,0.2,target,0.0999291538223212,0.09,0.0,180.0,150.92097478781946,1.0,1.8543855393429125
82,0.2,both,0.07559048830615836,0.792,0.0,154.18281963771759,150.92097478781946,1.8956203101104379,1.8543855393429125
82,0.2,crump,0.1485147870073591,0.002,1.0,179.0,180.0,1.0,1.0
82,0.3,unweighted,0.1943373933089468,0.002,1.0,180.0,180.0,1.0,1.0
82,0.3,source,0.16157801903347832,0.002,1.0,135.51846122241423,180.0,2.2761602871727122,1.0
82,0.3,target,0.1258257886173335,0.002,1.0,180.0,129.86384726246624,1.0,2.267306506099594
82,0.3,both,0.08688517613239466,0.46,0.0,135.51846122241423,129.86384726246624,2.2761602871727122,2.267306506099594
82,0.3,crump,0.15995221106691557,0.002,1.0,153.0,156.0,1.0,1.0
82,0.4,unweighted,0.21540463534522175,0.002,1.0,180.0,180.0,1.0,1.0
82,0.4,source,0.17792120042135895,0.002,1.0,117.34974028429104,180.0,2.704024651469341,1.0
82,0.4,target,0.1320214243315952,0.002,1.0,180.0,114.02823926981071,1.0,2.6813229561207073
82,0.4,both,0.08144719355825401,0.604,0.0,117.34974028429104,114.02823926981071,2.704024651469341,2.6813229561207073
82,0.4,crump,0.14456461351932504,0.002,1.0,126.0,132.0,1.0,1.0
83,0.0,unweighted,0.09045546886907484,0.292,0.0,180.0,180.0,1.0,1.0
83,0.0,source,0.0890367461948956,0.346,0.0,179.86651109289153,180.0,1.0765289734010388,1.0
83,0.0,target,0.08865959104694895,0.356,0.0,180.0,179.87263042764198,1.0,1.056192389865451
83,0.0,both,0.0872517752379158,0.404,0.0,179.86651109289153,179.87263042764198,1.0765289734010388,1.056192389865451
83,0.0,crump,0.09045546886907484,0.292,0.0,180.0,180.0,1.0,1.0
83,0.1,unweighted,0.10395491159884165,0.034,1.0,180.0,180.0,1.0,1.0
83,0.1,source,0.09160696755381714,0.282,0.0,173.7566258744388,180.0,1.4671680500749666,1.0
83,0.1,target,0.08693402827473459,0.424,0.0,180.0,173.20546811456168,1.0,1.361687970265384
83,0.1,both,0.07504942307927762,0.852,0.0,173.7566258744388,173.20546811456168,1.4671680500749666,1.361687970265384
83,0.1,crump,0.10395491159884165,0.034,1.0,180.0,180.0,1.0,1.0
83,0.2,unweighted,0.1430711448331047,0.002,1.0,180.0,180.0,1.0,1.0
83,0.2,source,0.12376182384210768,0.002,1.0,159.9412609699744,180.0,1.7998416044996528,1.0
83,0.2,target,0.10250517269791526,0.038,1.0,180.0,157.9825111173244,1.0,1.6576604117535099
83,0.2,both,0.08243159142071724,0.628,0.0,159.9412609699744,157.9825111173244,1.7998416044996528,1.6576604117535099
83,0.2,crump,0.1430711448331047,0.002,1.0,180.0,180.0,1.0,1.0
83,0.3,unweighted,0.17187210314738607,0.002,1.0,180.0,180.0,1.0,1.0
83,0.3,source,0.1424401915781189,0.002,1.0,143.87075061353053,180.0,2.14931428691946,1.0
83,0.3,target,0.11149429390147106,0.016,1.0,180.0,140.0841512998621,1.0,1.9906318880614247
83,0.3,both,0.07947770571304053,0.688,0.0,143.87075061353053,140.0841512998621,2.14931428691946,1.9906318880614247
83,0.3,crump,0.16472425852905173,0.002,1.0,172.0,176.0,1.0,1.0
83,0.4,unweighted,0.2069180707971346,0.002,1.0,180.0,180.0,1.0,1.0
83,0.4,source,0.17174452800574788,0.002,1.0,125.53793831255965,180.0,2.578143006899417,1.0
83,0.4,target,0.1289375614348351,0.002,1.0,180.0,121.1415329626665,1.0,2.392960294613527
83,0.4,both,0.0827204632007349,0.552,0.0,125.53793831255965,121.1415329626665,2.578143006899417,2.392960294613527
83,0.4,crump,0.14914252819122634,0.002,1.0,144.0,138.0,1.0,1.0
84,0.0,unweighted,0.0627768032693187,0.99,0.0,180.0,180.0,1.0,1.0
84,0.0,source,0.07127813780619172,0.93,0.0,177.70543698757263,180.0,1.251766580067317,1.0
84,0.0,target,0.06907205696245254,0.966,0.0,180.0,177.6291132134316,1.0,1.3158609101204366
84,0.0,both,0.07802463073801043,0.744,0.0,177.70543698757263,177.6291132134316,1.251766580067317,1.3158609101204366
84,0.0,crump,0.0627768032693187,0.99,0.0,180.0,180.0,1.0,1.0
84,0.1,unweighted,0.0861596974546563,0.444,0.0,180.0,180.0,1.0,1.0
84,0.1,source,0.07907398834284471,0.72,0.0,177.58932755226925,180.0,1.2218489090487992,1.0
84,0.1,target,0.07763623431861308,0.782,0.0,180.0,177.974850718344,1.0,1.2887001784148449
84,0.1,both,0.07068693008798682,0.94,0.0,177.58932755226925,177.974850718344,1.2218489090487992,1.2887001784148449
84,0.1,crump,0.0861596974546563,0.444,0.0,180.0,180.0,1.0,1.0
84,0.2,unweighted,0.1240257430269776,0.002,1.0,180.0,180.0,1.0,1.0
84,0.2,source,0.10702922612067096,0.014,1.0,165.11729479854998,180.0,1.5574662500863494,1.0
84,0.2,target,0.09499562114871882,0.148,0.0,180.0,166.97098096484297,1.0,1.6829510467276092
84,0.2,both,0.0779193656240388,0.744,0.0,165.11729479854998,166.97098096484297,1.5574662500863494,1.6829510467276092
84,0.2,crump,0.1240257430269776,0.002,1.0,180.0,180.0,1.0,1.0
84,0.3,unweighted,0.1444778377914952,0.002,1.0,180.0,180.0,1.0,1.0
84,0.3,source,0.11372912124903917,0.008,1.0,145.7220351561684,180.0,1.9160674100746484,1.0
84,0.3,target,0.09518580635344526,0.182,0.0,180.0,149.89652289092842,1.0,2.0698579141571405
84,0.3,both,0.06291015931622404,0.982,0.0,145.7220351561684,149.89652289092842,1.9160674100746484,2.0698579141571405
84,0.3,crump,0.14292629408712404,0.002,1.0,179.0,179.0,1.0,1.0
84,0.4,unweighted,0.2001171963115379,0.002,1.0,180.0,180.0,1.0,1.0
84,0.4,source,0.1628160681585856,0.002,1.0,121.88024590028027,180.0,2.408789172377691,1.0
84,0.4,target,0.12554721682296216,0.002,1.0,180.0,126.4264841982706,1.0,2.6364428252287553
84,0.4,both,0.08030757393027131,0.652,0.0,121.88024590028027,126.4264841982706,2.408789172377691,2.6364428252287553
84,0.4,crump,0.16756222634722023,0.002,1.0,143.0,159.0,1.0,1.0
85,0.0,unweighted,0.0735483472412742,0.886,0.0,180.0,180.0,1.0,1.0
85,0.0,source,0.07812401553685858,0.758,0.0,179.1576819694209,180.0,1.1540221084777418,1.0
85,0.0,target,0.0783401908234126,0.744,0.0,180.0,178.98080123579567,1.0,1.1908271636930807
85,0.0,both,0.08308654625469833,0.576,0.0,179.1576819694209,178.98080123579567,1.1540221084777418,1.1908271636930807
85,0.0,crump,0.0735483472412742,0.886,0.0,180.0,180.0,1.0,1.0
85,0.1,unweighted,0.11365141937204695,0.008,1.0,180.0,180.0,1.0,1.0
85,0.1,source,0.10152603925063336,0.064,0.0,170.92817165172843,180.0,1.5324017844881612,1.0
85,0.1,target,0.09160559936160836,0.284,0.0,180.0,171.23610184218919,1.0,1.4155381819962065
85,0.1,both,0.07966253364478879,0.738,0.0,170.92817165172843,171.23610184218919,1.5324017844881612,1.4155381819962065
85,0.1,crump,0.11365141937204695,0.008,1.0,180.0,180.0,1.0,1.0
85,0.2,unweighted,0.13902335676726107,0.002,1.0,180.0,180.0,1.0,1.0
85,0.2,source,0.11735498741569904,0.01,1.0,156.7284483405527,180.0,1.87024576767799,1.0
85,0.2,target,0.0941082307525219,0.206,0.0,180.0,153.9926445649598,1.0,1.745213596978575
85,0.2,both,0.07160092329732791,0.892,0.0,156.7284483405527,153.9926445649598,1.87024576767799,1.745213596978575
85,0.2,crump,0.13902335676726107,0.002,1.0,180.0,180.0,1.0,1.0
85,0.3,unweighted,0.18545913827922572,0.002,1.0,180.0,180.0,1.0,1.0
85,0.3,source,0.15510827815544212,0.002,1.0,138.22534712460782,180.0,2.255900997480035,1.0
85,0.3,target,0.11740940962807503,0.008,1.0,180.0,133.15828817546688,1.0,2.1095318329649486
85,0.3,both,0.08165039549597203,0.606,0.0,138.22534712460782,133.15828817546688,2.255900997480035,2.1095318329649486
85,0.3,crump,0.17097234884134233,0.002,1.0,173.0,167.0,1.0,1.0
85,0.4,unweighted,0.22375576798506328,0.002,1.0,180.0,180.0,1.0,1.0
85,0.4,source,0.17998809584962716,0.002,1.0,112.4011107240423,180.0,2.9613375118616143,1.0
85,0.4,target,0.13428415134525165,0.002,1.0,180.0,106.5157735267181,1.0,2.730428325542764
85,0.4,both,0.07252504713600624,0.844,0.0,112.4011107240423,106.5157735267181,2.9613375118616143,2.730428325542764
85,0.4,crump,0.12472203300900901,0.004,1.0,125.0,111.0,1.0,1.0
86,0.0,unweighted,0.07839949512269472,0.704,0.0,180.0,180.0,1.0,1.0
86,0.0,source,0.08142209414284733,0.606,0.0,179.76780040447562,180.0,1.1111388790396628,1.0
86,0.0,target,0.0804800762073425,0.636,0.0,180.0,179.76895206318258,1.0,1.0744520557777515
86,0.0,both,0.08354987967998531,0.544,0.0,179.76780040447562,179.76895206318258,1.1111388790396628,1.0744520557777515
86,0.0,crump,0.07839949512269472,0.704,0.0,180.0,180.0,1.0,1.0
86,0.1,unweighted,0.12753374199817102,0.002,1.0,180.0,180.0,1.0,1.0
86,0.1,source,0.10883940732368151,0.022,1.0,166.5755710170068,180.0,1.4919378250775321,1.0
86,0.1,target,0.10289121561559328,0.052,0.0,180.0,167.34422181058315,1.0,1.6750637849779615
86,0.1,both,0.08421850477504511,0.536,0.0,166.5755710170068,167.34422181058315,1.4919378250775321,1.6750637849779615
86,0.1,crump,0.12753374199817102,0.002,1.0,180.0,180.0,1.0,1.0
86,0.2,unweighted,0.1572557089239445,0.002,1.0,180.0,180.0,1.0,1.0
86,0.2,source,0.13184657298997,0.002,1.0,151.5007147801591,180.0,1.7661841442260222,1.0
86,0.2,target,0.11048991903656702,0.014,1.0,180.0,151.03457473334237,1.0,2.0102815847320517
86,0.2,both,0.08295595509515741,0.608,0.0,151.5007147801591,151.03457473334237,1.7661841442260222,2.0102815847320517
86,0.2,crump,0.1553339797397169,0.002,1.0,178.0,179.0,1.0,1.0
86,0.3,unweighted,0.1829647909998476,0.002,1.0,180.0,180.0,1.0,1.0
86,0.3,source,0.14894350037092335,0.002,1.0,133.96923261791397,180.0,2.089044783243342,1.0
86,0.3,target,0.1209860334298334,0.002,1.0,180.0,134.86515418696877,1.0,2.3723268316195956
86,0.3,both,0.0804612661393348,0.676,0.0,133.96923261791397,134.86515418696877,2.089044783243342,2.3723268316195956
86,0.3,crump,0.1483852876354001,0.002,1.0,153.0,159.0,1.0,1.0
86,0.4,unweighted,0.21170602232891328,0.002,1.0,180.0,180.0,1.0,1.0
86,0.4,source,0.1667306808402867,0.002,1.0,115.01611283746159,180.0,2.5285274389240406,1.0
86,0.4,target,0.13564113128772892,0.002,1.0,180.0,115.2296464559781,1.0,2.859853431458497
86,0.4,both,0.07788034670418038,0.738,0.0,115.01611283746159,115.2296464559781,2.5285274389240406,2.859853431458497
86,0.4,crump,0.12421083592973486,0.004,1.0,119.0,124.0,1.0,1.0
87,0.0,unweighted,0.0849797563252553,0.478,0.0,180.0,180.0,1.0,1.0
87,0.0,source,0.08225042188132684,0.584,0.0,179.4528094505447,180.0,1.18390219685579,1.0
87,0.0,target,0.0809815384138025,0.624,0.0,180.0,179.4378740119254,1.0,1.1762933199445038
87,0.0,both,0.0783021547000349,0.73,0.0,179.4528094505447,179.4378740119254,1.18390219685579,1.1762933199445038
87,0.0,crump,0.0849797563252553,0.478,0.0,180.0,180.0,1.0,1.0
87,0.1,unweighted,0.13633136050144795,0.002,1.0,180.0,180.0,1.0,1.0
87,0.1,source,0.11678634820693078,0.004,1.0,163.08045720237448,180.0,1.8136732814262706,1.0
87,0.1,target,0.10419069224439298,0.05,0.0,180.0,163.61172828903727,1.0,1.7823356539912096
87,0.1,both,0.08513106726571001,0.534,0.0,163.08045720237448,163.61172828903727,1.8136732814262706,1.7823356539912096
87,0.1,crump,0.13633136050144795,0.002,1.0,180.0,180.0,1.0,1.0
87,0.2,unweighted,0.1479837600975461,0.002,1.0,180.0,180.0,1.0,1.0
87,0.2,source,0.12330936792313842,0.002,1.0,151.94229124023124,180.0,2.0394828709965727,1.0
87,0.2,target,0.10200333641985562,0.074,0.0,180.0,152.682259040642,1.0,2.0097452288404556
87,0.2,both,0.07687766172426014,0.772,0.0,151.94229124023124,152.682259040642,2.0394828709965727,2.0097452288404556
87,0.2,crump,0.14604710739661841,0.002,1.0,180.0,178.0,1.0,1.0
87,0.3,unweighted,0.18714233920134127,0.002,1.0,180.0,180.0,1.0,1.0
87,0.3,source,0.14933277343287116,0.002,1.0,137.45115980977292,180.0,2.3452536377209894,1.0
87,0.3,target,0.1308648736291121,0.002,1.0,180.0,137.82590491902033,1.0,2.305991919561439
87,0.3,both,0.08873509233438705,0.38,0.0,137.45115980977292,137.82590491902033,2.3452536377209894,2.305991919561439
87,0.3,crump,0.16890819638975252,0.002,1.0,165.0,164.0,1.0,1.0
87,0.4,unweighted,0.2185290504496266,0.002,1.0,180.0,180.0,1.0,1.0
87,0.4,source,0.16523938495125293,0.002,1.0,108.84292530566049,180.0,3.007808483368388,1.0
87,0.4,target,0.14471560815277607,0.002,1.0,180.0,114.22348445123853,1.0,2.64477135017175
87,0.4,both,0.07753198740952336,0.716,0.0,108.84292530566049,114.22348445123853,3.007808483368388,2.64477135017175
87,0.4,crump,0.12873261728527907,0.002,1.0,121.0,114.0,1.0,1.0
88,0.0,unweighted,0.09002885992988874,0.284,0.0,180.0,180.0,1.0,1.0
88,0.0,source,0.09030361698587137,0.286,0.0,179.99805312238124,180.0,1.0069804722394766,1.0
88,0.0,target,0.08978648758557109,0.306,0.0,180.0,179.9981140124641,1.0,1.0084523318804666
88,0.0,both,0.09006045909191775,0.298,0.0,179.99805312238124,179.9981140124641,1.0069804722394766,1.0084523318804666
88,0.0,crump,0.09002885992988874,0.284,0.0,180.0,180.0,1.0,1.0
88,0.1,unweighted,0.11977069901691814,0.002,1.0,180.0,180.0,1.0,1.0
88,0.1,source,0.10607571202736352,0.022,1.0,171.07001072373916,180.0,1.4391593607774427,1.0
88,0.1,target,0.09625913151302065,0.13,0.0,180.0,170.3454929779786,1.0,1.5374525481679393
88,0.1,both,0.08262286965450025,0.59,0.0,171.07001072373916,170.3454929779786,1.4391593607774427,1.5374525481679393
88,0.1,crump,0.11977069901691814,0.002,1.0,180.0,180.0,1.0,1.0
88,0.2,unweighted,0.15071287722908094,0.002,1.0,180.0,180.0,1.0,1.0
88,0.2,source,0.12586403637349752,0.002,1.0,154.29718976310616,180.0,1.7803130019920121,1.0
88,0.2,target,0.1065617032406113,0.034,1.0,180.0,153.50294999500446,1.0,1.9096495575013919
88,0.2,both,0.08112605448745468,0.624,0.0,154.29718976310616,153.50294999500446,1.7803130019920121,1.9096495575013919
88,0.2,crump,0.15071287722908094,0.002,1.0,180.0,180.0,1.0,1.0
88,0.3,unweighted,0.17349525796372506,0.002,1.0,180.0,180.0,1.0,1.0
88,0.3,source,0.14087377360669098,0.002,1.0,143.14132599833204,180.0,1.9769396953940264,1.0
88,0.3,target,0.11691525099876976,0.002,1.0,180.0,141.1352558824952,1.0,2.128692462585358
88,0.3,both,0.0824682699009649,0.58,0.0,143.14132599833204,141.1352558824952,1.9769396953940264,2.128692462585358
88,0.3,crump,0.16579375326770868,0.002,1.0,174.0,174.0,1.0,1.0
88,0.4,unweighted,0.19748082323578722,0.002,1.0,180.0,180.0,1.0,1.0
88,0.4,source,0.15851112188908031,0.002,1.0,125.60399893783949,180.0,2.3902931170638313,1.0
88,0.4,target,0.12301048125802222,0.002,1.0,180.0,121.34151383349048,1.0,2.555612591950105
88,0.4,both,0.07642283807374595,0.766,0.0,125.60399893783949,121.34151383349048,2.3902931170638313,2.555612591950105
88,0.4,crump,0.134216540667274,0.002,1.0,142.0,136.0,1.0,1.0
89,0.0,unweighted,0.07917049325560127,0.72,0.0,180.0,180.0,1.0,1.0
89,0.0,source,0.07864668288930511,0.736,0.0,179.97022381362567,180.0,1.0418875617774213,1.0
89,0.0,target,0.0784735646664736,0.744,0.0,180.0,179.97502772646033,1.0,1.0251797986479025
89,0.0,both,0.07795213262391727,0.762,0.0,179.97022381362567,179.97502772646033,1.0418875617774213,1.0251797986479025
89,0.0,crump,0.07917049325560127,0.72,0.0,180.0,180.0,1.0,1.0
89,0.1,unweighted,0.09525396566834324,0.136,0.0,180.0,180.0,1.0,1.0
89,0.1,source,0.08430039544624018,0.496,0.0,174.95533050959335,180.0,1.4492268284636696,1.0
89,0.1,target,0.08443107249813364,0.498,0.0,180.0,176.3336995017504,1.0,1.2794381091379303
89,0.1,both,0.07400754312847632,0.862,0.0,174.95533050959335,176.3336995017504,1.4492268284636696,1.2794381091379303
89,0.1,crump,0.09525396566834324,0.136,0.0,180.0,180.0,1.0,1.0
89,0.2,unweighted,0.13857539342325864,0.002,1.0,180.0,180.0,1.0,1.0
89,0.2,source,0.11175004912114558,0.014,1.0,156.34351391334582,180.0,1.8997511122970756,1.0
89,0.2,target,0.10530862435100685,0.024,1.0,180.0,160.99845763329984,1.0,1.63314324497701
89,0.2,both,0.07809679439299663,0.762,0.0,156.34351391334582,160.99845763329984,1.8997511122970756,1.63314324497701
89,0.2,crump,0.13857539342325864,0.002,1.0,180.0,180.0,1.0,1.0
89,0.3,unweighted,0.17575427716811465,0.002,1.0,180.0,180.0,1.0,1.0
89,0.3,source,0.13370733832331355,0.002,1.0,136.99125211981257,180.0,2.2886824619582034,1.0
89,0.3,target,0.1230500059604186,0.002,1.0,180.0,141.98051362977216,1.0,1.9641265659328768
89,0.3,both,0.07654587996753537,0.786,0.0,136.99125211981257,141.98051362977216,2.2886824619582034,1.9641265659328768
89,0.3,crump,0.16562691367405144,0.002,1.0,178.0,170.0,1.0,1.0
89,0.4,unweighted,0.19879551230757508,0.002,1.0,180.0,180.0,1.0,1.0
89,0.4,source,0.1503326938440559,0.002,1.0,120.13079856411001,180.0,2.6738779323497726,1.0
89,0.4,target,0.12947109892679565,0.002,1.0,180.0,126.38296558394113,1.0,2.31816610021507
89,0.4,both,0.06979870646543365,0.912,0.0,120.13079856411001,126.38296558394113,2.6738779323497726,2.31816610021507
89,0.4,crump,0.14752565756948519,0.002,1.0,148.0,143.0,1.0,1.0
90,0.0,unweighted,0.07904060737692425,0.684,0.0,180.0,180.0,1.0,1.0
90,0.0,source,0.08424348284952728,0.506,0.0,179.05925418749968,180.0,1.2040923690835101,1.0
90,0.0,target,0.08344116259213542,0.532,0.0,180.0,179.14915998324759,1.0,1.1583829392995226
90,0.0,both,0.08882147046614397,0.318,0.0,179.05925418749968,179.14915998324759,1.2040923690835101,1.1583829392995226
90,0.0,crump,0.07904060737692425,0.684,0.0,180.0,180.0,1.0,1.0
90,0.1,unweighted,0.11136601794695933,0.01,1.0,180.0,180.0,1.0,1.0
90,0.1,source,0.10137342379047384,0.066,0.0,174.71713301934636,180.0,1.3415247391172385,1.0
90,0.1,target,0.09429833547231672,0.166,0.0,180.0,174.54531571301132,1.0,1.351138724563224
90,0.1,both,0.08448862782355862,0.492,0.0,174.71713301934636,174.54531571301132,1.3415247391172385,1.351138724563224
90,0.1,crump,0.11136601794695933,0.01,1.0,180.0,180.0,1.0,1.0
90,0.2,unweighted,0.1429669219631154,0.002,1.0,180.0,180.0,1.0,1.0
90,0.2,source,0.12581409134358706,0.002,1.0,161.05564000014965,180.0,1.6440935062647326,1.0
90,0.2,target,0.09974360469109239,0.076,0.0,180.0,158.28294087558285,1.0,1.7157341473269663
90,0.2,both,0.08203652524493543,0.612,0.0,161.05564000014965,158.28294087558285,1.6440935062647326,1.7157341473269663
90,0.2,crump,0.1429669219631154,0.002,1.0,180.0,180.0,1.0,1.0
90,0.3,unweighted,0.1711717059137327,0.002,1.0,180.0,180.0,1.0,1.0
90,0.3,source,0.14222903972961679,0.002,1.0,141.23331581672252,180.0,1.9892171830827086,1.0
90,0.3,target,0.1077913720996021,0.028,1.0,180.0,139.6183639004789,1.0,2.0633434671915256
90,0.3,both,0.07509578912352143,0.798,0.0,141.23331581672252,139.6183639004789,1.9892171830827086,2.0633434671915256
90,0.3,crump,0.16244360896345156,0.002,1.0,172.0,175.0,1.0,1.0
90,0.4,unweighted,0.20436087962962962,0.002,1.0,180.0,180.0,1.0,1.0
90,0.4,source,0.1641733185874536,0.002,1.0,120.23414761768639,180.0,2.447365655014346,1.0
90,0.4,target,0.1251886287446652,0.002,1.0,180.0,119.70191972630145,1.0,2.5208200322699796
90,0.4,both,0.07374549097111469,0.808,0.0,120.23414761768639,119.70191972630145,2.447365655014346,2.5208200322699796
90,0.4,crump,0.14463198349345083,0.002,1.0,139.0,139.0,1.0,1.0
91,0.0,unweighted,0.08014269547325102,0.684,0.0,180.0,180.0,1.0,1.0
91,0.0,source,0.08129873011329102,0.652,0.0,179.98023145634642,180.0,1.0306676719131944,1.0
91,0.0,target,0.0806826972654138,0.676,0.0,180.0,179.98386567901122,1.0,1.0271942786434376
91,0.0,both,0.08184345896588154,0.636,0.0,179.98023145634642,179.98386567901122,1.0306676719131944,1.0271942786434376
91,0.0,crump,0.08014269547325102,0.684,0.0,180.0,180.0,1.0,1.0
91,0.1,unweighted,0.11292278616064627,0.006,1.0,180.0,180.0,1.0,1.0
91,0.1,source,0.10102102221762703,0.06,0.0,171.52352397677615,180.0,1.469033303231958,1.0
91,0.1,target,0.09175272870474033,0.256,0.0,180.0,170.69679161001758,1.0,1.5411183576635643
91,0.1,both,0.0798655483794126,0.682,0.0,171.52352397677615,170.69679161001758,1.469033303231958,1.5411183576635643
91,0.1,crump,0.11292278616064627,0.006,1.0,180.0,180.0,1.0,1.0
91,0.2,unweighted,0.14699838725041914,0.002,1.0,180.0,180.0,1.0,1.0
91,0.2,source,0.12642194453926167,0.002,1.0,155.15307615478898,180.0,1.824648430716636,1.0
91,0.2,target,0.1027275268332145,0.052,0.0,180.0,153.99954729058305,1.0,1.844319012338099
91,0.2,both,0.08052770633687598,0.666,0.0,155.15307615478898,153.99954729058305,1.824648430716636,1.844319012338099
91,0.2,crump,0.14550539282681355,0.002,1.0,179.0,179.0,1.0,1.0
91,0.3,unweighted,0.17670277396738304,0.002,1.0,180.0,180.0,1.0,1.0
91,0.3,source,0.14239636873307626,0.002,1.0,136.44162822525132,180.0,2.192725328599492,1.0
91,0.3,target,0.11259924811207556,0.028,1.0,180.0,133.5245203496206,1.0,2.2299999519571734
91,0.3,both,0.07303754155733055,0.856,0.0,136.44162822525132,133.5245203496206,2.192725328599492,2.2299999519571734
91,0.3,crump,0.14353838295801952,0.002,1.0,161.0,157.0,1.0,1.0
91,0.4,unweighted,0.2170162475232434,0.002,1.0,180.0,180.0,1.0,1.0
91,0.4,source,0.17666271573835832,0.002,1.0,115.05055959105219,180.0,2.708218112968405,1.0
91,0.4,target,0.13543041129381386,0.004,1.0,180.0,112.54531262383908,1.0,2.765475466853624
91,0.4,both,0.07950030918375588,0.696,0.0,115.05055959105219,112.54531262383908,2.708218112968405,2.765475466853624
91,0.4,crump,0.10653366661446635,0.038,1.0,122.0,110.0,1.0,1.0
92,0.0,unweighted,0.10180079256210944,0.036,1.0,180.0,180.0,1.0,1.0
92,0.0,source,0.1011250812766017,0.046,1.0,179.93300945972032,180.0,1.0544443830389714,1.0
92,0.0,target,0.1001594751103068,0.056,0.0,180.0,179.92802205290738,1.0,1.0511064227834002
92,0.0,both,0.09948486475361973,0.062,0.0,179.93300945972032,179.92802205290738,1.0544443830389714,1.0511064227834002
92,0.0,crump,0.10180079256210944,0.036,1.0,180.0,180.0,1.0,1.0
92,0.1,unweighted,0.12245337124676116,0.006,1.0,180.0,180.0,1.0,1.0
92,0.1,source,0.1079933206214003,0.022,1.0,167.96943312809537,180.0,1.6121837287232277,1.0
92,0.1,target,0.09669897958511675,0.134,0.0,180.0,168.695456090669,1.0,1.5592065429019315
92,0.1,both,0.08250692060352274,0.614,0.0,167.96943312809537,168.695456090669,1.6121837287232277,1.5592065429019315
92,0.1,crump,0.12245337124676116,0.006,1.0,180.0,180.0,1.0,1.0
92,0.2,unweighted,0.15207438747904284,0.002,1.0,180.0,180.0,1.0,1.0
92,0.2,source,0.12713079085291815,0.002,1.0,152.6111733131958,180.0,1.9288045220952152,1.0
92,0.2,target,0.10823603706434187,0.02,1.0,180.0,154.28669207251545,1.0,1.8556139881739953
92,0.2,both,0.08233123798337598,0.596,0.0,152.6111733131958,154.28669207251545,1.9288045220952152,1.8556139881739953
92,0.2,crump,0.15207438747904284,0.002,1.0,180.0,180.0,1.0,1.0
92,0.3,unweighted,0.18799465401615606,0.002,1.0,180.0,180.0,1.0,1.0
92,0.3,source,0.15065910654750167,0.002,1.0,133.44184906224643,180.0,2.3308466586055605,1.0
92,0.3,target,0.12295025877087748,0.002,1.0,180.0,132.8364408997455,1.0,2.279594358729807
92,0.3,both,0.07941359120715427,0.688,0.0,133.44184906224643,132.8364408997455,2.3308466586055605,2.279594358729807
92,0.3,crump,0.16316099423991987,0.002,1.0,165.0,160.0,1.0,1.0
92,0.4,unweighted,0.20630231957780826,0.002,1.0,180.0,180.0,1.0,1.0
92,0.4,source,0.16035537480307793,0.002,1.0,117.40785723953083,180.0,2.6999384787159335,1.0
92,0.4,target,0.1309157458264361,0.002,1.0,180.0,118.59249142183103,1.0,2.642276258488289
92,0.4,both,0.07227082018718296,0.872,0.0,117.40785723953083,118.59249142183103,2.6999384787159335,2.642276258488289
92,0.4,crump,0.12014686080286742,0.004,1.0,126.0,126.0,1.0,1.0
93,0.0,unweighted,0.07280562319006248,0.894,0.0,180.0,180.0,1.0,1.0
93,0.0,source,0.06989424511673711,0.952,0.0,179.51156615564307,180.0,1.1095980150972151,1.0
93,0.0,target,0.07007885272607098,0.946,0.0,180.0,179.62011483780054,1.0,1.1095781465281285
93,0.0,both,0.0672206454831584,0.968,0.0,179.51156615564307,179.62011483780054,1.1095980150972151,1.1095781465281285
93,0.0,crump,0.07280562319006248,0.894,0.0,180.0,180.0,1.0,1.0
93,0.1,unweighted,0.10633291609510746,0.024,1.0,180.0,180.0,1.0,1.0
93,0.1,source,0.08999207580350314,0.31,0.0,167.65860740579646,180.0,1.5136961644015277,1.0
93,0.1,target,0.08268049596162914,0.572,0.0,180.0,168.4770163524498,1.0,1.5099309356291262
93,0.1,both,0.06654960766447082,0.952,0.0,167.65860740579646,168.4770163524498,1.5136961644015277,1.5099309356291262
93,0.1,crump,0.10633291609510746,0.024,1.0,180.0,180.0,1.0,1.0
93,0.2,unweighted,0.14022234129705838,0.002,1.0,180.0,180.0,1.0,1.0
93,0.2,source,0.11055975494219356,0.014,1.0,151.09710836607925,180.0,1.8341304919880344,1.0
93,0.2,target,0.09793082222087587,0.108,0.0,180.0,152.58368463956927,1.0,1.8225863553499584
93,0.2,both,0.06709505703142588,0.956,0.0,151.09710836607925,152.58368463956927,1.8341304919880344,1.8225863553499584
93,0.2,crump,0.13579358106528244,0.002,1.0,180.0,176.0,1.0,1.0
93,0.3,unweighted,0.18921177983539095,0.002,1.0,180.0,180.0,1.0,1.0
93,0.3,source,0.14444655400874012,0.002,1.0,128.02112715992212,180.0,2.3174667905365207,1.0
93,0.3,target,0.12563967750382574,0.002,1.0,180.0,130.22899735503674,1.0,2.2695462230530126
93,0.3,both,0.07422648896831165,0.828,0.0,128.02112715992212,130.22899735503674,2.3174667905365207,2.2695462230530126
93,0.3,crump,0.1348689041374084,0.002,1.0,151.0,141.0,1.0,1.0
93,0.4,unweighted,0.230556798696845,0.002,1.0,180.0,180.0,1.0,1.0
93,0.4,source,0.18350344960192508,0.002,1.0,104.85778458792656,180.0,2.924465753287519,1.0
93,0.4,target,0.1415769027779578,0.002,1.0,180.0,105.088260743166,1.0,2.9032934753506168
93,0.4,both,0.07266195071431866,0.852,0.0,104.85778458792656,105.088260743166,2.924465753287519,2.9032934753506168
93,0.4,crump,0.11811443724658716,0.01,1.0,117.0,110.0,1.0,1.0
94,0.0,unweighted,0.08287873323426308,0.532,0.0,180.0,180.0,1.0,1.0
94,0.0,source,0.0850742580607588,0.45,0.0,179.88896037454327,180.0,1.0723249704314393,1.0
94,0.0,target,0.08470784578346095,0.466,0.0,180.0,179.8752859745217,1.0,1.069681594157757
94,0.0,both,0.08693325811004515,0.37,0.0,179.88896037454327,179.8752859745217,1.0723249704314393,1.069681594157757
94,0.0,crump,0.08287873323426308,0.532,0.0,180.0,180.0,1.0,1.0
94,0.1,unweighted,0.12167688805060206,0.002,1.0,180.0,180.0,1.0,1.0
94,0.1,source,0.1104302279996085,0.014,1.0,173.26603566425558,180.0,1.483425151386292,1.0
94,0.1,target,0.10093245915857485,0.066,0.0,180.0,171.96346783820613,1.0,1.480850584700181
94,0.1,both,0.08990381521518348,0.314,0.0,173.26603566425558,171.96346783820613,1.483425151386292,1.480850584700181
94,0.1,crump,0.12167688805060206,0.002,1.0,180.0,180.0,1.0,1.0
94,0.2,unweighted,0.15072610310928214,0.002,1.0,180.0,180.0,1.0,1.0
94,0.2,source,0.12801662578388565,0.002,1.0,157.86991957093613,180.0,1.858143950946432,1.0
94,0.2,target,0.11258455128851308,0.012,1.0,180.0,156.75318557291007,1.0,1.8369337913681705
94,0.2,both,0.08956158616509718,0.332,0.0,157.86991957093613,156.75318557291007,1.858143950946432,1.8369337913681705
94,0.2,crump,0.15072610310928214,0.002,1.0,180.0,180.0,1.0,1.0
94,0.3,unweighted,0.18624817863130622,0.002,1.0,180.0,180.0,1.0,1.0
94,0.3,source,0.15382032327199033,0.002,1.0,140.14483624810993,180.0,2.1159327979392626,1.0
94,0.3,target,0.12375516903431186,0.002,1.0,180.0,135.98409272023824,1.0,2.223692368193606
94,0.3,both,0.08627334403821565,0.436,0.0,140.14483624810993,135.98409272023824,2.1159327979392626,2.223692368193606
94,0.3,crump,0.16680662521100487,0.002,1.0,164.0,167.0,1.0,1.0
94,0.4,unweighted,0.21443009449779,0.002,1.0,180.0,180.0,1.0,1.0
94,0.4,source,0.17163934425346755,0.002,1.0,121.69531980567211,180.0,2.5468125923684624,1.0
94,0.4,target,0.1374637488651388,0.002,1.0,180.0,116.8959672016825,1.0,2.664892905526934
94,0.4,both,0.08492099332274396,0.514,0.0,121.69531980567211,116.8959672016825,2.5468125923684624,2.664892905526934
94,0.4,crump,0.14020583790039223,0.002,1.0,133.0,129.0,1.0,1.0
95,0.0,unweighted,0.07370761602652035,0.878,0.0,180.0,180.0,1.0,1.0
95,0.0,source,0.0770080620590001,0.786,0.0,179.61669142871796,180.0,1.11197488023105,1.0
95,0.0,target,0.0765565323365591,0.808,0.0,180.0,179.64062092845018,1.0,1.1271679668627395
95,0.0,both,0.07992605356493723,0.67,0.0,179.61669142871796,179.64062092845018,1.11197488023105,1.1271679668627395
95,0.0,crump,0.07370761602652035,0.878,0.0,180.0,180.0,1.0,1.0
95,0.1,unweighted,0.10967586019661638,0.01,1.0,180.0,180.0,1.0,1.0
95,0.1,source,0.09279962013319125,0.246,0.0,166.47796163311494,180.0,1.6069853558895766,1.0
95,0.1,target,0.08601339941307871,0.464,0.0,180.0,169.56676598867136,1.0,1.4931515443046897
95,0.1,both,0.06948019036944976,0.938,0.0,166.47796163311494,169.56676598867136,1.6069853558895766,1.4931515443046897
95,0.1,crump,0.10967586019661638,0.01,1.0,180.0,180.0,1.0,1.0
95,0.2,unweighted,0.13195334647919524,0.002,1.0,180.0,180.0,1.0,1.0
95,0.2,source,0.10512367947881897,0.038,1.0,155.00292289509386,180.0,1.8354377122308807,1.0
95,0.2,target,0.09630594361065781,0.164,0.0,180.0,159.67228600249808,1.0,1.6935339310524127
95,0.2,both,0.06878607594639405,0.942,0.0,155.00292289509386,159.67228600249808,1.8354377122308807,1.6935339310524127
95,0.2,crump,0.13195334647919524,0.002,1.0,180.0,180.0,1.0,1.0
95,0.3,unweighted,0.16339007677945433,0.002,1.0,180.0,180.0,1.0,1.0
95,0.3,source,0.12288840957628686,0.002,1.0,138.18152415916737,180.0,2.168307350060975,1.0
95,0.3,target,0.11129402231082897,0.008,1.0,180.0,143.67854957205128,1.0,1.9912297839037816
95,0.3,both,0.06835662157366508,0.942,0.0,138.18152415916737,143.67854957205128,2.168307350060975,1.9912297839037816
95,0.3,crump,0.14838299826333648,0.002,1.0,173.0,168.0,1.0,1.0
95,0.4,unweighted,0.19727926478433166,0.002,1.0,180.0,180.0,1.0,1.0
95,0.4,source,0.14328338169705107,0.002,1.0,119.8363971658623,180.0,2.5448856521074865,1.0
95,0.4,target,0.13031699129393917,0.002,1.0,180.0,127.25138248511998,1.0,2.327781242665113
95,0.4,both,0.06509715520676641,0.948,0.0,119.8363971658623,127.25138248511998,2.5448856521074865,2.327781242665113
95,0.4,crump,0.13347130944241142,0.002,1.0,153.0,136.0,1.0,1.0
96,0.0,unweighted,0.09074314033683889,0.284,0.0,180.0,180.0,1.0,1.0
96,0.0,source,0.0846175147221677,0.538,0.0,178.35486673065293,180.0,1.2559072427872584,1.0
96,0.0,target,0.08494920522623,0.512,0.0,180.0,178.59667420745566,1.0,1.2746528487408086
96,0.0,both,0.07897167343500461,0.734,0.0,178.35486673065293,178.59667420745566,1.2559072427872584,1.2746528487408086
96,0.0,crump,0.09074314033683889,0.284,0.0,180.0,180.0,1.0,1.0
96,0.1,unweighted,0.11595153177869227,0.012,1.0,180.0,180.0,1.0,1.0
96,0.1,source,0.10035054120997319,0.082,0.0,164.59282065685338,180.0,1.6783239991251502,1.0
96,0.1,target,0.08678460848471152,0.436,0.0,180.0,165.47532242927835,1.0,1.7247831235925504
96,0.1,both,0.07100397696068705,0.908,0.0,164.59282065685338,165.47532242927835,1.6783239991251502,1.7247831235925504
96,0.1,crump,0.11595153177869227,0.012,1.0,180.0,180.0,1.0,1.0
96,0.2,unweighted,0.1457031578646548,0.002,1.0,180.0,180.0,1.0,1.0
96,0.2,source,0.11798018081688663,0.006,1.0,147.8259108440761,180.0,2.039836570589443,1.0
96,0.2,target,0.09578724566204622,0.144,0.0,180.0,147.75201003576646,1.0,2.0928013655911526
96,0.2,both,0.0675081145503842,0.95,0.0,147.8259108440761,147.75201003576646,2.039836570589443,2.0928013655911526
96,0.2,crump,0.14317546563006153,0.002,1.0,175.0,180.0,1.0,1.0
96,0.3,unweighted,0.18240702732053038,0.002,1.0,180.0,180.0,1.0,1.0
96,0.3,source,0.1366795446446942,0.002,1.0,130.44164936199482,180.0,2.3898124695659773,1.0
96,0.3,target,0.12537444994930505,0.002,1.0,180.0,132.54658177050908,1.0,2.4475405344390073
96,0.3,both,0.07518029383543712,0.818,0.0,130.44164936199482,132.54658177050908,2.3898124695659773,2.4475405344390073
96,0.3,crump,0.13828884220050996,0.002,1.0,146.0,152.0,1.0,1.0
96,0.4,unweighted,0.21222863702179545,0.002,1.0,180.0,180.0,1.0,1.0
96,0.4,source,0.15461672179248453,0.002,1.0,109.89691842862565,180.0,2.862763277342104,1.0
96,0.4,target,0.13997978883386242,0.002,1.0,180.0,116.1373389505715,1.0,2.687675967193401
96,0.4,both,0.0708107688117968,0.87,0.0,109.89691842862565,116.1373389505715,2.862763277342104,2.687675967193401
96,0.4,crump,0.10628415711100984,0.056,0.0,110.0,122.0,1.0,1.0
97,0.0,unweighted,0.09082569730224052,0.29,0.0,180.0,180.0,1.0,1.0
97,0.0,source,0.08978993115595349,0.356,0.0,179.9187045339853,180.0,1.0589120351238248,1.0
97,0.0,target,0.08935675074438502,0.372,0.0,180.0,179.91872151867196,1.0,1.0591563217187607
97,0.0,both,0.0883283328950544,0.412,0.0,179.9187045339853,179.91872151867196,1.0589120351238248,1.0591563217187607
97,0.0,crump,0.09082569730224052,0.29,0.0,180.0,180.0,1.0,1.0
97,0.1,unweighted,0.10315268347050753,0.036,1.0,180.0,180.0,1.0,1.0
97,0.1,source,0.08902463368720565,0.334,0.0,171.73749430804983,180.0,1.507380173626758,1.0
97,0.1,target,0.08710428626558257,0.406,0.0,180.0,173.26417750199622,1.0,1.4923327615910589
97,0.1,both,0.07363591033320574,0.89,0.0,171.73749430804983,173.26417750199622,1.507380173626758,1.4923327615910589
97,0.1,crump,0.10315268347050753,0.036,1.0,180.0,180.0,1.0,1.0
97,0.2,unweighted,0.13693512040847433,0.002,1.0,180.0,180.0,1.0,1.0
97,0.2,source,0.11055794433139393,0.01,1.0,157.1080748578213,180.0,1.8464178686437784,1.0
97,0.2,target,0.1023488830300946,0.062,0.0,180.0,160.24607285195611,1.0,1.8137824263580342
97,0.2,both,0.07661878799082153,0.782,0.0,157.1080748578213,160.24607285195611,1.8464178686437784,1.8137824263580342
97,0.2,crump,0.13693512040847433,0.002,1.0,180.0,180.0,1.0,1.0
97,0.3,unweighted,0.18167175640146319,0.002,1.0,180.0,180.0,1.0,1.0
97,0.3,source,0.14210871733367156,0.002,1.0,140.2008607776916,180.0,2.1828328570631372,1.0
97,0.3,target,0.1304697548013371,0.002,1.0,180.0,142.92264821983767,1.0,2.1390566890659453
97,0.3,both,0.08836424471193498,0.434,0.0,140.2008607776916,142.92264821983767,2.1828328570631372,2.1390566890659453
97,0.3,crump,0.1777435707614619,0.002,1.0,177.0,177.0,1.0,1.0
97,0.4,unweighted,0.2043016203703704,0.002,1.0,180.0,180.0,1.0,1.0
97,0.4,source,0.15737853958284248,0.002,1.0,121.05465666473249,180.0,2.6080996949807673,1.0
97,0.4,target,0.13780901250750224,0.002,1.0,180.0,125.77221705396379,1.0,2.5284308731057337
97,0.4,both,0.0821702665272647,0.586,0.0,121.05465666473249,125.77221705396379,2.6080996949807673,2.5284308731057337
97,0.4,crump,0.16500422209626311,0.002,1.0,160.0,143.0,1.0,1.0
98,0.0,unweighted,0.08424099032159732,0.518,0.0,180.0,180.0,1.0,1.0
98,0.0,source,0.0839741618233323,0.536,0.0,179.9782740030166,180.0,1.0264278494626802,1.0
98,0.0,target,0.08363124818386834,0.548,0.0,180.0,179.97950512639684,1.0,1.0381913262076645
98,0.0,both,0.08336488695266514,0.556,0.0,179.9782740030166,179.97950512639684,1.0264278494626802,1.0381913262076645
98,0.0,crump,0.08424099032159732,0.518,0.0,180.0,180.0,1.0,1.0
98,0.1,unweighted,0.10441223327236701,0.034,1.0,180.0,180.0,1.0,1.0
98,0.1,source,0.09385849599551853,0.164,0.0,173.85076562967282,180.0,1.395129688567281,1.0
98,0.1,target,0.08731856106661168,0.378,0.0,180.0,173.35258371637934,1.0,1.5538539568515108
98,0.1,both,0.07694264166363149,0.78,0.0,173.85076562967282,173.35258371637934,1.395129688567281,1.5538539568515108
98,0.1,crump,0.10441223327236701,0.034,1.0,180.0,180.0,1.0,1.0
98,0.2,unweighted,0.14653027453894224,0.002,1.0,180.0,180.0,1.0,1.0
98,0.2,source,0.12677065048643443,0.002,1.0,158.0306867355179,180.0,1.735118175894519,1.0
98,0.2,target,0.10555984275760245,0.024,1.0,180.0,157.33791128797537,1.0,1.9508523244685154
98,0.2,both,0.08522285880782285,0.49,0.0,158.0306867355179,157.33791128797537,1.735118175894519,1.9508523244685154
98,0.2,crump,0.14653027453894224,0.002,1.0,180.0,180.0,1.0,1.0
98,0.3,unweighted,0.15464197245084593,0.002,1.0,180.0,180.0,1.0,1.0
98,0.3,source,0.1208265522888108,0.004,1.0,143.41550147855412,180.0,1.9442483914375248,1.0
98,0.3,target,0.10233428027022204,0.046,1.0,180.0,143.11949127847765,1.0,2.2364960474454887
98,0.3,both,0.06732539621771436,0.942,0.0,143.41550147855412,143.11949127847765,1.9442483914375248,2.2364960474454887
98,0.3,crump,0.14436362924387114,0.002,1.0,174.0,173.0,1.0,1.0
98,0.4,unweighted,0.19725593373723518,0.002,1.0,180.0,180.0,1.0,1.0
98,0.4,source,0.15931006226044045,0.002,1.0,126.27911908688277,180.0,2.296703979296732,1.0
98,0.4,target,0.12410195341207256,0.002,1.0,180.0,124.05882516731015,1.0,2.6317192612792195
98,0.4,both,0.0768597283302828,0.772,0.0,126.27911908688277,124.05882516731015,2.296703979296732,2.6317192612792195
98,0.4,crump,0.15094975852462347,0.002,1.0,144.0,149.0,1.0,1.0
99,0.0,unweighted,0.08713026977594879,0.39,0.0,180.0,180.0,1.0,1.0
99,0.0,source,0.08518376970947314,0.482,0.0,179.76260586110897,180.0,1.0948177680672369,1.0
99,0.0,target,0.08454856878981486,0.512,0.0,180.0,179.79280675445335,1.0,1.0819182682621626
99,0.0,both,0.082618253896065,0.58,0.0,179.76260586110897,179.79280675445335,1.0948177680672369,1.0819182682621626
99,0.0,crump,0.08713026977594879,0.39,0.0,180.0,180.0,1.0,1.0
99,0.1,unweighted,0.11040744551135498,0.01,1.0,180.0,180.0,1.0,1.0
99,0.1,source,0.09331884751855163,0.188,0.0,167.82078052185747,180.0,1.5810688924319067,1.0
99,0.1,target,0.08611484220324006,0.428,0.0,180.0,169.06142607587176,1.0,1.5118745175862398
99,0.1,both,0.06951294275498196,0.934,0.0,167.82078052185747,169.06142607587176,1.5810688924319067,1.5118745175862398
99,0.1,crump,0.11040744551135498,0.01,1.0,180.0,180.0,1.0,1.0
99,0.2,unweighted,0.15032980967078188,0.002,1.0,180.0,180.0,1.0,1.0
99,0.2,source,0.12044913904063564,0.002,1.0,147.2905368556866,180.0,1.9945274824472639,1.0
99,0.2,target,0.10173043824519745,0.054,0.0,180.0,148.8235044740274,1.0,1.9103691173966675
99,0.2,both,0.06803362805298725,0.952,0.0,147.2905368556866,148.8235044740274,1.9945274824472639,1.9103691173966675
99,0.2,crump,0.1439394315818953,0.002,1.0,178.0,175.0,1.0,1.0
99,0.3,unweighted,0.1749564633821064,0.002,1.0,180.0,180.0,1.0,1.0
99,0.3,source,0.13392571738684728,0.002,1.0,133.38738960823963,180.0,2.261358507679972,1.0
99,0.3,target,0.11478609623745424,0.004,1.0,180.0,136.6287907600158,1.0,2.150392817688954
99,0.3,both,0.06690745409333229,0.954,0.0,133.38738960823963,136.6287907600158,2.261358507679972,2.150392817688954
99,0.3,crump,0.13895184705410596,0.002,1.0,161.0,155.0,1.0,1.0
99,0.4,unweighted,0.21484069025301022,0.002,1.0,180.0,180.0,1.0,1.0
99,0.4,source,0.1694755485731567,0.002,1.0,116.91057784006851,180.0,2.617739583376522,1.0
99,0.4,target,0.14176270059689366,0.002,1.0,180.0,120.5800446953953,1.0,2.490010926634475
99,0.4,both,0.08113657775673357,0.63,0.0,116.91057784006851,120.5800446953953,2.617739583376522,2.490010926634475
99,0.4,crump,0.14352180965315503,0.002,1.0,133.0,132.0,1.0,1.0
